OTU_ID,001,002,003,005,006,007,009,010,011,013,014,015,017,018,019,021,022,023,025,026,027,029,030,031,033,034,035,037,038,039,041,042,043,045,046,047,049,050,051,053,054,055,057,058,059,061,062,063,065,066,067,069,070,071,073,074,075,077,078,079,081,082,083,085,086,087,089,090,091,093,094,095,097,098,099,101,102,103,105,107,109,110,111,113,114,115,117,118,119,121,122,123,125,126,127,129,130,131,133,134,135,137,138,139,141,142,143,145,146,147,149,150,151,153,154,155,157,158,159,161,162,163,165,166,167,168,169,170,172,173,174,176,177,178,180,181,182,184,185,186,188,189,190,192,193,194,196,197,198,200,201,202,204,205,206,208,209,210,212,213,214,216,217,218,220,221,222,224,225,226,228,229,230,232,233,234,236,237,238,240,241,242,244,245,246,248,249,250,252,253,254,256,257,258,260,261,262,264,265,266,268,269,270
MOTU5581,0,0,0,0,0,0,0,0,0,0,0,0,0,0,0,0,0,0,0,0,0,0,0,0,0,0,0,0,0,0,0,0,0,0,0,0,0,0,0,0,0,0,0,0,0,0,0,0,0,0,0,0,0,0,0,0,0,0,0,0,0,0,0,0,0,0,0,0,0,0,0,0,0,0,0,0,0,0,0,0,0,0.12125767574591689,1,0,0.672935520361991,0,0,0,0,0,0,0,0,0,0,0,0,0,0,0,0,0,0,0,0,0.4090244950580146,0,0.36666358481262323,0,0,0.026033062372132206,0,0,0,0,0.2887041980101917,0,0,0,0,0,0,0,0,0,0,0,0.13187209044557746,0,0,0,0,0,0,0,0,0,0,0,0,0,0,0,0,0,0,0,0,0,0,0,0,0,0,0,0,0,0,0,0,0,0,0,0,0,0,0,0,0,0,0,0,0,0,0,0,0,0,0,0,0,0,0,0,0,0,0,0,0,0,0,0,0.09148492392275974,0,0,0,0,0,0,0,0,0,0
MOTU112,0,0,0,0,0,0,0,0,0,0,0,0,0,0,0,0,0,0,0,0,0,0,0,0,0,0,0,0,0,0,0,0,0,0,0,0,0,0,0,0,0,0,0,0,0,0,0,0,0,0,0,0,0,0,0,0,0,0,0,0,0,0,0,0,0,0,0,0,0,0,0,0,0,0,0,0,0,0,0,0,0,0,0,0,0,0,0,0,0,0,0,0,0,0,0,0,0,0,0,0,0,0,0,0,0,0,0,0,0,0,0,0,0,0,0,0,0,0,0,0,0,0,0,0,0,0,0,0,0,0,0,0,0,0,0,0,0,0,0,0,0,0,0,0,0,0,0,0,0,0,0,0,0,0,0,0,0,0,1,0,3.5928269363148135e-4,0,0,0,0,0,0,0,0,0,0,0,0,0,0,0,0,0,0,0,0,0,3.7339151173755776e-4,0,0,0,0,0,5.787991298876355e-4,0,0,0,0,0,0,0,0,0,0,0,1.1583853846119269e-4,0,0
MOTU13387,0,0,0,0,0,0,0,0,0,0,0,0,0,0,0,0,0,0,0,0,0,0,0,0,0,0,0,0,0,0,0,0,0,0,0,0,0,0,0,0,0,0,0,0,0,0,0,0,0,0,0,0,0,0,0,0,0,0,0,0,0,0,0,0,0,0,0,0,0,0,0,0,0,0,0,0,0,0,0,0,0,0,0,0,0,0,0,0,0,0,1,0,0,0,0,0,0,0,0,0,0,0,0,0,0,0,0,0,0,0,0,0,0,0,0,0,0,0,0,0,0,0,0,0,0,0,0,0,0,0,0,0,0,0,0,0,0,0,0,0,0,0,0,0,0,0,0,0,0,0,0,0,0,0,0,0,0,0,0,0,0,0,0,0,0,0,0,0,0,0,0,0,0,0,0,0,0,0,0,0,0,0,0,0,0,0,0,0,0,0,0,0,0,0,0,0,0,0,0,0,0,0,0
MOTU23357,0,0,0,0,0,0,0,0,0,0,0,0,0,0,0,0,0,0,0,0,0,0,0,0,0,0,0,0,0,0,0,0,0,0,0,0,0,0,0,0,0,0,0,0,0,0,0,0,0,0,0,0,0,0,0,0,0,0,0,0,0,0,0,0,0,0,0,0,0,0,0,0,0,0,0,0,0,0,0,0,0,0,0,0,0,0,0,0,0,0,0,0,0,0,0,0,0,0,0,0,0.4266186071817193,0,0,0.33204531018420497,0,0,0,0,0,1,0,0,0,0,0,0,0,0,0,0,0,0,0,0,0,0,0,0,0,0,0,0,0,0,0,0,0,0,0,0,0,0,0,0,0,0,0,0,0,0,0,0,0,0,0,0,0,0,0,0,0,0,0,0,0,0,0,0,0,0,0,0,0,0,0,0,0,0,0,0,0,0,0,0,0,0,0,0,0,0,0,0,0,0,0,0,0,0,0,0,0,0,0
MOTU2364,0,0,0,0,0,0,0,0,0,0,0,0,0,0,0,0,0,0,0,0,0,0,0,0,0,0,0,0,0,0,0,0,0,0,0,0,0,0,0,0,0,0,0,0,0,0,0,0,0,0,0,0,0,0,0,0,0,0,0,0,0,0,0,0,0,0,0,0,0,0,0,0,0,0,0,0,0,0,0,0,0,0,0,0,0,0,0,0,0,0,0,0,0,0,0,0,0,0,0,0.11688311688311687,0.2342219804134929,0,0,0.02604276942621215,0,0,0,0,0,1,0,0,0,0,0,0,0,0,0,0,0,0,0,0,0,0,0,0,0,0,0,0,0,0,0,0,0,0,0,0,0,0,0,0,0,0,0,0,0,0,0,0,0,0,0,0,0,0,0,0,0,0,0,0,0,0,0,0,0,0,0,0,0,0,0,0,0,0,0,0,0,0,0,0,0,0,0,0,0,0,0,0,0,0,0,0,0,0,0,0,0,0,0
MOTU27957,0,0,0,0,0,0,0,0,0,0,0,0,0,0,0,0,0,0,0,0,0,0,0,0,0,0,0,0,0,0,0,0,0,0,0,0,0,0,0,0,0,0,0,0,0,0,0,0,0,0,0,0,0,0,0,0,0,0,0,0,0,0,0,0,0,0,0,0,0,0,0,0,0,0,0,0,0,0,0,0,0,0,0,0,0,0,0,0.25327380952380957,0,0,0,0,0,0,0,0,0,0,0,0,0,0,0,0,0,0,0,0,0,0,0,0,0,0,0,0,0,0,0,0,0,0,0,0,0,0,0,0,0,0,0,0,0,0,0,0,0,0,0,0,0,0,0,0,0,0,0,0,0,0,0,0,0,0,0,0,0,0,0,0,0,0,0,0,0,0,0,0,0,0,0,0,0,0,0,0,0,0,0,0,0,0,0,0,0,0,0,0,0,0,0,1,0,0,0,0,0,0,0,0,0,0,0
MOTU4272,0,0,0,0,0,0,0,0,0,0,0,0,0.031004476635984105,0,0,0.02852383155946321,0,0,0,0,0,0.5586706948640483,0.13848573354302404,0,0,0,0,0,0,0,0,0,0.13151269468743335,0,0.2231716147719044,0,0,0,0,0,0,0,0,0,0,0,0,0,0,0,0,0,0,0,0,0,0,0,0,0,0,0,0,0,0,0,0,0,0,0,0,0,0,0,0,0,0,0,0,0,0,0,0,0,0,0,0,0,0,0,0,0,0,0,0,0,0,0,0,0,0,0,0,0,0,0,0,0,0,0,0,0,0,0,0,0,0,0,0,0,0,0,0,0,0,0,0,0,0,0,0,0,0,0,0,0,0,0,0,0,0,0,0,0,0,0,0,0,0,0,0,0,0,0,0,1,0.029246536344657428,0,0,0,0,0.6281249999999999,0,0,0,0,0,0,0,0,0,0,0,0,0,0,0,0,0,0,0,0,0,0,0,0,0,0,0,0,0,0,0,0,0,0,0,0,0,0,0,0,0
MOTU733,0,0,0,0,0,0,0,0,0,0,0,0,0,0,0,0,0,0,0,0,0,0,0,0,0,0,0,0,0,0,0,0,0,0,0,0,0,0.0010265906273843955,0,0,0,0,0,0,0,0,0,0,0,0,0,0,0,0,0,0,0,0,0,0,0,0,0,0,0,0,0,0,0,0,0,0,0,0,0,0,0,0,0,0,0.0016230210887845937,0.018511615489956643,0,0,0,0,0,0,0,0,0.0018901030561478322,0,0,0.002296834093546733,0,0,0,0,0,0,0,0,0,0,0,0,0,0,0,0,3.6129974505229507e-4,0,0,0,0,0,0,0,0,0,0,0,0,0,0,0,0,0,0,0,0.004878153638910584,0,0,0,0.006874962131157475,0.005492537313432837,0.015915549298408757,0.06738969512300091,0,0,0.005030294074183538,0,0,0,0,0,0.0033184827008003745,0,0,0,0,0,0,0,0,0,0,0,0,0,0,0,0,0,0,0,0,0,0,0,0,0,0,0,0,0,0,0,0,0,0,0,9.279629251005249e-4,7.76493506789756e-4,0,0,0,0,0,0,0,1,0,0.0015608592979801455,0,0,0,0,0.010573562986317115,0,0,0,0
MOTU8098,0,0,0,0,0,0.08193900557731103,0,0,0,0,0,0,0,0,0,0,0,0,0,0,0,0,0,0,0,0,0,0,0,0,0,0,0,0,1,0,0,0,0,0,0,0,0,0,0,0,0,0,0,0,0,0,0,0,0,0,0,0,0,0,0,0,0,0,0,0,0,0,0,0,0,0,0,0,0,0,0,0,0,0,0,0,0,0,0,0,0,0,0,0,0,0,0,0,0,0,0,0,0,0,0,0,0,0,0,0,0,0,0,0,0,0,0,0,0,0,0,0,0,0,0,0,0,0,0,0,0,0,0,0,0,0,0,0,0,0,0,0,0,0,0,0,0,0,0,0,0,0,0,0,0,0,0,0,0,0,0,0,0.2392348049891111,0,0,0,0,0,0,0,0,0,0,0,0,0,0,0,0,0,0,0,0,0,0,0,0,0,0,0,0,0,0,0,0,0,0,0,0,0,0,0,0,0,0,0,0
MOTU9912,0,0,0,0,0,0,0,0,0,0,0,0,0,0,0,0,0,0.034357573688403316,0,0,0,0,0,0,0,0,0,0,0,0,0,0,0,0,0,0,0,0,0,0,0,0,0,0,0,0,0,0,0,0,0,0,0,0,0,0,0,0,0,0,0,0,0,0,0,0,0,0,0,0,0,0,0,0,0,0,0,0,0,0,0,1,0,0,0,0,0,0,0,0.2282452559159295,0,0,0,0,0,0,0,0,0,0,0,0,0,0,0,0,0,0,0,0,0,0,0,0,0,0,0,0,0,0,0,0,0,0,0,0,0,0,0,0,0,0,0,0,0,0,0,0,0,0,0,0,0,0,0,0,0,0,0,0,0,0,0,0,0,0,0,0,0,0,0,0,0,0,0,0,0,0,0,0,0,0,0,0,0,0,0,0,0,0,0,0,0,0,0,0.8082998661311914,0,0,0,0,0,0,0,0,0,0,0,0,0,0,0,0,0
MOTU11651,0,0,0,0,0,0,0,0,0,0,0,0,0,0,0,0,0.5893389729407299,0,0,0,0,0,0,0,0,0,0,0,0,0,0,0,0,0,0,0,0,0,0,0,0,0,0,0,0,0,0,0,0,0,0,0,0,0,0,0,0,0,0,0,0,0,0,0,0,0,0,0,0,0,0,0,0,0,0,0,0,0,0,0,0,0,0,0,0,0,0,0,0,0,0,0,0,0,0,0,0,0,0,0,0,0,0,0,0,0,0,0,0,0,0,0,0,0,0,0,0,0,0,0,0,0,0,0,0,1,0,0,0,0,0,0,0,0,0,0,0,0,0,0,0,0,0,0,0,0,0,0,0,0,0,0,0,0,0,0,0,0,0,0,0,0,0,0,0,0,0,0,0,0,0,0,0,0,0,0,0,0,0,0,0,0,0,0.4152529420755005,0,0,0,0,0,0,0,0,0,0,0,0,0,0,0,0,0,0,0
MOTU14059,0,0,0,0,0,0,0,0,0,0,0,0,0,0,0,0,0,0.36189825879139637,0,0,0,0,0,0,0,0,0,0,0,0,0,0,0,0,0,0,0,0,0,0,0,0,0,0,0,0,0,0,0,0,0,0,0,0,0,0,0,0,0,0,0,0,0,0,0,0,0,0,0,0,0,0,0,0,0,0,0,0,0,0,0,0,0,0,0,0,0,0,0,0,0,0,0,0,0,0,0,0,0,0,0,0,0,0,0,0,0,0,0,0,0,0,0,0,0,0,0,0,0,0,0,0,0,0,0,0,0,0,0,0,0,0,0,0,0,0,0,0,0,0,0,0,0,0,0,0,0,0,0,0,0,0,0,0,0,0,0,0,0,1,0,0,0,0,0,0,0,0,0,0,0,0,0,0,0,0,0,0,0,0,0,0,0,0,0,0,0,0,0,0,0,0,0,0,0,0,0,0,0,0,0,0,0
MOTU25039,0,0,0,0,0,0,0,0,0,0,0,0,0,0,0,0,0,0,0,0,0,0,0,0,0,0,0,0,0,0,0,0,0,0,0,0,0,0,0,0,0,0,0,0,0,0,0,0,0,0,0,0,0,0,0,0,0,0,0,0,0,1,0,0,0,0,0,0,0,0,0,0,0,0,0,0,0,0,0,0,0,0,0,0,0,0,0,0,0,0,0,0,0,0,0,0,0,0,0,0,0,0,0,0,0,0,0,0,0,0,0,0,0,0,0,0,0,0,0,0,0,0,0,0,0,0,0,0,0,0,0,0,0,0,0,0,0,0,0,0,0,0,0,0,0,0,0,0,0,0,0,0,0,0,0,0,0,0,0,0,0,0,0,0,0,0,0,0,0,0,0,0,0,0,0,0,0,0,0,0,0,0,0,0,0,0,0,0,0,0,0,0,0,0,0,0,0,0,0,0,0,0,0
MOTU34264,0,0,0,0,0,0,0,0,0,0,0,0,0,0,0,0,0,0,0,0,0,0,0,0,0,0,0,0,0,0,0,0,0,0,0,0,0,0,0,0,0,0,0,0,0,0,0,0,0,0,0,0,0,0,0,0,0,0,0,0,0,0,0,0,0,0,0,0,0,0,0,0,0,0,0,0,0,0,0,0,0,0,0,0,0,0,0,0,0,0,0,0,0,0,0,0,0,0,0,0,0,0,0,0,0,0,0,0,0,0,0,0,0,0,0,0,0,0,0,0,0,0,0,0,0,0,0,0,0,0,0,0,0,0,0,0,0,0,0,0,0,0,0,0,0,0,0,0,0,0,0,0,0,0,0,0,0,1,0,0.46429245283018866,0.432469244288225,0,0,0,0,0,0,0,0,0,0,0,0,0,0,0,0,0,0,0,0,0,0,0,0,0,0,0,0,0,0,0,0,0,0,0,0,0,0,0,0,0,0
MOTU6610,0,0,0,0,0,0,0,0,0,0,0,0,0,0,0,0,0,0,0,0,0,0,0,0,0,0,0,0,0,0,0,0,0,0,0,0,0,0,0,0,0,0,0,0,0,0,0,0,0,0,0,0,0,0,0,0,0,0,0,0,0,0,0,0,0,0,0,0,0,0,0,0,0,0,0,0,0,0,0,0,0,0,0,0,0,0,0,0,0,0,0,0,0,0,0,0,0,0,0,0,0,0,0,0,0,0,0,0,0,0,0,0,0,0,0,0,0,0,0,0,0,1,0,0,0,0,0,0,0,0,0,0,0,0,0,0,0,0.07187139561707036,0,0,0,0,0,0,0,0,0,0,0,0,0,0,0,0,0,0,0,0,0,0,0,0,0,0,0,0,0,0,0,0,0,0,0,0,0,0,0,0,0,0,0,0,0,0,0,0,0,0,0,0,0,0,0.015572285392977635,0.03828725038402458,0,0,0,0,0,0,0,0,0
MOTU3820,0,0,0,0,0,0,0,0,0,0,0,0,0,0,0,0,0,0,0,0,0,0,0,0,0,0,0,0,0,0,0,0,0,0,0.3609703113685735,0,0,0,0,0,0,0,0,0,0,0,0.6207970112079702,0,0,0,0,0,0,0,0,0,0,0,0,0,0,0,0,0,0,0,0,0,0,0,0.1944986344127975,0,0,0,0,0,0,0,0,0,0.10616547758492173,0,0.10474889682706451,0,0,0,0,0,0,0,0,0,0,0.22536166365280288,0,0.7986222364626722,0.16973101804562477,0,0.09715455076983044,0,0,0,0,0.21109464323523183,0,0,0,0,0,0.07946755938147616,0.07090029867728631,0.1687923250564334,0,0.615432098765432,0,0,0,0,0,0,0,1,0,0,0,0,0,0.359149855907781,0,0,0,0.30752621838371375,0,0,0,0,0,0,0,0,0,0,0,0,0,0,0,0,0,0.35480427046263346,0,0,0,0,0,0,0,0,0,0,0,0,0,0,0,0,0,0,0,0,0,0,0,0,0,0,0,0,0,0,0.12076065891472867,0.14251000571755287,0.09105022831050229,0.15237658566406848,0,0.4004016064257028,0,0,0,0.218640350877193,0,0.2928907168037603,0,0.3062980030721966,0,0,0,0,0,0,0,0,0.027061505890016827
MOTU1482,0,0,0,0,0,0,0,0,0,0,0,0,0,0,0,0,0,0,0,0,0,0,0,0,0,0,0,0,0,0,0,0,0,0.25925925925925924,0,0,0,0,0,0,0,0,0,0,0,0,0,0,0,0,0,0,0,0,0,0,0,0,0,0,0,0,0,0,0,0,0,0,0,0,0.18389907660293928,0,0,0,0.35332333833083457,0,0,0,0.08549489086401837,0,0,0,0.0990404146529383,0.08906525573192241,0,0.4973969326016604,0.13990303749876323,0.07013888888888889,0,0.26725636954713844,0,0.07871298151859275,0.24146174863387979,0,0,0.07550998611556126,0.08024060833049597,0.06655370422667797,0.18371987266939518,0,0,0.11539089276970785,0,0,0,0,0.4123651210265384,0,0.11655126937026046,0,0.0837955719907078,0.11969525959367945,0.13251611935822463,0,0.1715186802523047,0,0,0,0,0,0,0,1,0,0,0.3469512943197154,0.5945173225697948,0.16978866474543708,0.7434279705573081,0.5484871993793639,0,0.1453835081225581,0.10131842934938379,0.4056224899598394,0,0,0,0,0.48944271374177917,0.3438715953307393,0,0.20457175925925924,0,0,0,0,0.30785978663183106,0.12934504207830225,0,0,0.35788407997975197,0,0,0,0,0,0,0,0,0,0,0,0,0,0,0,0,0,0,0,0,0,0,0,0,0,0,0,0,0,0,0,0.0860882800608828,0.07203627286158235,0.2665912518853696,0.37858099062918343,0.1891385767790262,0.09682278827718432,0,0,0,0.41539365452408933,0.058894581198717155,0.07240143369175628,0.08263207106124357,0.11657048639736192,0,0,0.24523066250433578,0.09650559650559651,0.013353732245391357,0,0
MOTU19023,0,0,0,0,0,0,0,0,0,0,0,0,0,0,0,0,0,0,0,0,0,0,0,0,0,0,0,0,0,0,0,0,0,0,0,0,0,0,0,0,0,0,0,0,0,0,0,0,0,0,0.2666227781435155,0,0,0,0,0,0,0,0,0,0,0,0,0,0,0,0,0,0,0,0,0,0,0,0,0,0,0,0.44077634681661526,0,0,0,0,0,0,0,0,0,0,0,0,0,0,0,0,0,0,0,0,0,0.220348204570185,0,0,0,0,0,0,0,0,0,0,0,0,1,0,0,0,0,0,0,0,0,0,0,0,0.14906146485093855,0,0.14589337175792508,0,0,0,0,0,0,0,0,0,0,0,0,0,0,0,0,0,0,0,0,0,0,0,0,0,0,0,0,0,0,0,0,0,0,0,0,0,0,0,0,0,0,0,0,0,0,0,0,0,0,0,0,0,0,0,0,0,0,0,0,0,0,0,0,0,0,0,0,0,0,0,0,0,0,0
MOTU34119,0,0,0,0,0,0,0,0,0,0,0,0,0,0,0,0,0,0,0,0,0,0,0,0,0,0,0,0,0,0,0,0,0,0,0,0,0,0,0,0,0,0,0,0,0,0,0,0,0,0,0,0,0,0,0,0,0,0,0,0,0,0,0,0,0,0,0,0,0,0,0,0,0,0,0,1,0,0,0,0,0,0,0,0,0,0,0,0,0,0,0,0,0,0,0,0,0,0,0,0,0,0,0,0,0,0,0,0,0,0,0,0,0,0,0,0,0,0,0,0,0,0,0,0,0,0,0,0,0,0,0,0,0,0,0,0,0,0,0,0,0,0,0,0,0,0,0,0,0,0,0,0,0,0,0,0,0,0,0,0,0,0,0,0,0,0,0,0,0,0,0,0,0,0,0,0,0,0,0,0,0,0,0,0,0,0,0,0.5981922760887427,0,0,0,0,0,0,0,0,0,0,0,0,0,0,0
MOTU470,0,0,0,1,0.042879884289575926,0.05197793022641724,0.03828828828828829,0.08990517611207267,0.2841064414668476,0.03395488511767582,0.03121268536945497,0,0.028641588623480888,0.00674427250079067,0.021083899784260795,0.021282689445577,0.008313340182544674,0.007477262171697133,0.07316559321013665,0.061727454624861615,0.12009467094212857,0.07278245012383985,0.13777246129526516,0.03989235136776121,0.0629486972001942,0.0323320183072905,0.01350656854819667,0,0,0,0,0.0252024176074809,0,0,0.015858726213541566,0.01345264183102021,0.07027027027027027,0.12390891598812392,0.10513197028579967,0,0,0,0,0,0,0,0,0,0.0059789519248978715,0,0,0,0,0,0,0,0,0,0,0,0,0,0,0,0,0,0,0.0350975975975976,0.03137664885515889,0,0.008545025712407688,0.03220720720720721,0,0,0,0.007520913770913772,0.06930664842057248,0.11289124175722115,0.02383555331133782,0,0.002332115951538803,0.05078049231742508,0.018407985627989832,0.03310793786984263,0.16103603603603606,0,0.03250356322484551,0.019554375804375804,0.0709915750434389,0.004967317056226106,0.08962422243672245,0.04388958096372926,0.05235871117018658,0.049504748871837485,0.021492542591659374,0.021051811183179336,0.02237068529203361,0.01855484402787425,0.034146795401911366,0.08324701007627837,0.059578076444235316,0.010723470328497258,0.005508274874472059,0.013911222253377663,0,0,0,0.0175487987987988,0.06498783650118962,0.03491296174223004,0.031149055469920212,0.02101102230899071,0.041870818186607664,0.08111444778111446,0.06375808122533014,0,0,0,0,0,0,0.043933602609630695,0,0,0,0,0,0.015778747046758575,0.11514669243375869,0.016990613577114743,0,0.054042938682050345,0.018831385125452196,0.03769518227349553,0.029635860488363877,0.04735329924519114,0.053361053361053366,0.025260554672319382,0.02274236853676106,0.04260875661653872,0.010842030148960843,0.0190111986986987,0,0,0,0,0.057219858656827965,0,0.022166903745851115,0.01558782982270527,0,0.005733220131125891,0,0.0034598579622276303,0.030125035627098902,0.028424271123816874,0.043643852620888116,0.048950504909054136,0.007587918546144641,0.006198368179500256,0.003849015975553762,0.014878329416372895,0.013611498384649411,0.012373390339492035,0,0.0017649206947297044,0.0018891487018805229,0,0,0.035438350972331556,0,0,0,0.014858141723813365,0,0.007744307249257745,0,0,0,0.06126126126126127,0.058359958796005314,0.05634880163182051,0.016000658192439017,0.013388904723155067,0.06813063063063063,0.01759108506096458,0.008788483507584632,0.017995810107560312,0.031003540346688705,0,0,0.15441293232127545,0.0027365863927153447,0.06055548636193798,0,0,0.007955285470723175,0.009751068967453652,0,0,0.003722954595574723,0,0
MOTU5626,0,0,0,0,0,0,0,0,0,0,0,0,0,0,0,0,0,0,0.03454590447908933,0,0,0,0,0,0,0,0,0,0,0,0,0,0,0,0,0,0,0,0,0,0,0,0,0,0,0.09376319324505854,0.1545316175453162,0,0.004234537567870901,0.014139572571660083,0.005105698193255797,0,0,0,0,0.023753615790369238,0,0,0,0.02861828618286183,0,0,0.032450023245002325,0.06305329719963867,0,0,0.11132376395534291,0.07457264957264959,1,0,0,0,0.06561383718744125,0.09996419620479773,0.02325503914709312,0.0585927960927961,0.04908579465541491,0.059965635738831624,0,0,0,0,0,0,0,0,0.004604069786616537,0,0,0,0,0.002590365917019224,0,0,0,0,0,0,0.01813811472747353,0,0,0,0,0,0,0,0,0.012428774928774929,0,0,0.0033091546958706683,0,0,0,0,0,0,0,0,0,0,0,0.043878673581643886,0,0.02238255571588905,0.0057089109720688674,0,0,0,0.012033445392638566,0,0,0,0.008899088417160706,0,0,0,0,0.008053536402446061,0.0075443147427583235,0.007678767876787679,0,0,0,0,0,0,0.025539699963410174,0,0,0,0.008121000581733567,0,0,0,0,0,0,0,0,0,0,0,0,0,0,0,0,0,0,0,0,0,0,0,0,0.6989985693848355,0.698249374776706,0.5359530261969286,0,0,0,0,0.021335778694788324,0,0,0,0,0,0,0,0,0.007752648312438392,0,0,0,0,0,0,0,0,0,0
MOTU6685,0,0,0,0,0,0,0,0,0,0,0,0,0,0,0,0,0,0,0,0,0,0,0,0,0,0,0,0,0,0,0,0,0,0,0,0,0,0,0,0,0,0,0,0,0,0,0,0,0,0,0,0,0,0,0,0,0,0,0,0,0,0,0,0,0,0,0,0,0,0,0,0,0,0,0,0,0,0,0.12334482133139851,0,0.01448195080396124,0,0,0.10279667422524566,1,0.05740818910932883,0.24220837043633126,0.20238095238095238,0,0,0,0.022712090848363394,0.4644808743169399,0.06148282097649186,0,0.08715155398910605,0.09261150834184541,0,0.10602221789124927,0.08615774469433006,0.3329706202393906,0.06659050106087808,0,0.23036205801397416,0,0,0,0,0.033630069238377844,0.02168021680216802,0.12572891480585976,0.04604966139954853,0.12235717498875394,0.16790123456790124,0.19796215429403202,0,0,0,0,0,0,0,0,0,0,0,0,0,0,0,0,0,0,0,0,0,0,0,0,0,0,0,0,0,0,0,0,0,0,0,0,0,0,0,0,0,0,0,0,0,0,0,0,0,0,0,0,0,0,0,0,0,0,0,0,0,0,0,0,0.28531468531468535,0.16472868217054262,0.03887935963407661,0.14904109589041095,0.062356717102246675,0.038461538461538464,0.21847389558232932,0,0.05587510271158586,0.15402038505096263,0.4771929824561404,0,0,0,0,0,0,0,0,0,0,0,0,0
MOTU215,0,0,0.08685502744500774,0.6874435612549473,0.5242783992995934,0.6140781119170835,0.1353653344556074,0.1907117519916439,0.04367116261060768,0.04001497225251029,0.13487231740216651,0.07692893324253097,0.02336772938240755,0.03576579458927668,0.017599846399870653,0.03881600443513406,1,0.03965293853291606,0,0.02182327263489499,0.006433114930924511,0.07797479487271644,0.05798619883816926,0.11165379894228453,0.1050932145506049,0.04881878304196506,0.2069229369949422,0,0,0,0.0463202747718398,0.08910123280622258,0.011013295115369807,0.05678692431874398,0.17754651881046837,0.3804863454968424,0.23463324638971944,0.3024772907590241,0.36323868277003263,0,0,0,0,0,0,0,0.016070770300665716,0,0,0,0,0,0,0,0,0,0,0,0,0,0,0,0,0,0,0,0,0,0,0,0,0,0,0,0,0,0,0,0,0,0,0,0,0.004877108296082604,0.023722111307784136,0,0.0038304626154451087,0,0,0,0,0,0,0.011668018581767243,0,0,0.004393881018534072,0.0036444023020148464,0.007545212561743074,0,0,0,0,0,0,0,0,0,0,0,0,7.282634622705739e-4,0,0,0,0,0,0,0,0,0,0,0,0,0,0,0,0,0.013569746110867056,0,0,0,0.005548077623144699,0,0,0,0.02245880360500273,0.014884461997041028,0,0,0,0,0,0,0,0,0.0084290193020474,0,0,0,0.00979865493654865,0,0,0,0,0.05024592557339872,0.09306955493537933,0.03933199802326903,0.024271603888067397,0.04382771960864571,0.049895646420309414,0.14026987555907142,0.14436725539205858,0.25518022559333897,0,0.0020799143446586462,0.012244726478545699,0,0,0,0,0,0,0,0,0,0.02769276513183384,0,0,0,0.0062523394144547335,0,0,0.0019723106451833366,0,0,0.025892513144932922,0,0,0.022640050090236088,0.010258210295258006,0,0,0.00792923413298591,0.1900430572090645,0.04255508178543964,0.0703132685330616,0,0,0,0,0,0
MOTU11271,0.6079586357760763,1,0.19832475963874496,0.024730709165899173,0,0,0.02627637848876787,0,0,0,0,0,0,0,0,0,0,0,0,0.019062964551885143,0.29970266192572725,0,0,0,0.012600074187907371,0.19900513924294558,0.046346248830019185,0,0,0.0027287742366694304,0,0,0.003206760933555627,0,0.07618437325780344,0,0,0,0.0032795305467107185,0,0,0,0,0,0,0,0,0,0,0,0,0,0,0,0,0,0,0,0,0,0,0,0,0,0,0,0,0,0,0,0,0,0,0,0,0,0,0,0,0,0,0,0,0,0,0,0,0,0,0,0,0,0,0,0,0,0,0,0,0,0,0,0,0,0,0,0,0,0,0,0,0,0,0,0,0,0,0,0,0,0,0,0,0,0,0,0,0,0,0,0,0,0,0,0,0,0,0,0,0,0,0,0,0,0,0,0,0,0,0,0,0,0,0,0,0,0,0,0,0,0,0,0,0,0,6.056123980810388e-4,0.004537678748771955,0,0,0,0,0,0,0,0,0,0,0,0,0,0,0,0,0,0,0,0,0,0,0,0,0,0,0,0,0,0,0,0,0,0,0,0
MOTU12028,0.07657763269428464,1,0.18921633179415362,0.021026561013342243,8.339952655153368e-4,0.0016175173394544517,0.005957525620446969,0,0,0,0,0,0,0,4.1007276232198146e-4,4.73073297764322e-4,0,0,0.0018973856653093908,0.010565036979665255,0.296432932342619,0,0,7.758890379999239e-4,0.004489191760940398,0.28753883621536136,0.013660240676424193,0,0,0.005568144860940631,0.0012231531424607561,0,0,0,0.10980655839453812,0.007326146371090191,0,0,0,0,0,0,0,0,0,0,0,0,0,0.0015531926412468851,0,0,0,0,0,0,0,0,0,0,0,0,0,0,0,0,0,0,0,0,0,0,0,0,0,0,0,0,0,0,0,0,0,0,0,0,0,0,0,0,0,0,0,0,0,0,0,0,0,0,0,0,0,0,0,0,0,0,0,0,0,0,0,0,0,0,0,0,0,0,0,0,0,0,0,0,0,0,0,0,0,0,7.325246463662223e-4,0,0,0,0,0,0,0,0,0,0,0,0,0,0,0,0,0,0,0,0,0,0,0,0,0,0,0,0,0,0,0,0,0,0.0016166976280450414,0,0,0,0,0,0,0,0,0,0,0,0,0,0,0,0,0,0,0,0,0,0,0,0,0,0,0,0,0,0,0,0,0,0,0,0
MOTU1136,0,0,0,0,0,0,0,0,0,0,0,0,0,0,0,0,0,0,0,0,0,0,0,0,0,0,0,0,0,0,0,0,0,0,0,0,0,0,0,0,0,0,0,0,0,0,0,0,0,0,0,0,0,0,0,0,0,0,0,0,0,0,0,0,0,0,0,0,0,0,0,0,0,0,0,0,0,0,0,0,0,0,0.03241227148560622,0,0.8506433823529412,0.26044744617982274,0.09157019887206887,0.0459077380952381,1,0.034985257427988206,0.5164620535714286,0.02575985303941216,0.05268101092896175,0.48813291139240506,0,0,0,0.04356114092064389,0.06012473202104853,0.0977193538169148,0.5874591947769315,0.1510527174800065,0.19397635814889336,0.09797798009739572,0,0,0,0.06179887820512821,0.11442878338278932,0.09835804240395345,0.03290783672308349,0.5571106094808126,0.1734705353126406,0.5712962962962963,0,0,0,0,0,0,0,0,0,0,0,0,0,0.055565561959654175,0.08109884332281808,0,0,0,0,0,0,0.08337837837837839,0,0,0,0,0,0,0,0,0,0,0,0,0,0,0,0,0,0,0,0,0,0,0,0,0,0,0,0,0,0,0,0,0,0,0,0,0,0,0,0,0,0,0,0.4314685314685315,0.03736676356589148,0,0,0.04714962555402721,0.17449095022624436,0.12389558232931729,0.18569422150882825,0.12674609695973707,0.21836070215175538,0.20296052631578948,0,0,0,0,0,0,0,0,0,0.1894963144963145,0,0,0
MOTU11803,0,0,0,0.05676676264911559,0.04503181595692609,0.016375934496262016,0.3618881118881119,0.11330049261083744,0.155668358714044,0,0.0655581947743468,0,0.06247170665459484,0.014165469102853623,0.02214199759326113,0.08301712170291532,0.02244997559785261,0.014134516899965859,0,0.03889515219842164,0.13758723828514455,0,0.031004268703662095,0.06284153005464481,0.13221556886227545,0.03819892969182506,0.12765957446808512,0,0,0.15032679738562094,0.1981335247666906,0.15880322209436135,0.02944314060166418,0.1518151815181518,0,0,0.04919786096256684,0.08365326328551222,0.030111280820423303,0,0.06090026478375993,0.15061391541609823,0.2464285714285714,1,0,0.11917098445595854,0,0,0.03767403767403767,0,0,0,0,0,0.08914728682170543,0,0,0,0,0,0,0,0,0,0,0,0,0,0.1977077363896848,0,0.053843152555598905,0,0,0,0,0,0.17468354430379748,0.17783505154639176,0,0,0,0,0,0,0,0,0,0,0,0,0,0,0,0,0,0,0,0,0,0,0,0,0,0,0,0,0,0,0,0,0,0,0,0,0,0,0,0,0,0,0.2065868263473054,0,0,0,0,0,0.06962663975782038,0,0,0.10705973622963537,0,0.1702652683528686,0.05932932072226999,0,0,0,0,0.31833910034602075,0.07165109034267912,0,0,0,0,0,0,0,0,0,0,0,0,0,0,0,0,0,0.026190928069842474,0.04206034745504419,0.04098198376559097,0.013018867924528301,0.024253075571177507,0.09375,0,0,0,0,0,0,0,0,0,0,0,0,0,0,0,0,0,0,0,0,0,0,0,0,0,0,0,0,0,0,0,0,0.0967741935483871,0,0,0.06144256455921638,0,0,0.007819582955575702,0,0
MOTU13143,0,0,0,0,0,0.12489616708199834,0,0,0,0,1,0,0,0,0,0,0,0,0,0,0,0.31797583081570996,0,0,0,0,0,0,0,0.38217138707334786,0,0,0,0,0,0,0,0,0,0,0,0,0,0,0,0,0,0,0,0,0,0,0,0,0,0,0,0,0,0,0,0,0,0,0,0,0,0,0,0,0,0,0,0,0,0,0,0,0,0,0,0,0,0,0,0,0,0,0,0,0,0,0,0,0,0,0,0,0,0,0,0,0,0,0,0,0,0,0,0,0,0,0,0,0,0,0,0,0,0,0,0,0,0,0,0,0,0,0,0,0,0,0,0,0,0,0,0,0,0,0,0,0,0,0,0,0,0,0,0,0,0,0,0,0,0,0,0,0,0,0,0,0,0,0,0,0,0,0,0,0,0,0,0,0,0,0,0,0,0,0,0,0,0,0,0,0,0,0,0,0,0,0,0,0,0,0,0,0,0,0,0,0
MOTU14800,0,0,0,0,0,0,0,0,0,0.5201550387596899,0.31876484560570073,1,0.10125245208993511,0,0,0.1863026376677464,0,0.022908842608398768,0,0.5673618940248026,0,0,0,0,0,0,0,0,0,0,0,0,0,0,0,0,0,0,0,0,0,0,0,0,0,0,0,0,0,0,0,0,0,0,0,0,0,0,0,0,0,0,0,0,0,0,0,0,0,0,0,0,0,0,0,0,0,0,0,0,0,0,0,0,0,0,0,0,0,0,0,0,0,0,0,0,0,0,0,0,0,0,0,0,0,0,0,0,0,0,0,0,0,0,0,0,0,0,0,0,0,0,0,0,0,0,0,0,0,0,0,0,0,0,0,0,0,0,0,0,0,0,0,0,0,0,0,0,0,0,0,0,0,0,0,0,0.12734864300626303,0.20451081987199024,0,0,0,0,0,0,0,0,0,0,0,0,0,0,0,0,0,0,0,0,0,0,0,0,0,0,0,0,0,0,0,0,0,0,0,0,0,0,0,0,0,0,0,0,0
MOTU15401,0,0,0,0,0.11257953989231523,0,0,0,0.077834179357022,0,0.0655581947743468,0,0.02776520295759771,0.028330938205707246,0,0.05108745950948635,0.007483325199284204,0.023557528166609765,0,0,0,0.04169184290030212,0.031004268703662095,0,0.03305389221556886,0,0,0,0,0,0,0,0.02944314060166418,0,0,0,0,0.05576884219034148,0.060222561640846606,0,0,0,0.2464285714285714,1,0,0,0,0,0,0,0,0,0,0,0,0,0,0,0,0,0,0,0,0,0,0.3622047244094488,0,0.4423076923076923,0,0,0.10768630511119781,0,0.11675126903553298,0,0,0,0,0,0,0,0,0,0.028997688590039924,0,0,0,0,0,0,0,0,0,0,0,0,0,0,0,0,0,0,0,0,0,0,0,0,0,0,0,0,0,0,0,0,0,0,0,0,0,0,0,0,0,0,0,0,0,0,0.10705973622963537,0,0,0.05932932072226999,0,0,0,0,0,0,0,0,0,0,0,0,0,0,0,0,0,0,0,0,0,0,0.08955223880597014,0.026190928069842474,0.014020115818348064,0,0,0,0,0,0,0,0,0,0,0,0,0,0,0,0,0,0,0.296137339055794,0,0,0,0,0,0,0,0,0,0,0,0,0,0,0,0,0,0,0,0,0,0,0,0.007819582955575702,0,0
MOTU1638,0,0,0,0.120412267471091,0.47760192889904096,0.2778898514035574,0,0.4806604634190841,0,0,0,0,0.5300538202303706,0.12018978535094321,0.2818023799973258,0.4063705074811044,0.3174689249197139,0.5996358256515306,0,0,0,0,0.263061983574228,0,0.2804524284763806,0.3781242951754116,0.18052557645527115,0,0,0,0,0,0,0,0,0,0,0.11829550301968972,0.3832278711178995,0,0,0,0,0,0,0,0,0,0,0,0,0,0,0,0,0,0,0,0,0,0,0,0,0,0,0,0,0,0,0,0,0,0,0,0,0,0,0,0,0,0,0,0.12301837454180382,0,0,0,0,0,0,0,0,0,0,0,0,0,0,0,0,0,0,0,0,0,0,0,0,0,0,0,0,0,0,0,0,0,0,0,0,0,0,0,0,0,0,0,0,0,0,0,0,0,0.2516958058660552,0,0,0,0,0,0,0,0,0,0,0,0,0,0,0,0,0,0,0,0,0,0,0,1,0.6542607831848917,0.2028366220110429,0.33138364779874213,0.6687853934778363,0,0,0,0,0,0,0,0,0,0,0,0,0,0,0,0,0,0,0,0,0,0,0,0,0,0,0,0,0,0,0,0,0,0,0,0,0,0,0,0,0,0
MOTU16732,0,0,0,0.13340189222542165,0,0,0,0,0,0,0,0,0,0,0,0.03001388246182323,0,0.022144076476613178,0.722271714922049,0,0,0,0,0,0.6214131736526946,0.29922494925262966,1,0,0,0,0,0,0,0,0,0,0.23122994652406417,0.1310567791473025,0,0,0,0,0,0,0,0,0,0,0,0,0,0,0,0,0,0,0,0,0,0,0,0,0,0,0,0,0,0,0,0,0,0,0,0,0,0,0,0,0,0,0,0,0,0,0,0,0,0,0,0,0,0,0,0,0,0,0,0,0,0,0,0,0,0,0,0,0,0,0,0,0,0,0,0,0,0,0,0,0,0,0,0,0,0,0,0,0,0,0,0,0,0,0,0,0,0,0,0,0,0,0,0,0,0,0,0,0,0,0,0,0,0,0,0,0,0,0,0,0,0,0,0.440625,0,0,0,0,0,0,0,0,0,0,0,0,0,0,0,0,0,0,0,0,0,0,0,0,0,0,0,0,0,0,0,0,0,0,0,0,0,0,0,0,0
MOTU1729,0,0,0.027541622387530995,0,0.025371186164137707,0.018452592856295243,0,0.12766830870279147,0.08770445572476031,0,0.22161520190023754,0,0.015643076304008855,0.015961814822418395,0,0.12232762609902824,0.016864595195488316,0.05308979173779447,0.17316258351893096,0.08765501691093573,0,0.1879154078549849,0.20961581667041115,0.07081056466302368,0,0,0.04794942954054887,0,0,0,0,0.17894131185270426,0,0,0,0.19103194103194102,0,0,0,0,0,0,0,0.5634057971014493,0.43802816901408453,0.26856649395509496,0.38729763387297633,0,0,0.14175022789425706,0,0,0,0,0.10045219638242894,0,0,0,0.23959938366718028,0,0,0,0,0,0,0,0,0,0,0,0.06067108856808428,0,0.3946700507614213,0,0,0,0.39367088607594936,0.20038659793814434,0,0,0,0,0,0,0,0,0,0,0,0,0,0,0.05310792349726776,0.07029837251356238,0,0,0,0,0.030305983239134672,0,0,0.05075893585767913,0,0,0,0,0,0,0,0.0247887772995377,0,0,0,0,0,0,0,0,0,0,0,0,0,0,0,0,0.0784561049445005,0.056015850144092216,0.08175604626708728,0.12063615205585726,0.07465194431108978,0.0959284392350401,0.26741186586414445,0.17842799770510612,0.10520974289580515,0.08405405405405406,0.21649843369300384,0.17935409457900808,0.08073727933541018,0.1512645914396887,0.07698019801980198,0,0,0,0,0,0,0,0,0,0,0,0,0,0,0,0.29512241412032647,0.11058620339327441,0.03078598297366858,0,0.0273286467486819,0.10563858695652174,0,0.08785310734463277,0,0.012531227334998792,0.040239799879237474,0,0,0,0,0,0,0,0,0.05498585572842999,0.33369098712446355,1,0,0,0,0,0,0,0,0,0,0,0,0.06820175438596492,0,0.09136310223266744,0.019430213669873797,0.047772657450076805,0,0.02563891178895301,0,0,0,0,0.00881119673617407,0,0
MOTU18353,0,0,0,0,0,0,0,0,0,0,0,0,0,0,0,0.06459972235076354,0,0,0,0,0,0,0,0,0,0,0,0,0,0,0,0,0,0,0,0,0,0,0,0,0,0,0,0,0,0,0,0,0,0,0,0,0,0,0,0,0,0,0,0,0,0,0,0,0,0,0,0,1,0,0,0,0,0,0,0,0,0,0,0,0,0,0,0,0,0,0,0,0,0,0,0,0,0,0,0,0,0,0,0,0,0,0,0,0,0,0,0,0,0,0,0,0,0,0,0,0,0,0,0,0,0,0,0,0,0,0,0,0,0,0,0,0,0,0,0,0,0,0,0,0,0,0,0,0,0,0,0,0,0,0,0,0,0,0,0,0,0,0,0,0,0,0,0,0,0,0,0,0,0,0,0,0,0,0,0,0,0,0,0,0,0,0,0,0,0,0,0,0,0,0,0,0,0,0,0,0,0,0,0,0,0,0
MOTU20136,0,0,0,0,0,0,0,1,0,0,0,0,0,0,0,0,0,0,0,0,0,0.36797583081571,0,0,0,0,0,0,0,0,0,0,0,0,0,0,0,0.49222065063649223,0,0,0,0,0,0,0,0,0,0,0,0,0,0,0,0,0,0,0,0,0,0,0,0,0,0,0,0,0,0,0,0,0,0,0,0,0,0,0,0,0,0,0,0,0,0,0,0,0,0,0,0,0,0,0,0,0,0,0,0,0,0,0,0,0,0,0,0,0,0,0,0,0,0,0,0,0,0,0,0,0,0,0,0,0,0,0,0,0,0,0,0,0,0,0,0,0,0,0,0,0,0,0,0,0,0,0,0,0,0,0,0,0,0,0,0,0,0,0,0,0,0,0,0,0,0,0,0,0.10506340032778401,0,0,0,0,0,0,0,0,0,0,0,0,0,0,0,0,0,0,0,0,0,0,0,0,0,0.15219292765213047,0,0,0,0,0,0,0,0,0,0
MOTU20226,0,0,0,0.07301522007404361,0.05792135748082885,0,0,0.874384236453202,0,0,0,0,0.08928122327850711,0,0,0.0985654789449329,0.0770023317607505,0.20604301809491293,0,0,0,0,0,0.1616575591985428,0,0.03275512087100941,0,0,0,0,0.2548456568557071,0,0,0,0,0,0.1265597147950089,0.07173166296221459,0.07746017892210343,0,0,0,0,0,1,0,0,0,0,0,0,0,0,0,0.229328165374677,0,0,0,0,0,0,0,0,0,0,0,0,0,0,0,0,0,0,0,0,0,0,0,0,0,0,0,0,0,0,0,0,0,0,0,0,0,0,0,0,0,0,0,0,0,0,0,0,0,0,0,0,0,0,0,0,0.020033860045146724,0,0,0,0,0,0,0,0,0,0,0,0,0,0,0,0,0,0.2754072924747866,0,0,0.3052450558899398,0,0,0,0,0.20472895040369088,0,0,0,0,0,0.34906588003933137,0.6574074074074074,0,0.2318745917700849,0,0,0,0,0,0,0,0,0,0.03368760675650028,0.10819871990246875,0,0,0.031195079086115993,0.24116847826086954,0,0,0,0,0,0,0,0,0,0,0,0,0,0,0,0,0,0,0,0,0,0,0,0,0,0,0,0,0,0,0,0,0,0,0,0,0,0,0,0,0
MOTU23556,0,0,0,0,0,0,0,0,0,1,0,0,0,0,0,0,0,0.13212700580402867,0,0,0,0,0,0,0,0,0,0,0,0,0,0,0,0,0,0,0,0.5213174378662356,0,0,0,0,0,0,0,0,0,0,0,0,0,0,0,0,0,0,0,0,0,0,0,0,0,0,0,0,0,0,0,0,0,0,0,0,0,0,0,0,0,0,0,0,0,0,0,0,0,0,0,0,0,0,0,0,0,0,0,0,0,0,0,0,0,0,0,0,0,0,0,0,0,0,0,0,0,0,0,0,0,0,0,0,0,0,0,0,0,0,0,0,0,0,0,0,0,0,0,0,0,0,0,0,0,0,0,0,0,0,0,0,0,0,0,0,0,0,0,0,0,0,0,0,0,0,0,0,0,0,0,0,0,0,0,0,0,0,0,0,0,0,0,0,0,0,0,0,0,0,0,0,0,0,0,0,0,0,0,0,0,0,0,0,0
MOTU24004,0,0,0,0.16561085972850678,0.13137542829172785,0.159250029666548,0.35192307692307695,0.9916256157635468,0.3784545967287084,0.20806201550387596,0.5100237529691212,1,0.027000653890649366,0.04132621638267296,0.053830726032892094,0.07452105506709857,0.0873271514559948,0.06414475930351657,0.4483296213808463,0.22694475760992108,0,0.04054380664652568,0.18090316782745453,0.18333333333333332,0.22500598802395208,0.012382358368702712,0.28967005858772743,0,0,0.43856209150326797,0.09633883704235463,0,0,0,0,0,0.43058823529411766,0.5152151949888867,0.23425703687540914,0,0,0,0,0,0,0,0,0,0.07327327327327328,0,0,0,0,0,0,0,0,0,0,0,0,0,0,0,0,0,0,0,0,0,0.2094420600858369,0,0,0,0,0.13825549450549451,0,0,0,0,0,0,0,0,0,0,0,0,0,0,0,0.022411489645958585,0,0.12133815551537071,0,0,0.045692883895131084,0,0,0,0,0.02190305206463196,0,0,0,0,0,0.24194711538461539,0.033184965380811074,0.06417981826877092,0.047717252168966,0.015146726862302482,0,0,0,0,0,0,0,0,0,0,0,0,0,0,0,0,0,0,0,0,0,0,0,0,0.04671075530804038,0,0,0,0,0,0,0,0,0,0,0,0.13582995951417004,0,0.2037965072133637,0,0,0,0,0.9579493835171966,0.878705636743215,0.518094077009042,0.08634923777469808,0.32916981132075473,0.09434094903339192,0,0.16681168427594778,0.07581920903954803,0,0,0.011575951004916759,0,0,0,0,0,0,0,0,0,0,0,0,0,0,0,0,0,0,0,0.05385232744783307,0,0,0.05885964912280702,0.10667726550079491,0,0,0,0,0,0,0,0,0,0,0,0
MOTU25675,0,0,0,0.3335047305635541,0,0.1924172303310787,0,0,0,0,0,0,0,0,0.13008423586040915,0.07503470615455808,0,0,0,0,0,0,0,0,0.7767664670658683,0.14961247462631483,1,0,0,0,0,0,0,0,0,0,0,0,0,0,0,0,0,0,0,0,0,0,0,0,0,0,0,0,0,0,0,0,0,0,0,0,0,0,0,0,0,0,0,0,0,0,0,0,0,0,0,0,0,0,0,0,0,0,0,0,0,0,0,0,0,0,0,0,0,0,0,0,0,0,0,0,0,0,0,0,0,0,0,0,0,0,0,0,0,0,0,0,0,0,0,0,0,0,0,0,0,0,0,0,0,0,0,0,0,0,0,0,0,0,0,0,0,0,0,0,0,0,0,0,0,0,0,0,0,0,0.15387170241032455,0,0,0,0,0,0,0,0,0,0,0,0,0,0,0,0,0,0,0,0,0,0,0,0,0,0,0,0,0,0,0,0,0,0,0,0,0,0,0,0,0,0,0,0,0,0
MOTU26233,0,0,1,0,0,0,0,0,0,0,0,0,0,0,0,0,0,0,0,0,0,0,0,0,0,0,0,0,0,0,0,0,0,0,0,0,0,0,0,0,0,0,0,0,0,0,0,0,0,0,0,0,0,0,0,0,0,0,0,0,0,0,0,0,0,0,0,0,0,0,0,0,0,0,0,0,0,0,0,0,0,0,0,0,0,0,0,0,0,0,0,0,0,0,0,0,0,0,0,0,0,0,0,0,0,0,0,0,0,0,0,0,0,0,0,0,0,0,0,0,0,0,0,0,0,0,0,0,0,0,0,0,0,0,0,0,0,0,0,0,0,0,0,0,0,0,0,0,0,0,0,0,0,0,0,0,0,0,0,0,0,0,0,0,0,0,0,0,0,0,0,0,0,0,0,0,0,0,0,0,0,0,0,0,0,0,0,0,0,0,0,0,0,0,0.9898316970546984,0,0,0,0,0,0,0,0
MOTU2998,0,0,0,0,0,0,0,0,0,0,0,0,0,0,0,0.02052290606200833,0,0.6965175827927621,0,1,0,0,0,0,0,0,0,0,0,0,0,0,0,0,0,0,0,0,0,0,0,0,0,0,0,0,0,0,0,0,0,0,0,0,0,0,0,0,0,0,0,0,0,0,0,0,0,0,0,0,0,0,0,0,0,0,0,0,0,0,0,0,0,0,0,0,0,0,0,0,0,0,0,0,0,0,0,0,0,0,0,0,0,0,0,0,0,0,0,0,0,0,0,0,0,0,0,0,0,0,0,0,0,0,0,0,0,0,0,0,0,0,0,0,0,0,0,0,0,0,0,0,0,0,0,0,0,0,0,0,0,0,0,0,0,0,0,0,0,0,0,0,0,0,0,0,0,0,0,0,0,0,0,0,0,0,0,0,0,0,0,0,0,0,0,0,0,0,0,0,0,0,0,0,0,0,0,0,0,0,0.02513032638259293,0,0
MOTU3132,0,0,0,0,0.38592483820090284,0,0,0,0.22234755906498718,0,0.18727896542623385,0,0,0,0,0,0,0,0,1,0,0,0,0,0,0,0,0,0,0,0,0,0,0,0,0,0,0,0,0,0,0,0,0,0,0,0.49093676490936766,0,0,0,0,0,0,0,0,0,0,0,0,0,0,0,0,0,0,0,0,0,0,0,0,0,0,0,0,0,0,0,0,0,0,0,0,0,0,0.33281741006519394,0,0.1759920634920635,0,0,0,0.2633414978104357,0,0,0,0,0,0,0,0,0,0,0,0,0,0,0,0,0,0,0,0.022247303737145722,0,0,0,0,0,0,0,0,0,0,0,0,0,0,0,0,0,0,0.1892569477783112,0,0,0,0,0,0,0.6820453671664745,0,0.19174232598357113,0,0,0,0,0,0,0,0,0,0,0,0,0,0,0,0,0,0,0,0,0,0,0,0,0,0,0,0,0,0,0,0,0,0,0,0,0,0,0,0.2756798756798757,0,0,0.07200405885337392,0,0.3344645550527904,0,0.15819511325129304,0,0,0,0,0,0,0,0,0,0,0,0,0,0,0,0
MOTU32866,0,0,0.18641516117605383,0,0.1717245880241475,0.24979233416399668,0,0,0,0,1,0,0.2117599718324028,0.10803736399096694,0,0.2922258213789912,0.05707391139309148,0.07186753158074427,0,0.29664599774520856,0,0.31797583081570996,0,0,0.25209580838323353,0.09711201328658424,0,0,0,0,0,0,0,0,0,0,0.7504456327985739,0,0.22965306567750382,0,0,0,0,0,0,0,0,0,0,0,0,0,0,0,0,0,0,0,0,0,0,0,0,0,0,0,0,0,0,0,0,0,0,0,0,0,0,0,0,0,0,0,0,0,0,0,0,0,0,0,0,0,0,0,0,0,0,0,0,0,0,0,0,0,0,0,0,0,0,0,0,0,0,0,0,0,0,0,0,0,0,0,0,0,0,0,0,0,0,0,0,0,0,0,0,0,0,0,0,0,0,0,0,0,0,0,0,0,0,0,0,0,0,0,0,0,0.09987663693300436,0.10692878187544448,0,0,0,0,0,0,0,0,0.09078754420771154,0,0,0,0,0,0,0,0,0,0,0,0,0,0,0,0,0,0,0,0,0,0,0,0,0,0,0,0,0,0,0,0,0,0,0,0
MOTU4282,0,0,0,0.10583993212669683,0.015265540871267743,0.049962175151299394,0.12267810314685314,0,0,0.10879360465116278,0.11111935866983373,0.13943740685543962,0.0023530632261958653,0,0,0,0,0.014374573233185386,0.052094933184855224,0.14503769729425026,0.023320663010967094,0.19786631419939577,0.15765417883621657,0.17042349726775954,0.04482035928143712,0.05611332810481638,0.3173566142460684,0,0,0,0,0,0,0.10292904290429042,0.16937454742939898,0.028735411547911545,0,0.056716003232976354,0,0,0,0,0,0,0,0,0,0,0,0,0,0,0,0,0,0,0,0,0,0,0,0,0.09786872384937237,0,0,0,0,0,0,0,0,0,0,0,0,0,0,0,0.05091374931978958,0,0,0.046486833388539255,0.18677111788190795,0,0,0,0.01388579697239537,0.0904994419642857,0.22746150729335493,0.13793518938534813,0.17403738839285712,1,0,0.021148847197106687,0,0.0299783723165652,0,0,0.018234749561488985,0.02963652201457079,0.03817838683351469,0,0.023531815895372232,0.05942991742536523,0,0,0.05116059711286089,0,0,0.09694823051171686,0.02994106457118475,0.02904027934537246,0.02630524628879892,0,0.03404748908296943,0.036893730283911665,0,0,0,0,0,0.04692201604814443,0,0,0,0,0,0,0.04919164037854889,0,0.022458593374939988,0.08657850092535471,0,0.053679001721170384,0.06330345060893099,0.05057432432432432,0.048849199443090845,0.13489403114186851,0,0,0,0,0,0,0,0.14219224924012158,0,0.025675768386388582,0.04734944331983806,0.09988879003558719,0.14208428246013666,0,0,0,0.09652252407152681,0,0,0,0.00694633488418135,0,0.004110830404217926,0.03178074048913043,0.02907473586078309,0.02643008474576271,0,0,0,0,0.031545010114632496,0,0,0,0,0,0,0,0,0,0,0.06542832167832167,0.01133266715116279,0,0.01708904109589041,0,0.03968997454751131,0,0,0,0,0.06155427631578947,0.02479133545310016,0,0,0,0,0,0.01699282600799128,0.020828695458593054,0,0.01915694103194103,0,0,0
MOTU4516,0.4762974852862494,0,0.03754027292815816,0.34874928992576054,0.03458188627057937,0.3269705651336125,0.7410922410922411,0.34803346626006726,0.9563559208229261,0,0.10068996719828074,0.6317507628983039,0.09594947077971071,0.06526967181863508,0.1190266078352721,0.21577752804036932,0.045974162128383705,0.07959973337235203,0.23602715028104784,0.6571240672142589,0.4226368513507098,0.38420371169615886,1,0.1930349553300373,0.1015340747077274,0.17600769778293307,0.19607065768027843,0,0,0.2308849465712211,0.1521553344956073,0,0,0.4663418722824663,0,0.2603837603837604,0.3778117307529072,0.34261851841160795,0.5087227123011544,0,0,0,0,0.7679434092477572,0,0.18303314417304054,0,0.45679392446633826,0.1735891735891736,0.7728436862438686,0.20930123201354275,0,0,0,0,0,0,0,0,0,0,0,0,0,0,0,0,0,0,0,0,0,0,0,0,0.07278584510727369,0.26829415310427973,0.2731345115365734,0,0,0,0,0,0,0,0,0,0,0,0,0,0,0,0,0,0,0,0,0,0,0,0,0,0,0,0,0,0,0,0,0,0,0,0,0,0,0,0,0,0,0,0.21259015140660076,0,0,0,0,0,0,0.11143658304541586,0,0,0.2615081813107723,0,0,0,0,0.07377388825352627,0,0,0,0,0,0,0,0,0.21474405364982876,0,0,0,0,0,0,0,0,0,0.275084206297704,0.10056575296658805,0.27993304402935615,0.010490614776894721,0.07998203054806828,0.07449995815549419,0,0,0,0,0,0.03656557939314775,0,0,0,0.18240308171461359,0,0,0,0,0,0,0,0,0,0,0,0,0,0,0,0,0,0,0,0,0,0,0,0,0,0,0,0,0.1735891735891736,0,0,0
MOTU552,0,0,0,0,0,0,0,0,0,0,0,0,0,0,0,0,0,0,0,0,0,0,0,0,0,0,0,0,0,0,0,0,0,0,0,0,0,0,0,0,0,0,0,0,0,0.07443005181347151,0,0,0,0,0,0,0,0,0,0.005499617151607964,0,0,0,0.026503690036900368,0,0,0,0,0,0,0.017183014354066984,0,0.041160458452722065,0,0,0,0,0,0,0.0049330357142857145,0.01818354430379747,0,0.0026056593506257938,0,0,0,0.012073965118722422,0,0,0,0,0.0032064732142857142,0,0,0.010688244047619047,0.002398964595858384,0,0,0,0,0.007336567926455567,0.004056763626094324,0,0,0,0.0011722702790925414,0,0,0,0,0,0,0.00710435212660732,0,0,4.0533295711060946e-4,0,0,0,0,0,0,0,0,0,0.050428786359077236,0.060954738330975956,0,0.010364357864357864,0.018504784688995215,0.007247729566094854,0.00776206772334294,0.011328864353312302,0.022288595810705976,0.013792606817090734,0,0.024703353396388652,0,0.09719215155615697,0.058236486486486494,1,0.041421568627450986,0.03729231568016615,0,0.003555693069306931,0.0062348090277777775,0,0.02118731563421829,0,0.05093971631205674,0.004691378184193338,0,0.007269736842105264,0,0.03817577828397874,0.001880235602094241,0,0,0,0,0,0,0,0,0,0,0,0,0,0,0,0,0.00484322319622387,0,0,0,0,0.004872795115332429,0,0,0,0,0,0,0,0,0,0,0,0,0.00864666934189406,0,0,0,0.00570945945945946,0.004220035252643949,0.00179495189304011,0.037512288786482335,0.0025184081346423565,0,0,0.003197907390917186,0,0,0.00040698662737987306,4.124318116566179e-4,0
MOTU5770,0,0,0,0,0,0,0,0,0,0,0,0,0,0,0,0,0,0,0,0,0,0,0,0,0,0,0,0,0,0,0,0,0,0,0,0,0,0,0,0,0,0,0,0,0,0,0,0,0,0,0,0,0,0,0,0,0,0,0,0,0,0,0,0,0,0,0,0,0,0,0,0,0,0,0,0,0,0,0,0,0,0,0,0,0,0,0,0,0,0.06280083667246289,0,0,0,0,0,0,0,0,0.10792784599060179,0,0,0,0,0,0,0,0,0,0,0,0,0,0,0,0,0,0,0,0,0,0,0,0,0,0,0,0,0,0,0,0,0,0,0,0,0,0,0,0,0,0,0,0,0,0,0,0,0,0,0,0,0,0,0,0,0,0,0,0,0,0,0,0,0,0,0,0,0,0,0,0,0,0,0,0,0,0,0,0,0,0,0,0,0,0,0.44480142793395805,1,0.4550351501871633,0,0,0,0,0,0,0,0,0,0,0,0,0,0,0
MOTU7,0.6131998535298645,0.08162710656248717,0.474600810328057,0.6663039284499369,0.5956633161120346,0.4049915803198948,0.5222705642760284,0.5404432440088326,0.5565387400482288,0.15238193207965037,0.46507540984417106,0.5743456577972703,1,0.9872548010044031,0.9812657148204657,0.9521871296493822,0.7379631919805651,0.8071610100108341,0.46084325960086503,0.5686179762451203,0.21983814380056343,0.5719955908100344,0.7223091695294878,0.6201198503230595,0.6154899775677942,0.3821971023627545,0.5068485402130782,0.0032534374773708864,0,0.49917051753158603,0.24230868965077965,0.17858339202599688,0.05601194871831668,0.25466469758925414,0.20321027024208493,0.4980727002941275,0.6892676965761556,0.8461336925260567,0.6481727011770824,0.009390215873573495,0.005136439794922483,0.019760305114945687,0.09699310479411956,0.4357661229880734,0.30236348161171545,0.1306642862511455,0.14333559695602557,0.3038002420275584,0.04907468037631311,0.17093892671099772,0.08045510996747245,0,0.13757887204839653,0.06308494620755745,0.05680905362618544,0.019804615578176532,5.335154279104486e-4,0.06466206986274638,0.013948674546663316,0.026246596623254983,0.06602133259259389,0.09122449690179986,0.06493262245631434,0.1156557347138553,0.02440078108028165,0.10183003127991555,0.12375515763205047,0.05803006269733649,0.10190297542839685,0.06518979678913461,0.115044494176404,0.07987667453633376,0.05470564286188356,0.025003593072597953,0.04071674564070986,0.1123592285389755,0.22099694763217115,0.21331816861936947,0.003284124716410119,0,0.00137710722740382,4.283674717638051e-4,0.007608900845374652,0.003421273537711448,0.009509127920992113,0.0010918036279062282,0,1.9244663649626897e-4,0,0.0014665926482818413,0.002405582956203362,4.319443544605636e-4,0.005741850465954254,0.005261832086480266,0.005076511863611099,0.00124310291309349,0.002201636699446591,7.304385186415858e-4,0.0015122682485927822,0.0016385700313651282,0.004221680295717936,0,0,0,0,0,5.657223959995309e-4,0.0018134394592917652,0.003517718934175124,0.004123199098533166,0.00045983551317555377,2.9192808064445314e-4,2.908775072548195e-4,0,0,0.002039812929424176,0,0,0,0.14969207824013392,0.01935990115651089,0.25034662955887765,0.07316783011343295,0.06266808532953393,0.02799223803582094,0.033318696285552056,0.06590180682277885,0.025622578115641576,0.040796258588483514,0.03210529457886554,0.05711867909143222,0.026327554663425422,0.13733044932156796,0.1120364033192737,0.14699902215076308,0.06221539694902084,0.09542888138463092,0.11485534900649298,0.06983234959216639,0.009435126925498012,0.026248959053194073,0.026942529109477656,0.016009865990776268,0.0038148713783331192,0.004789782952796028,0.02489522446590033,0.009291740933902157,0.024132934965240136,0.05104900252322082,0.023011412762543197,0.08641248516206045,0.0030469038155220805,0.004967636609173857,0.0038817672271474913,0.008894369994875704,0.6545933094476596,0.6032999344187914,0.8864675106450266,0.24227473216243814,0.41420325883778103,0.3536526562616287,0.34263868541400927,0.19772366918875833,0.366053073460293,1.2147103717230334e-4,0.006253081137504686,0.045179225902548574,0.045536668917427026,0.03226563162402719,0.053361902313916916,0.046743664961021475,0.03579081357716589,0.06327786653235119,0.005264211929124535,0.044653753424472926,0.00685948407313434,0.15541098336110717,0.09979997920938348,0.0367995519544085,0,0,0,0,7.906106662111738e-4,3.657356892689275e-4,0.0010387481102449216,0.0015568716660372321,5.313234992830433e-4,0.0032953489737526463,0.006806533669762776,0.01781890637447171,0.12005413676044568,0.018906565472801014,0.06992641656432173,0.07754006975125967,0.01791134004442109,0.03194348529361971,0.01497073745709177,0.020185869884312084,0.03283413866904402,0.0034441492333965092,0.001262423413915232,4.91433135051544e-4
MOTU7051,1,0,0.07881686149486361,0.6406828465651995,0.14521129058573992,0,0,0,0,0,0,0.6631892697466467,0.08953271968210855,0.04567850544036132,0,0.12355391022674687,0.1689170869258717,0.13673608740184362,0,0,0,0,0,0.20264116575591984,0.10658682634730537,0.04105923602140616,0,0,0,0.1615831517792302,0.3194544149318018,0,0,0,0,0,0,0,0,0,0,0,0,0,0,0,0,0.9590517241379309,0,0,0,0,0,0,0,0,0,0,0,0,0,0,0.9309623430962342,0,0,0,0,0,0,0,0,0,0,0,0,0.15281593406593408,0,0,0,0,0,0,0.09350703929396931,0,0,0,0,0,0,0,0,0,0,0,0,0,0,0,0,0,0,0.07262934551983026,0,0,0,0,0,0,0,0,0,0,0,0,0,0,0,0,0,0,0,0,0,0,0,0,0,0,0,0,0,0,0.19131556319862422,0.25530694205392995,0.9032476319350472,0,0,0,0,0,0,0,0,0,0,0,0,0,0,0,0,0,0,0,0,0,0,0.04520979376206441,0,0,0,0,0,0,0,0,0.038385232467868534,0,0,0,0,0,0,0,0,0,0,0,0,0,0,0,0,0,0,0,0,0,0,0,0,0,0,0,0,0,0,0,0,0,0,0,0
MOTU804,1,0.0924745781496772,0.2039965826925882,0.27996225228059135,0.23917153743533634,0.15841936632253473,0.11440765117235706,0.2578962619530571,0.11811154241730534,0.08116735066119471,0.12435377951655723,0.039011133514508634,0.034233098701982684,0.06986124361467026,0.03569995988768552,0.11991997169066608,0.11355770549638433,0.06970859357741048,0.17489846718197302,0.20657868558923004,0.07829452818016538,0.10280789052781235,0.14114475266628781,0.09536054859102111,0.08777738640366325,0.05313548191005503,0.12107525711487185,0,0,0.15207826049809903,0.09395718086229467,0.030122520815000338,0.06143400394081251,0.14398498673396753,0.18954721642458577,0.24118369706605,0.03732830030407885,0.03173546646381325,0.028558226694561744,0,0,0,0.0934873949579832,0.1896845694799659,0.14747307373653687,0,0,0,0,0,0,0,0,0,0.033819729442164465,0,0,0,0,0.048296071196006075,0,0,0,0.31922525107604016,0.1234739178690344,0.068704647213216,0.06262313537855334,0.20974736048265458,0.03750210685993595,0,0,0,0,0,0,0,0,0.03373256519102486,0.0047481354232242505,0,0,0,0,0,0,0,0,0,0,0,0,0,0,0,0,0,0,0,0,0,0,0,0,0,0,0,0,0,0,0.008345758198066409,0,0,0,0,0,0,0,0,0,0,0.039186333215921104,0,0,0,0,0,0.013207099186798837,0.009429564332937785,0,0,0.08796701589901443,0.01614834706245237,0.03376156997622781,0.015018055414937058,0.05313221364323808,0.014149443561208267,0.00911119755942753,0.04528801139833096,0,0,0.025917297612114153,0,0,0,0,0.02652124679659098,0,0,0,0,0,0,0.03351660766739474,0,0,0.08493338931938772,0.07948823864334117,0.09041958752412882,0.002591216649003692,0.012347391786903441,0.004600434198283883,0.19561221227621484,0.0325375644353453,0.01478896643403124,0,0,0.013547729106306545,0.061447114056890365,0.035302050692158186,0,0.04505416624481118,0,0.040025184385680874,0,0,0.037024710874448793,0.05617268366574098,0,0,0,0,0,0,0,0,0,0,0,0,0,0,0,0,0.008041926447998555,0.009178285619998349,0,0,0,0,0,0,0,0
MOTU8163,0,0,0,0,0,0,0,0,0,0,0,0,0,0,0,0.024386857936140677,0,0.07196995561625127,0,0,0,0.159214501510574,0,0,0,0,0,0,0,0,0,0,0,0,0,0,0,0,0,0,0,0,0,0,0,0,0,0,0,0,0,0,0,0,0,0,0,0,0,0,0,0,0,0,0,0,0,0,0,0,0,0,0,0,0,0,0,0,0,0,0,0,0,0,0,0,0,0,0,0,0,0,0,0,0,0,0,0,0,0,0,0,0,0,0,0,0,0,0,0,0,0,0,0,0,0,0,0,0,1,0,0,0,0,0,0,0,0,0,0,0,0,0,0,0,0,0,0,0,0,0,0,0,0,0,0,0,0,0,0,0,0,0,0,0,0,0,0,0,0,0.04630931458699473,0,0,0,0,0,0,0,0,0,0,0,0,0,0,0,0,0,0,0,0,0,0,0,0,0,0,0,0,0,0,0,0,0,0,0,0,0,0,0,0,0,0
MOTU8609,0.14760640108954717,0.309396365920153,0.9190759883639799,0.1080787305386236,0,0,0,0,0,0,0,0,0,0,0,0.018237348029111103,0,0,0,0.018513204195278604,0.19646515000453188,0,0,0,0.07866448920341136,1,0.1215260841532812,0,0,0,0,0,0,0,0.04756325017005683,0,0,0,0,0,0,0,0,0,0,0,0,0,0,0,0,0,0,0,0,0,0,0,0,0,0,0,0,0,0,0,0,0,0,0,0,0,0,0,0,0,0,0,0,0,0,0,0,0,0,0,0,0,0,0,0,0,0,0,0,0,0,0,0,0,0,0,0,0,0,0,0,0,0,0,0,0,0,0,0,0,0,0,0,0,0,0,0,0,0,0,0,0,0,0,0,0,0,0,0,0,0,0,0,0,0,0,0,0,0,0,0,0,0,0,0,0,0,0,0,0,0,0,0,0,0,0,0,0,0,0,0.011331812039135424,0,0,0,0,0,0,0,0,0,0,0,0,0,0,0,0,0,0,0,0,0,0,0,0,0,0,0,0,0,0,0,0,0,0,0,0
MOTU9066,0,0,0.06748140276301806,0,0.3108174253548703,0.13563545745817018,0,0.9384236453201971,0.2148900169204738,0,0.3619952494061758,0,0.057492077863286556,0.03910901252309587,0,0.08815363257751041,0,0.026015705018777736,0.4242761692650334,0.10738444193912063,0,0.11510574018126889,0,0,0,0.14061634988005167,0.23496762257169287,0,0,0.1383442265795207,0.27351040918880115,0,0,0,0.27588703837798695,0,0.1358288770053476,0.07698524954536269,0,0,0,0,0,0,0,0,0,0,0,0,0,0,0,0,0,0,0,0,0,0,0,0,0,0,0,1,0,0,0,0,0,0,0,0,0,0,0,0,0,0,0,0,0,0,0,0,0,0,0,0,0,0,0,0,0,0,0,0,0,0,0,0,0,0,0,0,0,0,0,0,0,0,0,0,0,0,0,0,0,0,0,0,0,0,0,0.1402281928597718,0,0,0,0.59115593483320406,0,0,0,0,0,0.20594594594594595,0,0.21972318339100347,0,0,0,0,0,0,0,0,0,0,0,0,0,0,0,0,0,0.2472420506164828,0.03615486809641298,0.03870771106370009,0.01885765195010889,0,0,0,0,0,0,0,0.03286465970844475,0,0,0,0,0,0,0,0,0,0,0,0,0,0,0,0,0,0,0,0,0,0,0,0,0,0,0,0,0,0,0,0,0,0,0,0
MOTU9903,0,0,0,0.27087618264088853,0,0,0,0,0,0,0,0,0,0,0,0,0,0,0,0,0,0,0.29588856436755784,0,0,0.3645506551024174,0,0,0,0,0,0,0,0,0,0,0,0,0,0,0,0,0,0,0,0,0,0,0,0,0,0,0,0,0,0,0,0,0,0,0,0,0,0,0,0,0,0,0,0,0,0,0,0,0,0,0,0,0,0,0,0,0,0,0,0,0,0,0,0,0,0,0,0,0,0,0,0,0,0,0,0,0,0,0,0,0,0,0,0,0,0,0,0,0,0,0,0,0,0,0,0,0,0,0,0,0,0,0,0,0,0,0,0,0,0,0,0,0,0,0,0,0,0,0,0,0.8602220770738079,0.7228320526893524,0,0,1,0,0,0,0,0,0,0,0,0,0,0,0,0,0,0,0,0,0,0,0,0,0,0,0,0,0,0,0,0,0,0,0,0,0,0,0,0,0,0,0,0,0,0,0,0,0,0,0,0,0,0,0
MOTU27524,0,0,0,0,0,0,0,0,0,0,0,0,0,0,0,0,0,0,0,0,0,0,0,0,0,0,0,0,0,0,0,0,0,0,0,0,0,0,0,0,0,0,0,0,0,0,0,0,0,0,0,0,0,0,0,0,0,0,0,0,0,0,0,0,0,0,0,0,0,0,0,0,0,0,0,0,0,0,0,0,0,0,0,0,0,0,0,0,0,0,0,0,0,0,0,0,0,0,0,0,0,0,0,0,0,0,0,0,0,0,0,0,0,0,0,0,0,0,0,0,0,0,0,0,0,0,0,0,0.3028391167192429,0,0,0,0,0,0,0,0,0,0,0,0,1,0,0,0,0,0,0,0,0,0,0,0,0,0,0,0,0,0,0,0,0,0,0,0,0,0,0,0,0,0,0,0,0,0,0,0,0,0,0,0,0,0,0,0,0,0,0,0,0,0,0,0,0,0,0,0,0,0,0,0,0,0
MOTU4558,0,0,0,0,0,0,0,0,0,0,0,0,0,0,0,0,0,0,0,0,0,0,0,0,0,0,0,0,0,0,0,0,0,0,0,0,0,0,0,0,0,0,0,0,0,0,0,0,0,0,0,0,0,0,0,0,0,0,0,0,0,0,0,0,0,0,0,0,0,0,0,0,0,0,0,0,0,0,0,0,0,0,0.133011136793444,0,0,0,0,0,0,0,0,0,0,0.5723327305605787,0,0,0,0,0,0,0,0,0,0,0,0,0,0,0.6261127596439169,0,0,0,0,0,0,0,0,0,0,0,0,0,0,0,0,0,0,0,0,0,0,0,0,0,0,0.34216216216216216,0,0,0,0,0,0,0,0,0,0,0,0,0,0,0,0,0,1,0,0,0,0,0,0,0,0,0,0,0,0,0,0,0,0,0,0,0,0,0,0,0,0,0,0,0,0,0,0,0,0,0,0,0,0,0,0,0,0,0.22194950911640954,0,0,0,0.6586888657648283,0,0,0,0
MOTU792,0,0,0,0,0,0,0,0,0,0,0,0,0,0,0,0,0,0,0,0,0,0,0,0,0,0,0,0,0,0,0,0,0,0,0,0,0,0,0,0,0,0,0,0,0,0,0,0,0,0,0,0,0,0,0,0,0,0,0,0,0,0.004703413806110902,0,0,0,0,0,0,0,0,0,0,0,0,0,0,0,0,0,0,0,0,0,0,0,0,0,0,0,0,0,0,0,0,0,0,0,3.201137326384432e-4,0,0,0,0,0,0,0,0,0,0,0,0,0,0,0,0,0,0,1,0,0,0,0,0,0.00480985598559856,0,0,0,0,0,0,0,0,0,0,0,0,0,0,0,0,0,0,0,0,0,0,0,0,0,0,0,0,0,0,0,0,0,0,0,0,0,0,0,0,0,0,0,0,0,0,0,0,0,0,0,0,0,0,0,0,0,0,0,0,0,0,0,0,0,0,0,0,0,0,0,0,0,0,0,0,0,0,0,0
MOTU1163,0,0,0,0,0,0,0,0,0,0,0,0,0,0,0,0.01862717877525837,0.010914086365526092,0.0068715147376806635,0,0,0,0,0,0,0,0,0,0,0,0,0,0,0,0,0,0,0,0,0,0,0,0,0,0.7292270531400966,0,0,0,0.43376436781609196,0,0,0,0,0,0,0,0,0,0,0,0,0,0,0,0,0,0,0,0,0,0,0,0,0,0,0,0,0,0,0.073015297176371,0,0.04286373478152841,1,0.3383343839742243,0,0.3699754901960784,0.08495849162797242,0.05974077372118334,0.029950396825396828,0,0.36519240946548726,0.44925595238095234,0.6386216878200845,0.20621584699453552,0,0.39502780503761853,0.3869272669016341,0.4111678583588696,0.3978725407135461,0.31380497628792303,0.12750501530989336,0.3832607907145448,0.03284913769653447,0.10124077800134139,0.1704566306725951,0.2783221388120637,0,0.044021580635753864,0.040317841880341876,0.0497692054071876,0,0.0286256103920732,0.0795071482317532,0,0.7454320987654321,0,0.15872765509989484,0,0,0,0,0.9038922155688622,0,0,0,0,0.07407680039258986,0,0,0.10581843673326323,0.15614171192138607,0.2898703792606817,0.12416203989307012,0,0,0.13617501127649978,0,0.14010906137602971,0.23214148404459822,0.10449982692973346,0.29367704280155643,0,0.34942129629629626,0.8305364511691883,0.3958046542117339,0.12423868312757201,0,0,0.22092938163190634,0,0.2865005931198102,0,0,0,0.03179568193786203,0.5536909674461256,0,0,0,0,0,0,0,0,0,0,0,0,0,0,0,0,0,0,0,0,0,0,0,0,0.14074592074592074,0.09751291989664082,0.11507528111301696,0.18380517503805174,0.1845636558153752,0.1707579185520362,0.1616599732262383,0,0.08268967406190084,0,0.7061988304093567,0,0,0,0.06183307731694828,0.14114071996259933,0.03318494091783457,0.07310812447027486,0,0.20943461671869582,0.08241878241878242,0.011404502870957994,0,0.0218518719577294
MOTU16424,0,0,0,0,0,0,0,0,0,0,0,0,0,0,0,0,0,0,0,0,0,0,0,0,0,0,0,0,0,0,0,0,0,0,0,0,0,0,0,0,0,0,0,0,0,0,0,0,0,0,0,0,0,0,0,0,0,0,0,0,0,0,0,0,0,0,0,0,1,0,0,0,0,0,0,0,0,0,0,0,0,0,0,0,0,0,0,0,0,0,0,0,0,0,0,0,0,0,0,0,0,0,0,0,0,0,0,0,0,0,0,0,0,0,0,0,0,0,0,0,0,0,0,0,0,0,0,0,0,0,0,0,0,0,0,0,0.4859032370344588,0,0,0,0,0,0,0,0,0,0,0,0,0,0,0,0,0,0,0,0,0,0,0,0,0,0,0,0,0,0,0,0,0,0,0,0,0,0,0.24681753889674685,0,0,0,0,0,0,0,0,0,0,0,0,0,0,0,0,0,0,0,0,0,0,0,0,0,0,0
MOTU1995,0,0,0,0.3787193198957905,0.9763963669984228,0.7647640520549029,0,0.7558839627805145,0,0,0.21868566904196357,0,0.1389266133494291,0,0,0.1917167977788061,0.12481246497839957,0.06286559690451803,0,0.259488913942127,0.22947823197075437,0.1390735146022155,0.20684490376694376,0,0,0.2973180783662422,0,0,0,0,0,0,0,0,1,0,0,0,0,0,0,0,0,0,0,0,0,0,0,0,0,0,0,0,0,0,0,0,0,0,0,0,0,0,0,0,0,0,0,0,0,0,0,0,0,0,0,0,0,0,0,0,0,0,0,0,0,0,0,0,0,0,0,0,0,0,0,0,0,0,0,0,0,0,0,0,0,0,0,0,0,0,0,0,0,0,0,0,0,0,0,0,0,0,0,0,0,0,0,0,0,0,0,0,0,0,0,0,0,0,0,0,0,0,0,0,0,0,0,0,0,0,0,0,0,0,0.1310495350161321,0.04676758440854753,0.0227842671418201,0.04342767295597484,0.12135325131810194,0,0,0,0,0,0,0,0,0,0,0,0,0,0,0,0,0,0,0,0,0,0,0,0,0,0,0,0,0,0,0,0,0,0,0,0,0,0,0,0,0,0
MOTU3297,0,0,0,0,0,0.01398283295755706,0,0,0,0,0,0,0,0,0.00945313544591523,0.010905445010026223,0.006389747482963687,0.008045977011494253,0,0,0,0,0,0,0.1128942115768463,0,0,0,0,0,0,0.135596471039509,0,0,0,0,0,0,0.025710960797148887,0,0,0,0,0,0,0,0,0,0,0,0,0,0,0,0,0,0,0,0,0,0,0,0,0,0,0.3092738407699038,0,0,0,0,0.13792430745220444,0,0,0,0,0,0,0,0,0,0.025094949064707342,0.3122446726289058,0,0.08906525573192241,0.4332107843137255,0.2486984663008302,0,0,0,0.053451273909427686,0.13151041666666666,0.07871298151859275,0,0.10654008438818566,0,0.07550998611556126,0.08024060833049597,0,0.022964984083674398,0,0,0.019231815461617976,0.02963615023474179,0.049897663914178846,0,0,0.0515456401283173,0,0,0.05635262234975291,0.0418977859953539,0,0.05300644774328985,0.5818930041152264,0.08575934012615236,0,0,0,0,0.6707779886148008,0.17639720558882238,0.35456369107321967,1,0,0.17003367003367004,0,0.059451732256979486,0.1273414985590778,0.30976165439887837,0.09141453322989397,0.22627620419267083,0.07269175406127905,0.7092290054456865,0.13520749665327977,0.7175236806495264,0.7643243243243243,0.9023088525350969,0.2718185313341023,0.061180339217722396,0.05731193255512322,0.058333333333333334,0.3068576388888889,0,0,0,0,0.07696494665795776,0,0.3577935222672065,0,0.08947101999493799,0,0,0,0.08104080696928015,0,0.0111817549187069,0,0,0,0,0,0,0,0,0,0,0,0,0,0,0.10870233702337023,0.09008664627930683,0,0,0,0,0.37888531618435156,0,0,0,0.06737183152277491,0,0.018009068215395586,0,0,0,0,0,0,0.031222398869457695,0.06923227575401489,0.014723645299679289,0.2896057347670251,0.12394810659186535,0.03885682879912064,0.2996125438915123,0.05246363906203621,0,0,0.020030598368087037,0,0
MOTU847,0,0,0,0.02776635129576306,0.1541850220264317,0,0,0,0,0.10465116279069767,0.06413301662707838,0,0.006790402897238569,0,0,0.006247107820453493,0,0,0,0,0,0,0,0,0,0,0,0,0,0,0,0,0.02880307232771496,0,0.2932657494569153,0.08292383292383292,0,0,0,0,0.059576345984112974,0.11050477489768075,0,0,0,0.6994818652849741,0.16811955168119552,0,0.036855036855036855,0,0,0,0,0,0.26162790697674415,0.10336906584992343,0,0.9642857142857142,0.41602465331278893,0.24907749077490773,0,0,0.5648535564853556,0.5487804878048781,0,0.3543307086614173,0,0,0,0.06481036965914545,0,0,0,0,0,0,0.2563291139240506,0,0.07346272446943587,0,0,0.3577343491222259,0.028367304055473837,0,0,0.512874630645842,0.16028495102404275,0.04017857142857143,0.21880064829821716,0.0612383760489907,0.05022321428571428,0.11272545090180361,0.046106557377049176,0.06103074141048824,0,0.1730214674783723,0.045965270684371805,0.15249929398475007,0.02631066068992399,0.2138105796642382,0.22034820457018497,0.11016810837277624,0.1358148893360161,0.14291763709506666,0.5333860134334255,0,0.8858267716535433,0.05408653846153846,0.03338278931750742,0,0.057602048072820364,0.1218961625282167,0.09109311740890688,1,0.09825327510917031,0.3194006309148265,0,0,0,0,0,0.27081243731193577,0,0,0,0.04968715495031284,0.2043390514631685,0,0.1419558359621451,0,0,0,0.11607910576096303,0.15490533562822717,0.09133964817320704,0.14594594594594595,0.09397841977027498,0,0,0.19698443579766536,0,0.11718749999999999,0,0,0.16666666666666666,0,0.08817766165904638,0,0,0,0,0.03534031413612566,0.17285531370038412,0.021327014218009477,0,0,0,0.013715330691862235,0,0.06367924528301887,0,0,0,0,0,0,0,0.31690140845070425,0.3641267700606878,0.1092233009708738,0,0.12453874538745387,0,0.09158751696065127,0.3585657370517928,0.19094766619519093,0,0.4340836012861736,0,0,0.39244186046511625,0.6174957118353345,0.17260273972602738,0.08253094910591471,0.22907239819004524,0.10843373493975904,0.05417335473515249,0,0.15288788221970556,0,0,0,0,0.041474654377880185,0.047335203366058905,0.02225886232481451,0.2942244823828551,0,0.1404786680541103,0,0.06119673617407071,0.023255813953488372,0.014657184734813528
MOTU1112,0,0,0,0,0.20851688693098383,0.08425299632134806,0,0,0,0,0.269833729216152,0,0.014284995724561139,0.029152124820365426,0.034175691937424785,0.08542341508560852,0.00770023317607505,0,0,0,0,0,0,0.06466302367941712,0,0,0,0,0,0.36092955700798834,0,0.16340621403912542,0,0,0.5141202027516293,0,0.05062388591800356,0,0.061968143137682744,0,0,0,0,0,0,0,0,0,0,0,0,0,0,0,0,0,0,0,0,0,0,0,0,0,0,0,0,0,0,0,0,0.20882352941176469,0.12013536379018612,0.15252416756176154,0.2128935532233883,0.09752747252747253,0.8088607594936709,0,0,0,0,0.14110632659821135,0,0.5903250188964474,0,0,0,0.08452380952380953,0,0.03220684962576548,0,0,0.14549180327868852,0,0,0,0.19339462036091248,0.04010166619598984,0.16604950302085364,0.04497941083306937,0.15451577801958652,0.046352211522768076,0,0.06013127249629473,0.16831291979454763,0.07932960893854747,0,0.02844551282051282,0.03511374876360039,0.09054678782081937,0,0,0,0.5259259259259259,0.10334788937409024,0.11198738170347003,0,0,0,0,0,0,0,0,0,0,0,0.05115273775216138,0,0,0,0,0,0,0.09607577807848444,0.307027027027027,0.049425687434737214,0.08189158016147635,0,0,0,0,0,0,0,0,0,0,0,0,0,0,0,0,0,0.09214795587280986,0.04042512810780034,0.086558975921975,0,0.026792452830188676,0.024956063268892794,0.19293478260869565,0,0,0,0,0.012248770809971533,1,0.09575185434929197,0.11488673139158577,0.7332185886402754,0,0.21712538226299694,0.09633649932157394,0,0,0.9141630901287553,0,0.2886178861788618,0,0,0.12178387650085763,0.10374429223744293,0.04340516582607366,0.16063348416289594,0.1140562248995984,0,0.05834018077239112,0.20101925254813136,0.12456140350877193,0,0.08343125734430082,0,0,0,0,0,0,0,0,0,0,0
MOTU1268,0,0,0,0,0,0,0,0,0,0,0.04212621172241125,0,0,0,0,0.004103455607388972,0.009617230700686047,0,0.09874796845843617,0.29991773058289406,0,0,0,0,0,0.024545767395001573,0.027343717445475077,0,0,0.7727727727727729,0.06365805863293302,0,0.01891949555700356,0,0,0,0,0.08958948845794674,0.019348827334862685,0,0,0,0,0,0,0,0,0,0,0,0,0,0,0,0,0,0,0,0,0,0,0,0,0,0,0,0,0,0,0,0,0,0,0,0,0,0,0,0,0,0,0,0,0,0,0,0,0,0,0,0,0,0,0,0,0,0,0,0,0,0,0,0,0,0,0,0,0,0,0,0,0,0,0,0,0,0,0,0,0,0,0,0,0,0,0,0,0,0,0,0,0,0,0,0,0,0,0,0,0,0,0,0,0,0,0,0,0,0,0,0,0,0,0,0,0,0.04207424353562141,1,0.013167047467186055,0,0,0,0,0,0,0.00714607749824125,0,0,0,0,0,0,0,0,0,0,0,0,0,0,0,0,0,0,0,0,0,0,0,0,0,0,0,0,0,0,0,0,0,0,0,0,0
MOTU1546,0,0,0.04720441534400603,0,0.07247406565297712,0.2424694817349763,0.23296864425896685,0.36469092642618783,0.20042574095300475,0.06886721680420105,0.12661098766378057,0.5295899235613672,0.05362227836270973,0.036476579625300494,0.10690578781879585,0.04110999985072622,0.01445236858262882,0,0.09892952079890796,0.02503909517401898,0.3985784581738655,0.05367897865705097,0,0,0.04255746571373382,0.02459089583246522,0.02739399003312345,0,0,1,0,0,0,0,0.3216463058559716,0,0.03167155425219941,0,0,0,0,0,0,0,0,0,0,0,0,0,0,0,0,0,0,0,0,0,0,0,0,0,0,0,0,0,0,0,0,0,0,0,0,0,0,0,0,0,0,0,0,0,0,0,0,0,0,0,0,0,0,0,0,0,0,0,0,0,0,0,0,0,0,0,0,0,0,0,0,0,0,0,0,0,0,0,0,0,0,0,0,0,0,0,0,0,0,0,0,0,0,0,0,0,0,0,0,0,0,0,0,0,0,0,0,0,0,0,0,0,0,0,0,0,0,0.05765003872642398,0.26133991269690643,0.0722045796423199,0.004397085214681219,0,0,0,0,0,0,0.007159215865695814,0.007663133759804998,0,0,0,0,0,0,0,0,0,0,0,0,0,0,0,0,0,0,0,0,0,0,0,0,0,0,0,0,0,0,0,0,0,0,0,0
MOTU25416,0,0,0,0,0,0,0,0,0,0,0,0,0,0,0,0,0,0,0,0,0,0,0,0,0,0,0,0,0,0,0,0,0,0,0,0,0,0,0,0,0,0,0,0,0,0,0,0,0,0,0,0,0,0,0,0,0,0,0,0,0,0,0,0,0,0,0,0,0,0,0,0,0,0,0,0,0,0,0,0,0,0,0,0,0,0,0,0,0,0,0,0,0,0,0,0,0,0,0,0,0,0,0,0,0,0,0,0,0,0,0,0,0,0,0,0,0,0,0,0,0,0,0,0,0,0,1,0,0,0,0,0,0,0,0,0,0,0,0,0,0,0,0,0,0,0,0,0,0,0,0,0,0,0,0,0,0,0,0,0,0,0,0,0,0,0,0,0,0,0,0,0,0,0,0,0,0,0,0,0,0,0,0,0,0,0,0,0,0,0,0,0,0,0,0,0,0,0,0,0,0,0,0
MOTU2632,0,0,0.11884520014169324,0,0,0,0,0,0,0,0,1,0.0337508173633117,0,0,0,0,0.022908842608398768,0,0,0,0,0,0,0,0,0,0,0,0,0,0,0,0,0,0,0.2392156862745098,0,0.1464106480471307,0,0,0,0,0,0,0.5794473229706391,0,0,0,0,0,0,0,0,0,0,0,0,0,0,0,0,0,0,0,0,0,0,0,0,0,0,0,0,0,0,0,0,0,0,0.14290277925673517,0.22225902616760518,0,0.25359032501889645,0,0,0.39833778569308403,0,0,0,0,0.22411489645958585,0.22916666666666666,0.30334538878842676,0,0,0,0,0.3923211849542,0,0,0,0,0,0,0.18743016759776535,0,0,0,0,0.334020765182762,0.07573363431151241,0.15092217723796672,0.828395061728395,0,0,0,0,0,0,0,0,0,0,0,0,0,0.24171469740634005,0,0,0.32213154104656744,0,0,0,0,0,0,0,0,0,0,0,0,0,0,0,0,0,0,0,0,0,0.8591549295774648,0.21200631911532383,0.4614855570839065,0,0,0,0.0664224905959216,0,0,0,0,0,0,0,0,0,0,0,0,0,0,0,0,0,0,0,0,0,0,0.38364779874213834,0.12255707762557078,0.10255234601864588,0.5692873303167421,0,0,0,0.7599093997734995,0,0,0,0,0,0,0,0.4874682164911006,0,0,0,0,0,0
MOTU1210,0,0,0,0,0,0,0,0,0,0,0,0,0,0,0,0,0,0,0,0,0,0,0,0,0,0,0,0,0,0,0,0,0,0,0,0,0,0,0,0,0,0,0.19432773109243698,0,0,0.18795082799959362,0.13552120723756503,0,0,0,0,0,0,0,0.07029943760449917,0.08332582650211694,0,0,0.16767878183630927,0,0,0,0,0,0,0,0,0.17439668174962292,0,0,0,0,0,0,0,0,0,0,0,0,0,0.036046217095649126,0,0.0411275621359655,0,0,0.032301433485237376,0,0,0,0.04048494397759104,0,0.11149951783992286,0.1475906818423572,0,0.03486816065740619,0.11115784413867692,0.30732428526338523,0.04241805862863563,0.10341165290950083,0.11841515714011394,0.33746483741203354,0.1094804118830631,0.3225766275174054,0,0,0,0.021799585218702865,0.08072962122534474,0.12143547041006743,0,0.02456513079272341,0.03671509089465746,0,0.07920198647144448,0,0,0,0,0,0,0.10915098235884123,0,0,0,0,0,0,0,0,0.1044873062042868,0,0.18714278488695565,0,0,1,0,0.06275866748083317,0.226009406878016,0.15878919661249716,0,0,0,0.10700445369888369,0.13435003631082063,0,0,0,0,0,0,0,0.27867741206597874,0.13753368646036612,0.14968848612347277,0,0,0,0,0,0,0,0,0,0,0,0,0,0,0.08804492670854751,0,0,0,0,0,0.07696147766037108,0.46705377429941936,0.34991488556837524,0.2211860353897657,0,0,0,0,0,0,0,0,0,0,0.19091847265221878,0.11534025374855826,0,0,0,0,0,0,0,0,0,0.01849901338595275,0.024995355592710815,0.05316821913608829
MOTU1424,0,0,0,0,0,0,0,0,0,0,0,0,0.02339922539107691,0,0.037320497392699555,0.043054141601110596,0.012613198850387723,0.02382383065892796,0,0,0,0,0,0,0.0557125748502994,0,0,0,0,0,0,0.5353279631760645,0.04962662684019629,0,0.33685734974656045,0.28574938574938574,0.08292335115864527,0,0.10150556404102117,0,0,0,0,0,0,0,0,0,0,0,0,0,0,0,0.15025839793281653,0,0,0,0,0,0,0,0,0,0,0,0,0,0,0,0,0,0.39357021996615904,0,0,0,0,0,0,0,0,0,0,0,0,0,0.13808251706737906,0,0,0,0,0,0.07943989071038252,0.4206148282097649,0.2282630029440628,0,0,0.06568765885343124,0,0,0,0,0,0,0,0,0,0.04659455128205128,0.05751730959446093,0,0,0,0,0,0,0,0,0,0,0,0,0,0.328995756718529,0,0,0.25682738314317266,0.5867810292633704,0.08378962536023055,0.7337539432176656,0,0,0,1,0.6672403901319565,0.3147496617050068,0.25145945945945947,0.08096066829098504,0,0.7246105919003115,0.5656614785992218,0,0,0,0,0.14358024691358023,0.23566362715298886,0,0.2553238199780461,0,0,0.17661351556567959,0,0,0,0.31994497936726274,0,0.022072499525526663,0.2835720816824139,0.03453771530390022,0,0,0,0,0,0,0,0.020063831622530837,0,0,0,0,0,0,0,0,0,0,0,0,0,0,0,0,0,0,0,0,0,0.0658550396375991,0.10201754385964913,0,0,0,0.78605222734255,0,0,0,0.10356188780053428,0,0,0.039539891205802355,0.013356302038472581,0
MOTU20857,0,0,0,0,0,0,0,0,0,0,0,0,0,0,1,0,0,0,0,0,0,0,0,0,0,0,0,0,0,0,0,0,0,0,0,0,0,0,0,0,0,0,0,0,0,0,0,0,0,0,0,0,0,0,0,0,0,0,0,0,0,0,0,0,0,0,0,0,0,0,0,0,0,0,0,0,0,0,0,0,0,0,0,0,0,0,0,0,0,0,0,0,0,0,0,0,0,0,0,0,0,0,0,0,0,0,0,0,0,0,0,0,0,0,0,0,0,0,0,0,0,0,0,0,0,0,0,0,0,0,0,0,0,0,0,0,0,0,0,0,0,0,0,0,0,0,0,0,0,0,0,0,0,0,0,0,0,0.6331911002743066,0,0,0,0,0,0,0,0,0,0,0,0,0,0,0,0,0,0,0,0,0,0,0,0,0,0,0,0,0,0,0,0,0,0,0,0,0,0,0,0,0,0,0,0,0
MOTU21540,0,0,0,0.14201974496092146,0.5633055963452439,0.16387801115462206,0,0,0,0.2676356589147287,0.1640142517814727,0,0.01736582666867864,0,0.027697553148816688,0.01597639981490051,0,0.0707237965175828,0.7689309576837416,0.2919250281848929,0.1721086739780658,0,0.07756683891260391,0,0.08269461077844312,0,0.21292013567684243,0,0,0,0.24784637473079688,0.3972957422324511,0.22098357158096862,0.3798129812981298,1,0.6362100737100738,0,0,0.1506655029456688,0,0,0,0,0,0,0,0,0,0,0,0,0,0,0,0,0,0,0,0,0,0,0,0,0,0,0,0,0,0,0,0,0,0,0,0,0,0,0,0,0,0,0,0,0,0,0,0,0,0,0,0,0,0,0.15608047016274865,0,0,0,0,0,0,0,0,0,0,0,0,0,0,0,0,0,0,0,0,0,0,0,0,0,0,0,0,0,0,0,0,0,0,0,0,0,0,0,0,0,0,0,0,0,0,0,0,0,0,0,0,0,0,0,0,0,0,0,0,0,0,0,0,0.017088200356365078,0,0.030338312829525486,0,0,0,0,0.055645096301071804,0.14890451134305185,0,0,0,0,0,0,0,0,0,0,0,0,0,0,0,0,0,0,0,0,0,0,0,0,0,0,0,0,0,0,0,0,0,0,0,0
MOTU22822,0,0,0,0,0,0.05506111308888098,0,0,0,0,0,0,0,0,0,0,0,0,0,0,0,0,0,0,0,0,0,0,0,0,0,0,0,0,0.33598841419261405,0,0,0,0,0,0,0.1266030013642565,0,0,0,0,0,1,0,0,0,0,0,0,0,0,0,0,0,0,0,0,0,0,0,0,0,0,0,0,0,0,0,0,0,0,0,0,0,0,0,0,0,0,0,0,0,0,0,0,0,0,0,0,0,0,0,0,0,0,0,0,0,0,0,0,0,0,0,0,0,0,0.05218173639226271,0,0,0,0,0,0,0,0,0,0,0,0,0,0,0,0,0,0,0,0,0,0,0,0,0,0,0,0,0,0,0,0,0,0,0,0,0,0,0,0.5941101152368757,0,0,0,0.044031125450749664,0.09428019912628263,0,0,0,0,0,0,0,0,0,0,0,0,0,0,0,0,0,0,0,0,0,0,0,0,0,0,0,0,0,0,0,0,0,0,0,0,0,0,0,0,0,0,0,0,0
MOTU2312,0,0,0,0.03249691484985603,0.051558166095611035,0.05624777500889997,0,0,0,0.12248062015503876,0.6755344418052256,0.47093889716840537,0,0,0.025350982751704772,0.014622859787135586,0,0,0,0.044532130777903044,0,0.143202416918429,0,0.07194899817850638,0,0.058313341945008305,0,0,0,0,0,0,0,0.17381738173817382,0.6864590876176684,0.1941031941031941,0,0,0,0,0,0,0,0,0,0,0,0,0,0,0,0,0,0,0,0,0,0,0,0,0,0,0,0,0,0,0,0,0,0,0,0,0,0,0,0,0,0,0,0,0,0,0,0,0.29044117647058826,0,0.046898189373701396,0.07053571428571428,0,0,0,0,0.3777322404371585,1,0.930323846908734,0.1518743992310157,0.37657473612529796,0.08924032759107597,0,0,0,0,0,0,0,0,0,0.18990384615384617,0.1562809099901088,0.27706041766300016,0,0,0,0,0,0,0,0,0,0,0,0,0,0,0,0,0,0,0,0,0,0,0,0,0,0,0,0,0,0,0,0,0,0,0,0,0,0,0,0,0,0,0,0,0,0,0,0,0,0,0,0,0,0,0.022260836894754145,0.012732694012410346,0.06814456999913741,0,0,0,0,0,0,0,0,0,0,0,0,0,0,0,0,0,0,0,0,0,0.08946772366930918,0,0.12559618441971385,0,0,0,0,0,0,0,0,0,0,0,0
MOTU2713,0,0,0,0,0,0,0,0,0,0,0,0,0,0,0,0,0,0,0,0,0,0,0,0,0,0,0,0,0,0,0,0,0,0,0,0,0,0,0,0,0,0,0,0,0,0,0,0,0,0,0,0,0,0,0.24547803617571062,0,0,0,0,0,0,0,0,0,0,0,0,0,0,0,0,0,0,0,0,0,0,0,0,0,0,0,0,0,0,0,0,0,0.6158833063209076,0,0,0,0.25956284153005466,0.515370705244123,0,0.12175584748478052,0.7763023493360572,0.10731431798926858,0,0,0,0,0,0,0,0,0,0.22836538461538464,0.7517309594460929,0.6663478399489877,0,0,0,0,0,0,0,0,0,0,0,0,0,0,0,0,0,0,0,0,0,0,0,0,0,0,0,0,0,0,0,0,0,0,0,0,0,0,0,0,0,0,0,0,0,0,0,0,0,0,0,0,0,0,0,0,0,0,0,0,0,0,0,0,0,0,0,0,0,0,0,0,0,0,0,0,0,0,0.4303510758776897,1,0.302066772655008,0,0,0,0,0,0,0,0,0,0,0,0
MOTU30315,0,0,0,0,0,0,0,0,0,0,0,0,0,0,0,0,0,0,0,0,0,0.18640483383685802,0,0.2809653916211293,0,0,0,0,0,0,0,0,0,0,0,0,0,0,0,0,0,0,0,0,0,0,0,0,0,0,0,0,0,0,0,0,0,0,0,0,0,0,0,0,0,0,0,0,0,0,0,0,0,0,0,0,0,0,0,0,0,0,0,0,0,0,0,0,1,0,0,0,0,0,0,0,0,0,0,0,0,0,0,0,0,0,0,0,0,0,0,0,0,0,0,0,0,0,0,0,0,0,0,0,0,0,0,0,0,0,0,0,0,0,0,0,0,0,0,0,0,0,0,0,0,0,0,0,0,0,0,0,0,0,0,0,0,0,0,0,0,0,0,0,0,0,0,0,0,0,0,0,0,0,0,0,0,0,0,0,0,0,0,0,0,0,0,0,0,0,0,0,0,0,0,0,0,0,0,0,0,0,0
MOTU3848,0,0,0,0,0,0,0,0,0,0,0,0,0.03485740153915799,0,0.01853188929001203,0.06413697362332253,0.06263217829835692,0.023659952202116762,0,0,0,0,0,0,0,0,0,0,0,0,0,0,0,0,0,0,0,0,0,0,0,0,0,0,0,0,0,0,0,0,0,0,0,0,0.1492248062015504,0.3537519142419602,0,0,0,0,0,0,0,0,0,0,0,0.37019230769230765,0,0,0,0,0,0,0,0,0,0,0,0,0,0,0,0,0,0,0,0,0,0,0,0,0.23668032786885246,0,0,0,0,0.06523580909347643,0,0,0.06284004352557128,0,0,0,0,0,0,0.04627403846153846,0.057121661721068244,0.03682448589191774,0,0,0,0,0,0,0,0,0,0,0,0,0,0,1,0,0,0,0,0,0,0,0.19862424763542563,0,0,0,0,0,0,0,0,0,0,0,0,0,0,0,0,0,0,0,0,0,0,0,0,0.023468454739408718,0,0,0,0,0,0,0,0,0,0,0,0,0,0,0,0,0,0,0,0,0,0,0,0,0,0,0,0,0,0,0,0,0,0,0,0,0,0,0,0,0,0,0,0,0
MOTU4384,0,0,0,0,0.08598466307717409,0,0,0,0,0,0.5007125890736341,0,0.026507720939590564,0,0.042278379462494985,0.048773715872281354,0,0.10795493342437691,0,0.14853438556933482,0,0,0.11840035946978207,0,0,0.09725041520575751,0,0,0,0,0,0,0,0,0,0,0,0,0.1149901811040803,0,0,0,0,0,0,0,0,0,0,0,0,0,0,0,0,0,0,0,0,0,0,0,0,0,0,0,0,0,0,0,0,0,0,0,0,0,0,0,0,0,0,0,0,0,0,0,0,0,0,0,0,0,0,0,0,0,0,0,0,0,0,0.08601273053696752,0,0,0,0,0,0,0,0,0,0,0,0,0,0,0,0,0,1,0,0,0,0,0,0.19396393080603605,0,0,0,0,0,0,0,0,0,0,0.36686390532544383,0,0,0,0,0,0,0,0,0,0,0,0,0,0,0,0,0,0,0,0,0,0,0.04971698113207547,0.04630931458699473,0,0,0,0,0,0,0,0,0.42637540453074435,0,0,0,0,0,0,0,0,0,0,0,0,0,0,0,0,0,0,0.14920724801812005,0,0,0,0,0,0.5543478260869565,0,0,0,0,0,0,0,0
MOTU6796,0,0,0,0,0,1,0,0,0,0,0,0,0,0,0.40563176895306857,0.07799167052290606,0.09139417602082317,0,0,0,0,0,0,0,0.40368862275449097,0,0,0,0,0,0,0,0,0,0,0,0,0,0,0,0,0,0,0,0,0,0,0,0,0,0,0,0,0,0,0,0,0,0,0,0,0,0,0,0,0,0,0,0,0,0,0,0,0,0,0,0,0,0,0,0,0,0,0,0,0,0,0,0,0,0,0,0,0,0,0,0,0,0,0,0,0,0,0,0,0,0,0,0,0,0,0,0,0,0,0,0,0,0,0,0,0,0,0,0,0,0,0,0,0,0,0,0,0,0,0,0,0,0,0,0,0,0,0,0,0,0,0,0,0,0,0,0,0,0,0,0,0,0,0,0,0,0,0,0,0,0.2907616665229017,0,0,0,0,0,0,0,0,0,0,0,0,0,0,0,0,0,0,0,0,0,0,0,0,0,0,0,0,0,0,0,0,0,0,0,0
MOTU8276,0,0,0,0,0,0,0,0,0,0,0,0,0,0,0,0,0,0,0,0,0,0,0,0,0,0,0,0,0,0,0,0,0,0,0,0,0.049910873440285206,0,0,0.05647438483259379,0.18534863195057372,0,0,0,0,0.12089810017271158,0,0,0,0.1276207839562443,0,0,0,0,0.09043927648578812,0,0,1,0,0,0,0,0,0,0,0,0,0,0,0,0,0,0,0,0,0,0,0,0,0,0,0.04637297118251077,0,0,0,0,0,0,0,0,0,0,0,0,0,0,0,0,0,0,0,0,0,0,0,0,0,0,0,0,0,0,0,0,0,0,0,0,0,0,0,0,0,0,0,0,0,0,0,0,0,0,0,0,0,0,0,0,0,0,0,0,0,0,0,0,0,0,0,0,0,0,0,0,0,0,0,0,0,0,0,0,0,0,0,0,0,0,0,0,0,0,0,0,0,0,0,0,0,0,0,0,0,0,0,0,0,0,0,0,0,0,0,0,0,0,0,0,0,0,0,0,0
MOTU14903,0,0,0,0,0,0,1,0,0,0,0,0,0.05754237714400684,0,0,0.15881536325775106,0.0620356813621821,0,0,0.32243517474633593,0,0,0,0,0,0,0.3527597903176071,0,0,0,0,0,0,0,0,0,0,0,0,0,0,0,0,0,0,0,0,0,0,0,0,0,0,0,0,0,0,0,0,0,0,0,0,0,0,0,0,0,0,0,0,0,0,0,0,0,0,0,0,0,0,0,0,0,0,0,0,0,0,0,0,0,0,0,0,0,0,0,0,0,0,0,0,0,0,0,0,0,0,0,0,0,0,0,0,0,0,0,0,0,0,0,0,0,0,0,0,0,0,0,0,0,0,0,0,0,0,0,0,0,0,0,0,0,0,0,0,0,0,0,0,0,0,0,0,0,0,0,0,0,0,0,0,0,0,0,0,0,0,0,0,0,0,0,0,0,0,0,0,0,0,0,0,0,0,0,0,0,0,0,0,0,0,0,0,0,0,0,0,0,0,0,0
MOTU18634,0,0,0,0,0,0,0,0,0,0,0,0,0,0,0,0,0,0,0,0,0,0,0,0,0,0,0,0,0,0,0,0,0,0,0,0,0,0,0,0,0,0,0,0,0,0,0,0,0,0,0,0,0,0,0,0,0,0,0,0,0,0,0,0,0,0,0,0,0,0,0,0,0,0,0,0,0,0,0,0,0,0,0,0,0,1,0,0,0,0,0,0,0,0,0,0,0,0,0,0.3751979727589484,0,0,0,0,0,0,0,0,0,0,0,0,0,0,0,0,0,0,0,0,0,0,0,0,0,0,0,0,0,0,0,0,0,0,0,0,0,0,0,0,0,0,0,0,0,0,0,0,0,0,0,0,0,0,0,0,0,0,0,0,0,0,0,0,0,0,0,0,0,0,0,0,0,0,0,0,0,0,0,0,0,0,0,0,0,0,0,0,0,0,0,0,0,0,0,0,0,0,0,0,0,0,0
MOTU23130,0,0,0,0,0,0,0,0,0,0,0,0,0,0,0,0,0,0,0,0,0,0,0,0,0,0,0,0,0,0,0,0,0,0,0,0,0,0,0,0,0,0,0,0,0,0,0,0,0,0,0,1,0,0,0,0,0,0,0,0,0,0,0,0,0,0,0,0,0,0,0,0,0,0,0,0,0,0,0,0,0,0,0,0,0,0,0,0,0,0,0,0,0,0,0,0,0,0,0,0,0,0,0,0,0,0,0,0,0,0,0,0,0,0,0,0,0,0,0,0,0,0,0,0,0,0,0,0,0,0,0,0,0,0,0,0.09729729729729729,0,0,0,0,0,0,0,0,0,0,0,0,0,0,0,0,0,0,0,0,0,0,0,0,0,0,0,0,0,0,0,0,0,0,0,0,0,0,0,0,0,0,0,0,0,0,0,0,0,0,0,0,0,0,0,0,0,0,0,0,0,0,0,0,0,0,0
MOTU2542,0,0,0,0,0,0,0,0,0,0,0,0,0,0,0,0,0,0,0,0,0,0,0,0,0,0,0,0,0,0,0,0,0,0,0,0,0,0,0,0,0,0,0,0.22282608695652173,0.5197183098591548,0,0,0.13254310344827586,0.01678951678951679,0.1121239744758432,0.020243581303489133,0,0,1,0,0.09418070444104135,0,0.4392857142857142,0.09476117103235747,0,0,0,0,0,0,0.16141732283464566,0,0.09855769230769229,0,0.02952472395583293,0.07198595396020288,0.09044117647058822,0,0,0,0.042239010989010985,0.07784810126582278,0.07925257731958762,0,0,0,0,0,0.046485260770975055,0,0,0,0,0.29902755267423015,0,0,0,0.021004098360655737,0,0,0,0,0,0.03595790294289612,0,0.050190424374319906,0,0,0,0,0,0.026902887139107608,0,0,0,0,0.0034706546275395027,0.006916329284750337,0,0,0,0,0,0,0,0,0,0.08698727015558698,0,0.08874458874458874,0,0,0,0,0,0,0.2276372609500308,0.0793207222699914,0,0,0,0.02140619561434041,0,0,0,0,0,0,0,0,0,0,0.033754116355653126,0.06224696356275303,0,0,0,0,0.009715639810426538,0.08459422283356258,0,0,0,0,0,0,0,0,0,0,0,0,0,0,0,0,0,0,0,0,0.021746817538896745,0,0.19774919614147907,0.125,0,0,0.035162950257289875,0.044931506849315066,0.02819807427785419,0.017392533936651584,0,0,0,0,0,0,0,0,0,0,0,0,0,0,0,0,0,0
MOTU2936,0,0,0,0,0.03209565764631844,0,0,0,0,0,0.18690193417034273,0.29316585054289973,0,0.04038478458515412,0,0.00910292853837509,0.021334448860071117,0.013432180656489294,0,0,0,0,0,0,0,0.036300846228877234,0,0,0,1,0.14121628550917856,0.22636856814072004,0,0.2164073550212164,0,0,0,0.15899315879109777,0,0,0,0,0,0,0,0,0,0,0,0,0,0,0,0,0,0,0,0,0,0,0,0,0,0,0,0,0,0,0,0,0,0,0,0,0,0,0,0,0,0,0,0,0,0,0,0,0,0,0,0,0,0,0,0,0,0,0,0,0,0,0,0,0,0,0,0,0,0,0,0,0,0,0,0,0,0,0,0,0,0,0,0,0,0,0,0,0,0,0,0,0,0,0,0,0,0,0,0,0,0,0,0,0,0,0,0,0,0,0,0,0,0,0,0,0,0,0.09333568310603801,0,0.019472805950731115,0.018557951482479785,0.05185789605824756,0,0,0,0,0,0.06787347044398713,0,0,0,0,0,0,0,0,0,0,0,0,0,0,0,0,0,0,0,0,0,0,0,0,0,0,0,0,0,0,0,0,0,0,0,0
MOTU360,0,0,0,0,0,0,0,0,0,0,0,0,0,0,0,0,0,0,0,0,0,0,0,0,0,0,0,0,0,0,0,0,0,0,0,0,0,0,0,0,0,0,0,0,0,0,0,0,0,0,0,0,0,0,0,0,0,0,0,0,0,0,0,0,0,0,0,0,0,0,0,0,0,0,0,0,0,0,0.1406130963177943,0,0.014567138749866895,0.03776084796290163,0.014372767388106746,0.05170068027210885,0.41911764705882354,0.019248628113127903,0.0879786286731968,0.07464285714285715,0,0.16547970061238376,0.40714285714285714,0.1751503006012024,0.6540983606557378,0.7318264014466547,0.40274779195289506,0.5040692085869913,0.5201225740551584,0.3219429539678057,0.5510037029818748,0.1588850174216028,0.14885745375408052,0.4577117675860944,0.41287726358148896,0.6468769849671819,0,0,0,0.1963942307692308,0.42848664688427307,0.3053084648493544,0.008106954913952497,0.024446952595936797,0.015384615384615385,0.5348148148148149,0.24890829694323144,0.08990536277602523,0,0,0,0,0,0,0,0,0,0.02517482517482518,0.04601412714429869,0.008213256484149856,0.08391167192429022,0,0.04378300528084494,0,0.05881341358555461,0.01308089500860585,0.015426251691474968,0.03697297297297297,0.04761573268360599,0,0.03551401869158879,0.02217898832684825,0.011287128712871288,0,0,0,0,0,0.04467668190725017,0.025027442371020857,0.023076923076923078,0.08113879003558719,0.0173120728929385,0.005968586387434556,0.029193341869398207,0.0036018957345971565,0.047042640990371386,0,0,0,0,0,0,0,0,0,0,0,0,0,0,0,0,0,0,0,0,0,0,0,0,0.015944055944055947,0.011046511627906977,0,0.012493150684931507,0.02787712058688675,0.02579185520361991,0.07325301204819278,0.0823434991974318,0.0655710764174199,0.5099660249150624,1,0.724960254372019,0,0,0.014009216589861751,0.007994389901823282,0,0.024845622956774432,0.010151380231522707,0,0,0,0.0013092161929371233,0.0012377178220509203
MOTU5309,0,0,0,0,0,0,0,0,0,0,0,0,0,0,0,0,0,0,0,0,0,0,0,0,0,0,0,0,0,0,0,0,0,0,0,0,0,0,0,0,0,0,0,0,0,0,0,0,0,0,0,0,0,0,0,0,0,0,0,0,0,0,0,0,0,0,0,0,0,0,0,0,0,0,0,0,0,0,0,0,0,0,0,0,0,0,0,0,0,0,0,0,0,0,0,0,0,0,0,0,0,0,0,0,0,0,0,0.02313701923076923,0,0.01841224294595887,0,0,0,0,0,0,0,0,0,0,0,0,0,0,1,0,0,0,0,0,0,0,0,0,0,0,0,0,0,0,0,0,0,0,0,0,0,0,0,0,0,0,0,0,0,0,0,0,0,0,0,0,0,0,0,0,0,0,0,0,0,0,0,0,0,0,0,0,0,0,0,0,0,0,0,0,0,0,0,0,0.15302066772655007,0,0,0,0,0,0,0,0,0,0,0,0
MOTU5711,0,0,0,0,0,0,0,0,0,0,0,0,0,0,0,0,0,0,0,0,0,0,0,0,0,0,0,0,0,0,0,0,0,0,0,0,0,0,0,0,0,0,0,0,0,0,0,0,0,0,0,0,0,0,0.4218346253229974,1,0,0,0,0,0,0,0,0,0,0,0,0,0,0,0,0,0,0,0,0,0,0,0,0,0,0,0,0,0,0,0,0,0,0,0,0,0,0,0,0,0,0,0,0,0,0,0,0,0,0,0,0,0,0,0,0,0,0,0,0,0,0,0,0,0,0,0,0,0,0.24033860875966137,0.9883955600403632,0.4704610951008645,0,0.5065942591155934,0,0,0,0,0,0,0.6818656456665506,0,0.3390446521287643,0,0.3232673267326733,0,0,0,0,0,0,0.358397365532382,0,0.4647686832740214,0,0,0,0,0,0,0,0,0,0,0,0,0,0,0,0,0,0,0,0,0,0,0,0,0,0,0,0,0,0,0,0,0,0,0,0,0,0,0,0,0,0,0.24478320629763836,0,0,0,0,0,0,0,0,0,0
MOTU6176,0,0,0,0,0,0,0,0,0,0,0,0,0,0,0,0,0,0,0,0,0,0,0,0,0,0,0,0,0,0,0,0,0,0,0,0,0,0,0,0,0,0,0,0,0,0,0,0,0,0,0,0,0,0,0,0,0,0,0,0,0,0,0,0,0,0,0,0,0.4455587392550143,0,0,0,0,0,0,0,0,0,0,0,0,0.1030142431268632,0,0.11753590325018896,0,0,0,0,0,0,0,0,0,0,0,0,0,0,0,0,0,0,0,0,0,0,0,0,0,0,0,0,0,0,0,0,0,0,0,0.5901328273244782,0,0,0,0,0,0.3433934486566066,0.156912209889001,0.11203170028818443,0,0,0,0,0,0,0,0,0,0.17935409457900808,0,0,0,0,0,0,0,0,0,0.1706915477497256,0.3147773279352227,0,0,0,0,0,0.21389270976616231,0,0,0,0,0,0,0,0,0,0,0,0,0,0,0,0,0,0,0,0,0,0,1,0,0,0,0,0,0,0,0,0,0,0,0,0,0,0,0,0,0,0,0,0,0,0,0,0
MOTU6381,0,0,0.19370645884992324,0,0,0,0,0,0,0,0,0,0,0,0,0,0.11861251197512789,0.03733925116649595,0,0,0,0,0,0,0,0,0,0,0,0,0,0,0,0,0,0,0,0,0.7159066113899193,0,0,0,0,0,0,0,0,0,0,0,0,0,0,0,0,0,0,0,0,0,0,0,0,0,0,0,0,0,0,0,0,0,0,0,0,0,0,0,0,0,0,0,0,0,0,0,0,0,0,0,0,0,0,0,0,0,0,0,0,0,0,0,0,0,0,0,0,0,0,0,0,0,0,0,0,0,0,0,0,0,0,0,0,0,0,0,0,0,0,0,0,0,0,0,0,0,0,0,0,0,0,0,0,0,0,0,0,0,0,0,0,0,0,0,0,0,0,1,0,0,0,0,0,0,0,0,0,0,0,0,0,0,0,0,0,0,0,0,0,0,0,0,0,0,0,0,0,0,0,0,0,0,0,0,0,0,0,0,0,0,0,0,0
MOTU665,0,0,2.260154918694125e-4,0,0.0012492251268670612,0.001362851691450377,0.005577287880658667,0.004190750302445658,0,9.892119899958937e-4,0.0066683696617775455,0.0057052912090672266,4.4930256373738344e-4,0,0.0010237332267105518,0,7.611798784253421e-4,1.7426882445813628e-4,0,0,0.002544533334186845,0,0,0,0,1.1774160058079931e-4,0,1,0,0.011120553090149919,0,0,8.167805421984444e-4,0,0.0018480571572696638,7.838350534979748e-4,0,2.578467300656098e-4,0,0,0,0,0,0,0,0,0,0,0,0,0,0,0,0,0,0,0,0,0,0,0,0,0,0,0,0,0,0,0,0,0,0,0,0,0,0,0,0,0,0,0,0,0,0,0,0,0,0,0,0,0,0,0,0,0,0,0,0,0,0,0,0,0,0,0,0,0,0,0,0,0,0,0,0,0,0,0,0,0,0,0,0,0,0,0,0,0,0,0,0,0,0,0,0,0,0,0,0,0,0,0,0,0,0,0,0,0,0,0,0,0,0,0,0,0,8.280879085624289e-4,0.0016953092180039704,0.006352543928440561,6.315994194687701e-5,0,0,0,0,0,0,0,4.402944766996301e-4,0,0,0,0,0,0,0,0,0,0,0,0,0,0,0,0,0,0,0,0,0,0,0,0,0,0,0,0,0,0,0,0,0,0,0,0
MOTU23842,0,0,0,0,0,0,0,0,0,0,0,0,0,0,0,0,0,0,0,0,0,0,0,0,0,0,0,0,0,0,0,0,0,0,0,0,0,0,0,0,0,0,0,0,0,0,0,0,0,0,0,0,0,0,0,0,0,0,0,0,0,0,0,0,0,0,0,0,0,0,0,0,0,0,0,0,0,0,0,0,0,0,0,0,0,0,0,0,0,0,0,0,0,0,0,0,0,0,0,0,0,0,0,0,0,0,0,0,0,0,0,0,0,0,0,0,0,0,0,0,0,0,0,0,0,0,0,0,0,0,0,1,0,0,0,0,0,0,0,0,0,0,0,0,0,0,0,0,0,0,0,0,0,0,0,0,0,0,0,0,0,0,0,0,0,0,0,0,0,0,0,0,0,0,0,0,0,0,0,0,0,0,0,0,0,0,0,0,0,0,0,0,0,0,0,0,0,0,0,0,0,0,0
MOTU5276,0,0,0,0,0,0,0,0,0,0,0,0,0,0,0,0,0,0,0,0,0,0,0,0,0,0,0,0,0,0,0,0,0,0,0,0,0.18046345811051692,0,0,0,0,0,0,0,0,0,0,0,0,0,0,0,0,0,0,0,0,0,0,0,0,0,0,0,0,0,0,0,0,0,0,0,0,0,0,0,0,0,0,0,0,0,0,0,0,0,0,0,0.8204213938411669,0.22962122930369697,0.18831845238095235,0.08453573814295257,0,0,0,0,0,0,0,0,0,0,0,0,1,0,0,0,0,0,0,0.057133182844243784,0.11385515069725595,0,0,0,0,0,0,0,0,0,0,0,0,0,0,0,0,0,0,0,0,0,0,0,0,0,0,0,0,0,0,0,0,0,0,0,0,0,0,0,0,0,0,0,0,0,0,0,0.044481546572934974,0,0,0,0,0,0,0,0,0,0,0,0,0,0,0,0,0,0,0,0,0,0,0,0,0,0,0,0,0,0,0,0,0,0,0,0,0,0,0,0,0,0
MOTU4273,0,0,0,0,0,0,0,0,0,0,0,0,0,0,0,0,0,0,0,0,0,0.07628398791540786,0,0,0,0,0,0,0,0,0,0,0,0,0,0,0,0,0,0,0,0,0,0,0,0,0,0,0,0,0,0,0,0,0,0.5800153139356815,0,0,0,0,0,0,0,0,0,0,0,0,0,0,0,0,0,0,0,0,0,0,0.045800834391438415,0,0,0,0.2652868249632276,0,0,0,0,0,0,0,0,0,0,0,0,0,0,0,0,0,0,0,0,0,0,0,0,0,0,0,0,0,0,0,0,0,0,0,0,0,0,0,0,0,0,0,0,0,0,0,0,0,0,0,0,0,0,0,0,0,1,0.4383680555555555,0,0,0,0,0.16492488569562377,0,0,0,0,0,0,0,0,0,0,0,0,0,0,0,0,0,0,0,0,0,0,0,0,0.23293357933579334,0,0,0,0.08928571428571429,0,0,0,0,0,0,0,0,0,0,0,0,0,0,0,0,0,0,0,0,0,0,0,0,0,0,0
MOTU1937,0,0,0,0,0.020688529939631262,0,0,0,0,0,0.24095011876484562,0,0,0,0,0,0,0.008658245134858314,0,0,0,0,0,0,0,0,0.03909959913660191,0,0,0,0.45513280689160085,0,0.02705355237892042,0,0,0,0.04520499108734403,0,0.055334933449705435,0,0,0,0,0,0,0,0,0,0,0,0,0,0,0,0,0,0,0,0,0,0,0,0,0,0,0,0,0,0,0,0,0,0,0,0,0,0,0,0,0,0,0,0,0.14376417233560093,0,0,0,0,0,0,0,0,0,0,0,0,0,0,0,0,0,0,0,0,0,0,0,0,0,0,0,0,0,0.15654320987654322,0,1,0,0,0,0,0,0,0,0,0,0.04666912035333088,0.06397578203834511,0.13703170028818445,0,0,0,0,0,0,0,0,0,0,0,0,0,0,0.3488308115543329,0,0,0,0,0,0,0,0,0,0,0,0,0,0,0,0,0,0,0,0,0,0.02382003475320528,0.3372068659843662,0.10937634779608385,0,0,0,0,0,0,0,0,0,0,0,0,0,0,0,0,0,0,0,0,0,0,0,0,0,0,0,0,0,0,0,0,0,0,0,0
MOTU1087,0,0,0,0,0,0.002463047058380872,0,0,0,0,0,0,0,0,0,0,0,0,0,0,0,0,0,0,0,0,0,0,0,0,0,0,0,0,0.030059518553186976,0,0,0,0,0,0,0,0,0,0,0,0,0,0,0,0,0,0,0,0,0,0,0,0,0,0,0,0,0.08437438032916915,0,0,0,0,0,0,0,0,0,0.044588823976317096,0,0,0,0,0,0,0,0,0,0,0,0,0,0,0,0,0,0,0,0,0,0,0,0,0,0,0,0,0,0,0,0,0,0,0,0,0,0,0,0,0,0,0,0,0,0,0,0,0,0,0,0.8021311166368932,0,0,0,0,0,0,0,0,0,0,0,0,0,0.010095378191135996,0,0,0,0,0,0,0,0,0,0,0,0,0,0,0.014275170262018988,0,0,0,0,0,0,0,0,0,0,0,0,0,0,0,0,0,0,0,0,0,0,0,0,0,0,0,0,0,0,0,0,0,0,0,0.005499760879961741,1,0,0,0,0,0,0,0,0,0,0,0
MOTU10041,0,0,0,0,0,0,0,0,0,0,0,0,0.1410894824204014,0,0,0,0,0,0,0.39529312288613305,0.6991525423728813,0,0,0,0,0,0.4324699352451434,0,0,0,0,0,0,0,0,0,1,0.5667811679127096,0,0,0,0,0,0,0,0,0,0,0,0,0,0,0,0,0,0,0,0,0,0,0,0,0,0,0,0,0,0,0,0,0,0,0,0,0,0,0,0,0,0,0,0,0,0,0,0,0,0,0,0,0,0,0,0,0,0,0,0,0,0,0,0,0,0,0,0,0,0,0,0,0,0,0,0,0,0,0,0,0,0,0,0,0,0,0,0,0,0,0,0,0,0,0,0,0,0,0,0,0,0,0,0,0,0,0,0,0,0,0,0,0,0,0,0,0,0,0,0.5699481865284974,0,0,0,0,0,0,0,0,0,0,0,0,0,0,0,0,0,0,0,0,0,0,0,0,0,0,0,0,0,0,0,0,0,0,0,0,0,0,0,0,0,0,0,0,0
MOTU145,0,0,0,0,0,0,0,0,0,0,0,0,0,0,0,0,0,0,0,0,0,0,0,0,0,0,0,0,0,0,0,0,0,0,0,0,0,0,0,0.688744510095769,0.7868910295084135,0.07756777968914644,0,0,0.004738493417130123,0,0,0,0,0,0,0.13083506823964838,0,0.04102841861173643,0.8747693516023002,0.940260772625782,1,0.44457222167145827,0.15292410573465395,0.10241965015069997,0,0,0,0,0,0,0,0,0,0,0,0,0,0,0,0,0,0.002167738612218033,9.153810065742028e-4,0,0,0.0016715784992525939,0,0.5670791101543554,0,0.06390665457041259,0,0,0,0,0,5.618454118507661e-4,0,0,0,0,0,0,0,0,0,0,0,0,0,0,0,0,0,0,1.1962488714842793e-4,0,0,0,0,0,0,0,0,0,0,0.0033744536872240593,0.0356895013383563,0,0.00485473351538584,0.006810385275632362,0.004243605355906139,0.0018179018333010018,0,0.02871034413327095,0.0016151369784745016,0.007264130870800959,0,9.650976265526066e-4,0,0.004546392332651875,0,0.0038804271351353947,0.006113788235497588,0.0032726948698077697,0.002498265093684941,0.001460212815174647,0,0,0.0010383735574575267,0,0.0010987362267022818,0.0018465040209453276,0.0017025963189080905,0.001197270578705476,0.001277270435141377,0,0.0021538606441500554,2.6574489148202107e-4,0.004627689582066557,0,0,0,0,0,0,0,0,0,0,0,0,0.01579497805710041,0.0011342988287803058,0.006804875255182821,0,0,0,0.002282449339323193,0.0022339510797891016,0.0011896500446118767,0,0,0,0,0,0,0,0,0,0,0,0,0,0,0,0,4.2038364690270987e-4,5.1679421292817e-4,0,0,0,7.489604466078332e-4,0,0,0,0,0
MOTU14806,0,0,0,0,0,0,0,0,0,0,0,0,0,0,0,0,0,0,0,0,0,0,0,0,0,0,0,0,0,0,0,0,0,0,0,0,0,0,0,0.15059835955358342,0.16475433951162108,0.012733060482037291,0,0,0,0,0,0,0,0,0,0,0,0,0.18087855297157623,0.21439509954058195,0.1925192519251925,1,0.0719054956343092,0,0,0,0,0,0,0,0,0,0,0,0,0,0,0,0,0,0,0,0,0,0,0,0,0.21164021164021166,0,0.019698888419867736,0,0,0,0,0,0,0,0,0,0,0,0,0,0,0,0,0,0,0,0,0,0,0,0,0,0,0,0,0,0,0,0,0,0,0,0,0,0,0,0,0,0,0.02453557658604977,0,0,0,0,0,0,0,0,0.02691272587466359,0,0,0,0,0,0,0,0,0,0.02561287961946579,0,0,0,0,0,0,0,0,0,0,0,0,0,0,0,0,0,0,0,0,0,0,0,0,0,0,0,0,0,0,0,0,0,0,0,0,0,0,0,0,0,0,0,0,0,0,0,0,0,0,0,0,0,0,0
MOTU16562,0,0,0,0,0,0,0,0,0,0,0,0,0,0,0,0,0,0,0,0,0,0,0,0,0,0,0,0,0,0,0,0,0,0,0,0,0,0,0,1,0.7814273105535241,0,0,0,0,0,0,0,0,0,0,0,0,0,0,0,0,0,0,0,0,0,0,0,0,0,0,0,0,0,0,0,0,0,0,0,0,0,0,0,0,0,0,0.13384083792247056,0,0.14949044201893505,0,0,0,0,0,0,0,0,0,0,0,0,0,0,0,0,0,0,0,0,0,0,0,0,0,0,0,0,0,0,0,0,0,0,0,0,0,0,0,0,0,0,0,0,0,0,0,0,0,0,0,0,0,0,0,0,0,0,0,0,0,0,0,0,0,0,0,0,0,0,0,0,0,0,0,0,0,0,0,0,0,0,0,0.28652334720295886,0,0,0,0,0.47030923923354195,0,0,0,0,0,0,0,0,0,0,0,0,0,0,0,0,0,0,0,0,0,0,0,0,0,0,0,0
MOTU17965,0,0,0,0,0.1977484092021537,0,0,0,0,0,0,0,0,0,0,0,0,0,0,0,0,0,0,0,0,0,0,0,0,0,0,0,0,0,0,0,0,0,0,0,0,0,0,0,0,0,0,0,0,0,0,0,0,0,0,0,1,0,0,0,0,0,0,0,0,0,0,0,0,0,0,0,0,0,0,0,0,0,0,0,0,0,0,0,0,0,0,0,0,0,0,0,0,0,0,0,0,0,0,0,0,0,0,0,0,0,0,0,0,0,0,0,0,0,0,0,0,0,0,0,0,0,0,0,0,0,0,0,0,0,0,0,0,0,0,0,0,0,0,0,0,0,0,0,0,0,0,0,0,0,0,0,0,0,0,0,0,0,0,0,0,0,0,0,0,0,0,0,0,0,0,0,0,0,0,0,0,0,0,0,0,0,0,0,0,0,0,0,0,0,0,0,0,0,0,0,0,0,0,0,0,0,0
MOTU23438,0,0,0,0,0,0,0,0,0,0,0,0,0,0,0,0,0,0,0,0,0,0,0,0,0,0,0,0,0,0,0,0,0,0,0,0,0,0,0,0.9949682596972463,0.6568495377897524,0.04641344151647878,0,0,0,0,0,0,0,0,0,0.47251461988304094,0,0,0.9340405276757785,0.8466188442008543,1,0.3037593984962406,0.1310518206147109,0.07846183724995144,0,0,0,0,0,0,0,0,0,0,0,0,0,0,0,0,0,0,0,0,0,0.01408622583288297,0,0.43394199785177223,0,0.12565817244673524,0,0,0,0,0,0,0,0,0,0,0,0,0,0,0,0,0,0,0,0,0,0,0,0,0,0,0,0,0,0,0,0,0,0,0,0,0,0,0,0,0,0,0.022358735956610767,0.03299171124086399,0.02041589812264699,0,0,0,0,0,0,0,0,0,0,0,0,0,0,0,0,0.023340458720896642,0,0,0,0,0,0,0,0,0,0,0,0,0,0,0,0,0,0,0,0,0,0,0,0,0,0,0,0,0,0,0,0,0,0,0,0,0,0,0,0,0,0,0,0,0,0,0,0,0,0,0,0,0,0,0
MOTU2630,0,0,0,0,0,0,0,0,0,0,0,0,0,0,0,0,0,0,0,0,0,0,0,0,0,0,0,0,0,0,0,0,0,0,0,0,0,0,0,0,0,0,0,0,0,0,0,0,0.07193557193557194,0,0,0,0,0,0,0,0,0,0,0,0,0,0,0,0,0,0,0,0,0,0,0,0,0,0,0,0,0,0,0,0.0280587796826749,0,0,0,0,0,0,0,0,0,0,0.1320140280561122,0.0899931693989071,0,0,0,0.08971739870616274,0,0.051354511791073865,0.08346531517263224,0.14336235038084874,0.08601273053696752,0,0,0,0,0.057633420822397204,0.2111378205128205,0.32579129574678534,0.08401084010840108,0.09369222016782817,0.014870203160270878,0,0.3253086419753086,0,0,0,0,0,1,0.3944610778443114,0.2642928786359077,0,0,0,0,0.3988395560040363,0,0,0,0.12650024003840613,0.16255397902529303,0.22656921754084264,0.15117613310384392,0,0,0.18343195266272191,0,0.2736240913811007,0.12816147859922178,0,0,0,0,0,0.5339412360688957,0,0,0.2667004048582996,0,0,0,0,0,0,0,0,0,0,0,0,0,0,0,0,0,0,0,0,0,0,0,0,0,0,0,0,0,0,0.18426573426573425,0.06383236434108527,0.15065751858204687,0.19251141552511417,0,0,0,0.10573836276083466,0,0,0,0,0,0,0,0,0.04344600164880462,0,0,0,0,0,0,0
MOTU4394,0,0,0,0,0,0,0,0,0,0,0,0,0,0,0,0,0,0,0,0,0,0,0,0,0,0,0,0,0,0,0,0,0,0,0,0,0,0,0,1,0.7293321565166225,0,0,0,0,0,0.06860384668603847,0,0,0,0,0,0,0,0.5338070628768303,0.9701718563893144,0.49998166483315,0,0.763944530046225,0.50820008200082,0,0,0,0,0,0,0,0,0,0,0,0,0,0,0,0,0,0,0,0,0,0,0,0.02081968589905098,0,0,0,0,0,0,0,0,0,0,0,0,0,0,0,0,0,0,0,0,0,0,0,0,0,0,0,0,0,0,0,0,0,0,0,0,0,0,0.23375766148043375,0.24268232990699953,0,0.020275630801946592,0,0,0,0,0,0,0,0,0,0,0,0,0,0.02679420665801989,0,0,0.07577563808650466,0,0,0,0,0,0,0,0,0.014421175101803376,0,0,0.03788781904325233,0,0,0,0,0,0,0,0,0,0,0,0,0,0,0,0,0,0,0,0,0,0,0,0,0,0,0,0,0,0,0,0,0,0,0,0,0,0,0,0,0,0,0,0,0,0,0,0
MOTU7249,0,0,0,0,0,0,0,0,0,0,0,0,0,0,0,0,0,0,0,0,0,0,0,0,0,0,0,0,0,0,0,0,0,0,0,0,0,0,0,1,0.5083089359137193,0.00989851262769108,0,0,0,0,0,0,0,0,0,0.10077235772357725,0.0321613907628438,0.024578623835018843,0.5878387533875339,0.6064860120270422,0.606130765515576,0,0.28880829794430457,0.3402461524615247,0,0,0,0,0,0,0,0,0,0.001451354167886374,0,0,0,0,0,0,0,0,0,0,0,0,0,0.005712718691812769,0,0.0025522758393476718,0,0,0,0,0,0,0,0,0,0,0,0,0,0,0,0,0,0,0,0,0,0,0,0,0,0,0,0,0,0,0,0,0,0,0,0,0.02138027391589333,0.026635865477597512,0.021812198641466937,0.003338061168613159,0,0.003267115344064104,0,0.023453613124183998,0,0.0018650035359082772,0.003899188389992241,0.003468927976715223,0,0.0016341463414634148,0,0,0,0.0073520689000664335,0,0,0.004158419163283793,0,0,0,0,0,0,0,0.006886493694094117,0,0.007741794447393898,0.0028655646746040923,0.0020792095816418964,0,0,0,0,0,0,0,0,0,0,0,0,0.007096644910111073,0,0.0024459310127081858,0,0,0,0,0,0,0,0,0,0,0,0,0,0,0,0,0,0,0,0,0,0,0,0,0,0,0,0,0,0,0,0,0
MOTU4963,0,0,0,0,0,0,0,0,0,0,0,0,0,0,0,0,0,0,0,0,0,0,0,0,0,0,0,0,0,0,0,0,0,0,0,0,0,0,0,0,0,0,0,0,0,0,0.224159402241594,0,0,0,0,1,0,0,0,0,0,0,0,0,0,0,0,0,0,0,0,0,0,0,0,0,0,0,0,0,0,0,0,0,0,0,0,0,0,0,0,0,0,0,0,0,0,0,0,0,0,0,0,0,0,0,0,0,0,0,0,0,0,0,0,0,0,0,0,0,0,0,0,0,0,0.09027081243731193,0,0,0,0.03312476996687523,0.09081735620585267,0,0.0473186119873817,0,0,0,0,0,0.12178619756427606,0.38918918918918916,0.03132613992342499,0,0.04672897196261682,0,0,0,0,0,0,0,0.05878510777269758,0,0,0,0,0.02356020942408377,0,0,0,0,0,0,0,0,0,0,0,0,0.004226741182548255,0,0,0,0,0,0,0,0,0,0,0,0,0,0,0,0,0,0,0,0,0,0,0,0,0,0,0,0,0,0,0,0,0,0,0,0,0,0
MOTU192,0,0,0,0,0,0,0.004278795134826263,0,0,0.0075890567972732486,0.009301551799033246,0.007294994983966088,0,0,0.0011780846291796017,4.5302560242862057e-4,0,3.3423978383347524e-4,0,0,0,0.0073941716529323945,0.002199479503141427,0,0,4.5164621094678407e-4,0.007546934372866552,0,0,0.01066436085891339,0,0.005632844228125714,0.001044365614303658,0,0,0,0.008725386157292772,0.013847076758815404,0.0074764546017213,0,0,0,0,0,0,0,0.012191635452655655,0,0,0,0,0,0,0,0,0,0,0,0,0,0,0,0,0.01989813672455791,0,0.012847615837903531,0,0,0.007012810364242472,0,0.0019098484721971306,0.007198443579766537,0,0,0.007338743079821957,0.005042865694616668,0.0061961286509382854,0.018923743431345022,0.013318361058156845,0,0.0015637125868090444,0.003242756962067735,0.0030856955038293206,0.009249700744975898,0,0.00619874415480107,0.03341752970838488,0.008740967204002224,0.039667274183478485,0.028865611814532177,0.021852418010005557,0.035150716478352294,0.17386404711785844,0.039832255613174695,0.1585211716682641,0.028230999492580077,0.008333233970448153,0.05252973230758749,0.0877674196745653,0.024808066565682588,0.010652756548947215,0.04713588320878627,0.025853564969584044,0.054929474193264036,0.0058019853428383,0,0.05888490592372452,0.08138624912700788,0.0665731428989289,0.032773401663977735,0.021233924028496373,0.012430720854450116,0.03137783098872593,0.4351059230436663,0.5130069835012658,0.01930182032429513,0,0,0,0,0.007327756937486895,0.00981934129235957,0.15231784434696943,0,0.2754729058231004,0.2828508783864098,0.3630456207030591,0.19220051805918437,0.30368197310224343,0.2886078853392821,0.3360425605840125,0.18118229367950323,0.05050670645820718,0.03370011452145436,0.02980681644666523,0.05556420233463036,0.017037736283471095,0.12420843823910888,0.24144312318427744,0.24998485972535542,0.03150209962630504,0.04249081279723303,0.06059762683379809,0.024065593088698354,0.00906470673007638,0.06447238221391711,0.31652463866092967,0.26328445672647754,0.14367743663258717,0.048775219131229494,0.06318451615953012,0.010251186668568054,0.01880259270515203,0.0054130476208039055,0.023565743768699257,0,0,0.001491905405132961,7.268276035796742e-4,9.235738932530652e-4,4.3013546873824657e-4,0,0,0,0,7.88934101739261e-4,0,0,0,0.007920617531134702,0,0.013546886441627062,0,0,0,0,0,0,0.009949068362278955,0.023961252755027078,0.03794528398636624,0.04477934027893649,0.005364319599168488,0.017954852395199433,0.01522747680335229,0.0039316800275030084,0.1532124588566682,0.030166033078725833,0.00554353525961636,0.002146904225544406,1,0.09490779901877856,0.003058191699513461,0.027068801664006888,0.25229888507484677,0.0056495616553485116,0.017780390970727374,0.006538212334249215,0.020374366843876154,0.006013441811107181,0.0016641913987674225,2.8107617767678697e-4,2.6572616221927397e-4
MOTU20953,0,0,0,0,0,0,0,0,0,0,0,0,0,0,0,0,0,0,0,0,0,0,0,0,0,0,0,0,0,0,0,0,0,0,0,0,0,0,0,0,0,0,0,0,0,0,0,0,0,0,0,0,0,0,0,0,0,0,0,0,0,0,0,0,0,0.6686351706036746,0,0,0,0,0.09939523995317988,0,0,0,0,0,0.1612341772151899,0,0,0,0,0,0,0,0,0,0,0,0,0,0,0,0.08700478142076504,0,1,0,0,0,0,0,0,0,0,0.05393817488884184,0,0,0.05571959755030622,0.10206330128205128,0,0,0.018116199687099988,0,0,0,0.3708151382823872,0,0,0,0,0,0,0,0,0,0,0.46880750828119255,0.38559535822401614,0,0.8036277602523659,0.19763382467028706,0.24459913586173787,0.15715607649599014,0.10952278589853827,0,0,0,0,0,0,0.24781128404669264,0,0,0,0,0,0,0.4991835401698237,0,0,0,0.1934320425208808,0,0,0,0,0,0,0,0,0,0,0,0,0,0,0,0,0,0,0,0,0,0,0,0,0,0,0,0,0.17814685314685316,0,0,0,0,0,0,0,0,0,0,0.5400105988341283,0,0,0,0.26796984572230015,0,0,0,0,0,0,0,0
MOTU1409,0.2380224719101124,0,0.004690046050301098,0,0,0.006284561528420554,0,0.02174055829228243,0,0.24632558139534885,0.20127315914489313,0.15785394932935917,0.009323474674312156,0.31530281256415527,0.1741965503409547,0,0,0.003616251280300444,0.23590200445434298,0.08209695603156708,0.026400797607178464,1,0.0059492248932824085,0.012058287795992715,0.01268502994011976,0.007329765639416867,0.032661116250385445,0,0,0,0,0,0,0.058261826182618263,0.019174511223750905,0.08132678132678132,0.018880570409982176,0.05350575873913923,0.017333624263582807,0,0,0,0,0,0,0,0,0,0,0,0,0,0,0,0,0,0,0,0,0,0,0,0,0,0,0,0,0,0,0,0,0,0,0,0,0,0,0,0,0,0,0,0,0,0,0,0,0,0,0,0,0,0,0,0,0,0,0,0,0,0,0,0,0,0,0,0,0,0,0,0,0,0,0,0,0,0,0,0,0,0,0,0,0,0,0,0,0,0,0,0,0,0,0,0,0,0,0,0,0,0,0,0,0,0,0,0,0,0,0,0,0,0,0,0,0,0.002512810780034162,0,0.0013106315581073056,0.06245283018867925,0.01396133567662566,0.017989130434782608,0,0.029920903954802264,0,0,0,0,0,0,0,0,0,0,0,0,0,0,0,0,0,0,0,0,0,0,0,0,0,0,0,0,0,0,0,0,0,0,0,0,0,0,0
MOTU17440,0,0,0,0,0,0,0,0.14302998876501596,0,0,0,0,0.3943198875413976,0.6795319236296448,0.18168767285240778,0,0,0,0,0.04910105025811427,0,1,0,0,0,0,0,0,0,0,0,0,0,0,0,0,0,0,0,0,0,0,0,0,0,0,0,0,0,0,0,0,0,0,0,0,0,0,0,0,0,0,0,0,0,0,0,0,0,0,0,0,0,0,0,0,0,0,0,0,0,0,0,0,0,0,0,0,0,0,0,0,0,0,0,0,0,0,0,0,0,0,0,0,0,0,0,0,0,0,0,0,0,0,0,0,0,0,0,0,0,0,0,0,0,0,0,0,0,0,0,0,0,0,0,0,0,0,0,0,0,0,0,0,0,0,0,0,0,0,0,0,0,0,0,0,0.0165316498686458,0,0.00862257604017964,0,0.0765424105078161,0,0,0,0,0,0,0,0,0,0,0,0,0,0,0,0,0,0,0,0,0,0,0,0,0,0,0,0,0,0,0,0,0,0,0,0,0,0,0,0,0,0
MOTU20138,1,0,0,0,0,0,0,0.3653530377668308,0,0.6899224806201549,0.21140142517814725,0,0,0.4111065489632519,0,0,0,0,0,0,0,0.2688821752265861,0,0,0,0.04105923602140616,0,0,0,0,0,0.5120828538550057,0,0,0,0.2733415233415233,0,0,0,0,0,0,0,0,0,0,0,0,0,0,0,0,0,0,0,0,0,0,0,0,0,0,0,0,0,0,0,0,0,0,0,0,0,0,0,0,0,0,0,0,0,0,0,0,0,0,0,0,0,0,0,0,0,0,0,0,0,0,0,0,0,0,0,0,0,0,0,0,0,0,0,0,0,0,0,0,0,0,0,0,0,0,0,0,0,0,0,0,0,0,0,0,0,0,0,0,0,0,0,0,0,0,0,0,0,0,0,0,0,0,0,0,0,0,0,0,0,0,0,0,0,0,0,0.25141242937853103,0,0,0,0,0,0,0,0,0,0,0,0,0,0,0,0,0,0,0,0,0,0,0,0,0,0,0,0,0,0,0,0,0,0,0,0,0,0,0
MOTU2088,0.4132334581772784,0.021654367509289788,0.06513952847640414,0,0,0,0,0,0,0.1425495262704565,0.21839535497492743,0.13702599768173537,0.009249478843563648,0.698407810397135,0.1475241788117841,0,0.004985870855400708,0,0.40955209106656765,0,0.09166943613603633,1,0,0,0.022022621423819028,0.008483525045621373,0.02835166341179292,0,0,0,0,0,0,0.30344701136780344,0,0.16943079443079442,0,0,0.06018619535966253,0,0,0,0,0,0,0,0,0,0,0,0,0,0,0,0,0,0,0,0,0,0,0,0,0,0,0,0,0,0,0,0,0,0,0,0,0,0,0,0,0,0,0,0,0,0,0,0,0,0,0,0,0,0,0,0,0,0,0,0,0,0,0,0,0,0,0,0,0,0,0,0,0,0,0,0,0,0,0,0,0,0,0,0,0,0,0,0,0,0,0,0,0,0,0,0,0,0,0,0,0,0,0,0,0,0,0,0,0,0,0,0,0,0,0,0,0,0,0,0,0.05204402515723271,0.008079476664713923,0,0,0,0,0,0,0,0,0,0,0,0,0,0,0,0,0,0,0,0,0,0,0,0,0,0,0,0,0,0,0,0,0,0,0,0,0,0,0,0,0,0
MOTU3516,0.18429884722019554,0,0.014525856715017183,0.005622719526462843,0.004460378909718117,0,0,0,0.046256619860680775,0.021191986308265378,1,0.32593338107496084,0.11825556868562753,0.7941447794660688,0.02193153817702554,0.0037951405373894964,0.0029648785139268306,0.01306682392377169,0,0.03852545425262449,0,0.8341703613606938,0.0061419147017888875,0,0,0,0,0,0.06035755759774053,0,0,0,0,0,0,0.016792175883084973,0.02923814153760678,0.044191008022085004,0.053685132236299594,0,0,0,0,0,0,0,0,0,0,0,0,0,0,0,0,0,0,0,0,0,0,0,0,0,0,0,0,0,0,0,0,0,0,0,0,0,0,0,0,0,0,0,0,0,0,0,0,0,0,0,0,0,0,0,0,0,0,0,0,0,0,0,0,0,0,0,0,0,0,0,0,0,0,0,0,0,0,0,0,0,0,0,0,0,0,0,0,0,0,0,0,0,0,0,0,0,0,0,0,0,0,0,0,0,0,0,0,0,0,0,0,0,0,0,0,0.017740209174342852,0.02853618198085839,0.01944159670462627,0.12718967826867253,0.07479171771624603,0.27866158446123296,0,0,0,0,0,0,0,0,0,0,0,0,0,0,0,0,0,0,0,0,0,0,0,0,0,0,0,0,0,0,0,0,0,0,0,0,0,0,0,0,0,0
MOTU610,0,0,0.05651176418008283,0,0,0,0,0.02910649704075421,0,0,0.05052500721468689,0.10566829626121797,0.0017831956841023405,0.7168946354897157,0.039817407744800706,0,0,0.007262215103237685,0,0.03996810980342574,0.05301851454980853,0.6319187584116855,0,0,0,0,0.010931764846018696,0,0,0,0,0,0,0,0,0,0,0.02149022836672376,0.007735481866820561,0,0,0,0,0,0,0,0,0,0,0,0,0,0,0,0,0,0,0,0,0,0,0,0,0,0,0,0,0,0,0,0,0,0,0,0,0,0,0,0,0,0,0,0,0,0,0,0,0,0,0,0,0,0,0,0,0,0,0,0,0,0,0,0,0,0,0,0,0,0,0,0,0,0,0,0,0,0,0,0,0,0,0,0,0,0,0,0,0,0,0,0,0,0,0,0,0,0,0,0,0,0,0,0,0,0,0,0,0,0,0,0,0,0,0,0,0.023005654377442328,0,0,0.06316876273228028,0.01672250631869747,1,0,0,0,0,0,0,0,0,0,0,0,0,0,0,0,0,0,0,0,0,0,0,0,0,0,0,0,0,0,0,0,0,0,0,0,0,0,0,0,0,0,0
MOTU6219,0.16584950629894452,0,0.01307173756695542,0,0,0,0,0,0,0.11442330279539581,0.6310947959404015,0,0.0816692654628372,1,0.029604103611323825,0,0,0.005039469464187797,0,0.08320522018379965,0,0.6912066282156917,0,0.03360793729646189,0,0,0,0,0.06983412424194635,0,0,0,0,0.08119145247858119,0,0.04533355669719306,0.052622481499486846,0,0.048310951540277314,0,0,0,0,0,0,0,0,0,0,0,0,0,0,0,0,0,0,0,0,0,0,0,0,0,0,0,0,0,0,0,0,0,0,0,0,0,0,0,0,0,0,0,0.10855667411666571,0,0,0,0,0,0,0,0,0,0,0,0,0,0,0,0,0,0,0,0,0,0,0,0,0,0,0,0,0,0,0,0,0,0,0,0,0,0,0,0,0,0,0,0,0,0,0,0,0,0,0,0,0,0,0,0,0,0,0,0,0,0,0,0,0,0,0,0,0,0,0,0,0.04789294633551609,0,0.007498021975315483,0.04018181218240612,0.013925100057175527,0.11673590030356286,0,0,0,0,0,0,0,0,0,0,0,0,0,0,0,0,0,0,0,0,0,0,0,0,0,0,0,0,0.03236975013290803,0,0,0,0,0,0,0,0,0,0,0,0,0
MOTU7083,0,0,0,0,0,0.019931828318663736,0,0,0,0,0.8777295437791792,0.7509635644174931,0.3801845116373456,1,0.09432479909263178,0,0,0.06308025570690244,0.18704400583672526,0,0.08373156392890294,0.5581935618293572,0,0,0,0,0,0,0,0,0,0,0,0,0,0,0.11976150961952178,0.20363570487942528,0.2931974990030623,0,0,0,0,0,0,0,0,0,0,0,0,0,0,0,0,0,0,0,0,0,0,0,0,0,0,0,0.4018313809602375,0,0,0,0,0,0,0,0,0,0,0,0,0,0,0,0,0,0,0,0,0,0,0,0,0,0,0,0,0,0,0,0,0,0,0,0,0,0,0,0,0,0,0,0,0,0,0,0,0,0,0,0,0,0,0,0,0,0,0,0,0,0,0,0,0,0,0,0,0,0,0,0,0,0,0,0,0,0,0,0,0,0,0,0,0,0,0,0,0.5449886996800107,0.17532934993880928,0.01706446380589041,0.3242256569201046,0.1109206245933637,0.6494273074359129,0,0,0,0,0,0,0,0,0,0,0,0,0,0,0,0,0,0,0,0,0,0,0,0,0,0,0,0,0,0,0,0,0,0,0,0,0,0,0,0,0,0
MOTU30069,0,0,0,0,0,0,0,0,0,0,0,0,0,0,0,0,0,0,0,0,0,0,0,0,0,0,0,0,0,0,0,0,0,0,0,0,0,0,0,0,0,0,0,0,0,0,0,0,0,0,0,0,0,0,0,0,0,0,0,0,0,0,0,0,0,0,0,0,0,0,0,0,0,0,0,0,0,0,0,0,0,0,0.15822651817608743,0,0,0,0,0,0,0,0,0,0,0,0,0,0,0,0,0,0,0,0,0,0,0,0,0,0,0,0,0,0,0,0,0,0,0,0,0,0,0,0,0,0,0,0.3799192734611504,0,0,0,0,0,0,0.8640275387263339,0,0,0,0,0,0,0,0,0,0,0,0,0,0,0,0,0,0,0,0,0,0,0,0,0,0,0,0,0,0,0,0,0,0,0,0,0,0,0,0,1,0,0,0,0,0,0,0,0,0,0,0,0,0,0,0,0,0,0,0,0,0,0,0,0,0,0,0,0
MOTU539,0,0,0,0,0,0,0,0,0,0,0,0,0,0,0,0,0,0,0,0,0,0,0,0,0,0,0,0,0,0,0.004909339323344835,0,0.0029181607328437617,0,0,0,0,0,0,0,0,0,0,0,0,0,0,0,0,0,0,0,0,0,0.026506626656664166,0.01047275601442474,0.008463749600766528,0,0,0.012617545530294013,0,0,0,0.055599265670076066,1,0,0,0,0,0,0,0,0,0,0,0,0,0,0.004961878960579978,0,0.0065539758382253425,0.013591340862708226,0.015807061662452805,0.012922731816741034,0.05028462998102467,0.014433747736216454,0.0060896791428489356,0.007123655913978495,0.12192189052125268,0.006204318146898939,0.015264976958525345,0.010278621759648329,0.00467124977965803,0,0.006711196935642154,0,0,0.011587759973034774,0.023990795983930696,0.0064986154679309675,0.005581101477763348,0.010045436118291855,0.010319984422665022,0.08398161365452521,0,0,0,0.012329404466501243,0.00169107558788807,0.006541090078832477,0.017507719270878734,0.012349814315881454,0.011536284880936835,0.06754281162883313,0.01493168051838287,0.010786608324005291,0,0,0,0,0,0.006859287540039474,0,0,0,0.002517007610386218,0.006900817030695615,0.019708097053081713,0.007191072216003527,0.01591631422207763,0.009849317826336086,0.008437643031979464,0.005880231880842094,0.003923528214239446,0.004627002488105112,0.003696599825632084,0.011901687569473294,0,0.00355073191974006,0.009978661980670265,0.016927499201533056,0.041554659498207885,0,0,0,0,0,0.011260224496299705,0.020765312785686302,0,0.015577926372253656,0.0035804762709001864,0.017512700838461855,0,0.004703376669476861,0,0,0,0,0,0,0,0,0,0,0,0,0,0,0,0,0,0,0.3015713222742592,0.4631795399048965,0.09914678103755076,0,0,0,0.004782314459733815,0.011596649162290572,0.02346041055718475,0.03247606422153484,0.03553662372493628,0.029010363450591152,0.005492939499935225,0.008232796561901309,0.0028096588650038433,0.005808643553866949,0,0.012684411166384602,0.012054129866191579,8.545182653279215e-4,0.0042019721520241814,0.011989322716373343,0.001127569608807808,0,0,0,0.0028004544133576393,0,0,3.712453003321945e-4
MOTU11187,0,0,0,0,0,0,0,0,0,0,0,0,0,0,0,0,0,0,0,0,0,0,0,0,0,0,0,0,0,0,0,0,0,0,0,0,0,0,0,0,0,0,0,0,0,0,0,0,0,0,0,0,0,0,0,0,0,0,0,0,0,0,0,0,0,0,0,0,0,0,0,0,0,0,0.5738380809595202,0,0,0,0,0,0,0,0,0,0,0,0,0,0,0,0,0,0,0,0.3756133464180569,0.36791092598526115,0,0.2161818695283818,0.07459559540050673,0,0,0,0,0.08103959347872115,0,0,0.08371609798775154,0.23001802884615385,0.09464638971315528,0,0,0.02159988713318284,0,0,0.27856622998544395,0,0,0,0,0,0,0,0,0,0,0.42261685682738315,0.1931130171543895,0,0,0.29693560899922417,0,0,0,0,0.25896481732070364,0,0.13322311172989906,0,0,0,0.18948019801980198,0,0,0.7527040314650935,0,0,1,0,0,0,0,0,0,0,0,0,0,0,0,0,0,0,0,0,0,0,0,0,0,0,0,0,0,0,0,0,0,0,0,0,0,0,0,0,0,0,0.30718298555377205,0,0,0,0.7099231584525701,0,0,0,0,0,0,0,0,0,0,0,0
MOTU11193,0,0,0,0,0,0,0,0,0,0,0,0,0,0,0,0,0,0,0,0,0,0,0,0,0,0,0,0,0,0,0,0,0,0,0,0,0,0,0,0,0,0,0,0,0,0,0,0,0,0,0,0,0,0,0,0,0,0,0,0,0,0,0,0,0,0,0,0,0,0,0,0,0,0,0,0,1,0,0,0,0,0,0,0,0,0,0,0,0.8535926526202053,0,0,0,0,0,0,0,0,0,0,0,0,0,0,0,0,0,0,0,0,0,0,0,0,0,0,0,0,0,0,0,0,0,0.744931636020745,0,0,0.1938412464728254,0,0,0,0,0,0.3249023236685174,0,0,0.35633739287325217,0,0,0,0,0,0.2607260726072607,0,0,0,0,0,0,0.2890596414196854,0,0,0,0,0,0,0,0,0,0.053506722205289715,0,0,0,0,0,0,0,0,0,0,0,0,0,0,0,0,0,0,0,0,0,0,0,0,0,0,0,0,0,0,0,0,0,0,0,0,0,0,0,0,0,0,0,0,0
MOTU3639,0,0,0,0,0,0,0,0,0,0,0,0,0,0,0,0,0,0,0,0,0,0.13575025176233635,0,0,0,0,0,0,0,0,0,0,0,0,0.9761042722664736,0,0,0,0,0,0,0,0,0,0,0,0,0,0,0,0,0,0,0,0,0,0,0,0,0,0,0,0,0,0,0,0,0,0,0,0,0,0,0,0,0,0,0,0,0,0,0,0,0,0,0,0,0,0,0,0,0,0,0,0,0.4319128484460109,0,0.5075778970159089,0,0,0,0,0,0,0,0,0,0.36004273504273504,1,0.7162973590520219,0,0.050714823175319786,0,0,0,0,0,0,0,0,0,0,0,0,0,0,0,0,0,0,0,0,0,0,0,0,0,0,0,0,0,0,0,0,0,0,0,0,0,0,0,0,0,0,0,0,0,0,0,0,0,0,0,0,0,0,0,0,0,0,0,0,0,0,0,0,0,0,0,0,0,0,0,0,0,0,0,0,0,0,0,0,0,0,0,0,0,0,0,0,0,0,0
MOTU10126,0,0,0,0,0,0,0,0,0,0,1,0,0,0,0,0,0,0,0,0,0,0,0,0,0,0,0,0,0,0,0,0,0,0,0,0,0,0,0,0,0,0,0,0,0,0,0,0,0,0,0,0,0,0,0,0,0,0,0,0,0,0,0,0,0,0,0,0,0,0,0,0,0,0,0,0,0,0,0,0,0,0,0,0,0,0,0,0,0,0,0,0,0,0,0,0,0,0,0,0,0,0,0,0,0,0,0,0,0,0,0,0,0,0,0,0,0,0,0,0,0,0,0,0,0,0,0,0,0,0,0,0,0,0,0,0,0,0,0,0,0,0,0,0,0,0,0,0,0,0,0,0,0,0,0,0,0.11985196431960524,0,0,0,0,0,0,0,0,0,0,0,0,0,0,0,0,0,0,0,0,0,0,0,0,0,0,0,0,0,0,0,0,0,0,0,0,0,0,0,0,0,0,0,0,0,0
MOTU1872,0,0,0.09096296901822938,0.0352102648482739,0.027931523526237186,0.03047210888079525,0.07482181280258204,0,0,0.0663536076326774,0,0,0.00861084994176891,0,0,0,0,0,0,0,0,0.12929932605159192,1,0.07795642426789968,0,0.11056893835081692,0,0,0,0,0,0.09849960166415864,0.03652492163266646,0.3766607429973767,0.6817941291149112,0.15773247023247025,0,0,0,0,0,0,0,0,0,0,0,0,0,0,0,0,0,0,0,0,0,0,0,0,0,0,0,0,0,0,0,0,0,0,0,0,0,0,0,0,0,0,0,0,0,0,0,0,0,0,0,0,0,0,0,0,0,0,0,0,0,0,0,0,0,0,0,0,0,0,0,0,0,0,0,0,0,0,0,0,0,0,0,0,0,0,0,0,0,0,0,0,0,0,0,0,0,0,0,0,0,0,0,0,0,0,0,0,0,0,0,0,0,0,0,0,0,0,0,0,0.008122618508839803,0.008696144858900117,0,0,0.015043260781397866,0,0,0,0,0,0,0,0,0,0,0,0,0,0,0,0,0,0,0,0,0,0,0,0,0,0,0,0,0,0,0,0,0,0,0,0,0,0,0,0,0,0
MOTU3059,0,0,0,0,0,0,0,0,0,0,0,0,0,0,0,0,0,0,0,0,0,0,0,0,0,0,0,0,0,0,0,0,0,0,0,0,0,0,0,0,0,0,0,0,0,0,0,0,0,0,0,0,0,0,0,0,0,0,0,1,0,0,0,0,0,0,0,0,0,0,0,0,0,0,0,0,0,0,0,0,0,0,0,0,0,0,0,0,0,0,0,0,0,0,0,0,0,0,0,0,0,0,0,0,0,0,0,0,0,0,0,0,0,0,0,0,0,0,0,0,0,0,0,0,0,0,0,0,0,0,0,0,0,0,0,0,0,0,0,0,0,0,0,0,0,0,0,0,0,0,0,0,0,0,0,0,0,0,0,0,0,0,0,0,0,0,0,0,0,0,0,0,0,0,0,0,0,0,0,0,0,0,0,0,0,0,0,0,0,0,0,0,0,0,0,0,0,0,0,0,0,0,0
MOTU3161,0,0,0,0,0,0,0,0,0,0,0,0,0,0,0,0,0,0,0,0,0,0,0,0,0,0,0,0,0,0,0,0,0,0,0,0,0,0,0,0.03630496167809601,0,0,0,0,0,0,0,0,0,0,0,1,0,0,0,0,0,0,0,0,0,0,0,0,0.14150943396226415,0,0,0,0,0,0,0,0,0,0.08995502248875561,0,0,0,0,0,0,0,0,0,0,0,0,0,0,0,0,0,0,0,0,0,0,0,0,0,0,0,0,0,0,0,0,0,0,0.21999043519846964,0,0,0,0,0,0,0,0,0,0,0,0,0,0,0,0,0,0,0,0,0,0,0,0,0,0,0,0,0,0,0,0,0,0.029498525073746316,0,0,0,0,0,0,0,0,0,0,0,0,0,0,0,0,0,0,0,0,0,0,0,0,0,0,0,0,0,0,0,0,0,0,0,0,0,0,0,0,0,0,0,0,0,0,0,0,0,0,0,0,0,0,0,0,0,0,0
MOTU8310,0,0,0,0,0,0,0,0,0,0,0,0,0,0,0,0,0,0,0,0,0,0,0,0,1,0,0,0,0,0,0,0,0,0,0,0,0,0,0.3643901374645429,0,0,0,0,0,0,0,0,0,0,0,0,0,0,0,0,0,0,0,0,0,0,0,0,0,0,0,0,0,0,0,0,0,0,0,0,0,0,0,0,0,0,0,0,0,0,0,0,0,0,0,0,0,0,0,0,0,0,0,0,0,0,0,0,0,0,0,0,0,0,0,0,0,0,0,0,0,0,0,0,0,0,0,0,0,0,0,0,0,0,0,0,0,0,0,0,0,0,0,0,0,0,0,0,0,0,0,0,0,0,0,0,0,0,0,0,0,0,0.08483186020522199,0,0,0,0,0,0,0,0,0,0,0,0,0,0,0,0,0,0,0,0,0,0,0,0,0,0,0,0,0,0,0,0,0,0,0,0,0,0,0,0,0,0,0,0,0
MOTU8577,0,0,0,0,0,0,0,0,0,0,0,0,0,0,0,0,0,0,0,0,0,0,0,0,0,0,0,0,0,0,0,0,0,0,0,0,0,0,0,0,0,0,1,0,0,0,0,0,0,0,0,0,0,0,0,0,0,0,0,0,0,0,0,0,0,0,0,0,0,0,0,0,0,0,0,0,0,0,0,0,0,0,0,0,0,0,0,0,0,0,0,0,0,0,0,0,0,0,0,0,0,0,0,0,0,0,0,0,0,0,0,0,0,0,0,0,0,0,0,0,0,0,0,0,0,0,0,0,0,0,0,0,0,0,0,0,0,0,0,0,0,0,0,0,0,0,0,0,0,0,0,0,0,0,0,0,0,0,0,0,0,0,0,0,0,0,0,0,0,0,0,0,0,0,0,0,0,0,0,0,0,0,0,0,0,0,0,0,0,0,0,0,0,0,0,0,0,0,0,0,0,0,0
MOTU1519,0,0,0,0,0,0,0,0,0,0.10347708286294874,0,0,0,0,0,0,0,0,0.04954915994550998,0.01254090914066177,0,0,0.009996662689523244,0.020261906025076486,0.010657519911633044,0,0.013720365596999061,0,0,0,0,0,0,0,0,0,0.12690237613138813,0.11687955005129996,1,0,0,0,0,0,0,0,0,0,0,0,0,0,0,0,0,0,0,0,0,0,0,0,0,0,0,0,0,0,0,0,0,0,0,0,0,0,0,0,0,0,0,0,0,0,0,0,0,0,0,0,0,0,0,0,0.04366550110997837,0,0,0,0,0,0,0.007262142260660676,0,0,0,0,0.009732096594721776,0,0,0,0.003164211750182617,0.005022025466260492,0.005003952500120104,0,0,0,0,0,0,0,0,0,0,0,0,0,0,0,0,0,0,0,0,0,0,0,0,0,0,0,0,0,0,0,0,0,0,0,0,0,0,0,0,0,0,0,0,0.013561458589170362,0,0.004197655248213959,0,0,0,0,0,0.01792857830246916,0,0,0,0,0,0,0,0,0,0,0,0,0,0,0,0,0,0,0.012583468787066732,0,0,0,0,0,0,0,0,0,0,0,0,0,0,0,0,0,0
MOTU207,0,0,2.4394511770937458e-4,0,0,0,0,0,0,0.11637770594573416,0.16357650054478964,0,6.927791029561536e-5,0,0,0,0,0,0,0,0,0,0,0,0,0,0,0,0,0,0,0,1,0,0,0,0,0,0,0,0,0,0,0,0,0,0,0,0,0,0,0,0,0,0,0,0,0,0,0,0,0,0,0,0,0,0,0,0,0,0,0,0,0,0,0,0,0,0,0,0,0,0,0,0,0,0,0,0,0,0,0,0,0,0,0,0,0,0,0,0,0,0,0,0,0,0,0,0,0,0,0,0,0,0,0,0,0,0,0,0,0,0,0,0,0,6.949112687119723e-4,0,0,0,0,0,0,0,0,0,0,0,0,0,0,0,0,0,0,0,0,0,0,0,0,0,0,0,0,0,0,0,0,0,0,0,0,0,0,0,0,0,0,0,0,0,0,0,0,0,0,0,0,0,0,0,0,0,0,0,0,0,0,0,0,0,0,0,0,0,0,0,0,0,0,0,0
MOTU3275,0,0,0,0,0,0,0,0,0,0,0,0,0,0,0,0,0,0,0,0,0,0,0,0,0,0,0,0,0,0,0,0,0,0,0,0,0,0,0,0,0,0,0,0,0,0,0,0,0,0,0,0,0,0,0.0806201550387597,0,0,0,0,0.23025830258302585,0.3747747747747748,0.5178423236514523,0,0,0.5886792452830188,0,0.2985645933014354,1,0.17879656160458454,0.17974075852136345,0.14607881388997268,0,0,0,0,0,0,0,0,0,0,0,0.0524479932758983,0,0,0,0.0740872662511131,0,0,0,0,0.04168336673346694,0,0.05641952983725136,0.244946025515211,0.039987183595001606,0,0,0,0,0,0,0,0,0,0,0,0,0,0,0,0,0,0,0,0,0,0,0,0,0.18682634730538925,0,0.17652050919377654,0,0,0,0,0.04495677233429395,0.3280757097791799,0,0,0,0.053654342218400694,0.21480206540447508,0.16887686062246282,0.06745945945945947,0,0,0,0,0,0,0,0,0,0,0,0,0.12631578947368421,0,0,0,0,0,0,0,0,0,0,0,0,0,0,0,0,0,0,0,0,0.10097087378640777,0,0,0,0,0,0,0,0,0,0,0,0.03567753001715266,0.02279452054794521,0,0,0,0,0.051273623664749385,0,0,0,0,0,0,0,0,0,0,0,0,0,0,0
MOTU4586,0,0,0,0,0,0,0,0,0,0,0,0,0,0,0,0,0,0,0,0,0,0,0,0,0,0,0,0,0,0,0,0,0,0,0,0,0,0,0,0,0,0,0,0,0,0,0,0,0.06453726453726454,0,0,0,0,0,0,0,0,0,0,0,0.7099099099099099,0,0,0,0,0,0.5655502392344497,0,0,0,0,0,1,0,0,0.08118131868131868,0,0,0,0,0,0,0,0,0,0,0,0,0,0,0.2638392857142857,0,0,0,0,0,0,0,0,0,0,0,0,0,0,0,0,0,0,0,0.01681126440051202,0,0,0,0,0,0,0,0,0,0,0,0,0,0,0.08700772911299227,0.23854692230070637,0.17031700288184437,0,0,0,0,0.10163370593293207,0,0,0,0.08228332753219632,0,0,0,0,0,0,0,0,0,0,0,0,0.16825622775800714,0,0,0,0,0,0,0,0,0,0,0,0,0,0,0,0,0,0,0,0,0,0,0,0,0,0,0,0,0,0,0,0,0.04317808219178083,0,0,0.18987951807228917,0,0,0,0,0,0.5555816686251469,0,0.07262672811059907,0,0,0.17173992008717764,0,0,0,0,0,0
MOTU4750,0,0,0,0,0,0,0,0,0,0.17763565891472868,0,0,0,0,0,0,0,0,0,0,0,0,0,0,0,0,0,0,0,0,0,0,0.4889054832515468,0,0,0,0,0,1,0,0,0,0,0,0,0,0,0,0,0,0,0,0,0,0,0,0,0,0,0,0,0,0,0,0,0,0,0,0,0,0,0,0,0,0,0,0,0,0,0,0,0,0,0,0,0,0,0,0,0,0,0,0,0,0,0,0,0,0,0,0,0,0,0,0,0,0,0,0,0,0,0,0,0,0,0,0,0,0,0,0,0,0,0,0,0,0,0,0,0,0,0,0,0,0,0,0,0,0,0,0,0,0,0,0,0,0,0,0,0,0,0,0,0,0,0,0,0,0,0,0,0,0,0,0,0,0,0,0,0,0,0,0,0,0,0,0,0,0,0,0,0,0,0,0,0,0,0,0,0,0,0,0,0,0,0,0,0,0,0,0,0,0
MOTU19042,0,0,0,0,0,0,0,0,1,0,0,0,0,0,0,0,0,0,0,0,0,0,0,0,0,0,0,0,0,0,0,0,0,0,0,0,0,0,0,0,0,0,0,0,0,0,0,0,0,0,0,0,0,0,0,0,0,0,0,0,0,0,0,0,0,0,0,0,0,0,0,0,0,0,0,0,0,0,0,0,0,0,0,0,0,0,0,0,0,0,0,0,0,0,0,0,0,0,0,0,0,0,0,0,0,0,0,0,0,0,0,0,0,0,0,0,0,0,0,0,0,0,0,0,0,0,0,0,0,0,0,0,0,0,0,0,0,0,0,0,0,0,0,0,0,0,0,0,0,0,0,0,0,0,0,0,0,0,0,0,0,0,0,0,0,0,0,0,0,0,0,0,0,0,0,0,0,0,0,0,0,0,0,0,0,0,0,0,0,0,0,0,0,0,0,0,0,0,0,0,0,0,0
MOTU3053,0,0,0,0,0,0,0,0,0,0,0,0,0,0,0,0,0,0,0,0,0,0,0,0,0,0,0,0,0,0,0,0,0,0,0,0,0,0,0,0,0,0,0,0,0,0,0,0,0,0,0,0,0,0,0,0,0,0,0,0,0,0,0,0,0,0,0,0,0,0,0,0,0,0,0,0,0,0,0,0,0.06936732738031855,0,0.06844174946717498,0.36929057337220605,0,0,0,0.14540816326530612,0,0,0,0,0.2224824355971897,0.14724877292689226,0.3196411047245198,0.10436215498695472,0,0,0,0,0,0,0.24576027594136243,0,0,0,0,0.3914835164835165,0.16108520559559134,0.3634624581539933,0,0,0.07326007326007326,0,0,0,0,0,0,0,0,0,0,0,0,0.11988011988011987,0,0,0,0.2526875761941704,0.31273575200603526,0,0,0,0,0,0,0.5635195254572417,0.3382287494437027,0.1584213451917732,0,0.28273809523809523,0,0,0,0,0,0.17876744550729184,0.32967032967032966,0,0,0,0,0,0,0,0,0,0,0,0,0,0,0,0,0,0,0,0,0,0,0,0,0,0,0,0,0,0,0,0,0.09311443273707425,0,0,0,0.26161790017211706,0.13070396698005043,0,0.36887235075230546,1,0,0,0,0,0,0,0.11831249027035443,0,0,0.13338013338013338,0,0,0
MOTU3632,0,0,0,0,0,0,0,0,0,0,0,0,0,0,0,0,0,0,0,0,0,0,0,0,0,0,0,0,0,0,0,0,0,0,0,0,0,0,0,0,0,0,0,0,0,0,0,0,0,0,0.0181657340355497,0,0,0,0,0,0,0,0,0,0,0,0,0,0,0,0,0,0,0.07948271723475756,0,0.1623161764705882,0,0,0,0,0.03492879746835443,0,0.13013558860874297,0,0.041136460440847615,0.018280059622391518,0.05798224416894305,0.04171390778533635,0,0,0.16380973582665478,0.12318638392857141,0.0894448946515397,0.1627211385801769,0.12318638392857141,0.2119760354041416,0.3015710382513661,0.37423711573236884,0.9206943081452403,0.6542574495354053,0.6012938372488933,0.10909700649534029,0.08604560514519585,0.12236696230598669,0.255219668117519,0.16213073282193569,0.04164046780684104,0.09347872115181029,0.06541386803634927,0.07707751396648044,0.06035378390201225,0.23215895432692304,0.19105464886251236,0.32551211541527175,0.03532125586687526,0.07474604966139954,0.0186192645074224,0.27253086419753086,0.28115902474526927,0.13056979495268137,0,0,0,0.20944022770398482,0,0,0,0,0.07963564213564213,0.020311924917188074,0.05568869828456104,0.039760446685878956,0.2901550998948475,0.1712567882079131,0.3179308689390302,0.5106801357186921,0.189810834049871,0.3166236374067699,0.3360537889039242,0.17898648648648646,0.0960450748346676,0.445573817762399,0.22923156801661473,0.16105301556420232,0.43712871287128713,0.2874348958333333,0.07591127922971114,0.27132497541789574,0.03406635802469136,0.22365754812563324,0.03604670150228609,0.12115806805708013,0,0.11783807829181495,0.1676157934700076,0.04334096858638743,0,0,0,0,0,0,0,0,0,0,0,0,0,0,0,0.38864436619718307,0,0,0,0,0.04219227828746177,0,0,0,0,0,0,0.5402972027972028,0.1470597141472868,0.11043810748999429,0.09071917808219178,0.07591127922971114,0.12485859728506787,0.26596385542168677,0.06643760032102727,0.04534716516023007,1,0.4841008771929824,0.33633081611022786,0.03242508813160987,0.0275834062226665,0.03390937019969278,0.019350455820476856,0,0.06013893933890301,0.07371438112199466,0,0.0451986076986077,0.0031271248866727107,0,0
MOTU364,0,0,0,0,0,0,0,0,0.010716300056401581,0,0,0,0,0,0,0,0,0,0,0,0,0,0,0,0,0,0,0,0,0,0,0.02186421173762946,0,0,0,0,0,0,0,0,0,0,0,0,0,0,0.023661270236612703,0,0.031122031122031126,0,0.012508229098090849,0,0,0,0.04909560723514212,0.07274119448698316,0.023514851485148515,0,0.029275808936825888,0,0.05705705705705706,0,0,0.23170731707317074,0.08962264150943397,0,0,0.12179487179487179,0.027220630372492838,0.3101296207393183,0.42255169722980884,0.4470588235294118,0.1125211505922166,0.12244897959183675,0.2848575712143928,0.006524725274725276,0,0,0.03446399419553782,0,0.032371419444148654,0.01258694932096721,0.051901660012607695,0.021541950113378686,0.1047794117647059,0,0.14663104778866132,0.12723214285714285,0.030794165316045383,0.0689498752551599,0.028273809523809524,0.04759519038076152,0.24658469945355194,0.33499095840868,0.3542688910696762,0.3226529958346684,0.3816819884235615,0.19853148828014686,0.01851490937439096,0.07823883433639532,0.09303590859630033,0.04651542353517219,0.4253018108651912,0.16896040652127886,0,0.047765363128491625,0.17869641294838148,0.5100160256410257,0.46513353115727,0.5421648334130401,0.03513013796046082,0.05682844243792325,0.11538461538461539,0,0.04148471615720524,0.01498422712933754,0,0,0,0.1442125237191651,0.25598802395209586,0.3430290872617854,0,0,0,0.2447552447552448,0.1437941473259334,0.2395533141210375,0.3696109358569927,0.265321955003879,0.2918867018722996,0.28130783466995685,0.47377472055030095,0.20711417096959267,0.42422192151556154,0.2875675675675676,0.33727810650887574,0.2958477508650519,0.37487019730010385,0.17558365758754865,0.2727722772277228,0.59375,0.8101788170563962,0.5231071779744346,0.4456790123456791,0.7122593718338399,0.24820378837361204,0.3336992316136114,1,0.3110320284697509,0.23082763857251332,0.3332460732984293,0.26760563380281693,0.033017377567140606,0.10453920220082531,0,0,0.003860611602153815,0,0,0,0,0,0.01073446327683616,0,0,0,0.044600938967136156,0,0.06148867313915858,0.06540447504302926,0.01752767527675277,0.01452599388379205,0,0.05046480743691899,0.020155586987270158,0,0,0,0.1195804195804196,0.07824612403100777,0.05974842767295598,0.5795433789954338,0.029038667278007035,0.05910633484162896,0.045783132530120486,0.06099518459069021,0.031224322103533278,0.18289920724801814,0.3333333333333333,0.16110227874933758,0.1227967097532315,0.002374109708859178,0.023348694316436252,0.05329593267882188,0.03446001648804617,0.0828187431892481,0.19456812110418523,0.07908428720083248,0.09336609336609338,0.008612873980054397,0.006546080964685616,0.0020628630367515335
MOTU481,0,0,0,0,0,0,0,0,0,0,0,0,0,0,0,0,0,0,0,0,0,0,0,0,0,0,0,0,0,0,0,0,0,0,0,0,0,0,0,0,0,0,0,0,0,0,0,0,0.008195063750619307,0.027364191903845505,0.02964304001170361,0,0,0,0,0.02298508309228064,0,0,0,0,0.09014570125681237,0,0,0.12202649804275822,0,0,0,0,0,0.18734553084049005,0.10541032644036936,0.17657952069716776,0.12698188882622047,0.19345984007638145,0.18002110056083068,0,0.037998124706985464,0.03868365788468881,0.016335127073382107,0,0,0,0,0.011344867164972985,0.055181100217864924,0,0.1960247573189099,0.07593970458553792,0.09730476018968726,0.061276177515687605,0,0.025065563225215866,0.12302671523983,0.08142455294354028,0.32404681423327153,0.019236474539262107,0.2555202461569503,0.04238706370872426,0.005850422630777338,0,0,0,0,0,0,0,0.01969719062894916,0.42093275166191835,0.5344543356412793,0.49289134503545473,0.08965849649962863,0.0457392776523702,0.1620432848503024,0,0,0,0,0,0,0,0.04493790197383012,0,0,0,0,0.23201652149020568,0.18174683260455207,0.21627174725157433,0.236739105035635,0.16301755595781975,0.23057911488060312,1,0.14196203942549598,0.06888931386923354,0.10155114519119932,0.04867867867867868,0.020896984697889677,0.06924687086163442,0.04675781700703819,0.029200893500504397,0.2972130546387972,0.6775012860082305,0.4542004177492486,0,0.01852994970278921,0.030413899208225452,0.1568570530033626,0.18123145098995813,0.2430649272754536,0.2991169105048109,0.27351725301611407,0.039291254605390735,0.07687200644947123,0,0,0,0,0,0,0,0,0,0,0,0,0,0,0.2113980177360459,0,0.07286048184106436,0.23250143430866324,0.30461596282629494,0.11474968852644693,0,0,0.02122950390277123,0,0,0,0.020991970991970994,0.04363156761412575,0.05148974016898545,0,0,0,0.024111259854231744,0.012045954461684799,0,0.04249507151545656,0,0,0.15873482177830006,0,0.12911190760653127,0.1578814087579866,0.0346462703428903,0.07632750803836892,0.08019194617591768,0.031236751840289824,0.04917038250371584,0.003401917329841174,0.0034474325028445037,0.0016295813755235068
MOTU511,0,0,0,0.0016994694596504552,0,0,0,0,0,0.01921586165772212,0.03532797368901881,0,0,0,0,0,0,0.0011284152287907834,0,0,0,0,0,0,0.003958237371411024,0,0,0,0,0,0.011863346034200306,0,0,0,0,0,0.008837241190182367,0.008347969804829776,0,0,0,0,0,0,0,0,0,0,0,0,0,0,0,0,0,0,0,0,0,0,0,0,0,0,0,0,0,0,0.011837851737565203,0.007933577064638033,0.012895545084386286,0.012151206636500754,0.04194325133411427,0.008875210003029552,0.012388036750855341,0,0,0,0,0,0.0035194635343714247,0,0.010417508526354922,0,0.015189008295625942,0,0.014715619791309906,0.01475503663003663,0.013391929518347669,0,0,0.008279379271363239,0.016932009247583018,0.041089975425418465,0.024326262550011322,0.002647491353034448,0.03376024724339331,0.016334296410546057,0.00483111704121254,0.0026173013977892024,0.00899109957869479,0,0.004156348346489192,0.003498971210171718,0,0,0,0.04469073594674556,0.051080740064419594,0.06586019857181981,0.0023503969599830785,0.003264093882039706,0.009292420729667693,0,0,0,0,0,0,0.04703692891548679,0,0,0,0,0,0.018246935250983833,0.012506791896297446,0.00892956107293283,0.634264876378441,1,0.08330255917869935,0,0.003552373393302026,0.004740574017682451,0.07826758266541757,0.004466389466389466,0.008628075718225388,0.0190607162925502,0.04719160209814415,0.02411328943430111,0.028633536430566132,0.09324363425925926,0.03409692096074489,0.024374101807730125,0.005100506489395378,0.03348660795469306,0.01619102647842034,0.058955360409806076,0.041815893283504615,0.08233415457614746,0.10038354457488854,0.019467378171566654,0.010579795791063397,0,0,0,0,0,0,0,7.260826461177955e-4,0.01683998745819398,0.005135376328664084,0,0,0,0,0.019396292283616227,0,0,0,0,0,0,0,0.002921789431690422,0,0,0.01679435063581405,0.005778196162811547,0.002001652256012721,0.011810778320212281,0,0.0037885467734160992,0,0,0,0.03394749594420918,0.03509125359351859,0.0688568376068376,0.035030505618740916,0,0,0,0.005794404286690401,0,0.012005551053861988,0.0036789049478274764,0.008598148296379306,0.003383628383628384,0,0,8.971087902741992e-4
MOTU579,0,0,0,0,0,0,0,0.005897174565426646,0,0,0,0,0.0014451503688324844,0,0,3.3238124112400073e-4,0,7.356871240037202e-4,0,0,0,0,0,0.0032708372589661454,0,0.0019882151561237283,0,0,0,0,0,0,0,0,0,0,0,0.002902711101511277,0,0,0,0,0,0,0,0,0,0,0.0019608950643433404,0,0.007092915030305782,0,0,0,0,0,0,0,0,0,0,0,0,0,0,0,0.0343672661277017,0,0,0.010344827586206896,0.005604961857736758,0.010562880324543611,0,0,0,0.002466606669192876,0,0,0.0013028765863757764,0,0,0.002379184703772658,0.004527899950003985,0.005429144838011833,0.026407200811359027,0,0.010660075127173724,0.004275451559934319,0.011641424020566702,0.01303290291801253,0,0.01439430585308548,0.007359383832673827,0.006494356799900231,0.035244154174139626,0.009205714348849285,0.024456106982259637,0.012170729094644997,0,0.009100739462387906,0.0039079209035308244,0.010550812401861743,0.019871817109553873,0.006083217125292954,0,0.012038142939703332,0.0031420641385344074,0.021582808355437667,0.01598536785019953,0.010305249097115719,0.006129505294287858,0.008512298591110764,0.01211666433989483,0.008867603235419328,0.005227626361491744,0,0,0,0,0.2589609369888111,0,0,0,0,0,0.0026436358559770536,0,0.005174898141707244,0.0188821204539686,0.016717048768090742,1,0.013293199174626135,0.02470424289145195,0.01236275149860526,0.009719565115953526,0.0038825722273998138,0.012500450088217291,0.028996142067374615,0,0.010480678921239769,0.04266985319221577,0.06235033524904215,0.029639994308210404,0.05650154273895501,0,0.04366418614401006,0.009383094213833645,0.059133578106665655,0.014539997207873797,0.0051122837157933495,0.016361636949179168,0,0,0,0,0,0,7.297326649080214e-4,3.5551171157640346e-4,0,0.0012623477365008183,0,0,0,0,0,0,0,0,0,0.00618137574930263,0.006626161089197099,0.005491405673310134,0,0,0,0,0,0,0,0.0034800187115744453,0,0.0052476775310974656,0,0.00203132313933531,0,0.0201762882603642,0.011804040461281274,0.00813449447416722,0.031503327283726554,0.001903221680097948,0,0,0.008826738704380529,0.0100739952604343,0.007105779344458028,0.015654395831506695,0,0.2242276364419247,0.005882685193030021,0.007733024353643668,0.007011593255912957,0.003509300666967423
MOTU680,0,0,0,0,0,0,0,0,0,0,0,0,9.853269812527396e-4,0,0,0.0027194751107291596,0,0,0,0,0,0,0,0,0,0,0,0,0,0,0,0,0,0,0,0,0,0.07124815980140288,0,0,0,0,0,0,0,0,0.1463707525351361,0.0422182881773399,0,1,0,0,0,0,0.012654577334809894,0,0,0,0,0,0,0,0,0,0.09240229110512128,0.2056617922759655,0.14059295967190705,0.03139308608058608,0,0.10344798024826829,0.15286215929992752,0.08642331932773109,0.11601099830795263,0.23145235537824152,0.2643231955450846,0.006727089874411303,0.02479656419529837,0.025243924889543447,0,0,0,0,0.01646504367664275,0,0.07201943277310924,0,0,0.023320578231292518,0.06349849502199582,0.013329067167806111,0.021863042091836732,0.029442814199828228,0.026761319281811084,0.03542366313614053,0.03844805832048226,0,0.013339656598083564,0.01106426755960786,0,0,0.010657935644333904,0,0,0.012442908562959378,0,0,0,0.10595166552197802,0.12594496255475482,0.1592624854819977,0.013930654042302456,0.009949411480167687,0.015421165092217722,0,0.01425712206279892,0.04634689049121226,0,0,0,0,0,0,0.05541523540109113,0,0,0.007209895367790105,0.019767190428138966,0.014113318237958007,0.11329239897851884,0.5319045771916214,0.14106542761127494,0.012084691989072001,0.05895313843508168,0.03371649864765183,0,0.031766409266409265,0.013636815673014769,0.07908016147635524,0.13222259308707907,0.07622290161200668,0.14546499292786422,0.2380642361111111,0.16167223423069363,0.019261834527321255,0.012092151675485009,0.01984730062237661,0.29428711393113743,0.3548004547592912,0.35688982070561015,0,0.01487417290378566,0,0.05016462410828608,0,0,0,0.0037178374861047093,0,0,0,0.003442756716043184,0,0,0,0,0,0,0,0,0,0.05057474797147775,0,0.07488259065093927,0,0.13007493834187062,0,0,0,0,0,0,0.011200277709711671,0,0.005987860527062728,0,0,0,0,0.03327738230059861,0.025775375939849625,0.015571769248239838,0.011509568574785965,0,0,0.013737227008615507,0.006459780944529502,0.007115614135229101,0.04360927362930925,0.02038427233536495,0,0.0011100003237922548,0,0.0010634214056938123
MOTU1111,0,0,0,0,0,0,0,0,0,0.2254263565891473,0.20722090261282664,0,0.007313515416729541,0,0,0,0.055192234694430894,0.014892454762717652,0.1619153674832962,0.20490417136414882,0,0,0,0,0.03482634730538922,0,0,0,0,0,0,0,0,0,0,0.08931203931203932,0,0.11751869064457467,0.03172594370499673,0,0,0,0,0,0,0,0,0,0,0,0,0,0,0,0,0,0,0,0,0,0,0,0,0,0,0,0,0,0,0,0.056730394069449866,0,0,0,0,0,0,0,0,0,0,0,0,0,0,0,0.1726328287325616,0.08654761904761905,0,0,0,0,0.19863387978142077,0.26292947558770347,0.5707556427870462,0.046587632169176545,0,0,0.056675112063925163,0,0,0,0,0,0,0,0,0.3495192307692308,0.5393175074183977,0.46357404750518094,0,0,0,0,0,0,0,0,0,0,0,0,0,0,0,0.3210894368789106,0.44016145307769927,0.5237752161383286,0.22933753943217666,0.22560124127230413,0.06980316850696111,0,0,0,0,0,0,0,0,0,0.35990099009900994,0.5048611111111111,1,0.14296951819075715,0,0,0.09497060744611366,0.31920965971459936,0.29433198380566805,0.31046263345195735,0.44160971905846624,0.038062827225130894,0,0,0,0,0,0,0,0,0,0,0,0,0,0,0,0.34131455399061034,0,0,0,0,0,0,0,0,0,0,0,0,0,0,0,0,0,0,0.05834670947030498,0,0.5351642129105323,0.19131578947368422,0.6164281928987813,0,0,0,0,0.023973619126133557,0.10563022157646206,0.0647373107747106,0,0,0.0411944696282865,0,0.007893165409044027
MOTU1201,0,0,0,0,0.0889623103279491,0,0.15887237762237763,0,0,0,0.08634204275534442,0,0.07313515416729541,0,0.058323305254713194,0.058873206848681164,0.1576920991269454,0.08066746329805394,0,0,0,0,0.08166704111435633,0,0,0.03353939841299133,0,0,0,0,0.1304737975592247,0,0,0,0,0.11164004914004913,0,0,0,0,0,0,0.6491071428571429,0.6585144927536232,0,0,0.2263387297633873,0,0,0.16567912488605285,0,0,0,0,0,0,0.14995874587458746,0,0,0,0,0,0,0,0,0.47703412073490814,0,0,0,0.6107777244359097,0.4254779555208739,0.2672794117647059,0,0,0,0.06241414835164836,0,0,0.03296753128967894,0,0,0,0,0,0,0,0.0539477589789255,0,0,0.041222499432977996,0.06761532738095237,0.1821142284569138,0.18621926229508198,0.08216546112115732,0,0.23293816084588273,0.18564862104187949,0,0.07084389007990645,0.05757047830218562,0.09888465723612623,0.6229394483433981,0.09142354124748492,0,0,0,0,0.21844951923076925,0.26965875370919884,0.17384026781444287,0.07754942397951926,0.020513544018058688,0.04087944219523167,0,0.13227802037845707,0.1433359621451104,0,0,0,0.344876660341556,0.2720808383233533,0.3645937813440321,0,0,0,0.6020426941479573,0.27510090817356203,0.39283141210374645,0.4777865404837014,0.5640031031807603,0.6107777244359097,0.2242442936458976,0,0.31282271944922546,0.2459404600811908,0,0.18978419770274974,0.41926182237600923,0.28309968847352024,0.44199902723735407,0.3599009900990099,0.7888454861111112,1,0,0.11219135802469135,0.18414387031408308,0.3561397779229262,0.19950603732162459,0.9197874493927125,0.5174377224199288,0.2760060744115414,0.09515706806282723,0,0,0,0,0.034494211425317896,0,0,0,0.04791300527240774,0,0,0,0,0,0,0,0,0,0.15641135972461273,0,0.4168577981651376,0,0.24136786188579015,0.12853606789250355,0,0,0,0,0,0,0,0.08333333333333333,0,0.1459839357429719,0,0.14934264585045193,0.20583238958097397,0.23914473684210524,0.14447535771065184,0.106786133960047,0.11355116831188304,0.11167434715821813,0,0.029967023907666944,0.06601888848528878,0.08092163846838825,0.18912591050988556,0,0.010298617407071622,0,0
MOTU12459,0,0,0,0,0,0.03754301649460069,0,0,0,0,0,0,0,0,0,0,0,0,0,0,0,0,0,0,0,0,0,0,0,0,0,0,0,0,0,0,0,0,0,0,0,0,0,0,0,0,0,0,0,0,0,0,0,0,0,0,0,0,0,0,0,0,0,0,0,0,0,0,0,0,0,0,0,0,0,0,0,0,0,0,0,0,0,0,0,0,0,0,0,0,0,0,0,0,0,0,0,0,0,0,0,0,0,0,1,0,0,0,0,0,0,0,0,0,0,0,0,0,0,0,0,0,0,0,0,0,0,0,0,0,0,0,0,0,0,0,0,0,0,0,0,0,0,0,0,0,0,0,0,0,0,0,0,0,0,0,0,0,0,0,0,0,0,0,0,0,0,0,0,0,0,0,0,0,0,0,0,0,0,0,0,0,0,0,0,0,0,0,0,0,0,0,0,0,0,0,0,0,0,0,0,0,0
MOTU13990,0,0,0,0,0,0,0,0,0,0,0.7320665083135393,0,0,0,0,0,0,0,0,0,0,0,0,0,0,0,0,0,0,0,0,0,0.32878173671858335,0,0,0,0,0,0,0,0,0,0,0,0,0,0,0,0,0,0,0,0,0,0,0,0,0,0,0,0,0,0,0,0,0,0,0,0,0,0,0,0,0,0,0,0,0,0,0,0,0,0,0,0,0,0,0,0,0,0,0,0,0,0,0,0,0,0,0,0,0,0,0,0,0.4304469273743017,0,0,0,0,0,0,0,0,0,0,0,0,0,0,0,0,0,0,0,0,0,0,0,0,0,0,0,0,0,0,0,0,0,0,0,0,0,0,0,0,0,0,0,0,0,0,0,0,0,1,0.14623268172328716,0,0,0,0,0,0,0,0,0,0,0,0,0,0,0,0,0,0,0,0,0,0,0,0,0,0,0,0,0,0,0,0,0,0,0,0,0,0,0,0,0,0,0,0,0,0
MOTU14241,0,0,0,0,0,0,0,0,0,0,0,0,0,0,0,0,0,0,0,0,0.3633100697906281,0,0,0,0,0,0,0,0,0,0,0,0.07774695967569874,0,0,0,0,0,0,0,0,0,0,0,0,0,0,0,0,0,0,0,0,0,0,0,0,0,0,0,0,0,0,0,0,0,0,0,0,0,0.14217713616855246,0.5358823529411765,0,0,0,0,0,0,0,0,0.19401554680012775,0,0.5359949569237235,0,0,0,0,0,0,0,0,0,0,0,0,0,0,0,0.07101929448450593,0,0,0,0,0,0,0,0,0.21899038461538461,0.09010880316518298,0.1742706838833094,0.025913810268809557,0.061693002257336337,0.04098065677013045,0,0,0,0,0,0,0,0,0,0,0,0,0,0,0,0.19158780231335434,0,0,0,0,0,0,0,0,0,0,0,0,0,0,0,0.22493827160493826,0,0.2380143696930111,1,0.36882591093117406,0,0,0,0,0,0,0,0.03457961662554564,0,0,0,0,0,0,0,0,0,0,0,0,0,0,0,0,0,0,0,0,0,0,0,0,0,0,0.055693107137398744,0,0,0,0,0,0,0,0,0,0.11195084485407066,0,0,0,0,0,0,0.020648232094288302,0,0
MOTU15410,0,0,0,0.4362402303578774,0,0,0,0,0,0,0,0,0,0,0,0,0.03833848489778212,0.07241379310344827,0,0,0,0,0,0,0,0.13046687580734453,0,0,0,0,0,0,0,0,0,0,0,0,0.46279729434867994,0,0,0,0,0,0,0,0,0,0,0,0,0,0,0,0,0,0,0,0,0,0,0,0,0,0,0,0,0,0,0,0,0,0,0,0,0,0.44746835443037974,0,0,0,0,0,0,0,0,0,0,0,0,0,0,0,0,0,0,0,0,0,0,0,0,0,0,0,0,0,0,0,0,0,0,0,0,0,0,0,0,0,0,0,0,0,1,0,0,0,0,0,0,0,0,0,0,0,0,0,0,0,0,0,0,0,0,0,0,0,0,0,0,0,0,0,0,0,0,0,0,0,0,0.06669811320754716,0,0,0,0,0,0,0,0,0,0,0,0,0,0,0,0,0,0,0,0,0,0,0,0,0,0,0,0,0,0,0,0,0,0,0,0,0,0,0,0,0,0,0
MOTU18133,0,0,0,0,0,0,0,0,0,0,0,0,0,0,0,0,0,0,0,0,0,0,0,0,0,0,0,0,0,0,0,0,0,0,0,0,0,0,0,0,0,0,0,0,0,0,0,0,0,0,0,0,0,0,0,0,0,0,0,0,0,0,0,0,0,0,0,0,0,0.32021123379740757,0,0,0,0,1,0,0,0,0.12098675857065119,0,0,0,0,0,0,0,0,0,0,0,0,0,0,0,0,0,0,0.18836486868116353,0,0,0,0,0.1677565392354125,0,0,0,0,0,0,0,0,0,0,0,0,0,0,0,0,0,0,0,0,0,0,0.24549135075450865,0,0,0,0,0,0,0.28675838349097166,0,0,0,0.9286460146188654,0.3846597462514418,0,0.3244163424124514,0.3301980198019802,0,0,0,0.4117283950617284,0,0,0,0,0,0.5064540622627184,0,0,0,0,0,0,0,0,0,0,0,0,0,0,0,0,0,0,0,0,0,0,0,0,0.23585572842998587,0,0,0,0,0,0,0,0,0,0,0,0,0,0,0,0,0,0,0,0,0,0,0,0,0,0,0
MOTU19356,0,0,0,0,0,0,0,0,0,0,0,0,0.13251345505759268,0,0,0,0,0.449726869238648,0,0,0,0,0,0,0,0,0,0,0,0,0,0,0,0,0,0,0,0,0,0,0,0,0,0,0,0,0,0,0,0,0,0,0,0,0,0,0,0,0,0,0,0,0,0,0,0,0,0,0,0,0,0,0,0,0,0,0,0,0,0,0,0,0,0,0,0,0,0,0,0,0,0,0,0,0,0,0,0,0,0,0,0,0,0,0,0,0,0,0,0,0,0,0,0,0,0,0,0,0,0,0,0,0,0,0,0,0,0,0,0,0,0,0,0,0,0,0,0,0,0,0,0,0,0,0,0,0,0,0,0,0,0,0,0,0,0,1,0,0,0,0,0,0,0,0,0,0,0,0,0,0,0,0,0,0,0,0,0,0,0,0,0,0,0,0,0,0,0,0,0,0,0,0,0,0,0,0,0,0,0,0,0,0
MOTU21145,0,0,0,0.4755244755244755,0,0,0,0,0,0,0,0,0,0,0,0.006293382693197594,0,0,0,0,0,0,0,0,0,0,0,0,0,0,0,0,0.029016428419031366,0,0,0,0,0.027480299050313194,0,0,0,0,0,0,0,0,0,0,0,0,0,0,0,0,0,0,0,0,0,0,0,0,0.5690376569037656,0,0,0,0,0.21794871794871795,0.38968481375358166,0,0.10612563402262973,0,0,0,0,0.09340659340659342,0,0,0.1480137855976782,0,0.01448195080396124,0.22524014574362372,0.0857322967009876,0.9251700680272109,1,0.1722245673279865,0.1614722469575542,0.02023809523809524,0,0.12338398729870718,0.20238095238095238,0.3179692718770875,0.27868852459016397,0.12296564195298372,0.13346418056918546,0.1307273309836591,0.13891726251276815,0.15362891838463713,0.2915610992009355,0.21539436173582516,0.5549510337323178,0.1553778358087155,0.3420523138832998,0.6910861740419225,0.3224022125642039,0,0.4164479440069991,0.10897435897435898,0.3026706231454006,0.13008130081300814,0.058028729910396815,0.11512415349887133,0.1835357624831309,0.671604938271605,0.296943231441048,0,0,0,0,0.25806451612903225,0.2035928143712575,0.13640922768304914,0.19236209335219237,0,0,0.1501656238498344,0.0686175580221998,0,0.35751840168243953,0,0.1958713394143063,0.08389882788402221,0.17540842648323304,0.07802639127940332,0.8281461434370772,0.29405405405405405,0.23668639053254437,0.1568627450980392,0.3530633437175493,0.13229571984435798,0.33663366336633666,0.11805555555555555,0.18707015130674004,0.40117994100294985,0,0.2755825734549139,0.17766165904637493,0,0,0.09679715302491104,0.20652999240698558,0,0,0,0.28060522696011003,0,0,0,0,0,0,0,0,0,0,0,0,0.3192488262910798,0,0,0,0,0,0,0,0.04809052333804809,0,0,0,0,0.23062015503875968,0.03887935963407661,0.09936073059360731,0.16628457893932447,0.15384615384615385,0.10923694779116466,0,0,0.03850509626274066,0.05964912280701755,0.21621621621621623,0.0799059929494712,0,0,0.14305750350631136,0.022423742786479805,0,0.060552092609082814,0,0,0.0077062556663644605,0,0
MOTU22344,0,0,0,0.11720765865150892,0.1652946498761477,0.03756863760423747,0.11069612205975843,0.259926854754441,0.10713736348254115,0.0981677237491191,0.1203195854027208,0,0.028663731017737355,0.01299901084339598,0.02539838821427269,0.05860081612048294,0.03776910145870615,0.04323535801856048,0.07051022474185058,0.05353848519011992,0.06312879543188615,0.11477616039549575,0.028451216274177408,0.028833416128498098,0.06066412629286881,0,0.09762285201693158,0,0,0,1,0.8743592425985982,0.10807455825591095,0,0.045849516160884736,0.15557292830020103,0,0.03838240966953838,0,0,0,0,0,0,0,0,0,0,0,0,0,0,0,0,0,0,0,0,0,0,0,0,0,0,0,0,0,0,0,0,0.024704713936083426,0,0.05356868174127057,0.13602187286397813,0,0,0,0,0.011485249740283298,0,0.020227296928393722,0,0.026609868383350208,0.07178932178932179,0,0,0,0.009422348484848487,0,0,0,0.03172253598105301,0.2162506209637357,0.1144994246260069,0.1864127040770809,0.1825900789374035,0.3233819296127774,0.23245873019948143,0.02468063996031254,0.04011288046764765,0.327270254228905,0.041337151505259885,0.03185019206145967,0.08043808827209209,0,0,0,0.13952323717948717,0.17223046488625124,0.2725316290596061,0.013508359085090703,0.03573260824953827,0.035604015867173766,0,0.04608310175995766,0,0,0,0,0,0,0,0,0,0,0.06991334024826848,0.3514127144298689,0.15966400314383022,0.2663225313067584,0.19648776359404754,0.06079518177453847,0.039061185575682805,0.02722191823653561,0,0.04284044777955469,0.17113022113022114,0.06611714077777427,0.29212540631225753,0.09862645143018975,0.061593562079943404,0.15672817281728174,0.054963699494949496,0.2612854820557709,0.062259765799588813,0.0781705948372615,0,0.041357401579478655,0,0.12817445712182554,0.0901326431575542,0,0,0,0,0,0,0.030042788867992894,0,0.0031339428735983874,0,0.011127975714970444,0.04301506916996047,0,0,0,0,0,0,0,0.10245660488378935,0,0,0,0,0,0,0,0,0,0,0.015338706835799859,0.018101252663859868,0.011564964715649648,0,0.017906725627313866,0,0.025408580183861083,0,0.08963502522392669,0.05554226475279107,0.083887363299128,0.11160666595449205,0.015823611600195384,0.038905180840664716,0,0.05219965524994379,0.0459994056071063,0,0,0.1296441069168342,0.0287027116129564,0.003635841620337744,0.0034372825480800074
MOTU22942,0,0,0,0,0,0,0,0,0,0,0,0,0,0,0,0,0,0,0,0,0,0,0,0,0,0,0,0,0,0,0,0,0,0,0,0,0,0,0,0,0,0,0,0,0,0,0,0,0,0,0,0,0,0,0,0,0,0,0,0,1,0,0,0,0,0,0,0,0,0,0,0,0,0,0,0,0,0,0,0,0.07091896496645725,0,0.13994536667367094,0,0,0,0.09884238646482636,0,0,0,0.3716517857142857,0,0.22745901639344263,0.15054249547920434,0.32679097154072617,0.42678628644665173,0.5669050051072523,0.4702061564529794,0.06489962970181251,0.738359201773836,0.7247007616974973,0,0,0.21151810290069872,0,0,0,0,0.3293768545994065,0.10616929698708752,0,0,0,0,0.2423580786026201,0,0,0,0,0,0,0,0,0,0,0,0,0,0.7003154574132492,0.2583397982932506,0.3197311569851176,0.6162862430598396,0,0,0.2253044654939107,0.36,0.3477201531500174,0.5761245674740485,0,0,0,0,0.4580467675378267,0,0,0,0.21750489875898107,0,0,0,0,0,0,0,0,0,0,0,0,0,0,0,0,0,0,0,0,0,0,0,0,0,0,0,0,0,0,0,0,0.9314685314685315,0,0,0,0.05089408528198074,0,0,0.13362760834670948,0,0,0,0,0,0,0,0,0,0,0.29652715939447905,0,0.13636363636363638,0,0,0
MOTU2783,0,0,0,0,0,0,0,0,0,0,0.013681710213776722,0,0.0028972385694884563,0.0029562718127694515,0.004620938628158844,0.0013327163350300786,0.0015617374328940946,0.00393308296346876,0,0,0,0,0,0,0,0,0.008880666049953745,0,0,0.10457516339869281,0,0,0,0,0,0,0,0.017458072337846027,0.006284093388610081,0,0,0,0,0,0,0,0.28692403486924034,0,0,0,0,0,0,0,0,0,0,0,0,0,0,0,0.060251046025104595,0,0,0,0,0,0,0.027652424387902063,0.022473663675380413,0.042352941176470586,0,0,0,0,0,0.111340206185567,0,0,0,0,0,0,0.052941176470588235,0,0,0,0,0,0,0,0,0.013019891500904159,0.028263002944062803,0,0,0,0,0,0,0,0,0,0,0,0,0.011538461538461537,0,0.004591104734576757,0,0.0016252821670428893,0.0032388663967611335,0.035555555555555556,0,0,0,0,0,0,0,0,0,0,0,0,0,0.020749279538904895,0.04542586750788643,0,0,0,0.01238177128116939,0.09913941480206541,0,0,0.010024364775495998,0.03321799307958478,0.014953271028037382,0.028015564202334628,0.014257425742574256,1,0,0,0.05333333333333333,0,0,0,0,0,0,0,0,0,0,0,0.010931865629151641,0.011703748857055775,0,0,0.002530755711775044,0.019565217391304346,0.017899316345556245,0,0,0,0,0,0,0.02330097087378641,0.024784853700516352,0.07970479704797047,0.02201834862385321,0,0,0,0,0,0,0,0,0,0.00526027397260274,0.008803301237964236,0,0,0,0.011832374691865242,0,0.05052631578947368,0,0,0,0,0,0,0.020922629858336362,0,0.0299687825182102,0,0,0,0
MOTU2840,0,0,0,0,0,0,0,0,0,0,0.012389048631078885,0,0,0,0,0,0,0,0,0,0,0,0,0,0,0,0,0,0,0,0.0093607133411418,0,0,0,0,0,0,0,0,0,0,0,0,0,0,0,0,0,0.0035597798755693496,0,0,0,0,0.10601198117244331,0.0758108935128519,0.1297956798581446,0.05379320826819524,0,0,0,0.039157578631262846,0,0,0,0,0,0,0,0.056043583169959284,0.1064191323243298,0.06105098876727519,0.07670278637770898,0.09928533262089234,0.08403527616032563,0.13684605065888109,0.004477841237709659,0,0.016803445469343464,0.0023652228703447357,0,0.0041655224206827365,0.012957410086992907,0.01369980424901295,0.009855989179297451,0.04793924148606811,0.011008420163959922,0.04257471372107919,0.044629151002506265,0,0.07393668453283357,0.08246690946115288,0.060972822838659776,0.06234721023871154,0.029474398020367377,0.06398171582046383,0.054313732103408154,0.0799150583301973,0.04787154981494969,0.03811968529782848,0.008260673857592986,0.03192471794284405,0.05320496851726182,0.03607500264746373,0.04141268373134828,0,0,0.017112170189252658,0.13582785087719298,0.1289760008329429,0.1288773104449311,0.0306003862593477,0.04783102649400024,0.023462840637355875,0.2575698505523067,0.018980311039607754,0.020566993192761084,0,0,0,0.024742834315389994,0,0.013078709813651482,0,0,0,0.11518121767429249,1,0.028183300470195665,0.27422657590348115,0.2124351802703034,0.1064191323243298,0.30567550894509565,0.2018147259809024,0.1346589364978712,0.17644754647104907,0.1198221906116643,0.08623390184476157,0.11279821526133675,0.06770235557741706,0.10147450337907025,0.045186294945284006,0.033956962719298246,0.14348801853326576,0.06410754023702324,0.08049057829759584,0.1849570735349011,0.10220358211007598,0.12166358541799063,0.0659892392925634,0.10208840606855217,0.05940534708068577,0.027307798291540373,0.03339173798773502,0.0020599484493223578,0.05380800694997466,0,0.002474753024143201,0,0,0,0,0,0,0,0,0,0,0.2142636520879664,0.008792632288746141,0.06329841594276954,0,0.024058069528063702,0,0,0.017316698119801497,0.004610846422988164,0.05596340637000226,0.04192756811643256,0,0.04559256532940743,0.009476361689106488,0.022366164123860253,0.04286950252343187,0.001992889146295358,0.033188705644201004,0.06284083703233989,0.005232533581143871,0.010714440167798297,0.01845905108183823,0.02859533702677747,0.010365241402393106,0.09959644999690767,0.011405262500246618,0.032047861589457514,0.004572045471322064,0,0.023682298736306805,0.05805642780147162,0,0.03737768869347817,0.009605233334923892,0.0029949982622361243,0.0028314366612476037
MOTU30781,0,0,0,0,0,0,0,0,0,0,0,0,0,0,0,0,0,0,0,0,0,0,0,0,0,0,0,0,0,0,0,0,0,0,0,0,0,0,0,0,0,0,0,0,0,0,0,0,0,0,0,0,0,0,0,0,0,0,0,0,0,0,0,0,0,0,0,0,0,0,0,0,0,0,0,0,0,0,0,0,0,0,0,0,0,0,0,0,0,0,0,0,0,0,0,0,0,0,0,0,0,0,0,0,0,1,0,0,0,0,0,0,0,0,0,0,0,0,0,0,0,0,0,0,0,0,0,0,0,0,0,0,0,0,0,0,0,0,0,0,0,0,0,0,0,0,0,0,0,0,0,0,0,0,0,0,0,0,0,0,0,0,0,0,0,0,0,0,0,0,0,0,0,0,0,0,0,0,0,0,0,0,0,0,0,0,0,0,0,0,0,0,0,0,0,0,0,0,0,0,0,0,0
MOTU31077,0,0,0,0,0,0,0,0,0,0,0,0,0,0,0,0,0,0,0,0,0,0,0,0,0,0,0,0,0,0,0,0,0,0,0,0,0,0,0,0,0,0,0,0,0,0,0,0,0,0,0,0,0,0,0,0,0,0,0,0,0,0,0,0,0,0,0,0,0,0,0,0,0,0,0,0,0,0,0.08625068021041175,0,0,0,0.09991594872872453,0,0,0,0.42341941228851293,0.07075892857142858,0,0.10784758448627807,0,0,0.16239754098360656,0,0,0,0.16189989785495404,0,0.09267199376339895,0,0,0.07760731189815571,0.11959255533199196,0,0,0,0,0.09525240384615384,0.23516320474777447,0.45480631276901007,0,0.026834085778781037,0.05347503373819164,0.587037037037037,0,0.375,0,0,0,0.9022770398481974,0,0.47693079237713143,0,0,0,0.3500184026499816,0.4798183652875883,0.51386887608069165,1,0.3688906128782002,0,0.5866748920419494,0.20442820292347377,0,0,0,0,0.8226643598615917,0,0.23127431906614787,0.2353960396039604,0,0,0,0.8805555555555556,0,0,0.521953896816685,0,0.33843416370106766,0,0,0,0,0,0,0,0,0,0,0,0,0,0,0,0,0,0,0,0,0,0,0,0,0,0.16814002828854316,0,0,0,0,0,0.13593481989708406,0,0,0,0,0,0.19535743631881675,0.13462627406568517,0.6256578947368421,0,0,0,0,0.1667251051893408,0.07840065952184667,0,0.21170970614425647,0,0,0,0.027304048234280794,0
MOTU33117,0,0,0,0,0,0,0,0,0,0,1,0,0,0,0,0,0,0,0,0,0,0,0,0,0,0,0,0,0,0,0,0,0,0,0,0,0,0,0,0,0,0,0,0,0,0,0,0,0,0,0,0,0,0,0,0,0,0,0,0,0,0,0,0,0,0,0,0,0,0,0,0,0,0,0,0,0,0,0,0,0,0,0,0,0,0,0,0,0,0,0,0,0,0,0,0,0,0,0,0,0,0,0,0,0,0,0,0.21083733974358973,0,0,0.07484710567486845,0,0,0,0,0,0,0,0,0,0,0,0,0,0,0,0,0,0,0,0,0,0.9049871023215821,0,0,0,0,0,0,0,0,0,0,0,0,0,0.6874591770084912,0,0,0,0,0,0,0,0,0,0.09987663693300436,0,0,0,0,0,0,0,0,0,0,0,0,0,0,0,0,0,0,0,0,0,0,0,0,0,0,0,0,0,0,0,0,0,0,0,0.1315131825565413,0,0,0,0,0,0,0,0,0,0
MOTU3419,0,0,0,0,0,0,0,0,0,0,0,0,0,0,0,0.05719574271170754,0,0,0,0,0,0,0,0,0.14802395209580838,0,0,0,0,0,0,0,0,0,0,0,0,0,0,0,0,0,0,0,0,0,0,0,0,0,0,0,0,0,0,0,0,0,0,0,0,0,0,0,0,0,0,0,0.8853868194842406,0.5933749399903984,0.482247366367538,0,0,0,0,0,0.3911392405063291,0,0,0,0,0,0,0,0,0,0,0,0,0,0,0.20641282565130262,0,0,0,0,0,0,0,0,0,0.10086502366574181,0.15543259557344066,0.7850942197755664,0,0,0.6758530183727034,0,0,0,0.043948229270374055,0,0.20850202429149794,0,0,0,0,0,0,0,0,0,0,0,0,0,0.9354187689202824,0,0,0,0,0,0,0,0.4181326116373478,0,0,0,0,0,0,0.5364583333333333,0,0,0,0,0,0,0,0,0,0,0,0,0,0,0,0,0,0,0,0,0,0,0,0,0,0,0,1,0,0,0,0,0.8207171314741035,0.21852899575671852,0,0,0,0.43216783216783217,0.44912790697674415,0.17667238421955403,0,0,0.34954751131221723,0,0,0.25390304026294164,0,0,0.3275039745627981,0,0,0,0,0,0,0,0,0,0,0,0
MOTU388,0,0,0,9.696186166774402e-4,0.06153415845045801,0,0.004120879120879121,0,0.0026589315929417454,0,0.0022395656599932135,0.4426229508196721,0.0028455021664618766,0,0,0.003054141601110597,0.0010225661762997048,3.2190411159342534e-4,0,0.0013287163794491867,0,0.007121277514026758,0.0010591520364605063,0.0021467603434816547,0,8.699549205177549e-4,0.004361041363816572,0,0,0,0,0,0.0010058215733487763,0,0,0,0,9.525733914499321e-4,0.004114584956828029,0,0,0,0.0673469387755102,0.13664596273291926,0.03983903420523138,0.008142116950407105,0.07045009784735812,0,0.003861003861003861,0.0128923036853757,0.013965955045612715,0.05238095238095238,0,0,0.021317829457364337,0,0.027227722772277224,0.0673469387755102,0.007263922518159807,0.008697944122298365,0,0,0.04931261207411835,0.038327526132404185,0,0.1361079865016873,0.07894736842105263,0.022664835164835164,0.020261972984036022,0.12900349770248953,0.18393623543838136,0.09012605042016807,0.01595358955765047,0.03544575725026852,0.09895052473763119,0.014570251177394033,0.02088607594936709,0.030375552282768774,0.017957554870306546,0,0.01606401265649482,0.006246155302134103,0.15057184882778493,0.040978296080336894,0.051995798319327734,0.001989989748537659,0.05737183564432006,0.039285714285714285,0.02292197267886085,0.01817710527168454,0.021045918367346938,0.019682221586029204,0.06762295081967214,0.05541203823301472,0.041637459694378244,0.03776262187027967,0.06099518459069021,0.04393432040989228,0.09463485257677423,0.02239920358387257,0.07181719260065288,0.020774557578866374,0.024899396378269618,0.02395571821783975,0,0.013168395849960097,0.035058117735283084,0.08688186813186813,0.10375158965663416,0.08417025346724055,0.013074750594306845,0.013568203805224121,0.01855600539811066,0.01164021164021164,0.017155333749220212,0.01487156376746282,0,0,0,0.071564109514773655,0.04940119760479041,0.0472847112766872,0,0,1,0.08849045691150953,0.09038489260487241,0.09510086455331412,0.1363226678684092,0.2633270530865566,0.169741444345381,0.1250550806380541,0.23510625230315685,0.08655028276370788,0.14034409433597525,0.09173745173745174,0.4578091591666252,0.11690558576371725,0.06853582554517133,0.05961645358532518,0.14002828854314,0.14732142857142858,0.19453723717822755,0.078803202697008,0.03492063492063492,0.052540165002171076,0.073901278342819815,0.09314724792222047,0.11928860613071139,0.09730554143365532,0.0680117149365441,0.017277486910994764,0.01810865191146881,0.007447528774542992,0.009726861858911376,0,0.00760512973456606,0.006226324726781905,4.6666855219617046e-4,0.006671159029649595,8.285212151644489e-4,0.003202639751552795,0.0029299476160880755,0,0,0,0,0.1659959758551308,0.012715538002119256,0.05721220527045769,0.024342267027292846,0.01739588824459673,0.02162516382699869,0.006396588486140724,0.025042686397268067,0.005001010305112144,0.02023298589822195,0,0.009581881533101046,0.01978021978021978,0.007994186046511628,0.021563342318059297,0.006888454011741683,0.015130674002751032,0.011999030381383323,0.04165232358003442,0.018917679431323088,0.009684235238877802,0.06406730302540042,0.0806390977443609,0.013740631387690211,0.2326674500587544,0.04712518519840774,0.1911784068466096,0.0347124824684432,0.016323165704863973,0.05308494629235639,0.05457320951532884,0.024528021406273227,0.015444015444015444,0.0042740577645382725,0.003789836347975883,0.0025591909854436315
MOTU437,0,0,0,0,0,0,0.019578539739830064,0,0,0,0,0,0.002253191435276454,0.002299101771952945,0.0017968591626446523,0,0,7.64692709537917e-4,0,0,0,0,0,0,0,0,0,0,0,0.07319558647831893,0,0,0,0,0,0,0.01596994614072413,0,0.004887158948803315,0,0,0,0,0,0,0.01934183891395992,0,0,0,0.10208682526146577,0,0,0,0,0.05787558000611264,0.05144988391048758,0.027720110720749494,0,0,0,0.13452161839258614,0,0,0,0,0.23514802585160727,0,0.10768196856906535,0,1,0.7952416313208228,0.7575743200506009,0.17054200098247912,0.09623136181467494,0.10073995260434299,0.023074707550514002,0.014175854090104805,0.028863208070058752,0.040627334413868295,0,0.011925167427518684,0,0.051770612331586786,0.00846479571517974,0.1235175521821632,0,0.039889313379101676,0.03333013312852023,0,0.04572026426883428,0.008332533282130057,0.018702279110191712,0.06884584875727129,0.06075366038616345,0.06594067555161608,0.16505944813662565,0.1372697617713928,0.06957818245863359,0.0043652016102836855,0.04256797490471763,0.08530192939965134,0.018277990421385337,0.04506609549771749,0.037938343362042076,0,0,0.04409025484717636,0.10319521987868763,0.14954053795347946,0.1856668535059797,0.003185585188787597,0.0012639869899754848,0.007556629373267744,0,0.016301200482071027,0.017663919134357723,0,0,0,0.0850013262328865,0.03352971476402035,0.11232622598979734,0,0,0,0.10716674383906981,0.10170567364343609,0.07261550618202102,0.18841513743314903,0.4344035970202791,0.18279569892473121,0.22107686082532355,0.14444012980889248,0.19275257712879165,0.045462481993976164,0.14528334786399302,0.0935517554989165,0.40042291426374477,0.3139885438649382,0.13072674783481864,0.4324337272436921,0.544392174432497,0.43132034728076796,0.2642814095854347,0.13825833001460242,0.09077142639256573,0.11703644395749493,0.1106370171027938,0.1360193287188194,0.11159070906516665,0.0680268776381643,0.023453245510330466,0.0286784244076384,0,0,0,0,0.0022755104604658734,0,0,0.0019681765784152544,0,0,0.025308304477249258,0,0,0,0,0,0,0.03855051542575834,0.06198666825377931,0.01712373812107461,0.030390569148392933,0.029744820003141555,0.039600158172499275,0.04806405464026951,0.07201880856066106,0.045524084273100805,0.015662831791864052,0.01085167125114612,0.006403044443214863,0,0.0034231773593711742,0,0,0.01797580213673001,0.00920207455314938,0.11414532568589486,0.039294472740992265,0.01780433184607758,0.02631944707681033,0,0.04816741819863568,0.04712030041170882,0.003692967759664566,0.01627159423346574,0.02991698503432626,0,0.03668771410706895,0,0,0
MOTU5069,0,0,0,0,0,0,0,0,0,0,0,0,0,0,0,0,0,0,0,0,0,0,0,0,0,0,0,0,0,0,0,0,0,0,0,0,0,0,0,0,0,0,0,0,0,0,0,0,0,0,0,0,0,0,0,0,0,0,0,0,0,0,0,0,0,0,0,0,0,0,0,0,0,0,0,0,0,0,0,0,0,0,0,0,0,0,0,0,0,0,0,0,0,0,0,0,0,0,0,0,0,0,0,0,0,0,0,0,0,0,0,0,0,0,0,0,0,0,0,0,0,0,0,0,0,0,0,0,0,0,0,0,0,0,0,0,0,0,0,0,0,0,0,0,0,0,0,0,0,0,0,1,0,0,0,0,0,0,0,0,0,0,0,0,0,0,0,0,0,0,0,0.23493234932349324,0,0,0,0,0,0,0,0,0,0,0,0,0,0,0,0,0,0,0,0,0,0,0,0,0,0,0,0,0,0,0
MOTU5332,0,0,0,0,0.034752814488497305,0.025275898896404414,0,0,0,0,0,0.3174366616989568,0,0,0.034175691937424785,0.00985654789449329,0,0,0,0,0,0,0,0,0,0,0,0,0,0,0,0,0,0,0,0,0,0,0,0,0,0,0.38035714285714284,0,0,0,0,0,0,0,0,0,0,0,0,0,0,0,0,0,0,0,0,0,0,0,0,0,0,0,0,0,0.36040609137055835,0,0,0,0,0,0,0,0,0,0,0,0,0,0,0,0,0.048310274438648215,0,0,0,0,0,0,0.07252298263534218,0,0,0,0,0,0,0,0,0,0,0,0.05267062314540059,0,0,0,0,0,0,0,0,0,0,0,0,0,0,0,0,0,0,0,0.11198738170347003,0.33048875096974395,0.20451272203552567,0.1314003701418877,0.27472055030094583,0,0.2882273342354533,0,0.5931082492168466,0.24567474048442905,0.5529595015576324,0,0,0,0.29298486932599727,0,0.39444444444444443,0.21580547112462006,0.2782495101241019,0,0,0.1516014234875445,0,0,0,0.1009478672985782,0,0,0,0.02163974398049375,0,0.020094339622641507,0,0,0,0,0,0,0,1,0,0.6893203883495146,0,0,0,0,0.2828685258964143,0,0,0,0,0,0,0.060891938250428816,0,0,0,0,0.08547351524879615,0,0,0,0,0,0,0,0,0,0,0,0,0.08722358722358722,0,0,0
MOTU6164,0,0,0,0,0,0,0,0,0,0,0,0,0,0,0,0,0,0,0,0,0,0,0,0,0,0,0,0,0,0,0,0,0,0,0,1,0,0,0,0,0,0,0,0,0,0,0,0,0,0,0,0,0,0,0,0,0,0,0,0,0,0,0,0,0,0,0,0,0,0,0,0,0,0,0,0,0,0,0,0,0,0,0,0,0,0,0,0,0,0,0,0,0,0,0,0,0,0,0,0,0,0,0,0,0,0,0,0,0,0,0,0,0,0,0,0,0,0,0,0,0,0,0,0,0,0,0,0,0,0,0.26052168346935506,0,0,0,0,0,0.188885021464207,0,0,0,0,0.47106481481481477,0,0,0,0,0,0,0,0,0,0,0,0,0,0,0,0,0.37603114894740314,0,0,0,0.3372695255852496,0,0,0,0,0,0,0,0,0,0,0,0,0,0,0,0,0,0,0,0,0,0,0,0,0,0,0,0,0,0,0,0,0,0,0,0,0,0,0,0
MOTU6455,0,0,0,0.0014100278806161162,0,8.135226718352387e-4,0,0,0,0,0,0,0,0,0,3.1723996092344084e-4,0,0.002106520996927279,0,0,0,0,0,0.003121837684679215,0,0.0012650960611839005,0,0,0,0,0,0,0,0,0,0,0.002444048326401268,0,0,0,0,0,0,0,0,0,0,0,0,0,0,0,0,0,0.004428653459661212,0,0,0,0,0,0,0,0,0,0,0,0,0,0,0.013164773030351523,0.005349633675813934,0,0.005799962398947171,0.007363647213271274,0,0,0.0043389592123769345,0,0,0,0,0,0.0014405453993602765,0,0,0,0,0.004080687830687831,1,0,0.005100859788359788,0,0,0,0,0,0,0,0.04409147014876892,0,0,0,0.0017242342946568302,0.0014515256310725295,0,0,0.022491980169145526,0,0.0016952412353005825,0,0,0,7.709801569450693e-4,0.008463648834019205,0,0,0,0,0,0,0,0,0,0,0,0,0,0,0.01081317910970908,0,0.0032911932575878807,0,0.0265262252794497,0,0,0,0.002386201028734966,0,0,0,0,0,0,0,0,0,0,0.007525307964385902,0,0,0,0.06460732984293194,0,0,0,0.013346311918667534,0,6.964904557102058e-4,0,6.467505241090147e-4,0,0,0,0,0,0,0,0.03218570683359416,0,0.011093131966918376,0.005899789634729395,0,0,0,0,0,0,0,0,0,0,0.08231370306842005,0,0,0,0,0,0,0,0,0,0.012083822953388172,0,0.018955453149001537,0,0,0,0,0,0,0,0,0
MOTU7624,0,0,0,0,0,0,0,0,0,0,0,0,0.01237362305719028,0,0,0.04553447478019435,0,0.008398770911573915,0,0,0,0,0,0,0.058922155688622746,0.045395829488835575,0,0,0,0,0,0,0,0,0,0,0,0,0,0,0,0,0,0,0,0,0,0,0,0,0,0,0,0,0,0,0,0,0,0,0,0,0,0,0,0,0,0,0,0.23619779164666344,0.09598127194693717,0.3617647058823529,0,0,0,0,0,0,0,0,0,0,0.05169153183441899,0,0,0,0,0,0,0,0,0,0,0.11121157323688968,0,0,0,0,0,0,0.2676822633297062,0,0.06187122736418511,0,0,0,0,0,0.12166172106824924,0.392156862745098,0,0,0,0,0,0,0,0,0,0,0,0,0,0,0,0,0,0.17723342939481265,0,0.1908456167571761,0,0,0,0,0.16644113667117727,0.39891891891891884,0.2568743473720849,0.28373702422145325,0.1277258566978193,0,0.36534653465346534,0,0.6767537826685006,0.24188790560471976,0,0,0,0,0,0,0,0.06439790575916231,0,0,0,0,0.09337635224900359,0,0,0,0,0,0,0.13898305084745763,0,0,0,0,0,0,0.21170395869191047,0.6808118081180811,0,0,0,0,0,0,1,0,0.05959302325581395,0,0,0.03759743237047226,0,0,0,0,0.3482446206115515,0.10789473684210525,0,0,0.06147694614519555,0,0,0,0,0,0,0,0,0,0
MOTU7686,0,0,0,0.10252982311805842,0,0,0,0,0,0,0,0,0,0,0,0.046136048125867656,0.027032156607559244,0,0,0,0,0,0,0,0,0,0,0,0,0,0,0,0,0,0,0,0,0,0,0,0,0,0,0,0,0,0,0,0,0,0,0,0,0,0,0,0,0,0,0,0,0,0,0,0,0,0,0,0,0,0,0,0,0,0,0,0,0,0,0,0,0,0,0,0,0,0,0,0,0,0,0,0,0,0,0,0,0,0.19430910153966088,0,0,0,0,0,0,0,0,0,0,0.07946755938147616,0,0,0,0,0,0,0,0,0,0,0,1,0,0,0,0,0,0,0,0,0,0,0,0,0,0,0,0,0,0,0,0,0,0,0,0,0,0,0,0,0,0,0,0,0,0,0,0,0,0,0,0,0,0,0,0,0,0,0,0,0,0,0,0,0,0,0,0,0,0,0,0,0,0.30475317132813695,0,0,0,0,0,0,0,0,0,0,0,0,0,0,0,0,0,0,0
MOTU779,0,0,0,0,0,0.026019123993679463,0,0,0,0.08498572011423908,0.05208151018877359,0,0.03860072695697293,0.011253498146927571,0,0.020292749458096882,0.023779963981859643,0.011228908734793623,0,0.030899543108051975,0.0546518339717689,0,0.02463077487022431,0.09984661106317706,0,0,0,0,0,0.3980812597943661,0.07870177957456455,0,0.02339056516905663,0,0,0,0,0.02215226893258606,0,0,0,0,0,0,0,0,0,0,0,0,0,0,0,0,0.07082143342853257,0.16788909486580156,0.04522754907069654,0,0,0,0,0,0,0.44565682498930254,0,0,0,0,0,0.7368421052631579,0.3849723802287615,0.48366873065015475,0.8347582153352925,0.23551359602012548,0.16436518582813855,0,0,0,0.039772022110418435,0,0.09339289016919894,0,0.04607336791232125,0,0,0,0,0.08157111528822054,0,0.2735194757135524,0.1631422305764411,0.27462820377597297,0.0748849582973828,0.14868658989245265,0,0.175635339550414,0.11198322670824148,0.2167243865099065,0.12819907887043666,0.17363252921661135,0.11929442758146726,0.6262616718064133,0.16544000847188392,0.32497186221959723,0.7147060658362618,0.9493237283152013,0.6714094948657733,0.10980727058029688,0.21687750533604036,0.19224412058362067,0.023388901780835247,0.018560651063324222,0.02465847479697895,0.13534762833008446,0.3191603462805485,0.08646023576290884,0,0,0,0.20802956156995905,0,0.4398458533495222,0,0,0,0.36315208337369,0.22125444792607146,0.19746321856514482,0.28820078587636283,0.08505165162712833,1,0.20289619792850416,0.1413992849708105,0,0.519229399615412,0.35556187766714076,0.4579112242841702,0.31612335336611425,0.05692189976498879,0.26661376203153797,0.16281917665450754,0.9516630116959064,0.7539998552088611,0.10779899601511152,0.2706952566601689,0.44430224497413745,0.21482347279040187,0.1805130279045583,0.22192627317281055,0.07802959355684586,0.1664868321144547,0,0,0.01731936476261744,0,0,0.07282416517665391,0.01113802488543822,0.005426231387218788,0.010342601787487585,0.009633706410137822,0,0,0,0,0,0,0.2573511242895972,0.1478510842176243,0.08869868846874468,0,0,0,0.07437691923159322,0.43677919899349965,0,0,0,0,0.22999631947000365,0.10623215014279885,0.03134121753784117,0.14016822879115595,0.10053331402784815,0.15502202905453677,0,0.08798682098504688,0.04504173333909959,0,0.04808402585410895,0.02904917301202131,0.1932401509060548,0.013698810314553094,0.06736195327027245,0,0.018076105349937085,0,0.04881192295074284,0,0.08978835294624768,0,0.0062952385269806725,0.011902891151117574
MOTU846,0,0,0,0,0,0,0,0,0,0,0,0,0,0,0,0,0,0,0,0,0,0,0,0,0,0.005411243663363112,0,0,0,0,0,0,0,0,0,0,0.020908042361329558,0,0,0,0,0,0,0,0,0,0,0,0,0,0,0,0,0,0,0,0,0,0,0,0,0,0,0,0,0.15392928825073338,0,0,0,0.11262037220072858,0.06864657685157559,0,0,0.0629936185000316,0,0,0,0,0,0,0.03122514046615345,0.03885197669660776,0.024646799253426943,0,0,0,0,0.02618172268907563,0,0.2660333809187091,0.1090905112044818,0.23505835199811387,0.06008919961427194,0,0.11510708306875253,0.037582222892361045,0.17971519557772037,0.13249829725733842,0.022859894298783635,0.09288416031601111,0.12763233693912823,0.09571904492170624,0.05900106521481833,0.1614253154151773,0,0,0.012827440687561115,0.15272671568627452,0.2610403211729796,0.17763336802918203,0.1084357509182026,0.14231509759660071,0.12531422825540475,0.14480755265068992,0.5122013871050604,0.3700129894228985,0,0,0,0,0,1,0,0,0,0.021585225919591246,0,0,0,0.09099621229407201,0,0,0,0,0,0,0.06123953236010729,0,0.030450186305051617,0,0,0,0,0,0,0,0,0.03218828695034545,0,0.08348335775591377,0,0,0,0,0,0,0,0,0,0,0,0,0,0,0,0,0,0,0,0,0,0,0,0,0,0,0,0,0,0.20505964623611683,0.0994499544003648,0.03353176605118892,0.09640612409347302,0.07170662854779693,0.04975712004258717,0.141318214032601,0.023534132754225286,0.07228478901831892,0.049813470121910605,0.0771671826625387,0.155397612145017,0,0,0,0,0,0,0,0,0.0240159946042299,0,0,0.0031837065752960978
MOTU9046,0,0,0,0,0,0.12198884537795182,0,0,0,0,0,0,0,0,0,0,0,0,0,0,0,0,0,0,0,0,0,0,0,0,0,0,0,0,0,0,0,0,0,0,0,0,0,0,0,0,0,0,0,0,0,0,0,0,0,0,0,0,0,0,0,0,0,0,0,0,0,0,0,0,0.8021849395239953,0,0,0,0,0,0,0,0,0,0,0,0,0,0,0,0,0,0,0,0,0,0,0,0,0,0,0.29031347077096864,0,0,0,0,0,0,0,0,0,0.20592948717948717,0.2542037586547972,0,0,0,0,0,0,0,0,0,0,0,0,0,0,0,0,0,0,0,0,0,0,0.634176434299815,0,0,0,0,0.7156282631395754,0,0,1,0.5089108910891089,0,0,0,0,0,0,0,0,0,0,0,0,0,0,0,0,0,0,0,0,0,0,0,0,0,0,0,0,0,0,0.9483394833948339,0,0,0,0,0,0,0,0,0,0,0,0,0,0,0,0,0.8731596828992072,0,0,0,0,0,0,0,0,0,0,0,0,0,0
MOTU11179,0,0,0,0,0,0,0,0,0,0,0,0,0,0,0,0,0,0,0,0,0,0,0,0,0,0,0,0,0,0,0,0,0,0,0,0,0,0,0,0,0,0,0,0,0,0.13428324697754748,0,0,0,0,0,0,0,0,0,0,0,0,0,0,0,0,0,0.6321138211382115,0,0,0,0,0.4455587392550143,0,0,0,0,0,0,0,0,0,0,0,0,0,0,0,0.2858455882352941,0,0,0,0,0,0,0,0,0,0,0,0,0,0,0,0,0,0,0,0,0,0,0,0,0,0,0,0,0,0,0,0,0,0,0,0,0,0,0,0,0,0,0,0,0,0,0,0,0,0,0.1681081081081081,0,0,0.16147455867082036,0,0,0,0,0,0,0,0,0,0,0,0,0,0,0,0,0,0,0,0,0,0,0,0,0,0,0,0,0,0,0,0,0,0,0,0,0,0,1,0,0,0,0,0,0,0,0,0,0,0,0,0,0,0,0,0,0,0,0,0,0,0,0,0
MOTU12232,0,0,0,0,0,0,0,0,0,0,0,0,0,0,0,0,0,0,0,0,0,0,0,0,0,0,0,0,0,0,0,0,0,0,0,0,0,0,0,0,0,0,0,0,0,0,0,0,0,0,0,0,0,0,0,0,0,0,0,0,0,0,0,0,0,0,0,0,0,0,0,0,0,0,0,0,0,0,0,0,0,0,0,0,0,0,0,0,0,0,0,0,0,0,0,0,0,0,0,0,0,0,0,0,0,0,0,1,0,0,0,0,0,0,0,0,0,0,0,0,0,0,0,0,0,0,0,0,0,0,0,0,0,0,0,0,0,0,0,0,0,0,0,0,0,0,0,0,0,0,0,0,0,0,0,0,0,0,0,0,0,0,0,0,0,0,0,0,0,0,0,0,0,0,0,0,0,0,0,0,0,0,0,0,0,0,0,0,0,0,0,0,0,0,0,0,0,0,0,0,0,0,0
MOTU12525,0,0,0,0,0,0,0,0,0,0,0,0,0,0,0,0,0,0,0,0,0,0,0,0,0,0,0,0,0,0,0,0,0,0,0,0,0,0,0,0,0,0,0,0,0,0,0,0,0,0,0,0,0,0,0,0,0,0,0,0,0,0,0,0,0,0,0,0,0,0,0,0,0,0,0,0,0,0,0,0,0,0,0,0,0,0,0,0,0,0,0,0,0,0,0,0,0,0,0,0,0,0,0,0,0,0,0,0,0,0,0,0,0,0,0,0,0,0,0,0,0,0,0,0,0,0,0,0,0,0,0,0,0,0,0,0,0,0,0,0,0,0,0,0,0,0,0,0,0,0,0,0,0.4654289372599231,0.05742496050552922,1,0,0,0,0,0,0,0,0,0,0,0,0,0,0,0,0,0,0,0,0,0,0,0,0,0,0,0,0,0,0,0,0,0,0,0,0,0,0,0,0,0,0,0,0,0,0,0,0
MOTU12992,0,0,0,0,0,0,0,0,0,0,0,0,0,0,0,0,0,0,0,0,0,0,0,0,0,0,0,0,0,0,0.06661880832735104,0.10678941311852704,0,0,0,0,0,0,0,0.03743444937474788,0,0,0,0,0.5228169014084507,0.5609671848013816,0.11556662515566624,1,0.025334425334425335,0.08459434822242479,0,0,0,0,0,0,0,0,0,0,0,0,0,0,0,0,0,0.1487179487179487,0,0,0,0,0.23553299492385785,0.09967776584317936,0,0,0.11746835443037974,0,0,0,0,0.030738655183835707,0,0,0,0,0,0,0,0.021047856656838282,0,0,0,0,0,0,0,0,0,0,0,0,0,0,0,0,0,0,0.022947576656775468,0,0,0,0,0,0,0,0,0,0,0,0,0,0,0,0,0.06831063673168936,0.04682139253279515,0,0,0,0,0,0,0,0,0,0,0.10703575547866205,0,0,0.04594059405940594,0,0,0,0.057283950617283946,0,0,0,0,0,0,0,0,0.01466034755134281,0,0,0,0.018856039825256524,0,0,0,0,0,0,0,0,0,0.21784037558685446,0,0.07508090614886731,0.07986230636833046,0.08560885608856088,0.1418960244648318,0.06295793758480325,0,0,0.19914163090128753,0.2983922829581993,0,0,0,0,0,0.01418309643894238,0,0,0,0,0,0,0,0,0,0,0,0,0,0,0,0,0,0,0
MOTU14404,0,0,0,0,0,0,0,0,0,0,0,0,0,0,0,0,0,0,0,0,0,0,0,0,0,0,0,0,0,0,0,0,0,0,0,0,0,0,0,0,0,0,0,0,0,0,0,0,0,0,0,0,0,0,0,0,0,0,0,0,0,0,0,0,0,0,0,0,0,0,0,0,0,0,0,0,0,0,0,0,0,0,0,0,0,0,0,0,0,0,0,0,0,0,0,0,0,0,0,0,0,0,0,0,0,0,0,0,0,0,0,0,0,0,0,0,0,0,0,0,0,0,0,0,0,0,0,0,0,0,0,0,0,0,0,0,0,0,0,0,0,0,0,0,0,0,0,0,0,0,0,0,1,0.7814112690889942,0.7161852361302156,0,0,0,0,0,0,0,0,0,0,0,0,0,0,0,0,0,0,0,0,0,0,0,0,0,0,0,0,0,0,0,0,0,0,0,0,0,0,0,0,0,0,0,0,0,0,0,0
MOTU33148,0,0,0,0,0,0,0,0,0,0,0,0,0,0,0,0,0,0,0,0,0,0,0,0,0,0,0,0,0,0,0,0,0,0,0,0,0,0,0,0,0,0,0,0,0,0,0,0,0,0,0,0,0,0,0,0,0,0,0,0,0,0,0,0,0,0,0,0,0,0,0,0,0,0,0,0,0,0,0,0,0,0,0,0,0,0,0,0,0,0,0,0,0,0,0,0,0,0,0,0,0,0,0,0,0,0,0,0,0,0,0,0,0,0,0,0,0,0,0,0,0,0,0,0,0,0,0,0,0,0,0,0,0,0,0,0,0,0,0,0,0,0,0,0,0,0,0,0,0,0,0,0,0.9308578745198463,0.22969984202211688,1,0,0,0,0,0,0,0,0,0,0,0,0,0,0,0,0,0,0,0,0,0,0,0,0,0,0,0,0,0,0,0,0,0,0,0,0,0,0,0,0,0,0,0,0,0,0,0,0
MOTU729,0,0,0,0,0,0,0,0,0,0,0.014695170229612036,0.015366782579897334,5.186414723158348e-4,0,0,0,0,0,0,0.005812351246398597,0,0,0,0,0,9.513850443911341e-4,0,0,0,0.0336964415395788,0.007402089814150116,0.02373098069300601,0,0,0,0,0,0,0,0,0,0,0.018412698412698412,0.18679549114331723,0.14522691705790297,0.3294569180579543,0.14124809741248096,1,0.04785391452058119,0.09399372024713866,0.06448687001682393,0,0,0,0,0.023685553854007148,0.004253758709204254,0.1473015873015873,0.0317753809279233,0.07609676096760967,0.09289289289289289,0,0.04314272431427243,0.16766034327009938,0,0.10825313502478856,0.1973418394471026,0.18176638176638177,0.07386182744348933,0.06930175494745826,0.02816144275371743,0.030326797385620916,0.0872344425643918,0.04430122926363528,0.030917874396135265,0.017704517704517704,0.10441631504922644,0.026575028636884306,0,0,0,0.010246218394611904,0,0.003896867388930881,0,0.004352516298485061,0,0,0,0,0,0,0,0,0,0,0,0.005823841350528727,0,0,0,0.0016828971945668536,0,0,0,0,0,0,0,0,0,0,0,0,0.007504447679120169,0,0,0,0,0.019565675732658654,0,0,0,0,0,0.0037950353739827423,0.010404753896176702,0.011143131604226706,0.005421194064727188,0.015998620808550988,0.00990025070677975,0,0,0,0,0,0.0035889701048072093,0.00594643085992567,0.005353640244605977,0.025075659316904454,0.03062706270627063,0.0537037037037037,0.028366192877884763,0.020277504643286356,0.006364883401920439,0,0.013469772842731693,0.028296133674838398,0.020872694556905085,0.0146777382364571,0.007829241542225597,0,0.052809788021055626,0.008144637528523785,0.02127464465841357,0.0066911817722979305,0.003913877817844415,0.0146658087529773,0.0010206999714028025,0.0019454926624737944,9.060730326108183e-4,0,0.006408397210137421,0,0,0,0,0,0.013905746609725031,0,0.05324153757888698,0.08560885608856089,0.015766224940536866,0.006995326398311473,0,0.007292157787207292,0.15488793514544588,0.09946409431939979,0.041915085817524844,0,0,0,0,0.0015758996043269311,0,0,0.004137685036561441,0,0,0,0,0,0,0,0,0.0017001007602821289,0.003745409048714534,0,0,0,0,0,0
MOTU13179,0,0,0,0,0,0,0,0,0,0,0,0,0,0,0,0,0,0,0,0,0,0,0,0,0,0,0,0,0,0,0,0,0,0,0,0,0,0,0,0,0,0,0,0,0,0,0,0,0,0,0,0,0,0,0,0,0,0,0,0,0,0,0,0,0,0,0,0,0,0,0,0,0,0,0,0,0,0,0,0,0,0,0,0,0,0,0,0,0,0,0,0,0,0,0,0,0,0,0,0,0,0,0,0,0,0,0,0,0,0,0,0,0,0,0,0,0,0,0,0,0,0,0,0,0,0,1,0.4283861671469741,0,0,0,0,0,0,0,0,0,0,0,0,0,0,0,0,0,0,0,0,0,0,0,0,0,0,0,0,0,0,0,0,0,0,0,0,0,0,0,0,0,0,0,0,0,0,0,0,0,0,0,0,0,0,0,0,0,0,0,0,0,0,0,0,0,0,0,0,0,0,0,0,0,0,0
MOTU16215,0,0,0,0,0,0,0,0,0,0,0,0,0,0,0,0,0,0,0,0,0,0,0,0,0,0,0,0,0,0,0,0,0,0,0,0,0,0,0,0,0,0,0,0,0,0,0,0,0,0,0,0,0,0,0,0,0,0,0,0,0,0,0,0,0,0,0,0,0,0,0,0,0,0,0,0,0,0,0,0,0,0,0,0,0,0,0,0,0,0,0,0,0,0,0,0,0,0,0,0,1,0,0,0,0,0,0,0,0,0,0,0,0,0,0,0,0,0,0,0,0,0,0,0,0,0,0,0,0,0,0,0,0,0,0,0,0,0,0,0,0,0,0,0,0,0,0,0,0,0,0,0,0,0,0,0,0,0,0,0,0,0,0,0,0,0,0,0,0,0,0,0,0,0,0,0,0,0,0,0,0,0,0,0,0,0,0,0,0,0,0,0,0,0,0,0,0,0,0,0,0,0,0
MOTU20010,0,0,0,0,0,0,0,0,0,0,0,0,0,0,0,0,0,0,0,0,0,0,0,0,0,0,0,0,0,0,0,0,0,0,0,0,0,0,0,0,0,0,0,0,0,0,0,0,0,0,0.13956550362080317,0,0,0,0,0,0,0,0,0,0,0,0,0,1,0,0,0,0,0,0,0,0,0,0,0,0,0,0,0,0,0,0,0,0,0,0,0,0,0,0,0,0,0,0,0,0,0.119740186388026,0,0,0,0,0,0,0,0,0,0,0,0,0,0,0,0,0,0,0,0,0,0,0,0,0,0,0,0,0,0,0,0,0,0,0,0,0,0,0,0,0,0,0,0,0,0,0.2617283950617284,0,0,0,0,0,0,0,0,0,0,0,0,0,0,0,0,0,0,0,0,0,0,0,0,0,0.18244406196213425,0,0,0,0,0,0,0,0,0,0,0,0,0,0,0,0,0,0,0,0,0,0,0,0,0.03495465787304205,0,0,0,0,0,0,0
MOTU3008,0,0,0,0,0,0,0,0,0,0,0,0,0,0,0,0,0,0,0,0,0,0,0,0,0,0,0,0,0,0,0,0,0,0,0,0,0,0,0,0,0,0,0,0,0,0,0,0.44324712643678155,0.22458822458822458,0.37496201762382253,0,0,0,0,0,0,0,0,0,0,0,0,0,0,0,0,0,0,0,0.09873579772763641,0.8024450513720899,0,0,0,0,0.14125457875457875,0.390506329113924,0,0,0,0.021900401093245304,0,0,0,0,0,0.06104679924804591,0.09181547619047618,1,0,0,0,0.07024134790528233,0,0,0,0,0,0,0,0,0,0.0517270288397049,0,0,0,0,0,0,0,0.04387711563077798,0.04642588412340105,0,0,0,0,0,0,0,0,0,0,0,0,0,0.15139246718194085,0,0.22226224783861673,0,0,0,0,0,0,0,0,0,0,0,0,0,0,0,0,0,0,0,0,0,0,0,0,0,0,0.1414488766620816,0,0,0,0,0,0,0,0,0,0,0,0,0,0,0,0.1769936890418818,0.18972939729397292,0.15723751274209988,0,0,0,0,0,0.4180216802168022,0,0,0.0587955021917286,0,0,0,0,0,0,0,0,0,0,0,0,0,0,0,0,0,0,0,0,0
MOTU33516,0,0,0,0,0,0,0,0,0,0,0,0,0,0,0,0,0,0,0,0,0,0,0,0,0,0,0,0,0,0,0,0,0,0,0,0,0,0,0,0,0,0,0,0,0,0,0,0,0,0,0,0,0,0,0,0,0,0,0,0,0,0,0,0,0,0,0,0,0,0,0,0,0,0,0,0,0,0,0,0,0,0,0,0,0,0,0,0,0,0,0,0,0,0,0,0,0,1,0,0,0,0,0,0,0,0,0,0,0,0,0,0,0,0,0,0,0,0,0,0,0,0,0,0,0,0,0,0,0,0,0,0,0,0,0,0,0,0,0,0,0,0,0,0,0,0,0,0,0,0,0,0,0,0,0,0,0,0,0,0,0,0,0,0,0,0,0,0,0,0,0,0,0,0,0,0,0,0,0,0,0,0,0,0,0,0,0,0,0,0,0,0,0,0,0,0,0,0,0,0,0,0,0
MOTU6970,0,0,0,0,0,0,0,0,0,0,0,0,0,0,0,0,0,0,0,0,0,0,0,0,0,0,0,0,0,0,0,0,0,0,0,0,0,0,0,0,0,0,0,0,0,0,0,0,0,0,0,0,0,0,0,0,0,0,0,0,0,0,0,0,0,0,0,0,0,0,0,0,0,0,0,0,1,0,0,0,0,0,0,0,0,0,0,0,0,0,0,0,0.35974499089253187,0,0,0.16874933247890633,0,0.14873387931845997,0,0,0,0,0,0,0,0,0,0,0.130234091658424,0,0,0,0,0,0,0,0,0,0,0,0,0,0,0,0,0,0,0,0,0,0,0.3249023236685174,0,0,0,0,0,0.3037293348712034,0,0,0,0,0,0,0,0,0,0,0,0,0,0,0,0,0,0,0,0,0,0,0,0,0,0,0,0,0,0,0,0,0,0,0,0,0,0,0,0,0,0,0,0,0,0,0.2978883861236803,0,0,0,0,0,0,0.6188797493145319,0,0,0,0,0,0,0,0.2156702156702157,0,0,0
MOTU8708,0,0,0,0,0,0,0,0,0,0,0,0,0,0,0,0,0,0,0,0,0,0,0,0,0,0,0,0,0,0,0,0,0,0,0,0,0,0,0,0,0,0,0,0,0,0,0,0,0,0,0,0,0,0,0,0,0,0,0,0,0,0,0,0,0,0,0,0,0,0,0,0,0,0,0,0,0,0,0,0,0,0,0,0,0,0,0,0,0,0,0,0,0,0,0,0,0,0,0,0,0,0,0,0,0,0,0,0,0,0,0,0,0,0,0,0,0,0,0,0,0,0,0,0,0,0,0,0,0,0,0,0.6070326958667489,0,0.5645438898450945,0,0.26594594594594595,0,0,0,0,0,0,0,0,0,0,0,0,0,0,0,0,0,0.0777251184834123,0,0,0,0,0,0,0,0,0,0,0,0,0,0,0,0,0,0,0,0,0,0,0,0,1,0,0,0,0,0,0,0,0,0,0,0,0,0,0,0,0,0,0,0,0,0,0,0,0
MOTU16523,0,0,0,0,0,0,0,0,0,0,0,0,0,0,0,0,0,0,0,0,0,1,0,0,0,0,0,0,0,0,0,0,0,0,0,0,0,0,0,0,0,0,0,0,0,0,0,0,0,0,0,0,0,0,0,0,0,0,0,0,0,0,0,0,0,0,0,0,0,0,0,0,0,0,0,0,0,0,0,0,0,0,0,0,0,0,0,0,0,0,0,0,0,0,0,0,0,0,0,0,0,0,0,0,0,0,0,0,0,0,0,0,0,0,0,0,0,0,0,0,0,0,0,0,0,0,0,0,0,0,0,0,0,0,0,0,0,0,0,0,0,0,0,0,0,0,0,0,0,0,0,0,0,0,0,0,0,0,0,0,0,0,0,0,0,0,0,0,0,0,0,0,0,0,0,0,0,0,0,0,0,0,0,0,0,0,0,0,0,0,0,0,0,0,0,0,0,0,0,0,0,0,0
MOTU17948,0,0,0,0,0,0,0,0,0,0,0,0,0,0,0,0,0,0,0,0,0,0,0,0,0,0,0,0,0,0,0,0,0,0,0,0,0,0,0,0,0,0,0,0,0,0,0,0,0,0,0,0,0,0,0,0,0,0,0,0,0,0,0,0,0,0,0,0,0,0,0,0,0,0,0,0.7060439560439561,0,0,0,0,0,0,0,0,0,0,0,0,0,0,0,0,0,0,0,0,0,0,0,0,0,0,0,0,0,0,0,0,0,0,0,0,0,0,0,0,0,0,0,0,0,0,0,0,0,0,0,0,0,0,0,0,0,0,0,0,0,0,0,1,0,0,0,0,0,0,0,0,0,0,0,0,0,0,0,0,0,0,0,0,0,0,0,0,0,0,0,0,0,0,0,0,0,0,0,0,0,0,0,0,0,0,0,0,0,0,0,0,0,0,0,0,0,0,0,0,0,0,0,0,0,0,0
MOTU2544,0,0,0,0,0,0.013191725010877736,0,0.09126984126984128,0,0,0,0,0,0,0,0,0,0,0,0,0,0,0,0,0,0,0,0,0,0,0,0.25584963559647106,0.047436170969347845,0,0,0,0,0.02246245032666532,0,0,0,0,0,0,0,0,0,0,0,0,0,0,0,0,0,0,0,0,0,0,0,0,0,0,0,0,0,0,0,0,0,0,0,0.7164339419978518,1,0,0,0,0,0,0,0,0,0,0,0,0,0,0,0,0,0,0,0.05025617842073538,0,0,0,0,0,0,0,0,0,0,0,0,0,0,0,0,0,0,0,0,0,0,0,0,0,0,0,0,0,0,0,0.368237026131763,0,0,0.05844724851033999,0,0,0,0,0,0,0,0,0,0,0,0,0,0,0,0,0,0,0,0,0.1582443653618031,0,0,0,0,0,0,0,0.03388194656100783,0,0,0,0,0,0,0,0,0,0,0,0,0,0,0,0,0,0,0,0,0,0,0,0,0,0,0,0,0,0,0.031474141185352966,0.39005847953216377,0.5007507507507508,0,0,0,0,0,0,0,0,0,0,0,0
MOTU5408,0,0,0,0,0,0,0,0,0,0,0,0,0,0,0,0,0,0,0,0,0,0,0,0,0,0,0,0,0,0,0,0,0,0,0,0,0,0,0,0,0,0,0,0,0,0,0,0,0,0,0,0,0,0,0,0,0,0,0,0,0,0,0,0,0,0,0,0,0,0,0,0,0,0,0,0,0,0,0,0,0,0.17215965551507123,0.036404706871191427,0,0.31847426470588236,0,0.2571237756010686,0,0,0,0,0,0,0,0,0.16653316244793337,0.05898876404494382,0,0,0,0,0,0,0,0,0,0,0.0694110576923077,0,0,0,0,0,0,0,0,0,0,0,0,0,0,0,0,1,0,0.0874117053481332,0,0.18217665615141956,0.26881303335919315,0,0.21375694016039481,0,0,0,0,0,0,0,0,0,0,0,0,0,0,0,0,0,0,0,0,0,0,0,0,0,0,0,0,0,0,0,0,0,0,0,0,0,0,0,0,0,0,0,0,0,0,0,0,0,0,0,0,0,0,0,0,0,0,0.09181240063593005,0.2035840188014101,0,0,0,0,0,0,0,0,0,0,0
MOTU13182,0,0,0,0,0,0,0,0,0,0,0,0,0,0,0,0,0,0.006739501536360532,0,0,0,0,0,0,0,0,0,0,0,0,0,0,0,0,0,0,0,0,0,0,0,0,0,0,0,0,0,0,0,0,0,0,0,0,0,0,0,0,0,0,0,0,0,0,0,0,0,0,0,0,0,0,0,0,0,0,0,0,0,0,0,0.06538588936734017,0,0,0,0,0,0,0,0,0,0,0.06741803278688524,0.08924050632911391,0,0,0,0.05574696413442531,0,0.06252771618625277,0,0,0,0,0,0,0,0.07908653846153846,0,0.12587278813964609,0,0,0,0,0,0,0,0,0,0,0,0,0.27920792079207923,0,0,0,0,0,0.10378548895899053,0,0,0,0,0,0,0,0,0,0,0,0,0,0,0.19410029498525075,0.2437037037037037,1,0,0,0,0,0,0,0,0,0,0,0,0,0,0,0,0,0,0,0,0,0,0,0,0,0,0,0,0,0,0,0,0,0,0,0,0,0,0,0,0,0,0,0,0,0,0,0,0,0,0,0,0,0,0,0,0,0
MOTU17318,0,0,0,0,0,0,0,0,0,0,0,0,0,0,0,0,0,0,0,0,0,0,0,0,0,0,0,0,0,0,0,0,0,0,0,0,0,0,0,0,0,0,0,0,0,0,0,0,0,0,0,0,0,0,0,0,0,0,0,0,0,0,0,0,0,0,0,0,0,0,0,0,0,0,0,0,0,0,0,0,0,0,0,0,0,0,0,0,0,0,0,0,0,0,0,0,0,0,0,0,0,0,0,0,0,0,0,0.48605769230769236,1,0.8380679100908656,0,0,0,0,0,0,0,0,0,0,0,0,0,0,0,0,0,0,0,0,0,0,0,0,0,0,0,0,0,0,0,0,0,0,0,0,0,0,0,0,0,0,0,0,0,0,0,0,0,0,0,0,0,0,0,0,0,0,0,0,0,0,0,0,0,0,0,0,0,0,0,0,0,0,0,0,0,0,0,0.1773684210526316,0,0,0,0,0,0,0,0,0,0,0,0,0
MOTU25242,0,0,0,0,0,0,0,0,0,0,0,0,0,0,0,0,0,0,0,0,0,0,0,0,0,0,0,0,0,0,0,0,0,0,0,0,0,0,0,0,0,0,0,0,0,0,0,0,0,0,0,0,0,0,0,0,0,0,0,0,0,0,0,0,0,0,0,0,0,0,0,0,0,0,0,0,0,0,0,0,0,0,0,0,0,0,0,0,0,0,0,0.13527054108216435,0,0,0,0,0,0,0,0,0,0,0,0,0,0,0,0,0,0,0,0,0,0,0,0,0,0,0,0,0,0,0,0,0,0,0,0,0,0,0,0,0,0,0,0,0,0,0,0,0,0,0,0,1,0,0,0,0,0,0,0,0,0,0,0,0,0,0,0,0,0,0,0,0,0,0,0,0,0,0,0,0,0,0,0,0,0,0,0,0,0,0,0,0,0,0,0,0,0,0,0,0,0,0,0,0,0,0,0,0,0,0
MOTU25534,0,0,0,0,0,0,0,0,0,0,0,0,0,0,0,0,0,0,0,0,0,0,0,0,0,0,0,0,0,0,0,0,0,0,0,0,0,0,0,0,0,0,0,0,0,0,0,0,0,0,0,0,0,0,0,0,0,0,0,0,0,0,0,0,0,0,0,0,0,0,0,0,0,0,0,0,0,0,0.0026735226618506457,0,0,0,0,0,0,0,0,0,0,0,0,0,0.002516928011404134,0,0,0,0,0,0.004308847330378857,0.037349712853424415,0.062148128873539286,0.001202801569673789,0,0,0,0,0,0,0,0,0.0015722298145479955,0,0,0,0.005363584583254225,0,0,0,0,0,0,0,0.041694852715085176,0,0,0.0027123905842441312,0,0,0,0,0,0,0,0.004228092494200404,0,0,0,0,0,0,0,0,0,1,0.5913848631239935,0.798929562574336,0,0,0,0,0,0,0,0,0,0,0,0,0,0,0,0,0,0,0,0,0,0,0,0,0,0,0,0,0,0,0,0,0,0,0.001785262891809909,0,0,0,0,0.005919329491880566,0.014786447065391862,0.003027758922510807,0,0.00969679633867277,0,0,0,0,0.002583999024330752,0.0012150973153159613,0.016061529714619625,0,0,0,0,0,0
MOTU25868,0,0,0,0,0,0,0,0,0,0,0,0,0,0,0,0,0,0,0,0,0,0,0,0,0,0,0,0,0,0,0,0,0,0,0,0,0,0,0,0,0,0,0,0,0,0,0,0,0,0,0,0,0,0,0,0,0,0,0,0,0,0,0,0,0,0,0,0,0,0,0,0,0,0,0,0,0,0,0,0,0,0,0,0,0,0,0,0,0,0,0,0,0,0,0,0,0.2757916241062308,0,0,0,0,0,0,0,0,0,0,0,0,0,0,0,0,0,0,0,0,0,0,0,0,0,0,0,0,0,0,0,0,0,0,0,0,0,0,0,0,0,0,0,0,0,0,0,1,0,0,0.889132821075741,0,0,0,0,0,0,0,0,0,0,0,0,0,0,0,0,0,0,0,0,0,0,0,0,0,0,0,0,0,0,0,0,0,0,0,0,0,0,0,0,0,0,0,0,0.10121204548294391,0,0,0,0,0,0,0,0,0,0
MOTU26015,0,0,0,0,0,0,0,0,0,0,0,0,0,0,0,0,0,0,0,0,0,0,0,0,0,0,0,0,0.01795852389213058,0,0,0,0,0,0,0,0,0,0,0,0,0,0,0,0,0.09833765112262521,0,0.24542025862068964,0,0,0,0,0,0,0,0,0,0,0,0,0,0,0,0,0,0,0,0,0,0,0,0,0,0.12231471535982813,0,0,0,0,0,0,0,0,0,0,0,0,0,0,0,0,0,0,0,0,0,0,0,0,0,0,0,0,0,0,0,0,0,0.15968048878205127,0.36606701285855586,0.36306392475689464,0,0,0,0,0,0,0,0,0,0,0,0,0,0,0,0,0,0,0,0,0,0,0,0,0,0,0,0,0,0,0,0,0,0,0,0,0.9669333768778576,1,0.6915485829959513,0,0,0,0,0,0,0,0,0,0,0,0,0,0,0,0,0,0,0,0,0,0,0,0,0,0,0,0,0,0,0,0.0275859980620155,0,0,0,0,0,0,0,0,0,0.030173555908850028,0,0,0,0,0,0,0,0,0,0,0,0
MOTU32552,0,0,0,0,0,0,0,0,0,0,0,0,0,0,0,0,0,0,0,0,0,0,0,0,0,0,0,0,0,0,0.10132294123679624,0,0,0,0,0,0,0,0,0,0,0,0,0,0,0,0.17576943604340864,0,0,0,0,0,0,0,0,0,0,0,0,0,0,0,0,0,0,0,0,0,0,0,0,0,0,0,0,0,0,0,0,0,0,0,0,0,0,0,0,0,0,0,0,0,0,0,0,0,0,0,0,0,0,0,0,0,0,0,0,0.028273809523809524,0.10470538363713439,0.11250028466671222,0,0,0,0,0,0,0,0,0,0,0,0,0,0,0,0,0,0,0,0,0,0,0,0,0,0,0,0,0,0,0,0,0,0,0,0,0.9218997853877018,0.387329465265799,1,0,0,0,0,0,0,0,0,0,0,0,0,0,0,0,0,0,0,0,0,0,0,0,0,0,0,0,0,0,0,0,0,0,0,0,0,0,0,0,0,0,0,0,0,0,0,0,0,0,0,0,0,0,0
MOTU491,0.06360799001248439,0,0,0.03493075551899081,0.06003788908830514,0.026871299922207718,0,0,0,0.02194229112833764,0,0.04218413644643152,0,0,0.0022708026919819936,0.03536557149467839,0.10130506299369157,0.5237832403930047,0,0,0,0,0.006359369929354201,0,0,0.007835086424309528,0.008728200911364647,0,0,0,0,0,0,0,0,0,0.010091107149930677,0.011438898991940009,0.01235241350886125,0,0,0,0,0,0,0,0,0,0.00772742439409106,0.025802694216550185,0,0,0,0,0,0,0,0,0,0,0,0,0,0,0,0,0,0,0,0,0,0,0,0,0,0.03888125763125763,0.035829817158931083,0.2188573883161512,0,0,0.006028230338740401,0.028127415258915756,0,0.07488242210464431,0,0.035844941606866465,0.008401767751723228,0.0042121362433862435,0.04587610300738339,0.006419949094024847,0.021060681216931214,0.014181140057893562,0.763708636915604,0.8061708860759492,1,0,0.009637574244315815,0.039968307759892054,0.016549730396933672,0,0.007700096723491717,0.004619806684438641,0,0.011986261086409296,0,0,0,0.005670183404558404,0.027997582151884817,0.02256141842464176,0.006038733229033328,0,0.003183260858699455,0.31450617283950616,0.37081513828238716,0.20090694006309145,0,0,0,0.10742146320893949,0.08474717232202261,0.028390727738771868,0,0,0.040844957511624175,0,0,0,0.14881995560228997,0.043918627704508224,0.12229956793086892,0,0.03650759529951275,0.03247912284056862,0.05745376635092467,0.0153003003003003,0.08867037939436129,0.0326476996027169,0.014696550132687202,0,0,0,0.03893473941616995,0.41748607014093736,0.01747256515775034,0.37281886749971854,0,0.01553543115014026,0,0,0,0,0,0,0,0,0.002686046266422049,0.008627112330251615,0,0.0026703354297693918,0,0.03845863526570048,0,0,0,0,0,0,0,0,0,0,0,0,0,0,0,0,0,0,0.006856965977605512,0.008091925544755732,0.010339928970065956,0.01297824647205665,0.016009929612870788,0.022735385988398034,0,0,0.024042091355228386,0,0,0,0.003536868118899857,0,0.00992480910082593,0.0046670330676925895,0,0,0.029454272170193085,0,0,0,0
MOTU7729,0,0,0,0,0,0,0,0,0,0,0,0,0,0,0,0,0,0,0,0,0,0,0,0,0,0,0,0,0,0,0,0,0,0,0,0,0,0,0,0,0,0,0,0,0,0,0,0,0,0,0,0,0,0,0,0,0,0,0,0,0,0,0,0,0,0,0,0,0,0,0,0,0,0,0,0,0,0,0,0,0,0,0,0,0,0,0,0,0,0,0,0.33466933867735466,0,0.3019891500904159,0,0.21403396347324574,0.2274429690160027,0,0,0,0,0,0,0,0,0,0,0.13381410256410256,0,0.10648812370476644,0,0,0,0,0,0,0,0,0,0,1,0,0,0,0,0,0,0,0.3512092534174553,0,0.641382621219395,0,0,0,0,0.36108108108108106,0,0,0,0,0,0,0,0,0,0,0,0,0,0,0,0,0,0,0,0,0,0,0,0,0,0,0,0,0,0,0,0,0,0,0,0,0,0,0,0,0,0,0,0,0,0,0,0,0,0,0,0.27444535743631876,0,0,0,0,0,0,0,0,0,0,0,0,0.03785131459655485,0,0
MOTU2555,0,0,0,0,0,0,0,0,0,0,0,0,0.027815502238317993,0.022705809895298704,0,0,0,0.022656196654148173,0,0,0,0.06682779456193354,0,0,0,0,0,0,0,0,0,0,0,0,0,0,0,0,0,0,0,0,0,0,0,0,0,0,0,0,0,0,0,0,0,0,0,0,0,0,0,0,0,0,0,0,0,0,0,0,0,0,0,0,0,0,0,0,0.0200616724106657,0,0,0,0,0,0,0,0,0,0,0,0,0,0.07554644808743169,1,0.10853778213935229,0,0.03765747361252979,0,0,0,0.030087051142546246,0,0,0,0,0,0,0,0,0,0,0,0,0,0,0,0,0,0,0,0,0,0,0,0,0,0,0,0,0,0,0.06822948797038865,0.04754944110060189,0,0,0.05978378378378378,0.038496345283675605,0,0,0,0,0,0,0,0,0,0,0,0,0,0,0,0,0,0,0,0.010495350161320933,0,0,0.020867924528301884,0.009718804920913884,0,0.06873834679925418,0,0,0,0,0,0,0,0,0,0,0,0,0,0,0,0,0,0,0,0,0,0,0,0.04438202247191011,0,0.2505096262740657,0.48508771929824557,0.3516693163751987,0,0,0,0,0,0,0,0,0.04529074529074529,0,0,0.006004017154334727
MOTU37,0.004982617508909208,0.0015666025375397534,0.0023562856444894766,0.07980693922383887,0.11793576799110113,0.06525236362682096,0.07558857243629309,0.060073676616035895,0.12505723584120687,0.029219768569688494,0.06951994120506576,0.03304418467160354,0.036246217857552145,0.03436737666918028,0.030061592439431767,0.05355910324592873,0.049296598042431805,0.07146118003218097,0.03703671700664696,0.056868967312085225,0.03537012628457982,0.04019211102352745,0.11457445563622948,0.037358286559285116,0.04142434819981763,0.09758583738038504,0.1476809111798807,0,0,0.12237627026238883,0.10505346463507785,0.14288472764328825,0.04967202967863937,0.07561629101804458,0.11399406241418278,0.09669889446805063,0.04110437403071625,0.052866689309521625,0.07789212992053245,0,0,0,0.003959401413329638,0,0,0,0,0.0047785879126392185,0,0,0.001459687156987885,0,0,0.01802654302003738,0,0,0,0,0.006832865304975648,0,0.0066584528272210135,0.03680107537700577,0.009277258541692876,0,0,0.005819592628516004,0,0.0035533089606804447,0.015882985612210587,0.04790058358900955,0.05709694741968921,0.009782050550579107,0.0037517170752362056,0,0.013296940278648261,7.614233487172382e-4,0.0014033321464965807,0,0.15363597865762313,0,0.17212075742494853,0.1689204710291015,0.250193568610315,0.13239903138753076,0.2690063901409254,0.044925584630772765,0.22179229288322036,0.2527417902175419,0.08265330665103038,0.3957784964578449,0.46522966606623256,0.38805836697643586,0.41573714839961207,0.36586873819375143,0.21976814910493067,0.58184551881112,0.6605742909538723,0.44082304806299827,0.34786555391327245,0.22334184468981377,0.1954281263423639,0.6933702204090368,0.6100824149552992,0.6694515334805243,0.5987753792833079,0.651553787882893,1,0.6338214858613743,0.7944650551019293,0.7058628708042087,0.43913258741494127,0.5391757328679995,0.2678072858786525,0.22172647914645977,0.2840164507261784,0.10666652387960603,0,0,0,0,0,0,0.0062723190706212096,0,0,0.004080354787384243,0.007830904914355289,0.002396179529680761,0.029143858983498916,0.010320860161976404,0.03193372239267304,0.008207025754958411,0.0047662613746014566,0.011448871556615822,0,0,7.717594122744858e-4,0.0012786994183763539,0,0.0010784361826189678,0.0010976558373587118,0.0019247090203685742,0.0030498827943116888,0,0,0.006739406660986619,0,0,0,0.003156248813472737,0.006734289419786174,5.804358092839261e-4,0,0,0,0.011510784121814912,0.014518055666260887,0.02342736343719579,0.017559016364795864,0.01903500905879985,0.08904130137955371,0.04669511449415932,0.031694897578424946,0.05511844679347022,0,0.0010720919291471985,0.001721330382401568,0,0.0014951212349727562,0.005381710658894654,0.007632581037743882,0.016363577796786696,0.010170939410388062,0,0.005889149512522171,0,0,0.01425893756568873,0,0.2139738050504297,0.3335565492973631,0.6072440452324427,0.23893812364641326,0.24161849248269265,0.36369162303435143,0.23686443153798512,0.5124978009163756,0.711455958148665,0.5147670240659598,0.5105543927714534,0.3378185625575367,0.0026054815410864835,2.770542036067222e-4,0.008855435419059837,0.00932930487292257,0.004387003709410581,0.018524188232359514,0.003948824205635971,0.0023072474416905285,0.0018159416801511858,0,0,0
MOTU1088,0,0,0,0.028765352294764058,0.038031528486741406,0.024894471850684025,0.14262820512820512,0.17223786066150595,0.21035103268605806,0.3071797711332595,0.4983033593484899,0.2779078844652615,0.13483201237841344,0.10767076282370883,0.13276985082039233,0.03343800268834975,0.022752097422668434,0.032628558422344696,0.02595715346272139,0.03284882160304933,0.03485970659450221,0.021126456624946048,0.031421510414995024,0.04245814901552606,0.13399486740804106,0.17850991660735155,0.20844162518538095,0,0,0.2793080195040979,0.3179332034321266,0.321880650994575,0.0745984333567009,0.12821520247262821,0.1350298265577049,0.20045045045045043,0.5069094304388422,0.45215483647490107,0.24921812495454213,0,0,0,0,0,0,0,0,0,0,0,0,0.258994708994709,0,0.5685249709639953,0.07528915959148516,0,0.038464560741788466,0.3329931972789115,0,0.12901950448075908,0,0.09672001580715273,0.39011755329746955,0.09475416182733257,0,0,0,0.037355006105006104,0.10018419975440032,0,0.0363784998978132,0.034278711484593834,0.03944081862863588,0.0250370825021738,0,0,0,0,0.15221165556736027,0,0.1638194624032128,0.09265130364832252,0.31836920521518125,0.05285606306014469,0.3427871148459383,0,0.055350605662270846,0.013874716553287982,0,0.02643402564019484,0.017343395691609975,0.0856395330343226,0.5970677205308352,0.5479634891931455,0.9607458292443571,0.7020490990372439,1,0.6582751711246486,0.12720067563178067,0.1402853824456612,0.30436810197419556,0.053261520047875516,0.03517533774073009,0.18260689835959792,0,0,0.005098321043202933,0.4389213217338217,0.4841740850642927,0.44218608852755187,0.0016576250753465942,0.003946307642695904,0.015728423623160463,0,0,0,0,0,0,0,0,0.07013898839375268,0,0,0,0.017158280316175053,0.01176060737110182,0.016793605050089196,0.4534449952431025,0.7775869075326018,0.6938024369613424,0.37387268294115916,0.34072390779183553,0.32095729858208344,0.2523358463818545,0.125997425997426,0.20283261233487476,0.14786895150216947,0.10892300845571871,0.05668658513989253,0.10385431400282884,0.06070188492063491,0.22443833104080696,0.022919885751744157,0,0.04723307762821441,0.060900127523249664,0.12793372014008678,0.09437054173896278,0.016590408405355025,0.07079582022634415,0,0,0,0,0.2722721794752943,0.7210955363356198,0.3504835440220993,0.09575779430758644,0.19791105121293798,0.4403820403381036,0.1583527432712215,0.08692177927727958,0.10535377993005111,0,0,0.006031965102093627,0.21886876816454282,0.031435635616350384,0.056576514100785937,0.5014957790345053,0.602091020910209,0.7128294742973641,0.015813788201847902,0.21668880035413898,0.04945443523944231,0.5002043735949315,0.5246516613076099,0.18950832365466513,0.163003663003663,0.12422711332595053,0,0.004257447271145901,0,0,0.018722509083954866,0.07482993197278912,0.03830653050044997,0.3497748476514048,0.37826858813700914,0.39528604234486586,0.1917352134743439,0.07864015279984292,0.2792846170726355,0.13076871702397647,0.04227613551603659,0.3132772905747842,0.3424818725353008,0.09702195134036966,0.104997854997855,0.007924815438414713,0.008030843689758418,0.005061511060099627
MOTU157,0,0,0,0.0014759474162953866,0,8.515552792248926e-4,0.012545553038510786,0,0.0040474091021027465,0,0,0.01069456980332067,0.0014438018888442573,0,5.756964571221957e-4,0.00796970625232189,0.004669631584856463,0.012005010603051564,0.007991154051256314,0.012135382758784953,0.007154592560347128,0.010839964256840135,0.0032244692599542437,0.0032677852176813157,0.003437631778696129,0.008607559733748497,0.006638349988925226,0,0,0,0,0,0.0045931659940440595,0,0,0,0.010233235419648013,0.01305001152601607,0.006263195581957818,0,0,0,0,0,0,0,0.008936558328802203,0,0.0019590653393470295,0,0,0,0.2290230746179203,0,0.004635695308803727,0,0.017762515688188537,0,0,0,0.021549718732817327,0,0,0,0,0,0,0,0,0,0,0,0,0,0,0,0,0,0.06898802574197224,0,0.12379098357582402,0.047539293395350575,0.11158398172180806,0.018984276026529547,0.06595640016570009,0,0.04899058942554108,0.030968100268276327,0.01163056132581551,0.25715965103389676,0.4031192362508384,0.42064057692850493,0.9386713037789579,0.7850839212490132,1,0.7633613278517629,0.7867518354937251,0.7417217225976589,0.5328546998223996,0.2227600637081915,0.544646278103879,0.2061344729056566,0.20394727520049877,0.24310163330182236,0.046781876561621805,0.11626013061609883,0.07376960802434906,0.17968891070783677,0.16147901255206812,0.14528282399642556,0.0076547322621549245,0.011339140940450833,0.005649167157691991,0.017718657624760912,0.020890993706049986,0.022637401697249745,0,0,0,0,0,0,0,0,0,0,0,0,0.01509160113149983,0.05567149990712311,0.01033517475472132,0.022134658661407063,0.009255446695651122,0.02058535954683927,0.014565743581924565,0.0038789493719071184,0.017484300162268426,0.0041384407947105935,0,0.00698059955061106,0,0,0,0,0,0,0,0,0,0,0,0,0,0,0,0,0.014981328471875091,0.010935776193276698,0.00497251973531946,0.006092878022854106,0.01198111339389589,0.06337549755052051,0,0.012162807352590118,0,5.782944909362695e-4,0,0,0.038711025424292216,0.017417612470942156,0.08028290223267315,0.18535938880515568,0.153615884911918,0.014605270701549869,0.06670968707330303,0.007612506723509373,0.015399262527957445,0.02307413613513881,0.04375644108553762,0.09534620309268198,0.031290943334425156,0.0553898002077646,0.18480802623962955,0.12722337386692154,0.15220707730546174,0.8530572996210193,0.2879637374810662,0.5749100188642124,0.4347893704241303,0.24864405732641462,0.3270486725333453,0.012648747951871039,0.0035866831628280243,0.019841630427727658,0.010064595144499536,0.0023663829639004683,0.015639788604492923,0.025560307526369258,0.022401840805498965,0.005877196018041089,0.0012198645180238276,0,7.791169141770989e-4
MOTU1653,0,0,0,0,0,0,0,0,0,0,0,0,0,0,0,0,0,0,0,0,0,0,0,0,0,0,0,0,0,0,0,0,0,0,0,0,0,0,0,0,0,0,0,0,0,0,0,0,0,0,0,0,0,0,0,0,0,0,0,0,0,0,0,0,0,0,0,0,0,0,0,0,0,0,0,0,0,0,0.3050797681670165,0,0.013929806710128294,0.006190073099645806,0,0,0,0,0,0,0,0.025431386737805428,0.013904635928445451,0.11235168750198811,0.7531297886489144,0.760354774821321,0.9536478859344414,0.45507053260978286,0.4263141491605911,0.4697026069519716,0.3387192075556917,0.04735592192038185,0.17793092330633137,0.13420345197724012,0.12220412421619666,0.03956771265685091,0,0,0,0.026204890788224123,0.009242250587453357,0.020853629015592987,0,0.003163853953921674,0,0.023071395910902084,0,0,0,0,0,0,0,0,0,0,0,0,0,0,0.01965071576007433,0,0.008971594185228367,0.4380860987893684,0.3053041986833904,0.3323710564100696,0.3919639724781809,0.26263978263978266,0.2471763195745096,0.09699566100950184,0.07762338811144626,0.13634117719720834,0.04625700665304626,0.016222075249853026,0.05141081344657686,0,0,0,0,0.010256767666207842,0,0,0,0,0,0,0,0,0,0,0,0,0,0,0,0,0,0,0,0,0,0,0,0,0.014287332330145786,0.012678311185773871,0.024817836238818974,0,0,0.060089487742220865,0.03798339570697295,0,0,0.00534243301538899,0.044372931313570584,0.042842344538814046,0.01585505997270703,0.4052782558806655,0.05999303591598937,0.1458787112032798,1,0.7294811101828647,0.5991593834731089,0,0,0,0.01310507060857692,0.01232503260532939,0.01357633903947017,0.19137137391812367,0.11667740283765257,0.12244278910945579,0.022237332527450387,0.011803970000926648,0.008115881086946719
MOTU20322,0,0,0,0,0,0,0,0,0,0,0,0,0,0,0,0,0,0,0,0,0,0,0,0,0.12179640718562873,0.0938365011994833,0,0,0,0,0,0,0,0,0,0,0,0,0,0,0,0,0,0,0,0,0,0,0,0,0,0,0,0,0,0,0,0,0,0,0,0,0,0,0,0,0,0,0,0,0,0,0,0,0,0,0,0,0,0,0.05414758811628154,0,0,0,0,0,0,0,0,0,0,0.08491983967935872,0,0,0,0,0,0,0,0,0,0,0.1278923541247485,0,0,0,0,0.2037259615384615,0,0.3242467718794835,0,0.057392776523702026,0,0,0,0,0,0,0,0,0,0,0,0,0,0,0,0,0,0,0,0,0,0,0,0,0,0.29325259515570934,0,0,0,0.44140624999999994,0,1,0,0,0.6642717178314826,0,0,0,0,0,0,0,0,0,0,0,0,0,0,0,0,0,0,0,0,0,0,0,0,0,0,0,0,0,0,0,0,0,0,0,0.09287671232876712,0,0,0,0,0,0,0,0,0,0,0,0,0,0,0,0,0,0,0,0
MOTU21945,0,0,0,0,0,0,0.3708041958041958,0,0,0,0,0,0,0,0,0,0,0,0,0,0,0.0427190332326284,0,0.06438979963570128,0.03386826347305389,0.03914006274220336,0.043601603453592354,0,0,0,0,0,0,0,0,0,0,0,0,0,0,0,0,0,0,0.12210708117443869,0,0,0,0,0,0,0,0,0,0,0,0,0,0,0,0,0,0,0,0,0,0,0,0,0,0,0,0,0,0,0,0,0,0,0.015056969438824407,0,0,0,0,0,0,0,0,0.032070764345656616,0,0,0,0,0,0,0,0,0,0.04478935698447894,0,0,0.03556338028169015,0.05987719669701461,0,0,0,0.14162660256410256,0.06993076162215628,0.09016419575960466,0,0.023939051918735892,0.03180386864597391,0,0,0,0,0,0,0,0,0,1,0,0.4080808080808081,0,0,0,0,0,0,0,0,0,0,0.07643243243243243,0,0.08154555940023069,0.4404984423676013,0,0.35000000000000003,0.2454861111111111,0,0.5561455260570305,0,0,0,0.38803512623490677,0.1431174089068826,0.10064056939501781,0,0.03701570680628273,0,0,0,0,0,0,0,0,0,0,0,0,0,0,0,0,0,0,0,0,0,0,0,0,0,0,0,0,0.03425387596899225,0,0.02582648401826484,0.021610881858474706,0.039988687782805434,0.11357429718875503,0,0,0,0.06201754385964913,0,0,0,0,0,0,0,0,0,0,0,0,0
MOTU3582,0,0,0,0,0,0,0,0,0,0,0,0,0,0,0,0,0,0,0,0,0,0,0,0,0,0,0,0,0,0,0,0,0,0,0,0,0,0,0,0,0,0,0,0,0,0,0,0,0,0,0,0,0,0,0,0,0,0,0,0,0,0,0,0,0,0,0,0,0,0,0,0,0,0,0,0,0,0,0,0,0,0,0,0,0,0,0,0,0,0,0,0,0.8109114152504137,1,0.7766923859513284,0.006502267856985381,0.02763851274314113,0.005731030212270933,0,0,0,0,0,0,0,0,0,0,0,0,0,0,0,0,0,0,0,0,0,0,0,0,0,0,0,0,0,0,0,0,0,0,0.008724668091853557,0,0,0,0,0,0,0,0,0,0,0,0,0,0,0,0,0,0,0,0,0,0,0,0,0,0,0,0,0,0,0,0,0,0,0,0,0,0,0,0,0,0,0,0,0,0,0,0,0,0,0,0,0.01630006263586456,0.05700443253272858,0.016675084619269823,0.8733363117811463,0.8010622887493963,0.5753611139471906,0,0,0,0,0,0,0,0,0,0,0,0
MOTU4939,0,0,0,0,0,0,0,0,0,0,0,0,0,0,0,0,0,0,0,0,0,0,0,0,0,0,0,0,0,0,0,0,0,0,0,0,0,0,0,0,0,0,0,0,0,0,0,0,0,0,0,0,0,0,0,0,0,0,0,0,0,0,0,0,0,0,0,0,0,0,0,0,0,0,0,0,0,0,0,0,0,0,0,0,0,0,0,0.06969246031746032,0,0,0,0,0,0,0,0,0,0,0.0912752549860326,0,0,0.07643762580925956,0,0.09916013833015738,0,0,0,0,0,0.22397576916945638,0,0,0,0,0,0,0,0,0,0,0,0,0,0,0,0,0,0,0,0,0,0,0,0,0,0,0,0,0,0,0,0,0.6441999082989454,0,0,0,0,0,0.474021592442645,1,0.35560617565173375,0,0,0,0,0,0,0,0,0,0,0,0,0,0,0,0,0,0,0,0,0,0,0,0,0,0,0,0,0,0,0,0,0,0,0,0,0,0.26519441298603247,0,0.372284048754637,0,0,0,0,0,0,0,0,0,0,0,0
MOTU5684,0,0,0,0.0019650460826931416,0.006235310200067909,0.00680245927664938,0.0167028917028917,0.02353215284249767,0.0107772747366656,0.00740624345275508,0,0,4.805620468816485e-4,0,0,8.842252710832072e-4,5.180876337538124e-4,3.2618825722273995e-4,0.010639258412086919,0.021542399219964044,0.004762738810595241,0.00865926349310035,0.0021464960804435077,0.004350662137547383,0.013730377083670496,0.015867593003595953,0.017676325724429332,0,0,0,0.01371723482276246,0,0,0,0,0,0.0034060798766681116,0.005791505791505791,0,0,0,0,0.01706081081081081,0,0,0.02475143537319703,0,0,0,0,0,0,0,0,0,0,0,0,0,0,0,0,0,0,0,0,0,0,0,0.0091733596294326,0.0074553679703894295,0,0,0,0,0,0,0,0,0,0.025434069998014196,0.0063292839046399825,0.05219697529006207,0.014443014443014443,0.05268779809220986,0,0,0,0,0,0,0,0,0,0,0.012244862613334255,0.016264988175100532,0,0.022344308838169683,0.00605261580871337,0.033787459930006175,0.0389834097194959,0.06487913970308336,0.11732693947387997,0.005662220893354833,0,0.022986569246411764,0.0765549203049203,0.07087577191434757,0.05178349080788105,0.014947318246991123,0.0215667134403026,0.010744550218234427,0,0,0,0,0,0,0.01812913482742705,0.0429074283864703,0.009582802461438368,1,0,0.15165165165165165,0.0035163982532403584,0,0,0,0,0,0,0,0,0,0,0.003325462601480701,0.07162785622993235,0.03968454435744155,0.05576296140498475,0.4209459459459459,0.2985641891891892,0.09199226737053422,0.04697175051157351,0.01769269269269269,0.038719570634464254,0.037442406482249724,0.09963064051977334,0.029010285589232958,0.06800038472636337,0.02176322107984978,0.010004245082779115,0,0,0,0,0,9.706445244390991e-4,0,0,0,0,0,0,0,0,0,0,0,0,0,0,0,0,0,0,0,0,0,0,0,0,0,0,0,0,0,0,0,0.01676149834044571,0,0,0,0,0,0,0,0,0,0,0,0,0
MOTU630,0,0,0.007194057219061908,0.06683282115808067,0.06627124662885223,0.05783929805457249,0.03550493624023036,0.03334782188737564,0,0.06297309621523028,0.36662009221740954,0.060533006048917336,0.026559499610920273,0.03335466808361612,0.04887803496850004,0.04323025832267196,0.006607718734150567,0.14838129857610508,0,0,0,0.061355962324506845,0.009125510460306342,0.03699239258544948,0.0291863332159211,0.07495413740325435,0.32564256044693546,0,0,0.19173181255072835,0.17495038216291542,0.5608881066811074,0.4679652104067571,0.8936776030544231,1,0.5239377077612372,0.15928489042675895,0.07386518964021252,0.1418028263018059,0,0,0,0,0,0,0,0,0,0,0,0,0,0,0,0,0,0,0,0,0,0.2439498321851263,0,0,0,0,0,0,0,0,0,0,0,0,0,0,0,0,0,0,0,0,0,0,0,0,0,0,0,0,0,0,0,0.013872147219543555,0,0.07972060266697453,0,0,0,0,0,0,0,0,0.008599967617790288,0,0,0,0,0,0,0,0,0,0,0,0,0,0,0,0,0,0,0,0,0,0,0,0,0,0,0,0,0,0,0,0,0,0,0,0,0,0,0,0,0,0,0,0,0,0,0,0,0,0,0,0,0.042398378975807435,0.028885860958220533,0.03618677722524369,0.07280521642619311,0.40689031324304764,0.08278053069053708,0.050488063466530175,0,0,0,0,0,0,0,0,0,0,0,0,0,0,0,0,0,0,0,0,0,0,0,0,0,0,0,0.032287477789207895,0,0,0,0,0,0,0,0,0,0,0,0
MOTU166,0,0,0.0021087938363443144,0.02326396030440148,0.029139133627019087,0.020486605553577786,0.03642646416083916,0.0733143472906404,0.050364847715736044,0.02768895348837209,0.008484263657957245,0.008872019374068554,0.005988758110759017,0.004277548244713611,0.014327617328519856,0.009641803563165201,0.005487941272165284,0.01321110020484807,0.013258630289532294,0.01174517333709132,0.014838297607178464,0.016186744712990937,0.020062205122444395,0.04066342213114754,0.0057035928143712574,0.010985652334379037,0.023863899167437558,0,0,0.03674768518518518,0.055556801866475235,0.027402186421173765,0.011431219330061873,0.05239273927392739,0.11207910934105722,0.06582079238329239,0.01697860962566845,0.006014472620731462,0.016886455378572987,0,0,0.011370225102319236,0.010630580357142858,0.06470788043478261,0.10061619718309858,0.04626781088082901,0.06672244707347447,0.03849003232758621,0.03737970925470926,0.07597424794895169,0.06074617346938775,0.06614583333333333,0.0633311170212766,0,0.007691375968992249,0.013674866003062789,0.0024559096534653465,0.21261160714285712,0,0.04393450184501845,0.17877252252252251,0.27171939834024894,0.3611728556485356,0.6775914634146342,0.16848466981132076,1,0.25635466507177035,0.14310396634615385,0.31556679799426934,0.8573871819491119,0.8036602614124073,0.4377297794117647,0.3223350253807106,0.11509801288936627,0.23205584707646176,0.10221711881868133,0.3654766613924051,0.22247503221649484,0.01619751042989298,0,0.011410526035565968,0.09859431931103015,0.03002206345870981,0.1507405045351474,0.21886488970588236,0.057797330097087374,0.05477793855743544,0.05403878348214286,0.0675395056726094,0.11476879677931504,0.14174107142857142,0.11333604709418839,0.06912781762295082,0.11303401898734178,0.11100036800785085,0.10109440083306633,0.06283516343207354,0.10591552527534595,0.18099541999610214,0.04525657269559709,0.06153937704026116,0.07675809939611555,0.15871007293762576,0.0957945161973322,0.009408336625839588,0,0.016927083333333336,0.20750075120192307,0.10746244436201781,0.09300274988043998,0.04741501920068269,0.056440462753950336,0.04686445681511471,0.0587962962962963,0.20363673580786026,0.08450808359621452,0,0,0,0.04518500948766604,0.04455931886227545,0.07762349548645937,0.0926228783592645,0.026225220264317183,0.06013257575757577,0.16213884799411116,0.38145654641775983,0.18013778818443804,0.24726439274447948,0.13855217222653218,0.42297767642822853,0.21667759099321404,0.5912174871023216,0.18101871772805508,0.31819815629228687,0.2445608108108108,0.30252567003132613,0.312418901384083,0.2163648753894081,0.17662481760700388,0.17093131188118812,0.0775146484375,0.05732032324621734,0.04682890855457227,0.11024305555555555,0.13872530395136778,0.20608466688438928,0.17316993688254664,0.3133223684210526,0.19490658362989324,0.22149060364464693,0.02181773560209424,0.06097951344430218,0.015987855450236964,0.0327544704264099,0.0038631570408825438,0.01412299535016132,0.01814423956110942,0.007660921104731736,0.014602004716981132,0.02720232864674868,0.008088485054347826,0.011099673710379118,0.020180084745762713,0,0,0,0.0838468309859155,0.05619942683749157,0.2119235436893204,0.1434487951807229,0.3295087638376384,0.25942517201834864,0.0040387550881953865,0.03162350597609562,0.004210130834512023,0.22994903433476396,0.17227692926045016,0.20569740853658539,0.004163024475524475,0.015863462936046513,0.005105596054888507,0.09024828767123287,0.05732032324621734,0.16330687924208145,0.04303463855421687,0.05733346709470305,0.061145490961380444,0.10618541194790487,0.06005345394736842,0.05363175675675676,0.2833155846063455,0.07513002936398851,0.3474942396313364,0.1210663569424965,0.054967023907666945,0.2032668906647294,0.05036036286731968,0.0805313475546306,0.05119394963144963,0.013155704612420672,0.005811261843238588,0.002262193963411324
MOTU3085,0,0,0,0,0.07407407407407407,0.026937225584430995,0,0,0,0,0,0,0,0,0.109265944645006,0.10504396112910688,0.06154763841440268,0.12400136565380673,0,0,0,0.06858006042296072,0.0509997753313862,0.10336976320582877,0,0.16755859014578334,0.0699969164353993,0,0,0,0,0,0.048431832728824405,0,0,0,0.08092691622103386,0,0.09906174994545057,0,0,0,0,0,0,0,0,0,0,0,0,0,0,0,0,0,0,0,0,0,0,0,0,0,0,0,0,0,0,0.10897743638982235,0,0.3338235294117647,0,0,0,0,0,0,0,0,0,0,0,0,0,0,0.20213713268032055,0,0,0.05148559764118847,0,0,0,0,0,0.07273309836590836,0,0,0.04424088871564996,0,0,0,0.05709255533199195,0.04806267203048909,0,0,0,0.0454727564102564,0.16839762611275963,0.10856049736967957,0,0.012810383747178328,0,0,0.16521106259097526,0,0,0,0,0,0,0,0,1,0,0,0,0,0,0,0.10897743638982235,0.14003701418877235,0.09759243336199483,0,0,0,0.23703445875391574,0.2618223760092272,0,0.11040856031128404,0,0.19704861111111108,0,0,0,0,0,0,0,0,0,0,0,0,0,0.14730694354315377,0.21541089390776236,0.06918622371228283,0.2359433775490002,0.2569811320754717,0.6582601054481545,0,0,0.25649717514124293,0,0,0,0,0,0,0,0,0,0,0,0,0,0,0,0,0,0,0.041461187214611867,0,0,0,0.09109149277688602,0,0.06426953567383918,0,0.06014838367779544,0.26674500587544064,0,0.20921658986175112,0,0.03742786479802143,0,0,0.23621227887617066,0,0,0,0
MOTU31268,0,0,0,0,0.17196932615434818,0.06253708318500059,0,0,0,0,0,0,0,0,0,0,0,0,0,0,0,0,0,0,0,0,0,0,0,0,0,0,0,0,0,0,0,0,0,0,0,0,0,0,0,0,0,0,0,0,0,0,0,0,0,0,0,0,0,0,0,0,0,0,0,0,0,0,0,0,0,0,0,0,0,0,0,0,0,0,0,0,0,0,0,0.22245673279864922,0,0,0,0,0.19605654761904762,0,0,0,0,0,0,0,0,0,0,0,0,0,0,0,0,0,0,0,0,0,0,0,0,0,0,0,0,1,0,0,0,0,0,0,0,0,0,0,0,0,0,0,0,0,0,0.303921568627451,0,0,0,0,0,0,0,0,0,0,0,0,0,0,0,0,0,0,0,0,0,0,0,0,0,0,0,0,0,0,0,0,0,0,0,0,0,0,0,0,0,0,0,0.15065751858204687,0,0,0,0,0,0,0,0,0,0,0,0,0,0,0,0,0,0,0,0,0
MOTU32714,0,0,0.038284421918853374,0.2000601208746005,0.1587032644301367,0.05130030761928235,0.09447283485745026,0.26619931792345586,0.4266996398976095,0.08378056052474657,0.5647725196418784,0.16106843975696436,0.043489531945847024,0.09984523790723751,0.0780338794779228,0.29007225999359276,0.16409922705676735,0.1918743598497781,0.12035292102107248,0.09138409504813112,0.16163049313597672,0,0.21853343241795278,0.09843071318481156,0.12943344081068633,0.14958053572189023,0.1666310870751204,0,0,0,0.07758573085206252,0.3731079047534744,0.16141208908437413,0.1188965050351189,0,0.06638631638631638,0.15412038941450706,0.06551440073363694,0.37731415431611814,0,0,0,0,0,0,0,0,0,0,0,0,0,0,0,0,0,0,0,0,0,0,0,0,0,0,0,0,0,0.6193519947101609,0,0.12650439689066298,0,0,0,0,0,0,0,0.078416051570414,0,0.04603425538363245,0,0.13626004170236153,0,0.19867081447963802,0,0.06415964563782908,0,0,0,0,0,0.332203656998739,0.24429684239810825,0.3181852494904507,0.48480516599709167,0.6991697441135644,0.24417265874481353,0.16850816305113714,0.13693623449721012,0.08820205909433332,0,0,0.045766217690841875,0,0,0,0.6928007889546351,0.6146808186867535,0.5685538755840047,0.03842871678172489,0,0.012154399806221669,0,0,0.08523416646445038,0,0,0,0.6152386512917822,0.1617918010133579,0.10840212946531905,0.1528669350451529,0.4761097932904101,0,0.1988901786472637,0.6543506947139641,0.19466304588782976,0.5682277764296693,0.08384555708062302,0.31131134827726287,0.2666919755136905,0.32525299292281235,0.24802506730217572,0.4387425835328407,0,0.26332699670673915,0.6856090852630645,0.3366882338844956,0.2628329841364861,0.32102056359482106,0.187633547008547,0.14866151729975666,0.10627032750926557,0.06671415004748338,0.43800171459745935,0.07059237300909411,0.17795322131216754,0.4375583930239801,1,0.32825185444775423,0,0,0,0,0.07013427844057306,0.28716586127859617,0.20862151157792733,0.07488996847539711,0.2345065312046444,0.30390698931999466,0.22026546822742477,0.06717024429889563,0.12212081703607129,0,0,0,0,0,0.08744087627582774,0.09300940023831591,0.09970195855804713,0,0,0.2870569006027173,0,0,0,0,0,0,0,0,0,0,0,0.08673910359303619,0.044403008659376776,0.4895896855126754,0.6162280701754387,0.7732053320288615,0.19049986441290792,0.10803640942338932,0.4648469809760133,0.07579026863739347,0,0.03925787253066585,0.14435920268511543,0.11246297926839031,0.13277263277263276,0.012248064718599624,0,0
MOTU34905,0,0,0,0.22295351707116415,0,0,0,0,0,0,0,0,0,0,0,0,0.058782061710319404,0,0,0,0,0.3274924471299094,0,0,0,0.10001845358922311,0,0,0,0,0,0,0,0,0,0,0,0,0,0,0,0,0,0,0,0,0,0,0,0,0,0,0,0,0,0,0,0,0,0,0,0,0,0,0,0,0,0,0,0,0,0,0,0,0,0,0,0,0,0,0,0,0,0,0,0,0,0,0,0,0,0.5430861723446894,0,0,0,0,0,0,0,0,0,0,0,0,0,0,0,0,0,0,0,0,0,0,0,0,0,0,0,0,0,0,0,0,0,0,0,0,0,0,0,0,0,0,0,0,0,0,0,0.5272373540856031,0,0,0,0,0,0,0,0,0,0,0,0,0,0,0,0.7034393251135626,0.10286581894097552,0,0.1609582260938428,0.4090566037735849,0.1905096660808436,0,0,0,0,0,0,0,0,0,0,1,0,0,0,0,0,0,0,0,0,0,0,0,0,0,0,0,0,0,0,0.63689776733255,0,0.333026113671275,0,0.17873042044517726,0.7875045405012714,0,0,0,0,0,0
MOTU4790,0,0,0,0.03866721513780338,0.12269538260727689,0.011154622048178475,0.08216783216783217,0,0.05301748448956571,0,0.08931116389548693,0.14008941877794337,0.014184397163120567,0.009648942722233628,0.007541115122342559,0.11309578898658029,0.12743343636462232,0.051348583134175486,0,0.10597519729425028,0,0.0283987915407855,0.06335654909009211,0.17122040072859745,0.02251497005988024,0.0867318693485883,0.028985507246376812,0,0,0,0.3374012921751615,0,0,0,0,0,0,0.05698120832491412,0.2051058258782457,0,0,0.025648021828103686,0,0,0,0,0,0,0,0,0,0,1,0,0,0,0,0,0,0,0.2822822822822823,0,0,0,0,0,0,0,0.1346704871060172,0.04512722035525684,0.07335154116269997,0,0,0,0,0.032280219780219783,0,0,0,0,0,0,0,0,0,0,0,0,0,0,0,0,0.03210382513661202,0.042495479204339964,0.27674190382728164,0,0.09601634320735444,0,0,0,0,0.015341929165986617,0,0.039805208553885245,0,0,0,0.15064102564102563,0.04648862512363996,0.029969711461820498,0,0,0,0,0,0,0,0,0,0,0,0.09428284854563691,0.13295615275813297,0,0.5425685425685426,0,0.04742684157416751,0,0,0.14584949573312644,0,0,0,0,0.12719891745602166,0,0.09815523842673164,0.3252595155709343,0,0,0.09306930693069307,0,0.12929848693259974,0.09242871189773845,0.11604938271604938,0,0,0,0.19028340080971662,0.6690391459074733,0.2854973424449507,0.04921465968586388,0,0,0,0,0.08920098690453597,0.07639947170578076,0.06513561670956246,0.053207547169811326,0.1156414762741652,0,0,0,0,0,0,0,0,0,0,0,0.07186544342507646,0,0,0,0,0,0,0.06573426573426573,0,0,0,0,0.02658371040723982,0,0,0,0,0,0,0.11045828437132785,0.011745595401724354,0,0,0,0,0.041852181656277826,0.09781477627471385,0,0.010652765185856755,0.005397645707723227,0
MOTU10039,0,0,0,0,0,0,0,0,0,0,0,0,0,0,0,0,0,0,0,0,0,0,0,0,0,0,0,0,0,0,0,0,0,0,0,0,0,0,0,0,0,0,0,0,0,0,0,0,0,0,0,0,0,0,0,0,0,0,0,0,0,0,0,0,0,0,0,0,0,0.18626980316850694,0.1513850955911042,0,0,0,0,0,0,1,0,0,0,0,0,0,0,0,0,0,0,0,0,0,0,0,0,0,0,0.2191471335780853,0,0,0,0,0,0,0,0,0,0,0,0,0,0,0,0,0,0,0,0,0,0,0,0,0,0,0,0,0,0,0,0,0,0,0,0,0,0,0,0,0,0,0,0,0,0,0,0,0,0,0,0,0,0,0,0,0,0,0,0,0,0,0,0,0,0,0,0,0,0,0,0,0,0,0,0,0,0,0,0,0,0,0,0,0,0,0,0,0,0,0,0,0,0,0,0,0,0,0,0,0,0,0,0,0
MOTU10561,0,0,0,0,0,0,0,0,0,0,0,0,0,0,0,0,0,0,0,0,0,0,0,0,0,0,0,0,0,0,0,0,0,0,0,0,0,0,0,0,0,0,0,0,0,0,0,0,0,0,0,0,0,1,0,0,0,0,0,0,0,0,0,0,0,0,0,0,0,0.11809889582333172,0,0,0,0,0,0,0,0,0,0,0,0,0,0,0,0,0,0,0,0,0,0,0,0,0,0,0,0,0,0,0,0,0,0,0,0,0,0,0,0,0,0,0,0,0,0,0,0,0,0,0,0,0,0,0,0,0,0,0,0,0.17714834373499758,0,0,0,0,0,0.04281239122868082,0.07093425605536331,0,0,0.12178217821782177,0,0,0,0.07592592592592591,0,0,0.1350164654226125,0,0,0,0,0,0,0,0,0,0,0,0,0,0,0,0,0,0,0,0.28873239436619713,0,0.09951456310679611,0,0.2269372693726937,0,0,0,0,0,0,0,0,0,0,0,0,0,0,0,0,0,0,0,0,0,0,0,0,0.0446785325099891,0.0547640249332146,0,0,0,0,0
MOTU1085,0,0,0,0,0,0,0,0,0,0,0,0,0,0,0,0,0,0,0,0,0,0,0,0,0,0,0,0,0,0,0,0,0,0,0,0,0,0,0,0,0,0,0,0,0,0,0,0,0,0,0,0,0,0,0.044632370213765565,0,0,0,0,0,0,0,0,0,0,0,0,0,0,0,0.053914092150533825,0,0,0,0,0,0,0,0.037597084576950345,0,0,0,0,0,0,0,0.0820313554062441,0.06168831168831169,0.11197878296743774,0,0,0,0.023596621957277696,0.2186421173762946,0.13560531715585689,0.15496198770790248,0.07057294084873247,0.039023388359734026,0.013465388635920696,0,0.01879513304975764,0,0,0.029257213250437897,0,0,0,0.31832750582750585,0.32461109612444927,0.1541961943683608,0,0,0.03108003108003108,0,0,0,0,0,0,0,0,0,0,0,0,0.1525746980292435,0.3834510595358224,0.049777312025150636,0.07265079820284867,0.10720078990055716,0.1658447169728975,0.0426223991924177,0.11881497694051435,0,0,0,0.04809669968041009,0,0,0,0.034203420342034205,0.05997474747474747,0,0,0,0,0.04512796152247491,0.03792036722881948,0.06993006993006994,0,0,0.05425987624940505,0,0,0,0,0,0,0,0,0,0,0,0,0,0,0,0.16218523260776782,0,0.11179758752574287,0,0,0,0,0,0,0,0,0,0,0,0,0,0,0.0195392842451666,0,0.1663505034291551,0,0.4303510758776897,1,0.6224406224406225,0.1217818609122957,0.017266252428066748,0,0,0,0,0,0,0,0,0.007934643593558322,0.00375066006682097
MOTU10932,0,0.01124934194120418,0.3130170240253381,0.24560214871633557,0.26886643056635284,0.11902917094213977,0.3757712875359935,1,0.25593046017053184,0.07405380756953944,0.07941875087327092,0.10677654072061016,0.05766072839276046,0.012257417851147851,0.04215096387532149,0.039785502354574405,0.03755697821669745,0.03179965055329063,0.07978514345604612,0.14808674315272896,0.05952730045158642,0.10101297316509686,0.09121545720062908,0.16313082610093219,0.18305036984853823,0.09255017748010813,0.23565688995302098,0,0,0.15609381007304884,0.1714454626071534,0.2748256955256211,0.1426724732991127,0.13136607778424902,0.24210929846232485,0.16136724960254373,0.0681136625773304,0.06273400449288627,0.06774396426691995,0,0,0,0,0,0,0,0,0,0,0,0,0,0,0,0,0,0,0,0,0,0,0,0,0,0,0,0,0,0,0,0,0,0,0,0,0,0,0,0,0,0,0,0,0,0,0,0,0,0,0,0,0,0,0,0,0,0,0,0,0,0,0,0,0,0,0,0,0,0,0,0,0,0,0,0,0,0,0,0,0,0,0,0,0,0,0,0,0,0,0,0,0,0,0,0,0,0,0,0,0,0,0,0,0,0,0,0,0,0,0,0,0,0,0,0,0.015497957781425355,0.02039677134850904,0.012131643269926076,0.040190061373985356,0.09462819089900111,0.16369275302388092,0.048673273657289004,0.05937191532921435,0.053971419076105025,0,0,0,0,0,0,0,0,0,0,0,0,0,0,0,0,0,0,0,0,0,0,0,0,0,0,0,0,0,0,0,0,0,0,0,0,0,0,0
MOTU1097,0,0,0,0,0.07218143253385544,0.010499584668327995,0,0.07264367816091953,0,0,0.042033254156769596,0,0,0,0,0,0,0,0,0.024937993235625705,0,0,0.019878678948550887,0,0,0,0.027283379586802343,0,0,0,0,0,0.0188777469596757,0,0,0,0,0,0,0,0,0,0,0,0,0,0,0,0,0,0,0,0,0,0,0,0,0,0,0,0,0,0,0,0,0,0,0,0,0,0,0,0,0,0,0,0,0,0,0,0.018843573634330743,0.058615435574693606,0,0.03343915343915344,0,0,0.07878895814781835,0.026333333333333337,0,0,0,0,0.2719672131147541,1,0.2604906771344455,0.3401986542774752,0.3313857677902622,0.19989833380401018,0.08622100954979536,0.05605321507760532,0.12034820457018498,0.11552799086012731,0.06676056338028169,0.35594325640482744,0.0174792572105887,0,0.019352580927384077,0.3899358974358974,0.17503461918892185,0.22567830384186194,0,0.004993227990970655,0.009950517318938371,0,0,0,0,0,0,0,0,0,0.6257425742574257,0,0.12767676767676767,0.03256532940743467,0,0.09561959654178676,0,0,0,0,0,0,0.11972936400541273,0,0,0,0,0.04303501945525292,0.0438019801980198,0,0.12170563961485557,0,0,0,0.1733768778576094,0.2428100987925357,0.26866396761133604,0.12595017793594307,0.26873196659073656,0.046324607329842934,0,0,0,0,0,0,0,0,0,0,0,0,0,0,0,0,0,0,0,0,0,0,0,0,0,0,0,0.06187412587412587,0,0,0.032321461187214615,0,0,0,0.07101123595505618,0.036351684470008215,0.45091732729331824,0.659719298245614,0.37511393746687866,0.05198589894242068,0,0.0815483870967742,0,0,0,0,0,0,0,0,0
MOTU11108,0,0,0,0,0,0,0,0,0,0,0,0,0,0,0,0,0,0,0,0,0,0,0,0,0,0,0,0,0,0,0,0,0,0,0,0,0,0,0,0,0,0,0,0,0,0,0,0,0,0,0,0,0,0,0.9237726098191215,0,0,0,0,0,0,0,0,0,0,0,0,0,0,0,0,0,0,0,0,0,0,0,0,0,0,0.9473335541570057,0,0,0,0,0,0,0,0,0,0.23881095524382098,0,0,0,0,0,0,0,0,0,0,0,0.30277366080880797,0.5649940734887396,0,0,0,0,0,0,0,0,0,0,0,0,0,0,0,0,0,0,0,0,0,0,0,0.7518401682439537,0,0,0,0,0,0,0,0.49773755656108604,0,0,0,0,0,0,0,0,0,0,0,0,0,0,0,0,0,0,0,0,0,0,0,0,0,0,0,0,0,0,0,0,0,0,0,0,0,0,0,0,0,0,1,0.34641472868217055,0,0.26118721461187216,0.43710836007947423,0.4044117647058824,0,0,0,0,0,0,0,0,0.8786482334869432,0,0,0,0,0,0,0,0,0
MOTU11402,0,0,0,0,0,0,0,0,0,0,0,0,0,0,0,0,0,0,0,0,0,0,0,0,0,0,0,0,0,0,0,0,0,0,0,0,0,0,0,0,0,0,0,0,0,0,0,0,0,0,0,0,0,0,0,0,0,0,0,0,0,0,0,0,0,0,0,0,0,0,0,0,0,0,0,0,0,0,0,0,0,0,0.26954192057154863,0,0,0,0,0,0,0.2909389884327512,0.47721354166666663,0.21422010688042756,0,0,0.6294160942100098,0.6165091316885614,0,0,1,0.6094789356984479,0.17447633297062026,0.2093602089113759,0.32262323943661975,0.5431928858776202,0,0,0.280566491688539,0.25696113782051283,0.15859915924826903,0,0.0456105105959323,0.1085849322799097,0.14425888439046336,0,0.46679403202328973,0,0,0,0,0,0,0,0,0,0,0,0.32359989909182646,0,0.33721083070452157,0,0.3079092654824772,0,0.2757416165090284,0,0.433947902571042,0,0.22324225548207452,0.36988177623990776,0.33300882658359293,0,0.3175123762376238,0,0,0,0.791820987654321,0,0.41892553886348793,0,0,0,0,0,0,0,0,0,0,0,0,0.06050707547169811,0,0,0,0,0,0,0,0,0,0,0,0,0,0,0,0,0,0,0,0,0.1553718507751938,0,0.46858447488584476,0,0.3627686651583711,0,0,0,0.18158975084937715,0.28130482456140354,0.3398913619501855,0,0,0.19704301075268818,0,0,0.23297312023247368,0,0,0,0,0,0
MOTU12154,0,0,0,0,0,0,0,0,0,0,0,0,0,0,0,0,0,0,0,0,0,0,0,0,0,0,0,0,0,0,0,0,0,0,0,0,0,0,0,0,0,0,0,0,0,0,0,0,0,0,0,0,0,0,0.13695090439276486,0,0,0,0,0,0,0,0,0,1,0,0,0,0,0,0,0,0,0,0,0,0,0,0,0,0.022574805664998403,0,0.17818869510401344,0,0,0,0,0,0,0,0,0.1062124248496994,0,0,0,0,0,0,0.041317481972325085,0,0,0,0,0.04488672453948762,0,0,0,0,0,0,0,0,0.023841655420602792,0,0,0,0,0,0,0,0.31736526946107785,0,0,0,0,0,0,0,0,0,0,0,0,0,0,0.2291891891891892,0,0,0,0,0,0,0,0.20845624385447398,0,0,0,0,0,0,0,0,0,0,0,0,0,0,0,0,0,0,0,0,0,0,0,0,0,0,0,0,0,0,0,0,0,0,0,0,0,0,0,0,0,0,0,0,0,0,0.05617382087970324,0,0,0,0,0,0,0,0,0,0,0,0
MOTU13479,0,0,0,0,0,0,0,0,0,0,0,0,0,0,0,0,0,0,0,0,0,0,0,0,0,0,0,0,0,0,0,0,0,0,0,0,0,0,0,0,0,0,0,0,0,0,0,0,0,0,0,0,0,0,0,0,0,0,0,0,0,0,0,0,0,0,1,0,0,0,0,0,0,0,0,0,0,0,0,0,0,0,0,0.3159486016628874,0,0,0,0,0,0,0,0,0,0,0,0,0,0,0,0.26480836236933797,0,0.06822262118491922,0,0.08850307008257464,0,0,0,0,0,0,0,0,0,0,0,0,0,0,0,0,0,0,0,0,0,0,0,0,0,0,0,0,0,0,0,0,0,0,0,0,0,0,0,0,0,0,0,0,0,0,0,0,0,0,0,0,0,0,0,0,0,0,0,0,0,0,0,0,0,0,0,0,0,0,0,0,0,0,0,0,0,0,0,0,0,0,0,0,0,0,0,0,0,0,0,0,0,0,0,0,0,0,0
MOTU15722,0,0,0,0,0,0,0,0.975755819569207,0,0,0,0,0,0,0,0,0,0,0,0,0,0,0,0.5411978999249973,0,0,0.3664725834829769,0,0,0,0,0,0,0,0,0.7300187888423182,0.8473943588130439,0,0.2593215335446856,0,0,0,0,0,0,0,0,0,0,0,0,0,0,0,0,0,0,0,0,0,0,0,0,0,0,0,0,0,0,0,0,0,0,0,0,0,0,0,0,0,0,0,0,0,0,0,0,0,0,0.26955558816858566,0,0.39695076427364534,0.405898424943748,0,0,0,0,0,0.23162552879269033,0,0,0.19397267638898225,0.29891111374127116,0.25163467885566254,0,0,0,0,0,0,0,0.2682777851546939,0.13365616151993862,0,0,0,0,0,0,0,0,0,0,0,0,0,0,0,0,0,0,0,0,0,0,0,0,0,0,0,0,0,0,0,0.7336238198983297,0,0,0,0,0,0,0,0,0,0,0,0.3383385618434126,0.2414854390399866,1,0.7848390677025527,0.522175126641166,0,0,0,0,0,0,0,0,0,0,0,0,0,0,0,0,0,0,0,0,0,0.21707225355895782,0,0.3361059355869045,0,0,0,0.3364865765105589,0,0,0,0,0,0,0,0,0,0,0,0,0,0
MOTU16477,0,0,0,0,0,0,0,0,0,0,0,0,0,0,0,0,0,0,0,0,0,0,0,0,0,0,0,0,0,0,0,0,0,0,0,0,0,0,0,0,0,0,0,0,0,0,0,0,0,0,0,0,0,0,0,0,0,0,0,0,0,0,0,0,0,0,0,0,0,0,0,0,0,0,0,0,0,0,0,0,0,0,0,0,0,0,0,0,0,0,0,0,0,0,0,0,0,0,0,0,0,0,0,0,0,0,0,0,0,0,0,0,0,0,0,0,0,0,0,0,0,0,0,0,0,0,0.5812310797174571,0,0,0,0,0,0,0,0,0,0,0,0.5981308411214954,0,0,1,0,0,0,0,0,0,0,0,0,0,0,0,0,0,0,0,0,0,0,0,0,0,0,0,0,0,0,0,0,0,0,0,0,0,0,0,0,0,0,0,0,0,0,0,0.4622792937399679,0,0,0,0,0,0,0,0,0,0,0,0,0,0,0,0
MOTU1665,0,0,0,0,0,0,0,0,0,0,0,0,0,0,0,0,0,0,0,0,0,0,0,0,0,0,0,0,0,0,0,0,0,0,0,0,0,0,0,0,0,0,0,0,0,0,0,0,0,0,0,0,0,0,0,0,0,0,0,0,0,0,0,0,0,0,0,0,0,0,0,0,0,0,0,0,0,0,0,0,0,0,0,0,0,0,0,0.025072886297376095,0,0,0,0,0,0.19042698453703363,0,0,0,0,0.01641880685230631,0,0,0,0,0.035674316307086035,0,0,0.11055760887031978,0.016875981161695447,0,0,0.0479276904902197,0.05229649421845488,0.11369082045773775,0,0.12262721682559487,0,0,0,0,0,0,0,0,0,0,0,0,0,0,0,0,0,0,0,0,0,0,0,0,0,0,0,0,0,0,0,0,0,0,0,0,0,0,0,0,0,0,0,0,0,0,0,0,0,0,0,0,0,0,0,0,0,0,0,0,0,0,0,0,0.17673754816611958,1,0.21675359680750517,0,0,0.11912457290608551,0,0,0,0,0,0,0,0,0,0,0,0,0,0,0,0,0,0
MOTU16870,0,0,0,0.050882621215102036,0.04036405683599708,0.014678492010669638,0,0,0.20929890384756858,0,0,0,0.07466162799089364,0.0634857586603947,0.0198468755995047,0.0973080095768867,0.06707643412716936,0.1351403506167708,0,0,0,0,0.027790530706338582,0,0.08888310335850039,0.18261030031210634,0.19071176715065224,0,0,0.04491490638123204,0,0,0,0.13607882527383172,0,0.0759801303279564,0.04409827171975509,0.04998813989650961,0.08097031562769783,0,0,0,0,0,0,0,0,0,0,0,0,0,0,0,0,0,0,0,0,0,0,0,0,0,0,0,0,0,0,0,0,0,0,0,0,0,0,0,0,0,0,0,0,0,0,0,0,0,0,0,0,0,0,0,0,0,0,0,0,0,0,0,0,0,0,0,0,0,0,0,0,0,0,0,0,0,0,0,0,0,0,0,0,0,0,0,0,0,0,0,0,0,0,0,0,0,0,0,0,0,0,0,0,0,0,0,0,0,0,0,0,0,0,0,0,0.16053945772084754,0.44604619307351445,0.2764710299528687,0.3122390744837441,0.385090237899918,1,0,0.07687734752884588,0.06988454925079833,0,0,0,0,0,0,0,0,0,0,0,0,0,0,0,0,0,0,0,0.018905036248496567,0,0,0,0,0,0,0,0,0,0,0,0,0,0,0,0,0,0,0
MOTU18145,0,0,0,0,0,0,0,0.37274220032840716,0,0,0,0,0,0,0,0.010504396112910689,0,0,0,0,0,0,0,0,0,0.020944823768222917,0,0,0,0,0,0,0,0,0,0,0,0,0,0,0,0,0,0,0,0,0,0,0,0,0,0,0,0,0,0,0,0,0,0,0,0,0,0,0,0,0,0,0,0,0,0,0,0,0,0,0,0,0,0,0,0,0,0,0,0,0,0,0,0,0,0,0,0,0,0,0,0,0,0,0,0,0,0,0,0,0.04965004374453193,0,0,0,0,0,0,0,0,0,0,0,0,0,0,0,0,1,0,0,0,0,0,0,0,0,0,0,0,0,0,0,0,0,0,0,0,0,0,0,0,0,0,0,0,0,0,0,0,0,0,0,0,0,0,0,0,0,0,0,0,0,0,0,0,0,0,0,0,0,0,0,0,0,0,0,0,0,0,0,0,0,0,0,0,0,0,0,0,0,0,0,0,0,0,0,0
MOTU19015,0,0,0,0,0,0,0,0,0,0,0,0,0,0,0,0,0,0,0,0,0,0,0,0,0,0,0,0,0,0,0,0,0,0,0,0,0,0,0,0,0,0,0,0,0,0,0,0,0,0,0,0,0,0,0,0,0,0,0,0,0,0,0,0,0,0,0,0,0,0,0,0,0,0,0,0,0,0,0,0,0,0,0,0,0,0,0,0,0,0.4313903379451123,0,0,0,0,0,0,0,0,0,0.6024707000316757,0,0,0,0,0,0,0,0,0,0,0,0,0,0,0,0,0,0,0,0,0,0,0,0,0,0,0,0.6851585014409222,1,0,0,0,0,0,0,0,0,0,0,0,0,0,0,0,0,0,0,0,0,0,0,0,0,0,0,0,0,0,0,0,0,0,0,0,0,0,0,0,0,0,0,0,0,0,0,0,0,0,0,0,0,0,0,0,0,0,0,0,0,0,0,0,0,0,0,0,0,0,0,0,0,0,0
MOTU22577,0,0,0,0,0,0,0,0,0,0,0,0,0,0,0,0,0,0.009423011266643905,0,0,0,0,0,0,0,0,0,0,0,0,0,0,0,0,0,0,0,0,0,0,0,0,0,1,0,0,0,0,0,0,0,0,0,0,0,0,0,0,0,0,0,0,0,0,0,0,0,0,0,0,0,0,0,0,0,0,0,0,0,0,0,0,0,0,0,0,0,0,0,0.06259922885007937,0,0,0,0,0,0,0,0,0,0,0,0,0,0,0,0,0,0.11057692307692307,0,0,0,0,0,0,0,0,0,0,0,0,0,0,0,0,0,0,0,0,0,0,0,0,0,0,0,0,0,0,0.14330218068535824,0.13424124513618677,0,0,0,0,0.17037037037037037,0,0,0,0,0,0.20956719817767655,0.07225130890052357,0,0,0,0,0,0,0,0,0,0,0,0,0,0,0,0,0,0,0,0,0,0,0,0,0,0,0,0,0.06686046511627906,0,0,0.04218248509857863,0,0,0,0,0,0,0,0,0,0,0,0,0,0,0,0,0,0,0
MOTU23658,0,0,0.0804109103790294,0,0,0.05387445116886199,0,0,0,0,0,0,0,0,0.018210990774167667,0,0,0,0,0,0,0,0,0,0,0,0,0,0,0,0,0,0,0,0,0,0,0,0,0,0,0,0,0,0,0,0,0,0,0,0,0,0,0,0,0,0,0,0,0,0,0,0,0,0,0,0,0,0,0,0,0,0,0,0,0,0,0,0,0,0,0,0,0,0,0,0,0,0,0,0,0,0,0,0,0,0,0,0,0,0,0,0,0,0,0,0,0,0,0,0,0,0,0,0,0,0,0,0,0,0,0,0,1,0,0,0,0,0,0,0,0,0,0,0,0,0,0,0,0,0,0,0,0,0,0,0,0,0,0,0,0,0,0,0,0,0,0,0,0,0,0,0,0,0,0,0,0,0,0,0,0,0,0,0,0,0,0,0,0,0,0,0,0,0,0,0,0,0,0,0,0,0,0,0,0,0,0,0,0,0,0,0
MOTU2384,0,0,0,0,0,0,0,0,0,0,0,0,0,0,0,0,0,0,0,0,0,0,0,0,0,0,0,0,0,0,0,0,0,0,0,0,0,0,0,0,0,0,0,0,0,0,0,0,0,0,0,0,0,0,0,0,0,0,0,0,0,0,0,0,0,0,0,0,0,0,0,0,0,0,0,0,0,0,0,0,0,0,0,0.033777399848828424,0,0,0,0,0.07242706645056726,0,0.11637369791666666,0.014925684702738811,0,0,0.04385426889106967,0,0,0.012620022592487998,0.008709315922822062,0.014155052264808362,0,0,0,0,0,0,0,0,0,0.014247568946277697,0,0.015131207674943567,0,0,0,0.03524250788643533,0,0,0,0,0,0,0,0,0,0,0,0,0,0,0,0,0,0,0,0,0,0,0,0,0,0,0,0,0,0,0,0,0,0,0,0,0,0,0,0,0,0,0,0,0,0,0,0,0,0,0,0,0,0,0,0,0,0,0,0,0,0,0,1,0,0,0,0,0,0,0,0,0,0,0,0,0,0,0,0,0,0,0,0,0,0,0
MOTU2408,0,0,0,0,0,0,0,0,0,0,0,0,0,0,0,0,0,0,0,0,0,0,0,0,0,0,0,0,0,0,0,0,0.07467463196074248,0,0,0.085995085995086,0,0.042432814710042434,0,0,0,0,0,0,0,0,0,0.3017241379310345,0,0,0,0,0,0,0,0,0,1,0,0,0,0,0,0,0,0,0,0,0,0.033605376860297645,0.13655872024970736,0.10294117647058823,0,0,0,0,0.04430379746835443,0,0,0,0,0,0,0,0,0,0,0.020833333333333336,0,0,0,0,0,0,0,0,0,0,0,0.022172949002217297,0,0,0,0.01482108829134025,0,0,0,0.014022435897435898,0.05192878338278932,0.03347680535628886,0,0,0,0,0,0,0,0,0,0,0,0.07021063189568706,0.09900990099009901,0,0,0,0.07063572149344097,0,0,0,0,0,0,0,0,0.1135135135135135,0.17055342847198052,0.12110726643598617,0,0.034046692607003895,0.13861386138613863,0,0,0,0.043209876543209874,0,0.0914435009797518,0.07683863885839737,0.0708502024291498,0,0,0,0,0,0,0,0,0,0,0,0,0,0,0,0,0,0,0,0,0,0,0,0,0,0,0,0,0,0,0,0,0,0,0,0,0,0,0,0.019818799546998868,0,0,0,0,0,0,0,0,0,0,0,0,0,0
MOTU24640,0,0,0,0,0,0,0,0,0,0,0,0,0,0,0,0,0,0,0,0,0,0,0,0,0,0,0,0,0,0,0,0,0,0,0,0,0,0,0,0,0,0,0,0,0,0,0,0,0,0,0,0,0,0,0,0,0,0,0,0,0,0,0,0,0,0,0,0,0,0,0,0,0,0,0,0,0,0,0,0,0,0,0,0,0,0,0,0,0,0,0,0,0,0,0,0,0,0.35809093476419096,0,0,0,0,0,0,0,0,0,0,0,0,0,0,0,0,0,1,0,0,0,0,0,0,0,0,0,0,0,0,0,0,0,0,0,0,0,0,0,0,0,0,0,0,0,0,0,0,0,0,0,0,0,0,0,0,0,0,0,0,0,0,0,0,0,0,0,0,0,0,0,0,0,0,0,0,0,0,0,0,0,0,0,0,0,0,0,0,0,0,0,0,0,0,0,0,0,0,0,0,0,0,0,0,0
MOTU26287,0,0,0,0,0,0,0,0,0,0,0,0,0,0,0,0,0,0,0,0,0,0,0,0,0,0,0,0,0,0,0,0,0,0,0,0,0,0,0,0,0,0,0,0,0,0,0,0,0,0,0,0,0,0,0,0,0,0,0,0,0,0,0,0,0,0,0,0,0,0,0,0,0,0,0,0,0,0,0,0,0,0,0,0,0,0,0,0,0,0,0,0,0,0,0,0,0,0,0,0,0.9434167573449401,0,0.8722334004024145,0.36713952995977134,0,0,0.7585301837270341,0.3473557692307692,0,0,0.24662210211918648,0,0,0,0,0,0,0,0,0,0,0,0,0,0,0,0,0,0,0,0,0,0,0,0,0,0,1,0,0,0,0,0,0,0,0,0,0,0,0,0,0,0,0,0,0,0,0,0,0,0,0,0,0,0,0,0,0,0,0,0,0,0,0,0,0,0,0,0,0,0,0,0,0,0,0,0,0,0,0,0,0,0,0,0,0.2859027205276175,0,0,0,0,0,0,0
MOTU26605,0,0.28685821950070656,0.07190931633014523,0,0.06624245390765214,0,0.3548951048951049,1,0,0,0,0,0,0,0,0,0,0,0,0.11443066516347238,0,0,0,0,0,0,0,0,0,0,0,0,0.08662257307446128,0,0,0,0,0,0,0,0,0,0,0,0,0,0,0,0,0,0,0,0,0,0,0,0,0,0,0,0,0,0,0,0,0,0,0,0,0,0,0,0,0,0,0,0,0,0,0,0,0,0,0,0,0,0,0,0,0,0,0,0,0,0,0,0,0,0,0,0,0,0,0,0,0,0,0,0,0,0,0,0,0,0,0,0,0,0,0,0,0,0,0,0,0,0,0,0,0,0,0,0,0,0,0,0,0,0,0,0,0,0,0,0,0,0,0,0,0,0,0,0,0,0,0,0,0,0,0,0,0,0,0,0,0,0,0,0,0,0,0,0,0,0,0,0,0,0,0,0,0,0,0,0,0,0,0,0,0,0,0,0,0,0,0,0,0,0,0,0,0,0
MOTU2709,0,0,0,0.24637900798891513,0.3908940240959717,0.07107480342008457,0.5235553919764446,0.49174660789905794,0,0,0,0,0.06025324364177382,0,0,0.05543242650819552,0.12991646188841227,0.14314208190329014,0,0.506438022903934,0,0.3619017331849261,0.13456467499911315,0,0.28692089505200125,0.22105457406202347,0,0,0,0.43496540916561555,0,0.6892374780449397,0,0,0,0.3679037889564205,0,0,0.13068893048681052,0,0,0,0,0,0,0,0,0,0,0,0,0,0,0,0,0,0,0,0,0,0,0,0,0,0,0,0,0,0,0,0,0,0,0,0,0,0,0,0,0,0,0,0,0,0,0,0,0,0,0,0,0,0,0,0,0,0,0,0.3501933551477603,0,0,0,0,0.3804450783957565,0,0,0.5240134456877101,0,0,0,0,0,0,0,0,0,0,0,0,0,0,0,0,0,0,0,0,0,0,0,0,0,0,0,0,0,0,0,0,0,0,0,0,0,0,0,0,0,0,0,0,0,0,0,0,0,0,0.06085008314752134,0.20751492669507862,0.5085402184707051,1,0,0,0,0,0,0,0,0,0,0,0,0,0,0,0,0,0,0,0,0,0,0,0,0,0,0,0,0,0,0,0,0,0,0,0,0,0,0,0,0,0,0
MOTU28253,0,0,0.10608348714506777,0,0.2931705180719788,0,0,0,0,0,0.28453556694586823,0,0.06025324364177382,0.7377713427481658,0,0.02771621325409776,0.06495823094420614,0.06134660652998149,0,0.33762534860262267,0,0.7238034663698522,0,0,0,0,0,0,0,0,0,0,0,0,0,0,0.4270569471807862,0.12102391764418116,0,0,0,0,0,0,0,0,0,0,0,0,0,0,0,0,0,0,0,0,0,0,0,0,0,0,0,0,0,0,0,0,0,0,0,0,0,0,0,0,0,0,0,0,0,0,0,0,0,0,0,0,0,0,0,0,0,0,0,0,0,0,0,0,0,0,0,0,0,0,0,0,0,0,0,0,0,0,0,0,0,0,0,0,0,0,0,0,0,0,0,0,0,0,0,0,0,0,0,0,0,0,0,0,0,0,0,0,0,0,0,0,0,0,0,0,0,0.7773489531746303,0.056836911028758076,0.06085008314752134,0.20751492669507862,0.1695134061569017,1,0,0,0,0,0,0,0,0,0,0,0,0,0,0,0,0,0,0,0,0,0,0,0,0.16938556799237914,0,0,0,0,0,0,0,0,0,0,0,0,0,0,0,0,0,0
MOTU2956,0,0,0,0,0,0,0,0,0,0,0,0,0,0,0,0,0,0,0,0,0,0,0,0,0,0,0,0,0,0,0,0,0,0,0,0,0,0,0,0,0,0,0,0,0,0,0,0,0,0,0,0,0,0,0,0,0,0,0,0,0,0,0,0,0,0,0,0,0,0,0,0,0,0,0,0,0,0,0,0,0,0,0,0,0.36070261437908496,0,0.05824346162725504,0.02919973544973545,0,0,0,0,0,0.08870805706248744,0,0,0,0,0,0,0,0.032025823767295944,0,0,0,0,0,0.31445868945868943,0.09704363116826024,0.15640221761694742,0.013954076391851958,0.044293955354903436,0,0.24224965706447188,0,0,0,0,0,0,0,0,0,0,0,0.14444035496667076,0,0,0,0,0,0,0,0,0,0,0,0,0,0,0,0,0,0,0,0,0,0,0,0.2793198892843021,0.14899181641778453,0,0,0,0,0,0,0,0,0,0,0,0,0,0,0,0,0,0,0,0,0,0,0,0,0,0,0,0,0,0,0,0,0,0,0,0,0,1,0.08606237816764133,0.46793852676205616,0,0,0,0,0,0,0,0,0,0,0,0
MOTU29587,0,0,0,0,0,0,0,0,0,0,0,0,0,0,0,0,0,0,0,0,0,0,0,0,0,0,0,0,0,0,0,0,0,0,0,0,0,0,0,0,0,0,0,0,0,0,0,0,0,0,0,0,0,0,0,0,0,0,0,0,0,0,0,0,0,0,0,0,0,0,0,0,0,0,0,0,0,0,0,0,0,0,0,0,0,0,0,0,0,0.4917214787933772,0,0,0,0,0,0,0,0,0,0,0,0,0,0,0,0,0,0,0,0,0,0,0,0,0,0,0,0,0,0,0,0,0,0,0,0,0,0,0,0,0,0,0,0,0,0,0,0,0,0,0,0,0,0,0,0,0,0,0,0,0,0,0,0,0,0,0,0,0,0,0,0,0,0,0,0,0,0,0,0,0,1,0,0,0,0,0,0,0,0,0,0,0,0,0,0,0,0,0,0,0,0,0,0,0,0,0,0,0,0,0,0,0
MOTU30678,0,0,0,0,0,0,0,0,0,0,0,0,0,0,0,0,0,0,0,0,0,0,0,0,0,0,1,0,0,0,0,0,0,0,0,0,0,0,0,0,0,0,0,0,0,0,0,0,0,0,0,0,0,0,0,0,0,0,0,0,0,0,0,0,0,0,0,0,0,0,0,0,0,0,0,0,0,0,0,0,0,0,0,0,0,0,0,0,0,0,0,0,0,0,0,0,0,0,0,0,0,0,0,0,0,0,0,0,0,0,0,0,0,0,0,0,0,0,0,0,0,0,0,0,0,0,0,0,0,0,0,0,0,0,0,0,0,0,0,0,0,0,0,0,0,0,0,0,0,0,0,0,0,0,0,0,0,0,0,0,0,0,0,0,0,0,0,0,0,0,0,0,0,0,0,0,0,0,0,0,0,0,0,0,0,0,0,0,0,0,0,0,0,0,0,0,0,0,0,0,0,0,0
MOTU33229,0,0,0,0,0,0,0,0,0,0,0,0,0,0,0,0,0,0,0,0,0,0,0,0,0,0,0,0,0,0,0,0,0,0,0,0,0,0,0,0,0,0,0,0,0,1,0,0,0,0,0,0,0,0,0,0,0,0,0,0,0,0,0,0,0,0,0,0,0,0.5559289486317811,0,0,0,0,0,0,0,0,0,0,0,0,0,0,0,0,0,0,0,0,0,0,0,0,0,0,0,0,0,0,0.3150163220892274,0,0,0.24518314630531443,0,0,0,0,0,0,0,0,0,0,0,0,0,0,0,0,0,0,0,0,0,0,0,0,0,0,0,0,0,0,0,0,0,0,0,0,0,0,0,0,0,0,0,0,0,0,0,0,0,0,0,0,0,0,0,0,0,0,0,0,0,0,0,0,0,0,0,0,0,0,0,0,0,0,0,0,0,0,0,0,0,0,0,0,0,0,0,0,0,0,0,0,0,0,0,0,0,0,0
MOTU33369,0,0,0,0,0,0,0,0,0,0,0,0,0,0,0,0,0,0,0,0,0,0,0,0,0,0,0,0,0,0,0,0,0,0,0,0,0,0,0,0,0,0,0,0,0,0,0,0,0,0,0,0,0,0,0,0,0,0,0,0,0,0,0,0,0,0,0.8289473684210527,0,0,0,0,0,0,0,0,0.23798076923076925,0,0,0,0,0,0.11477310367671414,0,0,0,0,0,0,0,0,0,0,0,0,0,0,0,0,0,0,0.09426006528835691,0.05655296229802514,0.17429577464788734,0.07336438704213424,0,0,0,0,0,0,0,0,0,0,0,0,0,0,0,0,0,0,0,0,1,0,0,0,0,0,0,0,0,0,0,0,0,0.19982698961937717,0,0,0.17153465346534655,0,0,0,0,0,0,0,0,0,0,0,0,0,0,0,0,0,0,0,0,0,0,0,0,0,0,0,0,0,0,0,0,0,0,0,0,0,0,0,0,0,0,0,0,0,0,0,0,0,0,0,0,0,0,0,0,0,0,0,0,0,0
MOTU34021,0,0,0,0,0,0,0,0,0,0,0,0,0,0,0,0,0,0,0,0,0,0,0,0,0,0,0,0,0,0,0,0,0,0,0,0,0,0,0,0,0,0,0,0,0,0.10621761658031087,0,0,0,0,0,0,0,1,0,0,0,0,0,0,0,0,0,0.5,0,0,0,0,0,0.11809889582333172,0,0,0,0,0,0,0,0,0,0,0,0,0,0,0,0,0,0,0,0,0,0,0,0,0,0,0,0,0,0,0,0,0,0,0,0,0,0,0,0,0,0,0,0,0,0,0,0,0,0,0,0,0,0,0,0,0,0.04430835734870316,0,0,0,0,0,0,0,0,0,0,0,0,0,0,0,0,0.07592592592592591,0,0,0,0,0,0,0,0,0,0,0,0,0,0,0,0,0,0,0,0,0,0,0,0,0,0,0,0,0,0,0,0,0,0,0,0,0,0,0,0,0,0,0,0,0,0,0,0,0,0,0,0,0,0,0.05036855036855037,0,0,0
MOTU347,0,0,0,0,0,0,0,0.009852216748768473,0,0,0,0,0,0,0,0,0,0,0,0,0,0,0,0.0018214936247723133,0.0019161676646706587,0,0,0,0,0,0.002871500358937545,0.004602991944764097,8.534243652656284e-4,0.0088008800880088,0.008689355539464157,0,0,0,0,0,0,0,0.02857142857142857,0,0.011267605633802818,0,0,0,0,0.0036463081130355514,0,0,0,0,0.002583979328165375,0,0.0049504950495049506,0,0.0061633281972265025,0,0,0,0,0.016260162601626018,0,0,0,0,0,0,0.0015606710885680843,0,0,0,0,0,0,0,0.009432251042989299,1,0.004259397295282717,0.03444849287843657,0.013448203404076486,0.007558578987150416,0.022058823529411766,0.05571971295905445,0.005936479667557139,0.007142857142857143,0,0.07530052166024041,0.09672619047619048,0.04809619238476954,0.01639344262295082,0.023508137432188065,0.05103042198233562,0.016661326497917333,0.012257405515832482,0.010166619598983339,0.01637107776261937,0.034209692746278116,0.01632208922742111,0.01501550514117839,0.018108651911468814,0.027101418589879314,0.10114579217700513,0.030167597765363128,0.08486439195100612,0.022435897435897436,0.018793273986152326,0.024868483978957436,0.011947091452140521,0.014446952595936794,0.022042285200179937,0.0345679012345679,0.043668122270742356,0.015772870662460567,0,0,0,0,0.017964071856287425,0,0,0,0.023088023088023088,0.005888847994111152,0.0020181634712411706,0,0.02103049421661409,0.009309542280837859,0.0019203072491598655,0.024676125848241828,0.008598452278589854,0.013769363166953529,0.010825439783491205,0.02810810810810811,0.009745910198398886,0.03460207612456748,0.05399792315680166,0.048638132295719845,0.005940594059405941,0.04513888888888889,0.055020632737276476,0.051130776794493606,0.044444444444444446,0.004052684903748734,0.10189418680600915,0.048298572996706916,0.02834008097165992,0.022775800711743774,0.02733485193621868,0.009424083769633508,0,0.0018957345971563982,0,0.0025957170668397143,0.003416208009109888,0,0,0,3.51493848857645e-4,0,0,0,0,0,0,0,0,0.003236245954692557,0,0,0,0,0,0,0,0,0,0.044755244755244755,0.05717054263565891,0.09948542024013722,0.06867579908675799,0.033012379642365884,0.03733031674208145,0.02248995983935743,0.038523274478330656,0.024650780608052588,0.12117780294450736,0.056140350877192984,0.024377318494965553,0.007050528789659225,0.008996626265150569,0.01597542242703533,0.008415147265077139,0,0.004358881220486742,0.0017809439002671415,0,0.001638001638001638,0.0038531278331822303,9.18748205569911e-4,4.34286955105586e-4
MOTU3599,0,0,0.3359310426260479,0,0,0.1125351054151339,0.8289627039627039,0,0,0,0,0,0.047700484549737604,0,0.15215937959620268,0.04388400431898812,0.15427579849248957,0,0,0,0,0.5730110775427996,0.21306073541526246,0,0,0.2625023066986529,0,0,0,0,0,0,0.20233269326505937,0,0,0,0,0,0,0,0,0,0,0,0,0,0,0,0,0,0,0,0,0,0,0,0,0,0,0,0,0,0,0,0,0,0,0,0,0,0,0,0,0,0,0,0,0,0,0,0,0,0,0,0,0,0,0,0,0,0,0,0,0,0,0,0,0,0,0,0,0,0,0,0,0,0,0,0,0.15117700196609807,0,0,0,0,0,0,0,0,0,0,0,0,0,0,0,0,0,0,0,0,0,0,0,0,0,0,0,0,0,0,0,0,0,0,0,0,0,0,0,0,0,0,0,0,0,0.6154012545965822,0,0,0.3285653006005411,0.35786163522012576,1,0.644248188405797,0,0,0,0,0,0,0,0,0,0,0,0,0,0,0,0,0,0,0,0,0,0,0,0,0,0,0,0,0,0,0,0,0,0,0,0,0,0,0,0,0
MOTU36,0.04609414871641162,0.005797050262497364,0.03560336212402959,0.28055143889148726,0.4106395270254771,0.269694802018677,0.5522433586600853,0.44627688730565196,0.586549992253424,0.0699630567339023,0.08087826046748994,0.055024460688294655,0.21047365929660716,0.11411874080179962,0.19713799937590212,0.22410266949631785,0.22190354577686852,0.31905837825410466,0.35404720575885207,0.2722971561504029,0.08077965095341229,0.2974534793300762,0.3889472112988065,0.41005111213545503,0.6725936735037495,0.6016545299170998,0.39341348822743055,0.4360390508449983,0,0.5303002933662984,0.7524464427400158,0.826140812725099,0.1623621395847232,0.20308808097824924,0.09208816532120179,0.2406493962009463,0.345155614844745,0.2888824335547749,0.3253796317257235,0,0,0,0,0,0,0,0,0,0,0,0,0,0,0,0,0,0,0,0,0,0,0,0,0,0,0,0,0,0,0,0,0,0,0,0.003075246803418766,0,0,0.007929856770155865,0,0,0,0,0,0,0,0,0,0,0,0,0,0,0,9.27300912242458e-4,0.002012943687811891,0,0,0,0,0,0,0,0,0,4.0521327891748657e-4,0,0,8.217907122917937e-4,0,3.269870266029519e-4,0,0,0,0,0,0,0,0,0,0,0,0,0.0029012582996892746,0,0,0,0.003104726969546393,0,0,0,0,0,0,0,0,0,0,0,0,9.97660319980699e-4,0,0,0,0,0.003798499292370958,0,0.002679542283318507,0,0,0.001459921436213749,0,0,0.0052527262941877515,3.240425936619774e-4,0,0.8013083387176839,0.5938678614682907,0.25152756972280227,0.49157890169157076,0.7647454122512277,1,0.27172688552083,0.14278013499229059,0.19237145568821054,9.63316403456684e-5,0.002975373770799074,0.01096987460610538,0,0,0,0,0,0,0,0,0,0,0,0,0,0,0,3.746465055489164e-4,0,5.800875616177368e-4,0,0,0,0,0,0,0.0012051642878262733,0,0,0,0,0,0,0,0,0,0,0
MOTU3630,0,0,0,0,0,0,0,0,0,0,0,0,0,0,0,0,0,0,0,0,0,0,0,0,0,0,0,0,0,0,0,0,0,0,0,0,0,0,0,0,0,0,0,0,0,0,0,0,0,0,0,0,0,0,0,0,0,0,0,0,0,0,0,0,0,0,0,0,0,0,0.18181818181818182,0,0,0,0,0,0,0,0,0,0,0,0,0,0,0,0,0,0,0,0,0,0.31830601092896177,0.21066907775768534,0,0,0,0,0,0,0,0.15211359556063328,0,0,0,0,0,0.18669871794871795,0,0.22285987565758011,0,0,0,0,0,0,0,0,0,0,0,0,0,0,0,0,0,0,0,0,0,0,0,0,0,0,0,0,0,0,0,0,0,0,0,0,0,0,0,0,0,0,0,0,0,0,0,0,0,0,0,0,0,0,0,0,0,0,0,0,0,0,0,0,0,0,1,0,0,0,0,0,0,0,0,0,0,0,0.39580973952434884,0.4087719298245614,0.12347641759406466,0.8213866039952997,0,0,0,0,0,0,0,0.19082719082719085,0,0,0.050594430269800775
MOTU4056,0,0,0,0.3035659193747429,0.2408121226953826,0.31525898896404414,0.7740930944055945,0,0,0,0,0,0,0,0.023681307661452065,0,0,0,0.3287165924276169,0,0.14715229312063807,0,0.0663193664345091,0.13442053734061932,0.21211077844311377,0.08170903303192471,0.2730689176688252,0,0,0.10718500363108206,0.21190775305096915,0,0.06298005120546192,0,0,0,0,0,0.06440922976216452,0,0,0,0,0,0,0,0,0,0,0,0,0,0,0,0,0,0,0,0,0,0,0,0,0,0,0,0,0,0,0,0,0,0,0,0,0,0,0,0,0,0.06286604195506336,0.19555316329910566,0,0,0,0,0,0,0,0,0,0,0.30244620901639346,0.13344823688969257,0,0.09458106376161486,0,0.2500882519062412,0.6903625024361724,0.09350253405131453,0.562108949945593,0.4817814591153909,0.4454539738430583,1,0,0.16490921787709495,0.45194936570428695,0.2365284455128205,0.07299394164193868,0.04705683086242627,0.02099185748826625,0.08329218397291195,0.09959092442645073,0,0,0,0,0,0,0,0,0,0,0,0,0,0,0,0.1551984752891693,0,0,0,0,0,0,0,0,0.1702350057670127,0,0,0,0,0,0,0,0,0,0.1620128979143798,0,0,0,0,0,0,0,0,0,0,0,0,0,0,0,0,0,0,0,0,0,0,0,0,0,0,0,0,0,0,0,0,0,0,0,0,0,0,0,0,0,0.12946820175438598,0,0,0,0,0,0,0,0,0,0,0,0,0
MOTU426,0,0,0,0,0,0,0,0,0,0,0,0,0,0,0,0,0,0,0,0,0,0,0,0,0,0,0,0,0,0,0,0,0,0,0,0,0,0,0,0,0,0,0,0,0,0,0.12283482395562095,0,0.02154220336038518,0.05394878594513964,0,0,0,0,0,0,0,0,0,0,0.11848211848211848,0,0,0,0,0.20711047482701025,0.09438886472379295,0,0,0.07576484964867106,0.030787784201752207,0.029010695187165772,0.016689740039993847,0.02118933697881066,0,0,0.024971231300345224,0.07626522961574508,0.021469914087363748,0,0.002100657302446249,0.03920623927248638,0.012435767636440045,0.06709956709956709,0.10879010695187166,0.04996354426493725,0,0,0,0.05816614775562382,0.06605113636363635,0.322857836885893,0.0202123695976155,0.03567318757192175,0.019359443304487464,0,0.006716810598322344,0.016713306461965033,0.01537889123155153,0.006248740173352146,0.021466020377881097,0,0,0.008353704309664504,0,0,0,0,0.004878158438989299,0.006289581612393663,0,0,0,0,0,0.015557786062517922,0,0,0,0.1122994652406417,0,0.07914653050059269,0.1395139513951395,0,0.11386593204775022,0.014521363803660453,0.019906430602697,0.0071063662562221635,0.39413058025045405,0.4132167289653713,0.483000916510278,0.09735853289215411,0.101774407879309,0.022635998539612994,0.06673637593799975,0.021326781326781327,0.07553080403759135,0.14789766173849217,0,0,0,0,0,0,0,0,0.01288522059260139,0.03248178824468616,0,0,0.1048526264927176,0,0,0.018698836708315382,0,0,0,0,0,0,0,0,0,0,0,0,0,0.046308151941954756,0.03990682277937841,0.23940864960282435,0.016976998904709748,0.1819859107681986,0.16590214067278286,0,0.026198237353615837,0,0,0,0,0,0.004778893587033122,0,0.003603154836031548,0.10552568324232697,0,0.031690397955458194,0.015832482124616954,0.008104877866586986,0.04468238443323381,0.06921850079744817,0.031362913715854895,0.9388420040593953,0.14050412913339316,1,0.5948616600790514,0.11709510604811511,0.8670541227751544,0.15809924714644213,0.24633431085043986,0.11309656764202218,0.0011178191708563422,0,0
MOTU4422,0,0,0,0,0,0,0,0,0,0,0,0,0,0,0,0,0,0,0,0,0.18993020937188435,0,0,0,0,0,0,0,0,0,0,0,0,0,0,0,0,0,0,0,0,0,0,0,0,0,0,0,0,0,0,0,0,0,0,0,0,0,0,0,0,0,0,0,0,1,0,0,0,0,0,0,0.3223350253807106,0,0.5712143928035982,0,0,0,0,0,0,0,0,0,0,0,0.3392698130008905,0.17008928571428572,0,0,0,0.06362725450901804,0.26024590163934425,0,0.747791952894995,0,0.12972420837589377,0,0.37127265640226076,0,0.10364526659412406,0.24873510690386816,0.19164989939637828,0.4033453313571882,0,0,0,0,0,0,0,0,0,0,0,0,0,0,0,0,0,0,0,0,0,0,0,0,0,0,0,0,0,0,0,0,0,0,0,0,0,0,0,0,0.4703703703703704,0,0,0,0,0,0,0,0,0,0,0,0,0,0,0,0,0,0,0,0,0,0,0,0,0,0,0,0,0,0,0,0,0,0,0,0,0,0,0,0,0,0,0,0,0,0,0,0,0.11705069124423963,0,0,0,0,0,0,0,0,0
MOTU4981,0,0,0,0,0,0,0,0,0,0,0,0,0,0,0,0,0,0,0,0,0,0,0,0,0,0,0,0,0,0,0,0,0,0,0,0,0,0,0,0,0,0,0,0,0,0,0,0,0,0,0,0,0,0,0,0,0,0,0,0,0,0,0,0,0,0,0,0,0,0,0,0,0,0,0,0,0,0,0,0,0,0,0,0,0,0,0,0,0,0.05976411884781129,0,0.04400467601870408,0,0,0,0,0.08971739870616274,0,0,0,0,0,0,0,0,0,0,0.05278445512820513,0,0.08401084010840108,0,0,0,0,0,0,0,0,0,1,0,0,0,0,0,0,0,0,0,0,0.12650024003840613,0,0.22656921754084264,0,0,0.14243243243243242,0.09171597633136096,0.607843137254902,0.2736240913811007,0.25632295719844356,0,0,0.3624484181568088,0,0.487962962962963,0.8009118541033434,0,0,0,0,0,0,0,0.04162717219589257,0.1812242090784044,0,0,0,0,0,0,0,0,0,0,0,0,0,0,0,0,0,0,0,0,0,0,0,0,0,0,0,0,0,0,0,0,0,0,0.11557017543859649,0,0,0,0,0,0,0,0,0,0,0.014930870353581142,0,0
MOTU586,0,0,0,0,0,0,0,0,0,0,0,0,0,0,0,0,0,0,0,0,0,0,0,0,0,0,0,0,0,0,0,0,0,0,0,0,0,0,0,0,0,0,0,0,0.12245236122618063,0,0,0,0,0,0,0,0,0,0,0,0,0,0,0,0.13054230701289526,0.36075176958750305,0.18188530642382475,0.17670970827355334,0,0,0,0.06966440422322775,0,0.020869221428369715,0.016960822565467857,0,0,0,0.06517329570508863,0,0,0,0.12616169268360347,0,0.027773775893064075,0.08639401437951796,0.21922549225615862,0.6078653683695701,0.3995458477508651,0.3486454945000373,0,0,0.21136428639527127,0.17747121529491813,0.016172093837535016,0.06533655546386892,0.05938604950176792,0.03930432932666738,0.04266004733591179,0.13928416608553065,0.044403052334314734,0.03682907786102298,0.18638724248225894,0.1514654642344743,0.2010337323177367,0.05675937749018328,0.10933246538051841,0.19328442789353725,0,0,0,0.2002851621417798,0.09674463257112935,0.30491086917789595,0.012365406979176255,0.01226596733501527,0.03422111084649784,0,0.03163798270399863,0.1371311931712748,0,0,0,0.1649737693939056,0.06507573089115887,0.13080417723759513,0.0614859805308262,0,0,0,0,0.03131886760467876,0,0,0,0.3486228544471459,0.8783824793890042,0.27434106172589523,1,0.4229570747217806,0.5295755615159394,0.877434018590135,0.27084478651273597,0.27486266880292975,0.2152009318578917,0.1886744281045752,0.23917792701674895,0.042743941234310835,0.1341684822076979,0,0,0.1192936010847808,0.08799714217670875,0.030939920452166637,0.09902184108267453,0.011379735140129353,0,0,0,0,0,0,0,0,0,0,0,0,0,0,0,0,0,0,0,0,0,0,0,0,0,0,0,0,0,0.012427269364006323,0.00793983346763363,0.03321915653010402,0.012293718392334311,0.034916135128750296,0,0.035719464449707576,0.024615282126440614,0,0.03455531656223698,0.025540886154696896,0.010863573218866456,0,0,0.007167450657097135,0,0.019354669739667908,0.1809389728836384,0.017801223683576627,0,0.0024961578085153095,0
MOTU6291,0,0,0,0,0.0013717421124828533,0.001995350043291185,0.007349132349132349,0.013805266678829897,0,0,0,0,4.2288654531499463e-4,0,0,0,4.559084326992792e-4,0.0011481607930908034,0,0,0,0,0,0,0,0.0023272026409136577,0,0,0,0,0.012070936694052273,0.009674807143161573,0,0,0,0,0,0,0.0018344768508416775,0,0,0,0,0,0,0,0,0,0,0,0,0,0,0,0,0,0,0,0,0,0,0,0,0,0,0,0,0,0,0,0,0,0,0,0,0,0,0,0,0,0,0,0,0,0,0,0,0,0,0,0,0,0,0,0,0,0,0,0,0,0,0,0,0,0,0,0.012872233563397168,0,0,0,0,0,0,0,0,0,0,0,0,0,0,0,0,1,0,0,0,0,0,0,0,0,0,0,0,0,0,0,0,0,0,0,0,0,0,0,0,0,0,0,0,0,0,0,0,0,0,0,4.1612588632980636e-4,0,0.0044327279828158565,0.011423107890499195,0,0,0,0,0,0,0,0,0,0,0,0,0,0,0,0,0,0,0,0,0,0,0,0,0,0,0,0,0,0,0,0,0,0,0,0,0,0,0,0,0
MOTU6362,0,0,0,0,0.002849002849002849,0.003108141413588192,0,0,0,0,0,0,0,0,0,0,0,0,0,0.0024607579568120715,0,0,0,0,0,0,0,0,0,0,0,0,0,0,0,0,0,0,0,0,0,0,0,0,0,0,0,0,0,0,0,0,0,0,0,0,0,0,0,0,0,0,0,0,0,0,0,0,0,0,0,0,0,0,0,0,0,0,0,0,0,0,0,0,0,0,0,0,0,0,0,0,0,0,0,0,0,0,0.0034031452858192283,0,0,0,0,0,0,0,0.024825021872265967,0,0,0,0,0,0,0,0,0,0,0,0,0,0,0,0,1,0,0,0,0,0,0,0,0,0,0,0,0,0,0,0,0,0,0,0,0,0,0,0,0,0,0,0,0,0,0,0,0,0,0,0,0.0016473149492017415,0,0,0,0,0,0,0,0,0,0,0,0,0,0,0,0,0,0,0,0,0,0,0,0,0,0,0,0,0,0,0,0,0,0.0026822639725865532,0,0,0,0.0038872525515446263,0,0,0,0,0
MOTU6630,0,0,0,0.050102838338132456,0.07949094468918258,0.11562833748665005,0,1,0.2747884940778342,0,0,0,0.06126452391730798,0,0.07817087845968712,0.045090236001851,0.06604847893281275,0.0998019801980198,0,0.06865839909808343,0,0.22078549848942597,0.21891709728150976,0,0.2333892215568862,0.08990588669496216,0.07511563367252543,0,0,0.265359477124183,0,0,0.10394708768935353,0,0.3527878349022447,0.14963144963144961,0,0,0.10630591315732053,0,0,0,0,0,0,0,0,0,0,0,0,0,0,0,0,0,0,0,0,0,0,0,0,0,0,0,0,0,0,0,0,0,0,0,0,0,0,0,0,0,0,0,0,0,0,0,0,0,0,0,0,0,0,0,0,0,0,0,0,0,0,0,0,0,0,0,0,0,0,0,0,0,0,0,0,0,0,0,0,0,0,0,0,0,0,0,0,0,0,0,0,0,0,0,0,0,0,0,0,0,0,0,0.33507565337001377,0,0,0,0,0,0,0,0,0,0,0,0,0.3161583387410772,0.09246536344657429,0.09899420908259676,0.08439912888536923,0.1608679245283019,0.21405975395430576,0.33097826086956517,0,0,0,0,0,0,0,0,0,0,0,0,0,0,0,0,0,0,0,0,0,0,0,0,0,0,0,0,0,0,0,0,0,0,0,0,0,0,0,0,0
MOTU7186,0,0,0,0.2503085150143974,0.39712840593897863,0,0,0,0,0,0,0,0,0,0,0,0,0,0,0,0,0,0,0,0,0.2245801808451744,0.7505396238051187,0,0,0,0,0,0,0,0,0,0,0,0,0,0,0,0,0,0,0,0,0,0,0,0,0,0,0,0,0,0,0,0,0,0,0,0,0,0,0,0,0,0,0,0,0,0,0,0,0,0,0,0,0,0.1295921627089767,0,0,0,0,0,0,0,0,0.27602630982082105,0,0.20323981295925186,0,0,0,0,0,0,0,0,0,0,0.30608651911468815,0,0,0,0,0,0,0,0.0865452993884227,0,0,0,0,0,0,0,0,0,0,0,0,0,0,0,0,0,0,0,0.5842534805568891,0,0,0,0,0,0,0,0,0,0,0,0,0,0,0,0,0,0,0,0,0,0,0,0,0,0,0,0,0,0,0,0,0,0,0,0,0,0,0,0,0,0,0,0,0,0,0,0,0,0,0,0,0,0,0.9775100401606427,0.48836276083467095,1,0,0,0,0,0,0,0,0,0,0,0,0,0,0,0
MOTU7412,0,0,0,0,0,0,0,0,0,0,0,0,0,0,0,0,0,0,0,0,0,0,0,0,0,0,0,0,0,0,0,0,0,0,0,0,0,0,0,0,0,0,0,0,0,0,0,0,0,0,0,0,0,0,0,0,0,0,0,0,0,0,0,0,0,0,0,0,0,0,0,0,0,0,0,0,0,0,0,0,0,0,0,0,0,0.4292950612072604,0,0,0,0.11533227489226582,0.18917410714285712,0,0,0,0,0,0.1731358529111338,0,0.1982069771974274,0.3221412733607855,0.5533188248095756,0.33197323322996575,0.3836770623742454,0.10766461994495023,0,0,0.11122047244094488,0.10186298076923075,0,0.08106169296987087,0,0.057392776523702026,0,0,0,0,0,0,0,0,0,0,0.7192362093352193,0,0,0,0.2565590312815338,0,0.26735015772870663,0,0,0,0,0,0,0.5497297297297297,0.1769926905673512,0,0.5280373831775701,0,0,0,0,1,0,0,0,0,0,0,0,0,0,0,0,0,0,0,0.02516828350821619,0,0,0,0,0,0,0,0,0,0,0,0,0,0,0,0,0,0,0,0,0,0,0,0,0.07771664374140302,0,0,0,0,0,0,0,0,0,0.156221198156682,0,0,0,0,0,0,0,0,0
MOTU7490,0,0,0,0,0,0,0,0,0,0,0,0,0,0,0,0,0,0,0,0,0,0,0,0,0,0,0,0,0,0,0,0,0,0,0,0,0,0,0,0,0,0,0,0,0,0,0,0,0,0,0,0,0,0,0,0,0,0,0,0,0,0,0,0,0,0,0,0,0,0,0,0,0,0,0,0,0,0,0,0,0,0,0,0,0,0,0,0,0,0.18853996989628652,0,0,0,0,0,0.13317409921062598,0,0,0,0,0,0,0,0,0,0,1,0,0,0,0,0,0,0,0,0,0,0,0,0,0,0,0,0,0,0,0,0,0,0,0,0,0,0,0,0,0,0,0,0,0,0,0,0,0,0.42111080408952756,0,0,0,0,0,0,0,0,0,0,0,0,0,0,0,0,0,0,0,0,0,0,0,0,0,0,0,0,0,0,0,0,0,0,0,0,0,0,0,0,0,0,0,0,0,0,0,0,0,0,0,0,0,0,0,0,0
MOTU7773,0,0,0,0.5779514603044015,0,0,0,0,0,0,0,0,0,0,0,0,0,0,0,0,0,0,0,0,0,0,0,0,0,0,0,0,0,0,0,0,0,0,0,0,0,0,0,0,0,0,0,0,0,0,0,0,0,0,0,0,0,0,0,0,0,0,0,0,0,0,0,0,0,0,0,0,0,0,0,0,0,0,0,0,0,0,0.2952300903551166,0,0,0.5930772477838749,0,0,0,0,0,0.23463593854375417,0,0,0,0,0,0,0,0,0,0,0,0,0,0,0,0,0,0,0,0,0,0,0,0,0,0,0,0,0,0,0,0,0,0,0,0,0,0,0.6745079212674027,0,0,0,0,0,0,0,0,0,0,0,0,0,0,0,0,0,0,1,0,0,0,0,0,0,0,0,0,0,0,0,0,0,0,0,0,0,0,0,0,0,0,0,0,0,0,0,0,0,0,0,0,0,0.39734162895927605,0,0.5638041733547351,0,0,0,0,0,0,0,0,0.23165704863973618,0,0,0,0,0,0,0
MOTU837,0,0,0,0,0,0,0,0,0,0,0,0,0,0,0,0,0,0,0,0,0,0,0,0,0,0,0,0,0,0,0,0,0,0,0,0,0,0,0,0,0,0,0,0,0,0,0,0,0,0,0,0,0,0,0,0,0,0,0,0,0,0,0,0,0,0,0,0,0,0,0,0,0,0,0,0,0,0,0.04763027648933689,0,0.0559228440604226,0.3189182794681304,0.1287455347762135,0.03307958103876472,0,0.07389495266236508,0.0519611584616037,0.026050170068027213,0,0.019852250267310374,0.06512542517006803,0.10232130928523715,0.029893637782982048,0,0,0.14022520254497187,0.11920813269127875,0.09887440997296972,0.13647019517220257,0.24952712792434048,0.07143245764029225,1,0.660426846795056,0.7227639817307402,0.01729130213918835,0.5378850758180367,0.03828896387951506,0.03506753663003663,0,0.013953223565849104,0.04357132698051486,0.07409303450499839,0.14765278581068056,0.4322398589065256,0.12740694531087546,0,0,0,0,0,0,0,0,0,0,0,0,0,0,0,0,0,0,0,0,0,0,0,0,0,0.04333097595473833,0,0,0,0,0,0,0.048039830641367416,0.08859167148640833,0,0,0,0,0,0,0,0,0,0,0,0,0.0594623447204969,0,0,0,0,0,0,0,0,0,0,0,0,0,0,0,0,0,0,0,0.025022461814914645,0.23980430528375735,0.08026462304316499,0.47031755009696186,0.35152036718301777,0.4214858977298785,0.5034511092851274,0.1982527099174891,0.07677944862155389,0.20873268226209402,0,0.03281091019439139,0,0.030690242436385493,0,0,0,0,0,0,0,0
MOTU3278,0,0,0,0,0,0,0.2475024975024975,0,0,0,0,0,0,0,0,0,0,0,0,0,0,0,0,0,0,0,0,0,0,0,0,0.6516521453230314,0,0,0,0,0,0.05721213520768986,0.06178111654873602,0,0,0,0,0,0,0,0,0,0,0,0,0,0,0,0,0,0,0,0,0,0,0,0,0,0,0,0,0,0,0,0,0,0,0,0,0,0,0,0.05135912518462854,0,0,0,0.05949629273857053,0.32102364755425983,0,0.35855997105469456,0,0,0,0.0642192917085183,0,0,0.19340359094457454,0.38400929992250066,0,0.45360919119329884,0.28921640157595213,0.1599225400411506,0,0,0,0,0,0,0,0,0,0.056719322344322344,0,0.09027350777709457,0.02013531909705996,0.01597871654305063,0.03184242657926869,0,0,0,0,0,0,0.5372729737056113,0.8477331052181353,0,0.4004849464538291,0,0,0.4168463115831537,1,0.2039934129271305,0,0.43932173334811037,0.2718606405596324,0,0.12172951725832208,0,0.3831432437657066,0,0,0,0.14701082925381992,0.2754307948860478,0,0,0,0.5568197780587162,0,0,0,0,0,0.20152516522623287,0.21499077991105328,0,0,0,0,0,0,0,0,0,0.024880743158423303,0,0,0,0,0,0,0,0,0,0,0,0,0,0,0,0,0,0,0,0,0,0.051715590345727334,0,0,0,0,0.11632820753609578,0.08016502184112603,0,0.07502460443636914,0.16635890548934026,0.07075917959336678,0.1739741057713408,0,0,0.4113953609049868,0,0.29463356622565784,0,0,0,0
MOTU11602,0,0,0,0,0,0,0,0,0,0,0,0,0,0,0,0,0,0,0,0,0,0,0,0,0,0,0,0,0,0,0,0,0,0,0,0,0,0,0,0,0,0,0,0,0,0,0,0,0,0,0,0,0,0,0,0,0,0,0,0,0,0,0,0,0,0,0,0,0,0,0,0,0,0,0,0,0,0,0,0,0,0,0,0,0,0,0,0,0,0,0,0,0,0,0,0,0,0,0,0,0,0,0,0,0,0,0,0,0,0,0,0,0.06380266906582696,0,0,0,0,0,0,0,0,0,0,0,0,0,0,0,0,0,0,0,0,0,0,0,0,0,0,0,0,0,0,0,0,0,0,0,0,0,0,0,0,0,0,0,0,0,0,0,0,0,0,0,0,0,0,0,0,0,0,0,0,0,0,0,0,0,0,0,0,0,0,0,0,0,0,0,0,0,0.1503267973856209,1,0,0,0,0,0,0,0,0,0,0.06515456024499952,0
MOTU11749,0,0,0,0,0.1130690161527166,0,0,0,0.13028764805414553,0,0,0,0.011619133846385996,0,0.01853188929001203,0.04275798241554836,0,0.09463980880846705,0,0,0,0,0.10379689957312963,0,0,0,0.07123034227567067,0,0,0,0,0,0.09857051418818008,0,0,0,0.08235294117647059,0.18670438472418668,0.4536329914902902,0,0,0,0,0,0,0,0,0,0.06306306306306307,0,0,0,0,0,0,0,0,0,0,0,0,0,0,0,0,0,0,0,0,0,0,0,0,0,0,0,0,0,0,0,0,0.15303080490228552,0,0.2619047619047619,0,0.39003799071338113,0.4799643811219947,0.034375,0,0.05239283284191427,0.0859375,0.1157314629258517,0,0.2088607594936709,0,0.1480294777314963,0.07865168539325842,0,0.09004092769440654,0.07317073170731707,0,0,0,0,0,0,0,0,0.11424332344213649,0,0.03285450149338643,0.039108352144469526,0,0,0,0,0,0,0,0.8766603415559773,0,0.6950852557673018,0.32673267326732675,0,1,0.1700404858299595,0,0.4160662824207493,0,0,0,0.14250462677359654,0.09931212381771282,0.1325301204819277,0.15629228687415428,0.3745945945945946,0.40201879568395404,0.39965397923875434,0.2398753894080997,0,0,0,0,0,0,0,0,0,0.23380566801619435,0.16441281138790037,0,0.06047120418848168,0.5915492957746479,0.03649289099526066,0,0,0,0.046936909478817436,0.011433379528806176,0,0.040597539543057996,0,0,0,0,0,0,0,0,0,0,0,0,0,0,0,0,0,0,0,0,0,0,0,0,0,0,0,0.13080407701019253,0.2026315789473684,0,0,0.028864175934024742,0.3548387096774194,0.16199158485273493,0,0,0,0.4807492195629553,0,0.026178603807796918,0,0
MOTU12870,0,0,0,0,0,0,0,0,0,0,0,0,0,0,0,0,0,0,0,0,0,0,0,0,0,0,0,0,0,0,0,0,0,0,0,0,0,0,0,0,0,0,0,0,0,0,0,0,0,0,0,0,0,0,0,0,0,0,0,0,0,0,0,0,0,0,0,0,0,0,0,0,0,0,0,0,0,0,0,0,0,0,0,0,0,0,0,0,0,0,0,0,0,0,0,0,0,0,0,0,0,0,0,0,0,0,0,0.28776041666666663,0,0,0,0,0,0,0,0,0,0,0,0,0,0,0,0,0,0.5287081339712918,0,0,0,0,0.6896303408545367,0,0,0.8241537578886975,0,0.7764864864864864,1,0,0.7458463136033229,0,0,0,0,0,0,0,0,0,0,0,0,0,0,0,0,0,0,0,0,0,0,0,0,0,0,0,0,0,0,0,0,0,0,0,0,0,0,0,0,0,0,0,0,0,0,0,0,0,0,0.6300438596491228,0,0,0.17949518930401098,0,0,0,0,0,0,0,0,0,0
MOTU13795,0,0,0,0,0,0,0,0,0,0,0,0,0,0,0,0,0,0,0,0,0,0,0,0,0,0,0,0,0,0,0,0,0,0,0,0,0,0,0,0,0,0,0,0,0,0,0,0,0,0,0,0,0,0,0,0,0,0,0,0,0,0,0,0,0,0,0,0,0,0,0.889582520483808,0,0,0,0,0,0,0,0,0,0,0,0,0,0,0,0,0,0,0,0,0,0,0,0,0,0,0,0,0,0,0,0,0,0,0,0,0,0,0,0,0,0,0,0,0,0,0,0,0,0,0,0,0,0,0,0,0,0,0,0,0,0,0,0,0,0,0,0,0,0,0,0,0,0,0,0,0,0,0,0,0,0,0,0,0,0,0,0,0,0,0,0,0,0,0,0,0,0,0,0,0,0,0,0,0,0,0,0,0,0,0,0,0,0,0,0,0,0,1,0,0,0,0,0,0,0,0,0,0,0,0,0
MOTU14570,0,0,0,0,0,0,0,0,0,0,0,0,0,0,0,0,0,0,0,0,0,0,0,0,0,0,0,0,0,0,0,0,0,0,0,0,0,0,0,0,0,0,0,0,0,0,0,0,0,0,0,0,0,0,0,0,0,0,0,0,0,0,0,0,0,0,0,0,0,0,0,0,0,0,0,0,0,0,0,0,0,0,0,0,0,0,0,0,0,0,0,0,0,0,0,0,0,0,0,0,0,0,0,0,0,0,0,0,0,0,0,0,0,0,0,0,0,0,0,0,0,0,0,0,0,0.19887130413446202,0,0,0,0,0,1,0,0,0,0,0,0,0,0,0,0,0,0,0,0,0,0,0,0.38457888493475684,0,0,0,0,0,0,0,0,0,0,0,0,0,0,0,0,0,0,0,0,0,0,0,0,0,0,0,0,0,0,0,0,0,0,0,0,0,0,0,0,0,0,0,0,0,0,0,0,0,0,0,0,0
MOTU17714,0,0,0,0,0,0,0,0,0,0,0,0,0.23052160354106938,0,0,0,0.24852231440811237,0,0,0,0,0,0,0,0,0,0,0,0,0,0,0,0,0,0,0,0,0,1,0,0,0,0,0,0,0,0,0,0,0,0,0,0,0,0,0,0,0,0,0,0,0,0,0,0,0,0,0,0,0,0,0,0,0,0,0,0,0,0,0,0,0,0,0,0,0,0,0,0,0,0,0,0,0,0,0,0,0,0,0,0,0,0,0,0,0,0,0,0,0,0,0,0,0,0,0,0,0,0,0,0,0,0,0,0,0,0,0,0,0,0,0,0,0,0,0,0,0,0,0,0,0,0,0,0,0,0,0,0,0,0,0,0,0,0,0,0,0,0,0.4323584905660377,0,0,0,0,0,0,0,0,0,0,0,0,0,0,0,0,0,0,0,0,0,0,0,0,0,0,0,0,0,0,0,0,0,0,0,0,0,0,0,0,0,0,0
MOTU18388,0,0,0,0,0,0,0,0,0,1,0,0,0,0,0,0,0,0,0,0,0,0,0,0,0,0,0,0,0,0,0,0,0,0,0,0,0,0,0.07036875409120663,0,0,0,0,0,0,0,0,0,0,0,0,0,0,0,0,0,0,0,0,0,0,0,0,0,0,0,0,0,0,0,0,0,0,0,0,0,0,0,0,0,0,0,0,0,0,0,0,0,0,0,0,0,0,0,0,0,0,0,0,0,0,0,0,0,0,0,0,0,0,0,0,0,0,0,0,0,0,0,0,0,0,0,0,0,0,0,0,0,0,0,0,0,0,0,0,0,0,0,0,0,0,0,0,0,0,0,0,0,0,0,0,0,0,0,0,0,0,0,0,0,0,0,0,0,0,0,0,0,0,0,0,0,0,0,0,0,0,0,0,0,0,0,0,0,0,0,0,0,0,0,0,0,0,0,0,0,0,0,0,0,0,0,0
MOTU19544,0,0,0,0,0,0,0,0,0,1,0,0,0,0,0,0,0,0,0,0,0,0,0,0,0,0,0,0,0,0,0,0,0,0,0,0,0,0,0,0,0,0,0,0,0,0,0,0,0,0,0,0,0,0,0,0,0,0,0,0,0,0,0,0,0,0,0,0,0,0,0,0,0,0,0,0,0,0,0,0,0,0,0,0,0,0,0,0,0,0,0,0,0,0,0,0,0,0,0,0,0,0,0,0,0,0,0,0,0,0,0,0,0,0,0,0,0,0,0,0,0,0,0,0,0,0,0,0,0,0,0,0,0,0,0,0,0,0,0,0,0,0,0,0,0,0,0,0,0,0,0,0,0,0,0,0,0,0,0,0,0,0,0,0,0,0,0,0,0,0,0,0,0,0,0,0,0,0,0,0,0,0,0,0,0,0,0,0,0,0,0,0,0,0,0,0,0.01419938579400984,0,0,0,0,0,0
MOTU29943,0,0,0,0,0,0,0,0,0,0,0,0,0,0,0,0,0,0,0,0,0,0,0,0,0,0,0,0,0,0,0,0,0,0,0,0,0.3625668449197861,0,0,0,0,0,0,0,0,0,0,0,0,0,0,0,0,0,0,0,0,0,0,0,0,0,0,0,0,0,0,0,0,0,0.39680062426843543,0,0,0,0,0,0,0,0,0,0,0,0,0,0,0,0,0,0,0,0,0,0,0.4597649186256781,0,0,0,0,0,0,0,0,0,0,0,0,0,0.2037259615384615,0,0,0,0,0,0,0,0,0,0,0,0,0,0,0,0,0,0.3743099006256901,0,0,0,0,0,0,0,0,0,0,0,0,0,0,0,0,0,1,0,0,0,0,0,0,0,0,0,0,0,0,0,0,0,0,0,0,0,0,0,0,0,0,0,0,0,0,0,0.6899592944369063,0,0,0,0,0,0,0,0,0,0,0,0,0,0,0.28793884484711213,0.44605263157894737,0,0,0,0,0,0,0,0,0,0,0,0,0
MOTU30013,0,0,0,0,0,0,0,0,0,0,0,0,0,0,0,0,0,0,0,0,0,0,0,0,0,0,0,0,0,0,0,0,0,0,0,0,0,0,0,0,0,0,0,0,0,0,0,0,0,0,0,0,0,0,0,0,0,0,0,0,0,0,0,0,0,0,0,0,0,0,0,0,0,0,0,0,0,0,0.40123344821331397,0,0,0,0,0,0,0,0,0,0,0,0,0,0,1,0,0,0,0.6246822931375319,0,0,0,0,0,0,0,0,0,0,0,0.3526223497529093,0,0,0,0,0,0,0,0,0,0,0,0,0,0,0,0,0,0,0,0,0,0,0,0,0,0,0,0,0,0,0,0,0,0,0,0,0,0,0,0,0,0,0,0,0,0,0,0,0,0,0,0,0,0,0,0,0,0,0,0,0,0,0,0,0,0,0,0,0,0,0,0,0,0,0,0,0,0,0,0,0,0,0,0,0,0,0,0,0,0,0,0,0
MOTU32887,0,0,0,0,0,0,0,0,0,0,0,0,0,0,0,0,0,0,0,0,0,0,0,0,0,0,0,0,0,0,0,0,0,0,0,0,0,0,0,0,0,0,0,0,0,0,0,0,0,0,0,0,0,0,0,0,0,0,0,0,0,0,0,0,0,0,0,0,0,0,0,0,0,0,0,0,0,0,0,0,0,0,0,0,0,0,0,0,0,0,0,0,0,0,0,0,0,0,0,0,0,0,0,0,0,0,0,1,0,0.3183165949306552,0,0,0,0,0,0,0,0,0,0,0,0,0,0,0,0,0,0,0,0,0,0,0,0,0,0,0,0,0,0,0,0,0,0,0,0,0,0,0,0,0,0,0,0,0,0,0,0,0,0,0,0,0,0,0,0,0,0,0,0,0,0,0,0,0,0,0,0,0,0,0,0,0,0,0,0,0,0,0,0,0,0,0,0,0,0,0,0,0,0,0,0,0
MOTU3728,0,0,0,0,0,0,0,1,0,0,0,0,0.020421507972435995,0.08335044138780537,0.03257119935820297,0.01878759833410458,0.06604847893281277,0.04158415841584158,0.4521158129175946,0,0,0,0,0.1848816029143898,0,0.0374607861229009,0.1251927227875424,0,0,0,0,0,0,0,0,0,0.1447415329768271,0.2461103253182461,0.17717652192886757,0,0,0,0,0,0,0,0,0,0,0,0,0,0,0,0,0,0,0,0,0,0,0,0,0,0,0,0,0,0,0,0,0,0,0,0,0,0,0,0,0,0,0,0,0,0,0,0,0,0,0,0,0,0,0,0,0,0.13823629553966632,0,0,0,0,0,0,0,0,0,0,0,0,0,0,0,0,0,0,0,0,0,0,0,0,0,0,0,0,0,0,0,0,0,0,0,0,0,0,0,0,0.7024221453287197,0,0,0,0,0,0,0,0,0,0,0,0,0,0,0,0,0,0,0,0,0,0,0,0,0,0,0,0,0,0,0,0,0,0,0,0,0,0,0,0,0,0,0,0,0,0,0,0,0,0,0,0,0,0,0,0,0,0,0,0,0,0,0,0,0
MOTU3770,0,0,0,0,0,0,0,0,0,0,0,0,0,0,0,0,0,0,0,0,0,0,0,0,0,0,0,0,0,0,0,0,0,0,0,0,0,0,0,0,0,0,0,0,0,0,0,0,0,0,0,0,0,0,0,0,0,0,0,0,0,0,0,0,0,0,0,0,0,0,0,0,0,0,0,0,0,0,0,0,0.10669790224683207,0,0,0,0,0,0,0,0,0,0,0,0.11407103825136611,0,0,0,0,0,0.13018904696940167,0,0,0,0,0,0,0,0,0,0,0,0,0,0,0,0,0,0,0,0,0,1,0,0,0,0,0,0,0,0,0,0,0,0.14359415305245055,0,0.2259810554803789,0.18054054054054053,0,0,0.17341640706126685,0,0,0,0,0.32841691248770893,0,0,0,0,0,0,0.2536066818526955,0,0,0,0.45942228335625857,0,0,0,0,0,0,0,0,0,0,0,0,0,0,0,0,0,0,0,0,0,0,0,0,0,0,0,0,0,0,0,0,0,0,0.14649122807017542,0,0,0.29214044733225036,0.4104454685099846,0,0,0,0,0,0,0,0,0
MOTU4153,0,0,0,0,0,0,0,0,1,0,0,0,0,0,0,0.0820453493752892,0,0.03026630249231819,0,0,0.44192422731804576,0,0,0,0,0,0,0,0,0,0,0,0.18914017495199487,0.9752475247524751,0,0,0,0.35825419276621534,0,0,0,0,0,0,0,0,0,0,0,0,0,0,0,0,0,0,0,0,0,0,0,0,0,0,0,0,0,0,0,0,0,0,0,0,0,0,0,0,0,0,0,0,0,0,0,0,0,0,0,0,0,0,0.3027663934426229,0,0,0.568087151553989,0,0.5007060152499294,0,0,0,0,0,0,0,0,0,0.35516826923076916,0.21921364985163203,0.42395982783357244,0,0,0,0,0,0,0,0,0,0,0,0,0,0,0,0,0.8945509586276488,0.31934438040345814,0,0,0,0,0,0,0,0,0,0,0,0,0,0,0,0,0.5472222222222222,0,0,0,0,0,0,0,0,0,0,0,0,0,0.043877450009899024,0.0836320754716981,0.07789982425307557,0,0,0,0,0,0.07646855861295608,0,0,0,0,0,0,0,0,0,0,0,0,0,0,0,0,0,0,0,0,0,0,0,0,0,0,0,0,0,0,0,0,0,0,0,0
MOTU557,0,0,0,0,0,0,0,0,0,1,0,0,0,0,0,0,0,0,0,0,0,0,0,0,0,1.811653736514766e-4,0,0,0,0.003564760928893797,0,0,4.1891835281303676e-4,0,0,0,0,0,4.284246824426584e-4,0,0,0,0,0,0,0,0,0,0,0,0,0,0,0,0,0,0,0,0,0,0,0,0,0,0,0,0,0,0,0,0,0,0,0,0,0,0,0,0,0,4.181600084409974e-4,0.0013007421792876471,4.125804411924151e-4,0,0,0.0016576364032374025,0,0,0,0,7.304577081974342e-4,6.558017099648309e-4,0,0,0.001926859980014429,0.0012582315409386115,0,0,0,0,0,0,4.938305632884063e-4,0,0.001551537194496012,0.003839187775822046,0,0,0,0,0,0,0,0,0,0,0,0,0,0,0,0,0,0,0,0,0,0,0,0,0,0.0024225420353296773,0,0.0011264889957743563,0,0,0,0,0,0,0,0,0,0,0,0,0,0,0,0,0,0,0,0,0,0,0,0,0,0,0,0,0,0,0,0,0,0,0,0,0,0,0,0,0,0,0,0,0,0,0,0,0,0,5.552800677699954e-4,0,0,0,0,0,0,0.003460876004056469,2.453417867842938e-4,0,0,0,7.132111586032341e-4,0,0,0,0,0,0
MOTU5640,0,0,0,0,0,0,0,0,0,0,0,0,0.015643076304008855,0,0,0,0.016864595195488316,0,0,0,0,0,0,0,0,0,0,0,0,0,0,0,0,0,0,0,0,0,0,0,0,0,0,0,0,0,0,0,0,0,0,0,0,0,0,0,0.1283003300330033,0,0,0,0,0,0,0,0,0,0,0,0,0,0,0,0,0,0,0,0,0,0,0,0,0,0,0,0,0,0,0,0,0,0,0,0.10621584699453553,0.14059674502712477,0,0,0,0.17565659418243434,0,0,0,0,0,0,0,0,0,0,0.07690405539070228,0,0,0,0,0,0,0,0,0,0,0,0,0,0,0,0,0,0,0,0.3270241850683491,0,0,0,0,0,0,0,0,0,0,0,0.3079207920792079,0,0,0,0,0,0,0,0,0,0,0,0,0,0,0,0,0,0,0,0,0,0,0,0,0,0,0,0,0,0,0,0,0,0,0,0,1,0,0,0,0,0,0,0,0,0,0,0,0,0,0,0,0,0,0,0,0,0,0,0,0,0
MOTU6331,0,0,0,0,0,0,0,0,0,0,0,0,0,0,0,0,0,0,0,0,0,0,0,0,0,0,0,0,0,0,0,0,0,0,0,0,0,0,0,0,0,0,0,0,0,0,0,0,0,0,0,0,0,0,0,0,0,0,0,0,0,0,0,0,0,0,0,0,0,0,0,0,0,0,0,0,0,0,0,0,0,0,0,0,0,0,0,0,1,0,0,0,0,0,0,0.39538609420057674,0,0,0,0,0,0.1007018116533377,0,0,0,0,0,0,0,0,0,0,0,0,0,0,0,0,0,0,0,0,0.8727015558698727,0,0,0,0,0,0,0,0,0,0,0,0,0,0,0,0,0,0,0,0,0,0,0,0,0,0,0,0,0,0,0,0,0,0,0,0,0,0,0,0,0,0,0,0,0,0,0,0,0,0,0,0,0,0,0,0,0,0,0,0,0,0,0,0,0,0,0,0,0,0,0.9477726574500769,0,0,0,0,0,0,0,0,0.03349438141251832
MOTU6348,0,0,0,0,0,0,0,0,0,0,0,0,0,0,0,0.05964831096714484,0,0,0,0,0,0,0,0,0,0,0,0,0,0,0,0,0,0,0,0,0,0,0,0,0,0,0,0,0,0,0,0,0,0,0,0,0,0,0,0,0,0,0,0,0,0,0,0,0,0,0,0,0,0,0,0,0,0,0,0,0,0,0,0,0.13725907784048558,0,0,0,0,0,0,0,0,0,0,0,0,0.5827305605786618,0,0.4130086510733739,0,0.3640214628635979,0,0,0,0,0,0,0,0,0,0.258213141025641,0,0.2054838195440778,0,0.07274266365688488,0.14496176338281602,0,0,0,0,0,0,0,0,0,0,0,0,0,0,0.46433717579250716,0,1,0,0,0,0,0,0,0,0,0,0,0,0,0,0,0,0,0,0,0,0,0,0,0,0,0.8865199449793673,0,0,0,0,0,0,0,0,0,0,0,0,0,0,0,0,0,0,0,0,0,0,0,0,0,0,0,0,0,0,0,0,0,0,0,0,0,0,0,0.4519635343618513,0.21253091508656224,0.4682164911006175,0,0,0,0,0,0
MOTU7281,0,0,0,0.7100987248046072,0,0,0,0,0,0,0,0,0.03473165333735728,0,0,0,0,0,0,0.19461668545659527,0,0,0,0,0,0,0,0,0,0,0,0,0,0,1,0,0,0,0,0,0,0,0,0,0,0,0,0,0,0,0,0,0,0,0,0,0,0,0,0,0,0,0,0,0,0,0,0,0,0,0,0,0,0,0,0,0,0,0,0,0,0,0,0,0,0,0,0,0,0,0,0,0,0,0,0,0,0,0,0,0,0,0,0,0,0,0,0,0,0,0,0,0,0,0,0,0,0,0,0,0,0,0,0,0,0,0,0,0,0,0,0,0,0,0,0,0,0,0,0,0,0,0,0,0,0,0,0,0,0,0,0,0,0,0,0,0,0.0701513766128213,0.034176400712730155,0,0,0,0,0,0,0,0,0,0,0,0,0,0,0,0,0,0,0,0,0,0,0,0,0,0,0,0,0,0,0,0,0,0,0,0,0,0,0,0,0,0,0,0
MOTU7542,0,0,0,0,0,0,0,0,0,0,0,0,0,0,0,0.1936272889535268,0.22690123715013905,1,0,0,0,0,0.9400776711493404,0,0,0.38607544881765216,0,0,0,0,0,0,0,0,0,0,0,0,0,0,0,0,0,0,0,0,0,0,0,0,0,0,0,0,0,0,0,0,0,0,0,0,0,0,0,0,0,0,0,0,0,0,0,0,0,0,0,0,0,0,0,0,0,0,0,0,0,0,0,0,0,0,0,0,0,0,0,0,0,0,0,0,0,0,0,0,0,0,0,0,0,0,0,0,0,0,0,0,0,0,0,0,0,0,0,0,0,0,0,0,0,0,0,0,0,0,0,0,0,0,0,0,0,0,0,0,0,0,0,0,0,0,0,0,0,0,0.39706639915408176,0,0.20710184687614897,0,0,0,0,0,0,0,0,0,0,0,0,0,0,0,0,0,0,0,0,0,0,0,0,0,0,0,0,0,0,0,0,0,0,0,0,0,0,0,0,0,0,0,0
MOTU7587,0,0,0,0,0,0,0,0,0,0,0,0,0,0,0,0,0,0,0,0,0,0,0,0,0,0,0,0,0,0,0,0,0,0,0,0,0,0,0,0,0,0,0,0,0,0,0,0,0,0,0.43054641211323236,0,0,0,0,0,0,0,0,0,0,0,0,0,0,0,0,0,0,0,0,0,0,0,0,0.2245879120879121,0,0,0,0,0,0,0,0,0,0,0,0,0,0,0,0,0,0,0.6418056918547596,0.20954822172380647,0,0,0,0,0,0,0,0,0,0,0,0,0,0,0,0,0,0,0,0,0,0,0,0,0,0,0,0,0,0.4814133235185867,0,0,0.34384858044164035,0,0,0,0,0,0.884979702300406,0,0,0,0,0,0,0,0,0,0,0,0,0,0,0,0,0,0,0,0,0,0,0,0,0,0,0,0,0,0,0,0,0,0,0,0,0.603321033210332,1,0,0,0,0,0,0,0,0,0,0,0,0,0,0,0,0,0,0,0,0,0,0,0,0,0,0.68054110301769,0,0,0,0
MOTU9251,0,0,0,0,0,0,0,0,0,0,0,0,0,0,0,0,0,0,0,0,0,0,0,0,0,0,0,0,0,0,0,0,0,0,0,0,0,0,0,0,0,0,0,0,0,0,0,0,0,0,0,0,0,0,0,0,0,0,0,0,0,0,0,0,0,0,0,0,0,0,0,0,0,0,0,0,0,0,0,0,0,0.23269294468367008,0,0,0,0,0,0,0,0,0,0,0,0,0,0,0,0,0,0,0,0,0,0,0.4163374160410905,0,0,0,0,0,0,0,0,0,0,0,0,0,0,0,0,0,0,0,0,0,0,0,0,0,0,0,0,0,0,0,0,0,0,0,0,0,0,0,0,0,0,0,0,1,0,0,0.8994878361075543,0,0,0,0,0,0,0,0,0,0,0,0,0,0,0,0,0,0,0,0,0,0,0,0,0,0,0,0,0,0,0,0,0,0,0,0,0,0,0,0,0,0,0,0.255176171449328,0,0,0,0,0.0403387884008039,0
MOTU9328,0,0,0,0.43006993006993005,0,0,0,0,0,0,0,0,0,0,0,0,0,0,0,0,0,0,0,0,0,0,0,0,0,0,0,0,0,0,0,0,0,0,0,0,0,0,0,0,0,0,0,0,0,0,0,0,0,0,0,0,0,0,0,0,0,0,0,0,0,0,0,0,0,0,0,0,0,0,0,0,0,0,0,0,0,0,0,0,0,0,0,0.3111607142857143,0,0,0,0,0,0,0,0,0.7119509703779365,0,0,0,0,0,0.5259054325955734,0,0,0,0,0,0,1,0,0,0,0,0,0,0,0,0,0,0,0,0,0,0,0,0,0,0,0,0,0,0,0,0,0,0,0,0,0,0,0,0,0,0,0,0,0,0,0,0,0,0,0,0,0,0,0,0,0,0,0,0,0,0,0,0,0,0,0,0,0,0,0,0,0,0,0,0,0,0,0,0,0,0,0,0,0,0,0,0,0,0,0,0,0,0,0,0,0,0,0,0
MOTU9653,0,0,0,0,0,0,0,0,0,0,0,0,0,0,0,0,0,0,0,0,0,0,0,0,0,0,0,0,0,0,0,0,0,0,0,0,0,0,0,0,0,0,0,0,0,0,0,0,0,0,0,0,0,0,0,0,0,0,0,0,0,0,0,0,0,0,0,0,0,0,0,0,0.19543147208121828,0.24812030075187969,0,0,0,0,0,0,0,0,0.048539609161588566,0,0,0,0,0,0,0,0,0,0,0,0,0,0,0,0,0,0,0,0,0,0,0,0,0.04627403846153846,0.057121661721068244,0,0,0,0,0,0,0,0,0,0,0,0,0,0,0,1,0,0,0,0,0,0,0,0,0,0,0,0,0,0,0,0,0,0,0,0,0,0,0,0.23380566801619435,0,0,0,0,0,0,0,0,0,0,0,0,0,0,0,0,0,0,0,0,0,0,0,0,0,0,0,0,0,0,0,0,0,0,0,0,0,0,0,0,0,0.061208267090620036,0,0,0,0,0,0,0,0,0,0,0,0
MOTU9739,0,0,0,0,0,0,0,0,0,0,0,0,0,0,0,0,0,0,0,0,0,0,0,0,0,0,0,0,0,0,0,0,0,0,0,0,0,0,0,0,0,0,0,0,0,0,0,0,0,0,0,0,0,0,0,0,0,0,0,0,0,0,0,0,0,0,0,0,0,0,0,0,0,0,0,0,0,0,0,0,0,0,0,0,0,0,0,0,0,0,0,0,0,0,1,0,0.3469526727953694,0,0,0,0,0,0,0,0,0,0,0,0,0,0,0,0,0,0,0,0,0,0,0,0,0,0,0,0,0.750092013249908,0,0,0,0,0,0,0,0,0,0,0,0,0,0,0,0,0,0,0,0,0,0,0,0,0,0,0,0,0,0,0,0,0,0,0,0,0,0,0,0,0,0,0,0,0,0,0,0,0,0,0,0,0,0,0,0,0,0,0,0,0,0,0.5770101925254814,0,0,0,0,0,0,0,0,0,0,0,0,0,0
MOTU9988,0,0,0,0,0,0,0,0,0,0,0,0,0,0,0,0,0.04001952171791118,0,0,0,0,0,0,0,0,0,0,0,0,0,0,0,0,0,0,0,0.08770053475935828,0,0,0,0,0,0,0,0,0,0,0,0,0,0,0,0,0,0,0,0,0,0,0,0,0,0,0,0,0,0,0,0,0.11809889582333172,0,0,0.41624365482233494,0,0,0,0,0,0,0,0,0,0,0,0,0.1038412832418742,0,0,0,0,0,0,0,0,0,0,0,0,0.047943870590528154,0,0,0.040150155051411784,0,0,0,0,0,0.049278846153846145,0,0,0,0,0,0.30370370370370364,0,0,0,0,0,0,0,0,0,0,0,0,0,0,0,0,0,0,0,0,0,0,0,0,0,0,0,0,0,0,0,0,0,0,0,0,0,0,0,0,0,0,0,0.02499238037183785,0,0,0,0,0,0,0,0,0,0,0,0,0,0,0,0,0,0,0,0,1,0,0,0,0,0,0,0,0,0,0,0,0,0,0,0,0,0,0,0,0,0,0,0,0
MOTU17737,0,0,0,0,0,0,0,0,0,0,0,0,0,0,0,0.013404288138207621,0,0,0,0,0,0,0,0,0.06938123752495011,0,0,0,0,0,0.2079444843263939,1,0.12360429556930519,0,0,0,0,0.058530342830201386,0,0,0,0,0,0,0,0,0,0,0,0,0,0,0,0,0,0,0,0,0,0,0,0,0,0,0,0,0,0,0,0,0,0,0,0,0,0,0,0,0,0,0,0,0,0,0,0.12227381454903616,0,0,0,0,0,0,0,0,0,0,0,0,0,0,0,0,0,0,0,0,0,0,0,0,0,0,0,0,0,0,0,0,0,0,0,0,0,0,0,0,0,0,0,0,0,0,0,0,0,0,0,0,0,0,0,0,0,0,0,0,0,0.15898280278082694,0,0,0,0,0,0,0,0,0,0,0,0,0,0,0,0,0,0,0,0,0,0,0,0,0,0,0,0,0,0,0,0,0,0,0,0,0,0,0,0,0,0,0,0,0,0,0,0,0,0,0,0,0,0,0
MOTU179,0,0,0,0,0.007661367554108409,0.004179113718327736,0,0,0,0,0.011153568109057111,0,0,0,9.417673834562863e-4,0,0,0,0,0,0,0,0,0,0,0.0010831454543995763,0,0,0,0,0.025281687942819688,0,0,0.012914334911752045,0.025501369517992634,0,0,0,0.002561451109487805,0,0,0,0.04192546583850932,0,0,0.020274836674926786,0,0,0,0,0,0.13043478260869565,0,0,0.0075834175935288175,0.008988614421732473,0,0,0,0,0,0,0.024558850281971984,0,0,0,0,0,0,0.0056356843181865615,0.013740691105871176,0,0.019863164864268375,0.012609162658198291,0.0351997914086435,0,0.007429829389102917,0.015127745405647692,0.03406966931915867,0,0.08875287625061923,0.0972104209571266,0.15787021387394137,0.2440106477373558,0.04315856777493606,0.11397214014352046,0.19164505013744243,0.12577639751552797,0.5137058699175534,0.4925695464810122,0.5502717391304348,0.5234381807092446,0.08419458303635068,0.09021935686767828,0.06912147459145795,0.07146538874106682,0.03597282053559533,0.05304323269034786,0.448425173497835,0.04833978322843646,0.16605951648767564,0.5575464267213546,0.336584725745779,0.48964825230831543,0.4058371841341281,0.22625698324022347,0.6650119821978774,0.22575250836120403,0.1915881821700426,0.08982596219824092,0.1978505129457743,0.30540288546471683,0.4475444464002816,1,0.4613632048604519,0.34254560416952406,0,0,0,0,0.08786774277531893,0,0.08302072443269172,0,0.10163749294184077,0.017282488678369685,0.017768613170710306,0.016915173537150732,0.024687971471677412,0.027321482780719802,0.028178421590932812,0.1013866909851675,0.04542225877602901,0.020205043777594852,0.03971289051009002,0.03807285546415981,0.04903221901057825,0.0609297427410862,0.10971149939049167,0.03996785653865674,0.058114507102884204,0.06114130434782609,0.08073679803839483,0,0.028985507246376812,0.011893749174045197,0.007667622752960555,0.06442991457070588,0.0594085548318958,0.01671050595698592,0.02674061602456175,0.009219212383337129,0,0,0,0,0.001113980872535833,0,0,0.0011074651353568498,0,0,0,0,0,0,0,0,0,0.009497678345293373,0,0.010829456120648163,0,0,0.015589814654425774,0,0,0,0.023860021208907744,0.6238978412891457,0.42656723963599597,0.2819002162726527,0.31518761167361525,0.33191794749117876,0.5477818217588039,0.26401257202723943,0.15074324795868518,0.1253974491800936,0.05650204342902162,0.05148741418764302,0.03732632888643119,0.02758902569866653,0.01466841238883245,0.021638950110198358,0.004116104640526861,0.0019355532456360445,0,0.010453366371133222,0.024431072705062663,0,0.004656273404548859,6.740815638692282e-4,0
MOTU182,0,0,0,0.003916224850851378,0.00465998169966701,0.029373312913600593,0.008321977808059178,0.1250619719201274,0,0.05904088441810666,0.013568184245728789,0.04256487010023711,4.788663856153966e-4,0,0,0.0026433158572197225,0.003097557381623459,0.0022752611228042986,0,0.005366596737553382,0,0.06902967453113981,0.04919521008439746,0.03034717590479868,0.025083537421944118,0.01317633688746037,0.0733914786649684,0,0,0.07950903416327272,0.22553575463736547,0.1862437565145396,0.05687424645780917,0.11520766637691605,0.24128312196574184,0.02339150519022039,0.0033940615374045274,0.01154214097282647,0.022850484123198057,0.0038403963745137957,0,0,0.01700061180789232,0.03449399497253514,0,0,0,0,0.007797168396740131,0,0,0,0,0,0.006150092126886111,0.007289695721607733,0.011782602243093687,0,0,0,0.028589617454713813,0,0,0.03870057972528334,0.04490727647367783,0,0,0,0,0.0045704957332787805,0.014858123468466173,0,0,0,0.014273377230014542,0.006538696849189354,0,0,0.08289070295594876,0,0.052716198045556856,0.06937646156781496,0.1080265814395175,0.12952847091727482,0.12250440861569466,0.06028076791316821,0.3334521900461634,0.12325443560721934,0.09258031713860325,0.20513326109772542,0.13458817681248086,0.1399115146781786,0.003251483132657001,0.00860790471285687,0.00934282886400363,0.015252070830534604,0.0032415194458357845,0.008065808482705196,0.011132733516764413,0.0030156295889831168,0.06215675263821349,0.22064446727005016,0.0742280233865721,0.0927240652490591,0.3592227259921301,0.48931369851542594,0.16866748722790806,0.06484207708779444,0.07297987660361294,0.07436581986426993,0.23221999118617243,0.1278691614986393,1,0.47014037592196045,0.8176131210083876,0.17268760259120908,0,0,0,0,0,0,0,0,0,0,0,0,0,0,0,0.005873129310561197,0,0,0,0,0.009941186159853498,0,0.009886129400228141,0.004630516834834484,0,0.016528372591006424,0,0,0,0,0,0.010450430968627552,0,0.006776044563999787,0,0.0024922362859737435,0,0,0,0,0.0018068594823343518,0,0.006596950929215788,0.00269443658842067,0.0041829273341035585,0.038805744344102035,0.011833862787345804,0.010757449279570282,0,0,0.0065697180108132145,0.022348222094881926,0,0.007702542566682605,0.008193065931514372,0.017565207771992067,0.007278549397874388,0,0.025286434561539704,0,0,0.03061203412353601,0,0.6124975666731555,0.5442831532294208,0.37558813050712364,0.09389926960194772,0.11494835188463338,0.2046227484569845,0.41293052294832433,0.1298923149367054,0.16819011188744745,0.024259083666981113,0.012526766595289078,0.0025226133048276895,0,0,0,0,0,0,0,0,0,0,0,0
MOTU3087,0,0,0.1609989373007439,0,0,0,0,0,0,0,0,0,0,0,0,0.02103192966219343,0,0,0,0,0,0,0,0,0,0.0838715630190072,0,0,0,0,0,0,0,1,0,0,0,0,0.09917084878900284,0,0,0,0,0,0,0,0,0,0,0,0,0,0,0,0,0,0,0,0,0,0,0,0,0,0,0,0,0,0,0,0,0,0,0,0,0,0.2876582278481013,0,0.1648830038091783,0,0.19358960707059952,0.3010930771778735,0,0.6870748299319729,0.8354779411764707,0,0,0.06763392857142858,0,0.10308459968246768,0.16908482142857142,0.7590180360721444,0,0,0,0.1456264017942967,0,0,0,0,0,0,0,0,0,0,0,0,0,0,0,0,0,0,0,0,0,0,0,0,0,0,0,0,0,0,0.22931382441977802,0,0,0,0,0,0.19539982803095443,0,0,0,0,0,0,0,0,0,0,0,0,0,0,0.2494511525795829,0,0,0,0,0,0,0,0,0,0,0,0,0,0,0,0,0,0,0,0,0,0,0,0,0,0,0,0,0,0,0,0,0,0,0.083013698630137,0.13892709766162312,0,0,0,0,0,0,0,0,0,0,0,0,0,0,0,0,0,0,0
MOTU31867,0,0,0,0.48551448551448556,0.12838263058527377,0,0,0,0.44379985496736774,0,0,0,0,0,0.031562661165549254,0.25488199907450254,0.10667224430035557,0.053728722625957175,0,0.11088742148494121,0,0,0.2651731553102032,0,0,0,0,0,0,1,0.2824325710183571,0,0.08394038221219788,0.4328147100424328,0,0,0.14025974025974025,0,0.08584520432654844,0,0,0,0,0,0,0,0,0,0,0,0,0,0,0,0,0,0,0,0,0,0,0,0,0,0,0,0,0,0,0,0,0,0,0,0,0,0,0,0,0,0,0,0,0,0,0,0,0,0,0,0,0,0,0,0,0,0,0,0,0,0,0,0,0,0,0,0,0.15762362637362637,0,0,0,0,0,0,0,0,0,0,0,0,0,0,0,0,0,0,0,0,0,0,0,0,0,0,0,0,0,0,0,0,0,0,0,0,0,0,0,0,0,0,0,0,0,0,0,0.25530731435987764,0.03733427324241521,0,0,0.03711590296495957,0,0,0,0,0,0,0,0,0,0,0,0,0,0,0,0,0,0,0,0,0,0,0,0.060129691491452156,0,0,0,0,0,0,0,0,0,0,0,0,0,0,0,0,0,0,0
MOTU4167,0,0,0,0,0,0,0,0,0.03840678967582521,0,0,0,0,0,0,0,0,0,0,0,0,0,0,0,0,0.006283007759294897,0,0,0,0,0,0,0,0,0.04930864452949898,0,0,0,0,0,0,0,0,0,0,0,0,0,0,0,0,0,0,0,0,0,0,0,0,0,0,0,0,0,0,0,0,0,0,0,0,0,0,0,0,0,0,0,0,0,0.1305201028340204,0,0.07154364162138904,0,0,0,0,0.04053287981859411,0,0.030889198500901837,0,0.022743900499411523,0,0,0,0.0218184037472727,0,0,0,0,0,0,0,0,0,0,0,0.027281746031746032,0.0336771701756865,0.021710581251470778,0.009685000440227293,0.011528539180909384,0.07658033973823447,0,0,0,0,0,0,0,0,0,0,0,0,0,0,0,0,0,0,0,0,0,0,0,0,0,0,0,0,0,0,0,0,0,0,0,0,0,0,0,0,0,0,0,0.006461874937866587,0,0,0,0,0,0,0,0,0,0,0,0,0,0,0,0,0,0,0,0,0,0,1,0.6433416389811738,0.3698712189278227,0.11193737769080236,0.15611012859981221,0,0,0,0,0,0,0,0,0,0,0,0,0,0,0,0,0,0,0
MOTU4266,0,0.057305699481865285,0,0.10723981900452488,0.11342796541034426,0.12374510501957993,0.06076923076923077,0.2283087027914614,0.11763113367174281,0,0,0.10360655737704919,0.07343292590915951,0,0.008365824308062575,0.09972790374826469,0.05843283986768614,0.03204233526800956,0.038708240534521154,0.029391206313416008,0.05198404785643071,0,0.023428443046506403,0.06331511839708562,0.024977245508982036,0.00962170142092637,0.05359235275979032,0,0,0.769920116194626,0.748600143575018,1,0.12607638148069128,0,0.02517016654598117,0,0.11152941176470589,0.05618912911699333,0.16686013528256602,0,0,0,0,0,0,0,0,0,0,0,0,0,0,0,0,0,0,0,0,0,0,0,0,0,0,0,0,0,0,0,0,0,0,0,0,0,0,0,0,0,0,0,0.007304055473839042,0.013136810279667423,0,0.01467285774588434,0,0,0,0,0,0,0,0,0,0,0,0,0,0,0,0,0,0,0,0,0,0.013926282051282051,0,0,0,0.001961625282167043,0,0.04291358024691358,0,0,0,0,0,0,0,0,0,0,0,0,0,0,0,0,0,0,0,0,0,0,0,0,0,0,0,0,0,0,0,0,0,0,0,0,0,0,0,0,0,0,0.02968684759916493,0.06003454231433506,0.0051613541872896455,0.013116981132075472,0.012217926186291741,0.02361413043478261,0.021603480422622747,0,0,0,0.005996722159924092,0,0,0,0,0,0,0,0,0,0,0,0,0.024307692307692308,0,0,0,0,0,0,0,0,0,0,0,0,0,0,0,0,0,0,0,0,0,0,0
MOTU482,0,0,0,0.04230083641848348,0.033556316963071736,0.012202840077528579,0,0,0,0,0,0,0.002586221350368023,0,0.012374649017248293,0,0.013940856424995027,0,0.057256867112100956,0,0,0,0.0693102673556504,0.023413782635094107,0.04926147704590818,0.014232330688318877,0.07927330660910678,0,0,0,0.036910744197176354,0.05916762562332182,0.03291017708555579,0,0.14892589910692733,0.03158271908271908,0.018330362448009504,0,0.05609498872645283,0,0,0,0,0,0,0,0,0,0,0,0,0,0,0,0,0,0,0,0,0,0,0,0.10756624825662481,0,0,0,0,0,0,0,0,0,0,0,0,0,0,0,0,0,0.07117630355304724,0.4257756431489455,0.0756286334664145,0.03886369362559838,0.2835477941176471,0.021703953848318556,0.28997229642821803,0.4437748015873016,1,0.3731760792318742,0.17215401785714282,0.20607882431529723,0.12292235883424407,0.09297769740807714,0.20183186130192995,0.16474420591690697,0.017506525933492223,0.18876494398945684,0.1903949847333203,0.08143279484742899,0.1678454842219804,0.3021054349600131,0.24570338698859823,0.19595596019479142,0.4570821809561438,0.5744878957169459,0.44983960338291046,0.07209869123931624,0.08900016485328058,0.09835804240395345,0.19379059403593607,0.1769986832204665,0.3874175288648973,0.3173868312757201,0.1871057738961669,0,0,0,0,0,0,0,0,0,0,0,0,0,0.054065895548545385,0.07977760537884665,0,0.06343820686818835,0.0442103754657495,0.029498948173646962,0.034788001804239965,0,0.01789650771551224,0.05930411380238369,0,0.050016212710765236,0,0,0,0.20222877745001638,0,0,0,0,0.05204116059379217,0,0.1171222475322703,0.013459860383944153,0,0,0,0,0,0,0,0,0.018072642062097247,0,0.031955666045162624,0.029048964218455743,0,0,0.0044351476465683305,0,0,0,0,0,0,0,0,0,0,0,0,0.10786713286713286,0.38612322351421186,0.4556651419858967,0.17843226788432265,0.3064725661011768,0.15995003770739064,0.20649263721552874,0.02063269127875869,0.3802382908792111,0.02911476028690072,0.022551169590643273,0,0,0,0.06318484383000511,0.018028284244974286,0.008477603737290463,0.03735319045889333,0,0,0,0.011653822907222725,0.0029524356397741406,0
MOTU639,0,0,0,0,0,0,0.02409546974764366,0.022631541372171056,0.046641653792393135,0,0.013095115150263346,0.041080800881228535,0.03188974397666113,0,0.013268456024695232,0.005102307707784238,0.0014947788835369203,0.0028233408048451017,0,0.0077692269986765344,0.027482769084052186,0,0,0,0.019807341838063004,0.7223216219902596,0,0,0,0,0,0,0,0.12129908643038215,0.09980165601486005,0,0.04913585987754785,0.027849280047791823,0.09623466686905292,0,0,0,0,0,0,0,0,0,0,0,0,0,0,0,0,0,0,0,0,0,0,0,0,0,0,0,0,0,0,0,0,0,0,0,0,0,0,0,0,0,0,0,0,0,0,0,0,0.04512163561076604,0.13402860968219293,0,0,0.009206819435973396,0,0,0,0.008832174748895976,0,0.023353756615055926,0.021489157974121494,0.008731459420748922,0.022496096891706483,0.022494873013958173,0.006932901758376345,0.029181894337607817,0,0,0,0,0.00681632477529781,0.013182791674464059,0.03136420695924261,0.01866719010697811,0.018600011735023174,0.10209339774557165,0.060186064173153586,1,0,0,0,0,0,0,0,0,0,0,0,0,0,0,0,0,0,0,0,0,0,0,0,0,0,0,0,0,0,0,0,0,0,0,0,0,0,0,0,0,0.013078960614587373,0.04480783076916281,0,0.0026004922067268247,0,0,0,0,0,0,0,0,0,0,0,0,0,0,0,0,0,0,0,0.019276375798114927,0.026710481968318163,0,0.0050347429025213416,0.0042129325066948406,0.0077955931536494195,0,0,0.03397520631631595,0,0.012090007627765064,0,0,0,0,0,0,0,0,0,0,0,0,0
MOTU9147,0,0,0,0.2858611976259035,0,0,0,0.3803659394792399,0,0,0,0,0,0,0,0,0,0,0,0,0,0,0,0.21096799375487899,0,0.08549284264360846,1,0,0,0.8411142234671646,0,0,0.19768965832545948,0,0,0,0,0,0,0,0,0,0,0,0,0,0,0,0,0,0,0,0,0,0,0,0,0,0,0,0,0,0,0,0,0,0,0,0,0,0,0,0,0,0,0,0,0,0,0,0,0,0,0,0,0,0,0,0,0,0,0,0,0,0,0,0,0,0,0,0,0,0,0,0,0,0.20266216722909636,0,0,0,0,0,0,0,0,0,0,0,0,0,0,0,0,0,0,0,0,0,0,0,0,0,0,0,0,0,0,0,0,0,0,0,0,0,0,0,0,0,0,0,0,0,0,0,0,0,0,0,0,0,0,0,0,0,0,0,0,0,0,0,0,0,0,0,0,0,0,0,0,0,0.11223006644518271,0.2648860573388875,0,0,0,0,0,0,0,0,0,0,0,0,0,0,0,0,0,0,0,0,0
MOTU20260,0,0,0,0,0,0,0,0,0,0,0,0,0,0,0,0,0,0,0,0,0,0,0,0,0,0,0,0,0,0,0,0,0,0,0,0,0,0,0,0,0,0,0,0,0,0,0,0,0,0,0,0,0,0,0,0,0,0,0,0,0,0,0,0,0,0,0,0,0,0,0,0,0,0,0,0,0,0,0,0,0,0,0,0,0,0,0,0,0,0,0,0,0,0,0,0,0,0,0,0,0,0,0,0,0,0,0,0.13606770833333334,0.6718595450049456,0,0,0,0,0,0,0,0,0,0,0,0,0,0.9607496463932108,0,0,1,0,0,0,0,0,0,0,0,0,0,0,0.39172433679354096,0,0,0,0,0,0,0,0,0,0,0,0.4834519572953737,0,0.17781413612565447,0,0,0,0,0,0,0,0,0,0,0,0,0,0,0,0,0,0,0,0,0,0,0,0,0,0,0,0,0,0,0,0,0,0,0,0,0,0,0,0,0,0,0,0,0,0,0,0,0,0,0
MOTU2241,0,0,0,0,0,0.006970791164454391,0,0,0,0,0,0,0,0,0,0,0,0.00802224064771009,0,0,0,0,0,0,0,0,0,0,0,0,0,0,0,0,0,0,0,0,0,0,0,0,0,0,0,0,0,0,0,0,0,0,0,0,0,0,0,0,0,0,0,0,0,0,0,0,0,0,0,0,0,0,0,0,0,0,0,0,0,0,0.012510458341573239,0,0.012343529553027347,0,0,0,0,0.008741496598639457,0,0,0,0,0.020062451209992196,0.07966933608886594,0,0.05646541859294183,0.04000194561992315,0,0,0,0,0,0,0,0,0,0,0,0,0.018728792329940108,0,0,0,0,0,0,0,0,0,0,0,0,0.16617498484542334,0,0,0,0,0.02116097159324825,0,0,0,0.1811932669428043,0.050509765385087835,0.06740431112203918,0,0.09525868725868726,0,0.9146811665842808,0.7929980715027444,1,0,0,0,0,0,0,0,0,0,0.0836197254702593,0,0,0,0,0,0,0,0.011935966096283073,0,0.00554177897574124,0,0,0,0,0,0,0,0,0,0,0,0,0,0,0,0,0,0,0,0,0,0,0,0,0,0,0,0,0.01663161300760395,0,0,0,0,0,0.02059707473452214,0,0,0,0,0,0,0,0
MOTU24746,0,0,0,0,0,0,0,0,0,0,0,0,0,0,0,0,0,0,0,0,0,0,0,0,0,0,0,0,0,0,0,0,0,0,0,0,0,0,0,0,0,0,0,0,0,0,0,0,0,0,0,0,0,0,0,0,0,0,0,0,0,0,0,0,0,0,0,0,0,0,0,0,0,0,0,0,0,0,0,0,0,0,0,0,0,0,0,0,0,0,0,0,0,0,0,0,0,0,0,0,0,0,0,0,0,0,0,0,0,0,0.21056748684397666,0.05569977426636568,0.22199730094466935,0,0,0,0,0,0,0,0,0,0,0,0,0,0.9959636730575177,0,0,0,0,0,0,0,0.6677943166441137,0,0,0,0,0,0,0,0,0,0,1,0,0,0,0,0,0,0,0,0,0,0,0,0,0,0,0,0,0,0,0,0,0,0,0,0,0,0,0,0,0,0,0,0,0,0,0,0,0,0,0,0,0,0,0,0,0,0,0,0,0,0,0,0,0,0,0,0
MOTU4570,0,0,0,0,0,0,0,0,0,0,0,0,0.01594487198833057,0,0,0,0,0.01082280641857289,0,0,0,0,0,0,0,0,0,0,0,0,0,0,0,0,0,0,0,0.19216003232976359,0,0,0,0,0,0,0,0,0,0,0,0,0,0,0,0,0,0,0,0,0,0,0,0,0,0,0,0,0,0,0,0,0,0,0,0,0,0,0,0,0,0,0,0,0,0,0,0,0,0,0,0,0,0,0.10826502732240438,0.5732368896925859,0,0.10157000961230375,0.3237997957099081,0.08952273369104774,0,0,0,0,0,0,0,0,0,0,0,0,0,0,0,0,0,0,0,0,0,0,0,0,0,0,0,0.2333456017666544,0.15993945509586277,0,1,0.4918541505042669,0.7609217474795967,0,0,0,0,0,0,0,0,0,0,0,0,0,0,0,0,0,0,0,0,0,0,0,0,0,0,0,0,0,0,0,0,0.1790960451977401,0,0,0,0,0,0,0,0,0,0,0,0,0,0,0,0,0,0,0,0,0,0,0,0,0,0,0,0,0,0,0,0,0,0,0,0,0,0,0
MOTU486,0,0,0,0,0,0,0,0,0,0,0,0,0,0,0,0.0732220921686583,0.06223217447056909,0.04007189765629707,0,0,0,0,0.001953295359932335,0,0,0,0,0,0,0,0,0,0,0,0,0,0,0,0.0018970363620027981,0,0,0,0,0,0,0,0,0,0,0,0,0,0,0,0,0,0,0,0,0,0,0,0,0,0,0,0,0,0,0,0,0,0,0,0,0,0,0,0,0,0,0,0,0,0.0159818339100346,0,0,0,0,0,0,0,0,0,0,0.011142733286842453,0.014801017444771575,0.01227635928700766,0.0016944294771114449,0.002753917531535896,0.004730205466299687,0,0,0,0,0,0,0.0017416101055806937,0,0,0,0,0,0,0,0,0,0,0,0,0,0,0.01229719610616524,0,0,0,0,0,0,0,0,0,0,0,1,0.6673322734499205,0.608255359226879,0,0,0,0.025824111822947002,0,0,0,0,0,0,0,0,0.01856395227129998,0.03960873643306981,0.00455189405605174,0,0,0,0,0,0,0,0,7.639822185464696e-4,0,0,0,0,0,0,0,0,0,0,0,0,0,0,0,0,0,0,0,0,0,0,0,0,0,0,0,0,0,0,0,0,0,0,0,0,0,0,0,0,0,0
MOTU6123,0,0,0,0,0,0,0,0,0,0,0,0,0,0,0,0,0,0,0,0,0,0,0,0,0,0,0,0,0,0,0,0,0,0,0,0,0,0,1,0,0,0,0,0,0,0,0,0,0,0,0,0,0,0,0,0,0,0,0,0,0,0,0,0,0,0,0,0,0,0,0,0,0,0,0,0,0,0,0,0,0,0,0,0,0,0,0,0,0,0,0,0,0,0,0,0,0,0,0,0,0,0,0,0,0,0,0,0.9180689102564102,0.37776129244971973,0.7305914235612944,0,0,0,0,0,0,0,0,0,0,0,0,0,0,0,0,0,0,0,0,0,0,0,0,0,0,0,0,0,0,0,0,0,0,0,0,0,0,0,0,0,0,0,0,0,0,0,0,0,0,0,0,0,0,0,0,0,0,0,0,0,0,0,0,0,0,0,0,0,0,0,0,0,0,0,0,0,0,0,0.6700292397660819,0.8095742801625154,0,0,0,0,0,0,0,0,0,0,0,0
MOTU7709,0,0,0,0,0,0.08686365254538983,0,0,0,0,0,0,0,0,0,0.03387320684868117,0,0,0,0,0,0,0.6578297011907436,0,0,0,0,0,0,0,0,0,0,0,0,0,0,0,0.15972070696050622,0,0,0,0,0,0,0,0,0,0,0,0,0,0,0,0,0,0,0,0,0,0,0,0,0,0,0,0,0,0,0,0,0,0,0,0,0,0,0,0,0,0,0,0,0,0,0,0,0,0,0,0,0,1,0,0,0,0,0,0,0,0,0,0,0,0,0,0,0,0,0,0,0,0,0,0,0,0,0,0,0,0,0,0,0,0,0,0.3693239152371342,0,0,0,0.7028324531925108,0.9031462060456509,0,0,0,0,0,0.4221453287197232,0.7601246105919003,0.3560311284046693,0,0,0,0,0,0,0,0,0,0,0,0,0,0,0,0,0,0,0,0,0,0.49728260869565216,0,0,0,0,0,0,0,0,0,0,0,0,0,0,0,0,0,0,0,0,0,0,0,0,0,0,0,0,0,0,0,0,0,0,0,0,0,0,0,0,0
MOTU12354,0,0,0.03496280552603613,0,0,0,0,0,0,0,0,0,0,0,0,0,0,0,0,0,0,0,0,0,0,0,0,0,0,0,0,0,0,0,0,0,0,0,0,0,0,0,0,0,0,0,0,0,0,0,0,0,0,0,0,0,0,0,0,0,0,0,0,0,0,0,0,0,0,0,0,0,0,0,0,0,0,0,0,0,0,0,0,0,0,0,0,0,0,0,0,0,0,0,0,0,0,0,0,0,0,0,0,0,0,0,0,0,0,0,0,0,0,0,0,0,0,0,0,0,0,0,0,0,0,0,0,0,0,0,0,0,0,0,0,0,0,0,0,0,0,0,0,0.19410029498525075,0.7311111111111112,1,0,0,0,0,0,0,0,0,0,0,0,0,0,0,0,0,0,0,0,0,0,0,0,0,0,0,0,0,0,0,0,0,0,0,0,0,0,0,0,0,0,0,0,0.08657894736842105,0,0,0,0,0,0,0,0,0,0,0,0,0
MOTU18557,0,0,0,0,0,0,0,0,0,0,0,0,0,0,0,0,0,0,0,0,0,0,0,0,0,0,0,0,0,0,0,0,0,0,0,0,0,0,0,0,0,0,0,0,0,0,0,0,0,0,0,0,0,0,0,0,0,0,0,0,0,0,0,0,0,0,0,0,0,0,0,0,0,0,0,0,0,0,0,0,0,0,0,0,0,0,0,0,0,0,0,0,0,0,0,0,0,0,0,0,0,0,0,0,0,0,0,0,0,0,0,0,0,0,0,0,0,0,0,0,0,0,0,0,0,0,0,0,0,0,0,0,0,0,0,0,0,0,0,0,0,0,0,0.6470009832841692,0,1,0.42978445460483344,0,0,0,0,0,0,0,0,0,0.031220345416587587,0,0,0.031037735849056603,0,0,0,0,0,0,0,0,0,0.2661812297734628,0,0,0,0,0,0,0,0,0,0,0,0,0,0,0,0,0,0,0,0,0,0,0,0,0,0,0,0,0,0,0,0,0
MOTU28230,0,0,0,0,0,0,0,0,0,0,0,0,0,0,0,0,0,0,0,0,0,0,0,0,0,0,0,0,0,0,0,0,0,0,0,0,0,0,0,0,0,0,0,0,0,0,0,0,0,0,0,0,0,0,0,0,0,0,0,0,0,0,0,0,0,0,0,0,0,0,0,0,0,0,0,0,0,0,0,0,0,0,0,0,0,0,0,0,0,0,0,0,0,0,0,0,0,0,0,0,0,0,0,0,0,0,0,0,0,0,0,0,0,0,0,0,0,0,0,0,0,0,0,0,0,0,0,0,0,0,0,0,0,0.29173838209982783,0,0,0,0,0,0,0,0,0,1,0,0.5151975683890577,0,0,0,0,0,0,0,0,0,0,0,0,0,0,0,0,0,0,0,0,0,0,0,0,0,0,0,0,0,0,0,0,0,0,0,0,0,0,0,0,0,0,0,0,0,0,0,0,0,0,0,0,0,0.20823095823095822,0,0,0
MOTU3095,0,0,0,0,0,0,0,0,0,0,0,0,0,0,0,0,0,0,0,0,0,0,0,0,0,0,0,0,0,0,0,0,0,0,0,0,0,0,0,0,0,0,0,0,0,0.12759067357512954,0,0.15921336206896552,0,0,0,0,0,0,0,0,0,0,0,0,0.22184684684684686,0,0,0,0,0,0,0,0,0.17732837253960634,0.028823644166991808,0.10863970588235294,1,0,0,0,0.14026898734177215,0,0,0,0,0,0,0,0,0,0,0,0,0.0167555001134044,0,0,0,0,0,0,0,0,0,0.023400380107697183,0.08038628944504897,0.012057287416353845,0,0,0,0,0,0,0.01826780415430267,0,0,0.004169018058690745,0,0,0,0,0,0,0,0,0,0,0,0,0,0,0,0,0.03884069400630915,0,0.03546567450792127,0.045573719925971624,0,0,0,0,0.02571353985381135,0,0.11507009345794393,0,0.1462871287128713,0,0,0,0,0,0,0,0,0,0,0,0,0,0,0,0,0,0,0,0,0,0,0,0,0,0,0,0,0,0,0,0,0,0,0,0,0,0,0,0,0,0,0,0,0,0,0,0,0,0,0,0,0,0,0,0,0.03289180765805877,0,0,0,0,0
MOTU567,0,0,7.505313496280553e-4,0,0,0.0015085439658241368,0.0037041083916083918,0.003479064039408867,0.004780033840947547,0,0,0,4.262864041044213e-4,0,3.399518652226233e-4,3.9217954650624714e-4,4.5957377582560603e-4,4.3402185046090817e-4,0,0,0,0.0012802114803625378,0,0,0.0010149700598802395,3.9098542166451374e-4,0,0,0,0,0,0,0,0,0,0,0,0.005137401495251566,9.246126991053896e-4,0,0,0,0,0,0,0,0.005277085927770859,0,0.001156838656838657,0,0.005579328505595786,0,0,0,0,0,0,0,0,0,0,0,0.01773012552301255,0.017225609756097562,0,0,0,0.006790865384615385,0,0.004068650984157465,0,0,0,0,0.006353073463268365,0,0.005363924050632912,0,0,0,9.024598019380257e-4,0.005614441868168268,8.904181550745956e-4,0.017616213151927438,0.04673713235294118,0.016098564795272267,0,6.305803571428572e-4,0.006867909238249595,0,0.001576450892857143,7.076653306613227e-4,0.005788934426229508,0,0,0.0027154758090355653,0.0014427987742594483,0.002393391697260661,8.258624049892808e-4,0.0013422553056699398,0,6.916109025624287e-4,0,0,0,0,0,0,0,0.002026542324246772,0.0018080642867301948,2.3913656884875844e-4,4.7655195681511474e-4,0,0,0,0,0,0,0,0,0,0.005993635077793494,0,0.018344155844155843,0.0015596245859403753,0,0,0,0,0,0.0026141270820481187,0.0036435941530524505,0.0024311531841652322,0,0,0.00442481726418378,0.004887543252595156,0,0,0.002097772277227723,0,0.005828748280605227,1,0.776875,0.7041033434650457,0.038749183540169825,0.07674945115257958,0.11151315789473684,0,0.0032175398633257405,0,0,0,0,0,0,0,2.097356959018016e-4,0,3.7236379613356767e-4,0.002878736413043478,0.0026336233685518955,0,0,0,0,0,0,0.0034283980582524272,0,0,0,0,0,0,0.018186695278969957,0,0,0,0,0,0,0,0.0011983880090497738,0.0034036144578313255,0,0,0.0011997451868629673,0.005575657894736842,0,0,0,0.0026036866359447006,0.0014857994389901822,0,0.0015392299309843808,0,0,0,0,0,0
MOTU10073,0,0,0,0,0,0,0,0,0,0,0,0,0,0,0,0,0,0,0,0,0,0,0,0,0,0,0,0,0,0,0,0,0,0,0,0,0,0,0,0,0,0,0,0,0,0,0,0,0,0,0,0,0,0,0,0,0,0,0,0,0,0,0,0,0,0,0,0,0,0,0,0,0,0,0,0,0,0,0,0,0,0,0.6633746585417104,0,0,0,0,0,0,0,0,0,0,0,0,0,0,0,0,1,0.8588139281828074,0,0.7940140845070424,0,0.6236665349664164,0,0,0,0,0,0,0,0.710076473234368,0,0,0,0,0,0,0,0,0,0,0,0,0,0,0,0,0,0,0,0,0,0,0,0,0,0,0,0,0,0,0,0,0,0,0,0,0,0,0,0,0,0,0,0,0,0,0,0,0,0,0,0,0,0,0,0,0,0,0,0,0,0,0,0,0,0,0,0,0,0,0,0,0,0,0,0,0,0,0,0,0.9698924731182795,0,0,0,0,0,0,0,0,0
MOTU10087,0,0,0,0,0,0,0,0,0,0,0,0,0,0,0,0,0,0,0,0,0,0,0,0,0,0,0,0,0,0,0,0,0,0,0,0,0,0,0,0,0,0,0,0,0,0,0,0,0,0,0,0,0,0,0,0,0,0,0,0,0,0,0,0,0,0,0,0,0,0,0,0,0,0,0,0,0,0,0,0,0,0,0,0,0,0,0,0.10972222222222223,0,0,0,0,0,1,0,0,0,0,0,0,0.4011606819006166,0.12034165714596595,0,0,0,0,0,0,0,0,0,0,0,0,0,0,0,0,0,0,0,0,0,0,0,0,0,0,0,0,0,0,0,0,0,0,0,0,0,0,0,0,0,0,0,0,0,0,0,0,0,0.1930191972076789,0,0,0,0,0,0,0,0,0,0,0,0,0,0,0,0,0,0,0,0,0,0,0,0,0,0,0,0,0,0,0,0,0,0,0.2958801498127341,0,0,0.32339181286549706,0,0,0,0,0,0,0,0,0,0,0,0,0
MOTU1009,0,0,0,0.055532702591526116,0.08810572687224669,0.0711997152011392,0.05244755244755245,0,0.016920473773265655,0,0.057007125890736345,0,0,0,0,0.008329477093937993,0,0.016387845681119836,0,0,0,0.01812688821752266,0.006740058413839586,0,0,0,0,0,0,0,0.021536252692031587,0,0,0,0,0,0,0,0.006545930613135501,0,0,0,0,0,0,0,0,0,0,0,0,0,0,0,0,0,0,0,0,0,0,0,0,0,0,0,0,0,0,0,0,0,0,0,0,0,0,0,0.010883366588064575,0,0.0063890959429240765,0.09937065253395164,0.006303845345660853,0.09070294784580499,0.11029411764705882,0.03799071338117349,0.00890471950133571,0.004464285714285715,0.0486223662884927,0.08165116806532094,0.022321428571428572,0.07014028056112225,0.020491803278688527,0,0,0,0,0,0.0233872539465991,0.009502692429521698,0.024483133841131665,0.014689081116370163,0.015090543259557346,0.0063518949820029645,0.07704464638482812,0.01675977653631285,0.07874015748031496,0.006009615384615384,0,0,0.01493386431517565,0.03724604966139955,0.020242914979757085,1,0.06550218340611354,0,0,0,0,0,0,0,0,0,0.30303030303030304,0,0,0,0,0,0,0,0,0,0.02029769959404601,0,0,0,0,0,0,0,0,0,0,0,0,0.03293084522502744,0,0,0,0,0,0,0,0,0.011387360030366294,0,0.004454563452781627,0.008490566037735849,0,0,0,0.22033898305084745,0,0,0,0,0,0,0,0,0,0,0,0,0,0,0,0.04195804195804196,0,0,0.0821917808219178,0.0687757909215956,0.04242081447963801,0.12048192771084336,0.012038523274478331,0.049301561216105176,0,0,0,0,0,0,0,0,0,0,0,0,0,0,0
MOTU10487,0,0,0,0,0,0,0,0,0,0,0,1,0,0,0,0,0,0,0,0,0,0,0,0,0,0,0,0,0,0,0,0,0,0,0,0,0,0,0.43923194414139216,0,0,0,0,0,0,0,0,0,0,0,0,0,0,0,0,0,0,0,0,0,0,0,0,0,0,0,0,0,0,0,0,0,0,0,0,0,0,0,0,0,0,0,0,0,0,0,0,0,0,0,0,0,0,0,0,0,0,0,0,0,0,0,0,0,0,0,0,0,0,0,0,0,0,0,0,0,0,0,0,0,0,0,0,0,0,0,0,0,0,0,0,0,0,0,0,0,0,0,0,0,0,0,0,0,0,0,0,0,0,0,0,0,0,0,0,0,0,0.06817027329066341,0,0,0,0,0,0,0,0,0,0,0,0,0,0,0,0,0,0,0,0,0,0,0,0,0,0,0,0,0,0,0,0,0,0,0,0,0,0,0,0,0,0,0,0,0
MOTU10488,0,0,0,0,0,0,0,0,0,0,0,0,0,0,0.02147345901858537,0.02477248187567484,0,0,0,0,0,0,0,0.12188828172434729,0,0.02469705357692071,0,0,0,0,0,0,0,0,0,0,0,0,0.0584042475816423,0,0,0,0,0,0,0,1,0,0,0,0,0,0,0,0,0,0,0,0,0,0,0,0,0,0,0,0,0,0,0.12850056008961433,0.1044349070100143,0,0,0,0,0,0,0,0,0,0,0,0,0,0,0,0,0,0,0,0,0,0,0,0,0,0,0,0,0,0,0,0,0,0,0,0,0,0,0,0,0,0,0,0,0,0,0,0,0,0,0,0,0,0,0,0,0,0,0,0,0,0,0,0,0,0,0,0,0,0,0,0,0,0,0,0,0,0,0,0,0,0,0,0,0,0,0,0,0,0,0,0,0,0,0,0,0,0,0,0.23034997131382673,0,0,0,0,0,0,0,0,0,0,0,0,0,0,0,0,0,0,0,0,0,0,0.08223246287762416,0,0,0,0,0,0,0,0,0
MOTU11033,0,0,0,0,0,0,0,0,0,0,0.09049881235154394,0,0,0,0,0,0,0,0,0,0,0,0,0,0,0,0,0,0,0,0,0,0,0,0,0,0,0,0,0,0,0,0,0,0,0,0,0,0,0,0,0,0,0,0,0,0,0,0,0,0,0,0,0,0,1,0,0,0,0,0,0,0,0,0,0,0.12056962025316456,0,0,0,0,0,0,0,0,0,0,0.02834821428571429,0,0,0.07087053571428571,0,0,0,0,0.06103812880487023,0,0.05379836204462017,0,0,0,0,0.04791247484909457,0,0,0,0,0,0,0,0.013547148343052198,0,0.06427125506072874,0.2351851851851852,0.277292576419214,0,0,0,0,0,0,0,0,0,0,0,0,0,0,0,0,0,0.32760103181427347,0,0,0,0,0,0,0,0,0,0,0,0,0,0,0,0,0,0,0,0,0,0,0,0,0,0,0,0,0,0,0,0,0,0,0,0,0,0,0,0,0,0,0,0,0,0,0,0,0,0,0,0,0.1530120481927711,0,0,0,0,0,0,0,0,0,0,0,0,0,0,0,0,0
MOTU1108,0,0,0,0,0,0,0,0,0,0,0,0,0,0,0,0,0,0,0,0,0,0,0,0,0,0,0,0,0,0,0,0,0,0,0,0,0,0,0,0,0,0,0,0,0,0,0,0,0,0,0,0,0,0,0.061154177433247206,0.03624298111281266,0.0781078107810781,0,0,0,0.14214214214214213,0,0,0,0,0,0,0,0,0.11361817890862538,0,0.0696078431372549,0.52058657642414,0.10168277837450769,0.28385807096451776,0,0.029957805907172997,0,0,0,0,0,0,0,0,0,0,0,0,0,0,0,0.0808287795992714,0,0,0.03033215849620848,0.016116218363409374,0,0,0,0,0,0,0,0,0,0,0.037927350427350424,0.023409165842400263,0,0,0.005342362678705794,0,0,0,0,0,0,0,0.08981657179000632,0,0,0.1338991041961339,0,0.06830206830206831,0.06968470126364863,0.047763202152707705,0.06820365033621517,0.09954433929197336,0,0.13634181469035045,0.14600041126876415,0.20349670392662655,0.027156244023713902,0.06405051871898963,0.025585585585585588,0.04942568743473721,0,0.09830391138802354,0.11511024643320364,0.11716171617161716,0.20543981481481483,0.130215497478221,0,0,0,0,0.07793633369923161,0.1437246963562753,0.03368920521945433,0.10782080485952923,0.02478184991273997,0.12121212121212122,0.022432859399684046,0.0651077487391105,0,0,0,0,0,0,0,0,0,0,0,0,1,0.2872555630478759,0.2680690399137001,0,0,0,0,0,0,0,0,0,0,0,0,0,0,0,0,0,0,0.09380898452246131,0.04152046783625731,0,0.27810419114766943,0.07688783372901828,0.13087557603686636,0.03319308087891538,0,0.0343867296282843,0,0,0,0.008046237533998187,0,0.002569531151041384
MOTU111,0,0,0,3.172129523409073e-4,0.0012581900589667902,9.150880350548779e-4,0.009437085332141992,0.0025324948674572928,0.006089128945273796,0,0,0,0.004266682540389418,0.0015831342376118778,0.0013610255208260252,7.136924452945355e-4,4.1816858475177354e-4,4.2124667102259915e-4,0,0,0.0015376763452457538,0.0018637938057782372,0.0038115441736904974,0.0028092702628078167,0.0011082318857112512,1.4230387288074287e-4,0,0,0.3188679024890451,0,0.001107171122958716,0.012423504741047687,0,0,0,0,0,3.116365678483514e-4,3.365239743140937e-4,0,0,0,0,0.005588004979280766,0,0,0,0,8.420908404485348e-4,0,0.03401362346177088,0,0,0,0,0,0,0.011016352673439223,0,0.002845552351072862,0,0,0,0,0,0.01619201442815214,0,0.004943235173979138,0,0,0.0012035032183234423,0,0,0,0,5.296323400691934e-4,9.761325153680324e-4,0,0.004476080172048587,0,1,0.026564772263212175,0.27870747255349493,0.009326012845239555,0.01984563533082801,0.0026041188252958905,0.001373365426786724,0.0011475367368165856,0.01499795177583298,0.0017490240125668988,5.737683684082928e-4,0.0033483236248596174,0.0015802145228293969,0.0348618755488583,0,4.941651311379337e-4,0.004200992507406172,4.355519272187211e-4,0.0024046608836975113,0.0019541202081488646,4.195564130254329e-4,0.0035240821348034726,0.002715298194157555,0.0029389380411885286,6.093596895620273e-4,0.0025848425267287565,0.006409339044476888,9.268565951210886e-4,7.627543888632499e-4,0.002950338353479658,0.0047161458607668984,0.01349068019264284,0.006590980231972186,0,0.002244962699099696,0.00364894962369438,0,0,0,0,0,0.0015469301647758188,0.00654436792481538,0,0.017804206340911875,0,0.0023344440579437303,5.555797457786352e-4,0.006487021553234453,0.0011965006782633757,0.0022212520993012356,0.003805772669417622,6.630650792267804e-4,0.004424238021461536,0.002086995093750327,8.336699320440494e-4,0.0021472876773846036,0.002668320716749985,0.0016015465984231478,7.501407462458615e-4,0,0.013387928596193501,0,0,0.006664213345660764,0.0031252064321813404,0.01108111242135624,8.464815446111368e-4,0.0031220432677762982,0.005488574285699257,0.0023421250938215512,4.037406738956784e-4,0.053318582721639265,7.309428314130291e-4,0,0.0020016734254140055,2.9271007293252824e-4,0.0012535116320483521,0.0012977093329432465,0.00494696591750667,0.0027105261410922516,0.006286505601690861,0.006709773536339615,0.028754547656095603,0,0,0,0,0,0,0,0,0.0011791203167289689,0,0,0,0,0,0,0.008628192303672679,7.472332239735907e-4,0.0017636242130148556,0.009859384127826885,0.6713189879189496,0.006978684951499961,0.006193933230046149,6.188962176089452e-4,0.0019009318499771872,0.0013099853122436223,6.76442708018198e-4,4.0866173139414186e-4,0.0027184889088392914,0.0011562834244269583,0.0037905729629038186,0.001622324026242803,2.5429338405300766e-4,5.602213491759867e-4,0.001373365426786724,0,0.0012631362606728021,0,1.7712194938633262e-4,8.372451953105105e-5
MOTU11197,0,0,0,0,0,0,0,0,0,0,0,0,0,0,0,0,0,0,0,0,0,0,0,0,0,0,0,0,0,0,0,0,0,0,0,0,0,0,0,0,0,0,0,0,0,0,0,0,0,0,0,0,0,0,0,0,0,0,0,1,0,0,0,0,0,0,0,0,0,0,0,0,0,0,0,0,0,0,0,0,0,0,0.05694473628913637,0,0,0,0,0,0,0,0,0,0,0,0,0,0,0,0,0,0,0,0,0,0,0.07569832402234636,0.1778215223097113,0,0,0,0,0,0,0,0,0,0,0,0,0,0,0,0,0,0,0,0,0,0,0,0.1301008161305809,0,0,0,0,0,0,0,0,0,0,0,0,0,0,0,0,0,0,0,0,0,0,0,0,0,0,0,0,0,0,0,0,0,0,0,0,0,0,0,0,0,0,0,0,0,0,0,0,0,0,0,0,0,0,0,0,0,0,0,0,0,0,0,0,0,0,0,0,0,0,0,0
MOTU11233,0,0,0,0,0,0,0,0,0,0,0,0,0,0,0,0,0,0,0,0,0,0,0,0,0,0.017393489416670266,0,0,0,0,0,0,0,0,0,0,0,0,0,0,0,0,0,0,0,0,0,0,0,0,0,0,0,0,0,0,0,0,0,0,0,0,0,0,0,0,0,0,0,0.09049958631678941,0,0,0,0,0,0,0,0,0,0,0,0,0.039611396994719966,0,0,0,0.16786343570603057,0.1683130699088146,0,0.21377935846889584,0.350652228976697,0.4407396352989667,0,0.17044361509753375,0.18499571962499736,0.06040071717330097,0.12836951875919123,0,0.14695820565026102,0.059711953847916485,0,0.15383600318089793,0.3318849265807612,0.3193066073222483,0.03724034735240465,0.05265660287650065,0.2886208372889559,0.11328764320785598,0.6059936443799061,0.2103577981962548,0.5362271036776343,1,0.31800040198696417,0.232729183083793,0.27439685341757253,0,0,0,0,0,0,0,0,0,0,0,0,0,0,0,0,0,0,0,0,0,0,0,0,0,0,0,0,0,0,0,0,0,0,0,0,0,0,0,0,0,0,0,0,0,0,0,0,0,0,0,0,0,0,0,0,0,0,0,0,0,0,0,0,0.1318256211873233,0.5936623783605476,0.5928007493643784,0.24101816768677742,0.2016772838277711,0.746365649369404,0,0.15129264710904683,0.1548978128988269,0,0,0.04994982466822267,0,0,0,0,0,0,0,0,0,0,0,0
MOTU11564,0,0,0,0,0,0,0,0,0,0,0,0,0,0,0,0,0.08356379805867362,0,0,0,0,0,0,0,0,0,0,0,0,0,0,0,0,0,0,0,0,0,0.6724852716561205,0,0,0,0,0,0,0,0,0,0,0,0,0,0,0,0,0,0,0,0,0,0,0,0,0,0,0,0,0,0,0,0,0,0,0,0,0,0,0,0,0,0,0,0,0,0,0,0,0,0,0,0,0,0,0,0,0,0,0,0,0,0,0,0,0,0,0,0,0,0,0,0,0,0,0,0,0,0,0,0,0,0,0,0,0,0,0,0,0,0,0,0,0,0,0,0,0,0,0,0,0,0,0,0,0,0,0,0,0,0,0,0,0,0,0,0,1,0.2924653634465743,0.782789799857767,0.07627202534151653,0.14537735849056604,0,0,0,0,0,0,0,0,0,0,0,0,0,0,0,0,0,0,0,0,0,0,0,0,0,0,0,0,0,0,0,0,0,0,0,0,0,0,0,0,0,0,0
MOTU11681,0,0,0,0,0,0,0,0,0,0,0,0,0,0,0,0,0,0,0,0,0,0,0,0,0,0,0.10946654332408262,0,0,0,0,0,0,0,0,0.21805896805896804,0,0,0,0,0,0,0,0,1,0,0,0,0,0,0,0,0,0,0,0,0,0,0,0,0,0,0.7426778242677823,0,0,0,0,0,0,0,0,0,0,0,0,0,0,0,0,0,0,0,0,0,0,0,0,0,0,0,0,0,0,0,0,0,0.12087163772557029,0,0,0,0,0,0,0,0,0,0,0,0,0,0,0,0,0,0,0,0,0,0,0,0,0,0,0,0,0,0,0,0,0,0,0,0,0,0,0,0,0,0,0,0,0,0,0,0,0,0,0,0,0.2526690391459075,0,0,0,0,0,0,0,0,0,0,0,0,0,0,0,0,0.030621927024928833,0.8333333333333333,0,0.5744336569579288,0,0.654981549815498,0,0,0,0,0,0,0,0,0,0,0,0,0,0,0,0,0,0,0,0,0,0,0,0,0,0,0,0,0,0,0
MOTU11924,0,0,0,0,1,0.24243503025987895,0,0,0,0,0,0,0,0,0.163898916967509,0,0,0,0,0,0,0,0,0,0,0,0,0,0,0,0,0,0,0,0,0,0,0.4128106688219842,0,0,0,0,0,0,0,0,0,0,0,0,0,0,0,0,0,0,0,0,0,0,0,0,0,0,0,0,0,0,0,0,0,0,0,0,0,0,0,0,0,0,0,0,0,0,0,0,0,0,0,0,0,0,0,0,0,0,0,0,0,0,0,0,0,0,0,0,0,0,0,0,0,0,0,0,0,0,0,0,0,0,0,0,0,0,0,0,0,0,0,0,0,0,0,0,0,0,0,0,0,0,0,0,0,0,0,0,0,0,0,0,0,0,0,0,0,0,0.19386980451698613,0,0.10111859037814293,0.19273584905660374,0.17952548330404217,0,0,0,0,0,0,0,0,0,0,0,0,0,0,0,0,0,0,0,0,0,0,0,0,0,0,0,0,0,0,0,0,0,0,0,0,0,0,0,0,0,0
MOTU12090,0,0,0,0,0,0,0,0,0,0,0,0,0,0,0,0,0,0,0,0,0,0,0,0,0,0,0,0,0,0,0,0,0,0,0,0,0,0,0,0,0,0,0,0,0,0,0,0,0,0,0,0,0,0,0,0,0,0,0,0,0,0,0,0,0,0,0,0,0,0,0,0,0,0,0,0,0,0,0,0,0,0,0,0,0,0,0.5900860789551795,0,0,0,0,0,0,0,0,0,0,0,0,0,0,0,1,0,0,0,0,0,0,0,0.2827478310339923,0,0,0,0,0,0,0,0,0,0,0,0,0,0,0.7316893632683106,0,0,0,0,0.954392702832453,0,0,0,0,0,0,0,0,0,0,0,0,0,0,0,0,0,0,0,0,0,0,0,0,0,0,0,0,0,0,0,0,0,0,0,0,0,0,0,0,0,0,0,0,0,0,0,0,0,0.4815891472868217,0,0,0,0,0,0,0,0,0,0,0,0,0,0,0,0,0,0,0,0,0,0
MOTU12727,0,0,0.017888770811193767,0.29082682023858497,0.08239517050089737,0.011985285392191765,0.17657342657342656,0.08292282430213464,0.05696559503666103,0,0,0.30104321907600595,0.030481364116493135,0,0.04051343762535098,0.03739009717723276,0.032861558483813245,0.003448275862068965,0,0,0.05034895314057826,0,0.06807458997977983,0,0,0.027957187673002398,0.03114400246685168,0,0,0,0,0.11622554660529344,0.021548965222957118,1,0.7313540912382331,0.18611793611793612,0.03600713012477718,0,0.1542657647828933,0,0,0,0,0,0,0,0,0,0,0,0,0,0,0,0,0,0,0,0,0,0,0,0,0,0,0,0,0,0,0,0,0,0,0,0,0,0,0,0,0,0.01075497817058886,0,0,0,0,0,0,0,0,0,0,0.016867067468269874,0,0,0,0,0,0,0,0,0,0,0,0,0,0,0,0.020232371794871792,0,0,0,0,0,0,0,0,0,0,0,0,0,0,0,0,0,0,0.15287588294651866,0,0.10620399579390115,0,0,0,0.2171109200343938,0,0,0,0,0.17474048442906576,0,0,0,0,0,0,0,0,0,0,0,0,0,0,0,0,0,0,0.04792180679445815,0.10261099258356192,0.009998020194020985,0.05716981132075472,0.008875219683655537,0,0,0,0,0,0,0,0,0,0,0,0,0,0,0,0,0,0,0,0,0,0,0.030872688369249578,0,0,0,0.04149548069022185,0,0,0,0,0,0,0,0,0,0,0,0,0,0,0
MOTU12810,0,0,0,0,0,0,0,0,0,0,0,0,0,0,0,0,0,0,0,0,0,0,0,0,0,0,0,0,0,0,0,0,0,0,0,0,0,0,0,0,0,0,0,0,0,0,0,0,0,0,0,0,0,0,0,0,0,0,0,0,0,0,0,0,0,0,0,0,0,0,0,0,0,0,0,0,0,0,0,0,0,0,0,0,0,0,0,0,0,0,0,0,0,0,0,0,0,0,0,0,0,0,0,0,0,0,0,0,0,0,0,0,0,0,0,0,0,0,0,0,0,0,0,0,0,0,1,0,0,0,0,0,0,0,0,0,0,0,0,0,0,0,0,0,0,0,0,0,0,0,0,0,0,0,0,0,0,0,0,0,0,0,0,0,0,0,0,0,0,0,0,0,0,0,0,0,0,0,0,0,0,0,0,0,0,0,0,0,0,0,0,0,0,0,0,0,0,0,0,0,0,0,0
MOTU12867,0,0,0,0,0,0,0,0,0,0,0,0,0,0,0,0,0,0,0,0,0,0,0,0,0,0,0,0,0,0,0,0,0,0,0,0,0,0,0,0,0,0,0,0,0,0,0,0,0,0,0,0,0,0,0,0.10872894333843798,0,0,0,0,0,0,0.2970711297071129,0,0,0,0,0,0,0,0,0,0,0.15252416756176154,0,0,0,0,0,0,0,0,0,0,0,0,0,0,0,0,0,0,0,0,0,0,0,0,0,0,0,0,0,0,0,0,0,0,0,0,0,0,0,0,0,0,0,0,0,0,0,0,0,0,0,0,0,0,0,0,0,0,0,0,0,0,0,0,0,0.06906614785992218,0,0,0,0,0,0,0,0,0,0,0,0,0,0,0.09766162310866575,0,0,0,0,0,0,0,0,0,0,0,0,1,0,0,0,0,0,0,0,0,0,0,0,0,0,0,0,0,0,0,0,0,0,0,0,0,0,0,0,0,0,0,0,0,0,0,0
MOTU13090,0,0,0,0,0,0,0,0,0,0,0,0,0,0,0,0,0,0,0,0,0,0,0,0,0,0,0,0,0,0,0,0,0,0,0,0,0,0,0,0,0,0,0,0,0,0,0,0,0,0,0,0,0,0,0,0,0,0,0,0,0,0,0,0,0,0,0,0,0,0,0,0,0,0,0,0.17118818681318682,0,0,0.3616905496100127,0,0.10616547758492173,0.165120900960583,0,0.1883975812547241,0.9163602941176471,0,0,0.07418154761904762,0,0.4522567475618054,0.7418154761904762,0.332999331997328,0,0,0,0.15972444729253443,0,0,0.19430910153966088,0,0.40682807399347115,0.08136118818345031,0,0.3166419648528478,0.098478862109838,0,0.21806649168853895,0,0,0,0.07090029867728631,0.0843961625282167,0,0.615432098765432,0,0.39313880126182965,0,0,0,0,0,1,0.7050919377652051,0,0,0.18347442031652558,0,0,0,0,0,0,0,0.28600114744693056,0,0,0.17351200835363734,0.28748558246828143,0,0.24246108949416342,0.49356435643564356,0,0,0,0.307716049382716,0,0,0.27360043907793635,0,0,0,0,0,0,0,0,0,0,0,0,0,0,0,0,0,0,0,0,0,0,0,0,0,0,0,0,0,0,0,0.3486013986013986,0,0,0.09105022831050229,0,0.42293552036199095,0.4004016064257028,0,0,0,0,0,0,0,0,0,0,0,0,0,0,0,0,0
MOTU1345,0,0,0,0,0,0,0,0,0,0,0,0,0,0,0.004889245442795382,0,0,0,0,0,0,0,0,0,0,0,0,0,0,0,0,0,0,0,0,0,0,0,0,0,0,0,0,0,0,0,0,0.6567289272030652,0.18301634968301633,1,0.12036427474215493,0,0,0,0,0,0,0,0,0,0,0,0,0,0.2874737945492662,0,0.1458001063264221,0.29300213675213677,0.1746259153135944,0.05851602923134368,0,0,0,0,0,0,0,0,0,0,0,0.02018696404254536,0,0,0,0,0,0,0,0,0,0,0,0,0,0,0,0,0.011877693323805191,0,0,0,0,0,0,0,0,0.3296274038461538,0.3616880975931421,0.5149140053492037,0,0,0,0,0,0,0,0,0,0,0,0,0,0,0.2638287638287638,0,0,0,0,0,0,0,0,0,0,0,0,0,0,0,0.15085258525852585,0.10580632716049382,0.16766009475775637,0,0,0,0,0,0,0,0,0,0,0,0.04191502368943909,0,0,0,0,0,0,0,0,0,0,0,0,0,0,0,0,0,0,0,0,0,0,0,0,0,0.014763673557278208,0,0,0,0,0,0,0,0,0,0,0,0,0,0,0,0,0,0,0,0,0,0
MOTU13628,0,0,0,0,0,0,0,0,0,0,0,0,0,0,0,0,0,0,0,0,0,0,0,0,0,0.02431260380143938,0,0,0,0,0,0,0,0,0,0,0,0,0,0,0,0,0,0,0,0,0,0,0,0,0,0,0,0,0,0,0,0,0,0,0,0,0,0,0,0,0,0,0,0,0,0,0,0,0,0,0,0,0,0,0,0,0,0,0,0,0,0,0,0.17929235654343387,0.09802827380952381,0.08800935203740816,0,0.11912296564195297,0,0,0,0,0,0,0,0,0.06627263581488935,0,0,0,0,0.05278445512820513,0,0,0.01873844403356564,0.014870203160270878,0,0,0,0,0,0,0,1,0,0,0,0,0,0,0,0,0,0,0,0,0,0,0,0,0,0,0,0,0,0,0.3624484181568088,0,0.1626543209876543,0,0,0,0,0,0,0,0,0,0,0,0,0,0,0,0,0,0,0,0,0,0,0,0,0,0,0,0,0,0,0,0,0,0,0,0,0,0,0,0,0,0.10573836276083466,0,0.07460362400906002,0,0,0,0,0,0,0,0.0957137667998547,0,0,0,0,0,0
MOTU13822,0,0,0,0,0,0,0,0,0,0,0,0,0,0,0,0,0,0,0,0,0,0,0,0,0,0,0,0,0,0,0,0,0,0,0,0,0,0,0,0,0,0,0,0,0,0,0,0,0,0,0,0,0,0,0,0,0,0,0,0,0,0,0,0,0,0,0,0,0,0,0,0,0,0,0,0,0,0,0,0,0,0,0,0,0,0,0,0,0,0,0,0,0,0.42992766726943943,0.9332679097154072,0,0,0,0,0,0,0,0,0.40271014185898796,0,0,0,0,0,0,0,0,0,0,0,0,0,0,0,0,0,0,0,0,0,0,0,0,1,0,0,0,0,0,0,0,0,0,0,0,0,0,0,0,0,0,0,0,0,0.6768683274021353,0,0,0,0,0,0,0,0,0,0,0,0,0,0,0,0,0,0,0,0,0,0,0,0,0,0,0,0,0,0,0,0,0,0,0,0,0.3816211878009631,0,0,0,0.25198728139904614,0,0,0,0,0,0,0,0,0,0,0,0
MOTU13952,0,0,0,0,0,0,0,0,0,0,0,0,0,0,0,0.04431590313126639,0.051931384776675166,0.065392056447024,0,0,0,0,0,0,0,0,0,0,0,0,0,0,0,0,0,0,0,0,0,0,0,0,0,0,0,0,0,0,0,0,0,0,0,0,0,0,0,0,0,0,0,0,0,0,0,0,0,0,0,0,0,0,0,0,0,0,0,0,0,0,0,0,0,0,0,0,0,0,0,0,0,0,0,0,0,0,0,0,0,0,0,0,0,0,0,0,0,0,0,0,0,0,0,0,0,0,0,0,0,0,0,0,0,0,0,0,0,0,0,0,0,0,0,0,0.6479476770410465,0,1,0,0,0,0,0,0,0,0,0,0,0,0,0,0,0,0,0,0,0,0,0,0,0,0.0841534856473345,0,0,0,0,0,0,0,0,0,0,0,0,0,0,0,0,0,0,0,0,0,0,0,0,0,0,0,0,0,0,0,0,0,0,0,0,0,0,0,0,0,0
MOTU14215,0,0,0,0,0,0.7141331434674262,0,0,0,0,0,0,0,0,0,0.09282739472466452,0,0,0,0,1,0,0,0,0,0,0,0,0,0,0,0,0,0,0,0,0,0,0,0,0,0,0,0,0,0,0,0,0,0,0,0,0,0,0,0,0,0,0,0,0,0,0,0,0,0,0,0,0,0,0,0,0,0,0,0,0,0,0,0,0,0,0,0,0,0,0,0,0,0,0,0,0,0,0,0,0,0,0,0,0,0,0,0,0,0,0,0,0,0,0,0,0,0,0,0,0,0,0,0,0,0,0,0,0,0,0,0,0,0,0,0,0,0,0,0,0,0,0,0,0,0,0,0,0,0,0,0,0,0,0,0,0,0,0,0,0,0.20379965457685667,0,0,0,0,0,0,0,0,0,0,0,0,0,0,0,0,0,0,0,0,0,0,0,0,0,0,0,0,0,0,0,0,0,0,0,0,0,0,0,0,0,0,0,0,0
MOTU14234,0,0,0,0,0,0,0,0,0,0,0,0,0,0,0,0,0,0,0,0,0,0,0,0,0,0,0,0,0,0,0.06869167264895908,0,0,0,0,0,0,0,0.04175758236962688,0,0,0,0,0,0,0,0,0,0,0,0,0,0,0,0,0,0,0,0,0,0,0,0,0,0,0,0,0,0,0,0,0,0,0,0,0,0,0,0,0,0,0,0,0,0,0,0,0,0,0,0,0,0,0,0,0,0,0,0,0,0,0,0,0,0,0,0,0.15334535256410256,0.07098479228486647,0.04576159732185557,0,0,0,0,0,0,0,0,0,0,0,0,0,0,0,0,0,0,0,0,0,0,0,0,0,0,0,0,0,0,0,0,0,0,0,0,1,0.6302140504939626,0.3873987854251012,0,0,0,0,0,0,0,0,0,0,0,0,0,0,0,0,0,0,0,0,0,0,0,0,0,0,0,0,0,0,0,0,0,0,0,0,0,0,0,0,0,0,0,0,0,0,0,0,0,0,0,0,0,0
MOTU14320,0,0,0,0,0,0,0,0,0,0,0,0,0,0,0,0,0,0,0,0,0,0,0,0,0,0,0,0,0,0,0,0,0,0,0,0,0,0,0,0,0,0,0,0,0,0,0,0,0,0,0,0,0,0,0,0,0,0,0,0,0,0,0,0,0,0,0,0,0,0,0,0,0,0,0,0,0,0,0,0,0,0,0,0,0,0,0,0,1,0,0,0,0,0,0,0,0,0,0,0,0,0,0,0,0,0,0,0,0,0,0,0,0,0,0,0,0,0,0,0,0,0,0,0,0.8903318903318904,0.681266102318734,0,0,0,0,0,0,0,0,0,0,0,0,0,0,0,0,0,0,0,0,0,0,0,0,0,0,0,0,0,0,0,0.06268414101391852,0,0,0,0,0,0,0,0,0,0,0,0,0,0,0,0,0,0,0,0,0,0,0,0,0,0,0,0,0,0,0,0,0,0,0,0,0,0,0,0,0,0,0,0,0
MOTU1476,0,0,0,0,0,0,0,0,0,0,0,0,0,0,0,0,0,0,0,0,0,0,0,0,0,0,0,0,0,0,0,0,0,0,0,0,0,0,0,0,0,0,0,0,0,0,0,0,0,0,0,0,0,0,0,0,0,0,0,0,0,0,0,0,0,0,0,0,0,0,0,0,0,0,0,0,0,0,0.035557999274442226,0,0.020874374401022255,0,0,0,0,0,0.17456032947462155,0.02917131696428572,0,0,0,0,0.2008516905737705,0.3544868896925859,0.384752208047105,0.4396727811598847,0.467217824310521,0.3321625247105338,0,0.1241883116883117,0.21330930359085964,0,0,0.24903398263815374,0,0,0,0.3141526442307692,0.43627132789317513,1,0.04182148698620396,0,0.0440915991902834,0,0,0,0,0,0,0,0,0,0,0,0,0.36074944792050057,0.49452888496468217,0,0.20613170347003154,0,0.09411005760921748,0.1209322948797039,0,0.3374031841652324,0.1326327807848444,0.2119256756756757,0,0.11305147058823531,0,0.09534593871595332,0,0,0,0,0.12100694444444444,0.397226443768997,0,0,0.39682439271255066,0,0.29769362186788156,0,0,0,0.13482204264099037,0,0,0,0,0,0,0,0,0,0,0,0,0,0,0,0,0,0,0,0,0,0,0,0,0,0.09497638081395349,0,0,0,0,0,0.07866422552166935,0,0.8325222961494904,0.6878289473684212,0.36359797297297297,0.11517699764982374,0.07348416218917907,0.06022465437788019,0.06873465988779803,0,0.07120641118779514,0,0,0,0,0,0.01064172683350524
MOTU14769,0,0,0,0,0,0,0,0,0,0,0,0,0,0,0,0,0,0,0,0,0,0,0,0,0,0,0,0,0,0,0,0,0,0,0,0,0,0,0,0,0,0,0,0,0,0,0,0,0,0,0,0,0,0,0,0,0,0,0,0,0,0,0,0,0,0,0,0,0,0,0,0,0,0,0,0,0,0,0,0,0,0,0,0,0,0,0,0,0,0,0,0,0,0,0,0,0,0,0,0,0,0,0,0,0,0,0,0,0,0,0,0,0,0,0,0,0,0,0,0,0,0,0,0,0,0,0,0,0,0,0,0,0,0,0,0,0,1,0,0,0,0,0,0,0,0,0,0,0,0,0,0,0,0,0,0,0,0,0,0,0,0,0,0,0,0,0,0,0,0,0,0,0,0,0,0,0,0,0,0,0,0,0,0,0,0,0,0,0,0,0,0,0,0,0,0,0,0,0,0,0,0,0
MOTU14961,0,0,0,0,0,0,0,0,0,0,0,0,0,0,0,0,0,0,0,0,0,0,0,0,0,0,0,0,0,0,0,0,0,0,0,0,0,0,0,0,0,0,0,0,0,0,0,0,0,0,0,0,0,0,0,0,0,0,0,0,0,0,0,0,0,0,0,0,0,0,0,0,0,0,0,0,0,0,0,0,0,0,0,0,0,0,0,0,0,0,0,0,0,0.2821880650994575,0,1,0.6375893769152197,0.7051115504094889,0,0,0,0,0,0,0,0,0,0,0,0,0,0,0,0,0,0,0,0,0,0,0,0,0,0,0,0,0,0,0,0,0,0,0,0,0,0,0,0,0,0,0,0,0,0,0,0,0,0,0,0,0,0,0,0,0,0,0,0,0,0,0,0,0,0,0,0,0,0,0,0,0,0,0,0,0,0,0,0,0,0,0,0,0,0,0,0,0,0,0,0,0,0,0,0,0,0,0,0,0,0,0,0,0
MOTU1503,0,0,0.016294721927027984,0,0,0,0.44230769230769235,0.6798029556650246,0.12972363226170333,0,0,0,0.0023137669131331425,0,0.0036903329322101885,0,0,0,0,0,0,0,0,0.04189435336976321,0,0,0,0,0,0,0,0.05293440736478711,0.019628760401109453,0,0,0,0.032798573975044563,0,0.030111280820423306,0,0,0,0,0,0,0,0,0.19827586206896552,0,0,0,0,0,0,0,0,0,0,0,0,0,0,0,0,0,0,0,0,0,0,0,0,0,0,0,0,0,0,0,0,0.004898306889575125,0,0,0,0,0,0,0,0,0,0,0,0.015710382513661202,0,0,0.014738865748157642,0.015662240381341504,0,0,0,0,0,0,0,0,0,0,0.00921474358974359,0.02274975272007913,0.014666029013231309,0.0032712274214194287,0.0025959367945823926,0,0,0,0,0,0,0,0,0,0,0,0,0,0,0,0,0,0,0.022083533365338453,0,0,0,0,0,0,0,0,0,0,0,0,0,0,0.09321175278622088,0,0,0,0,0,0,0,0,0,0,0,0,0,0,0,1,0.6861404599129894,0.18192090395480226,0,0,0,0,0,0,0,0,0,0,0,0,0,0,0,0,0,0,0,0,0,0,0,0,0,0,0,0,0,0,0,0,0,0.04096170970614426,0.09573361082206036,0.03767403767403768,0,0,0
MOTU15186,0,0,0,0,0,0,0,0.59688013136289,0,0,0,0,0,0,0,0,0,0,0,0,0,0,0,0,0,0,0,0,0,0,0,0,0,0,0,0,0,0,0,0,0,0,0,0,0,0,0,0,0,0,0,0,0,0,0,0,0,0,0,0,0,0,0,0,0,0,0,0,0,0,0,0,0,0,0,0,0,0,0,0,0,0,0,0,0,0,0,0,0,0,0,0,0,0,0,0,0,0,0,0,0,0,0,0,0,0,0,0,0,0,0,0,0,0,0,0,0,0,0,0,0,0,0,0,0,0,0,0,0,0,0,0,0,0,0,0,0,0,0,0,0,0,1,0,0,0,0,0,0,0,0,0,0,0,0,0,0,0,0,0,0,0.9877717391304347,0,0,0,0,0,0,0,0,0,0,0,0,0,0,0,0,0,0,0,0,0,0,0,0,0,0,0,0,0,0,0,0,0,0,0,0,0,0,0,0,0
MOTU15256,0,0,0,0,0,0,0,0,0,0,0,0,0,0,0,0,0,0,0,0,0,0,0,0,0,0,0,0,0,0,0,0,0,0,0,0,0,0.25419276621539705,0,0,0,0,0,0,0,0,0,0,0,0,0,0,0,0,0,0,0,0,0,0,0,0,0,0,0,0,0,0,0,0,0,0,0,0,0,0,0,0,0,0,0,0,0,0,0,0,0,0,0,0,0,0,0,0,0,0,0,0,0,0,0,0,0,0,0,0,0,0,0,0,0,0,0,0,0,0,0,0,0,0,0,0,0,0,0,0,0,0,0,0,0,0,0,0,0,0,0,0,0,0,0,0,0,0,0,0,0,0,0,0,0,0,0,0,0,0,0,0,0,0,0,0,0,0,0,0,0,0,0,0,0,0,0,0,0,0,0,0,0,0,0,0,0,0,0,0,0,0,0,0,1,0,0,0,0,0,0,0,0,0,0,0,0
MOTU15428,0,0,0,0,0,0.0876943158894031,0,0,0,0,0,0,0,0,0.05928600080224628,0.034197130957889864,0,0,0,0,0,0,0,0,0,0.13637202435873777,0,0,0,0.2683369644153958,0,0,0,0,0,0,0,0,0,0,0,0,0,0,0,0,0,0,0,0,0,0,0,0,0,0,0,0,0,0,0,0,0,0,0,0,0,0,0,0,0,0,0,0,0,0,0,0,0,0,0,0,0,0,0,0,0,0,0,0,0,0,0,0,0,0,0,0,0,0,0,0,0,0,0,0,0,0,0,0,0,0,0,0,0,0,0,0,0,0,0,0,0,0,0,0,0,0,0,0,0,0,0,0,1,0,0,0.4261822376009227,0,0,0,0,0,0,0,0,0,0,0,0,0,0,0,0,0,0,0,0,0,0,0,0,0,0,0,0,0,0,0,0,0,0,0,0,0,0,0,0,0,0,0,0,0,0,0,0,0,0,0,0,0,0,0,0,0,0,0,0,0,0,0,0,0
MOTU15514,0,0,0,0,0,0,0,0,0,0,0,0,0,0,0,0,0,0,0,0,0,0,0,0,0,0,0,0,0,0,0,0,0,0,0,0,0,0,0,0,0,0,0,0,0,0,0,0,0,0,0,0,0,0,0,0,0,0,0,0,0,0,0,0,0,0,0,0,0,0,0,0,0,0,0,0,0,0,0,0,0.17378340964753486,0,0.11430972893465013,0,1,0,0,0,0,0,0,0,0,0,0,0.1743031079782121,0,0,0,0,0,0,0,0,0,0,0,0,0,0,0,0,0,0,0,0,0,0,0,0,0,0,0,0,0,0,0,0,0,0,0,0,0,0,0,0,0,0,0,0,0,0,0,0,0,0,0,0,0,0,0,0,0,0,0,0,0,0,0,0,0,0,0,0,0,0,0,0,0,0,0,0,0,0,0,0,0,0,0,0,0,0,0,0,0,0,0,0,0,0,0,0,0,0,0,0,0,0,0,0,0,0,0
MOTU15803,0,0,0,0,0,0,0,0,0,0,0,0,0,0,0,0,0,0,0,0,0,0,0,0,0,0,0,0,0,0,0,0,0,0,0,0,0,0,0,0,0,0,0,0,0,0,0,0,0,0,0,0,0,0,0,0,0,0,0,0,0,0,0,0,0,0,0,0,0,0,0,0,0,0,0,0,0,0,0,0,0,0,0,0,0,0,0,0,0,0,0,0,0,0,0,0,0,0,0,0,0,0,0,0,0,0,0,0,0,0,0,0,0,0,0,0,0,0,0,0,0,0,0,0,0,0,0,0,0,0,0,0,0.3458727429062769,0,0,0,0,0,0,0,0,0,0,0,0,0,0,0,0,0,0,0,0,0,0,0,0,0,0,0,0,0,1,0.909039548022599,0,0,0,0,0,0,0,0,0,0,0,0,0,0,0,0,0,0,0,0,0,0,0,0,0,0,0,0,0,0,0,0,0,0,0,0,0,0,0
MOTU15893,0,0,0,0,0,0,0,0,0,0,0,0,0,0,0,0,0,0,0,0,0,0,0,0,0,0.08018084517438642,0,0,0,0,0,1,0,0,0,0,0,0,0.189613790093825,0,0,0,0,0,0,0,0,0,0,0,0,0,0,0,0,0,0,0,0,0,0,0,0,0,0,0,0,0,0,0,0,0,0,0,0,0,0,0,0,0,0,0,0,0,0,0,0,0,0,0,0,0,0,0,0,0,0,0,0,0,0,0,0,0,0,0,0,0,0.2148862512363996,0,0,0,0,0,0,0,0,0,0,0,0,0,0,0,0,0,0,0,0,0,0,0,0,0,0,0,0,0,0,0,0,0,0,0,0,0,0,0,0,0,0,0,0,0,0,0,0,0,0,0.1639622641509434,0.38181019332161686,0,0,0,0,0,0,0,0,0,0,0,0,0,0,0,0,0,0,0,0,0,0,0,0,0,0,0,0,0,0,0,0,0,0,0,0,0,0,0,0,0,0
MOTU16026,0,0,0,0,0,0,0,0,0,0,0,0,0,0,0,0,0,0,0,0,0,0,0,0,0,0,0,0,0,0,0,0,0,0,0,0,0,0,0,0,0,0,0,0,0,0,0,0,0,0,0,0,0,0,0,0,0,0,0,0,0,0,0,0,0,0,1,0,0,0,0,0,0,0,0,0,0,0,0,0,0,0,0,0,0.7683823529411765,0,0,0,0,0,0,0,0,0,0,0,0,0,0,0,0,0,0,0,0,0,0,0,0,0,0,0,0,0,0,0,0,0,0,0,0,0,0,0,0,0,0,0,0,0,0,0,0,0,0,0,0,0,0,0,0,0,0,0,0,0,0,0,0,0,0,0,0,0,0,0,0,0,0,0,0,0,0,0,0,0,0,0,0,0,0,0,0,0,0,0,0,0,0,0,0,0,0,0,0,0,0,0,0,0,0,0,0,0,0,0,0,0,0,0,0,0,0
MOTU16776,0,0,0,0,0,0,0,0,0,0,0,0,0,0,0,0,0,0,0,0,0,0,0,0,0,0,0,0,0,0,0,0,0,0,0,0,0,0,0,0,0,0,0,0,0,0,0,0,0,0,0,0,0,0,0,0,0,0,0,0,0,0,0,0,0,0,0,0,0,0,0,0,0,0,0,0,0,0,0,0,0,0,0,0,0,0.6433094132545377,0,0.11339285714285716,0,0.34565661147652527,0,0,0.5204918032786885,0,0,0,0,0,0,0,0,0,0.19164989939637828,0.3226762650857506,0.1505333860134334,0,1,0,0.18842729970326408,0,0.05418859337220879,0.043002257336343115,0,0,0,0,0,0,0,0,0,0,0,0,0,0,0,0,0,0,0,0.9401603948180136,0,0,0,0,0,0,0,0,0,0,0,0,0,0,0,0,0,0,0,0,0,0,0,0,0,0,0,0,0,0,0,0,0,0,0,0,0,0,0,0,0,0,0,0,0,0,0,0,0,0.21783876500857632,0,0,0.6464932126696833,0,0,0,0,0,0,0,0,0,0,0,0,0,0,0.31203931203931207,0,0,0
MOTU16857,0,0,0,0,0,0,0,0,0,1,0,0,0,0,0,0,0,0,0,0,0,0,0,0,0.3089820359281437,0,0.7955596669750231,0,0,0,0,0,0,0,0,0,0,0,0,0,0,0,0,0,0,0,0,0,0,0,0,0,0,0,0,0,0,0,0,0,0,0,0,0,0,0,0,0,0,0,0,0,0,0,0,0,0,0,0,0,0,0,0,0,0,0,0,0,0,0,0,0,0,0,0,0,0,0,0,0,0,0,0,0,0,0,0,0,0,0,0,0,0,0,0,0,0,0,0,0,0,0,0,0,0,0,0,0,0,0,0,0,0,0,0,0,0,0,0,0,0,0,0,0,0,0,0,0,0,0,0,0,0,0,0,0,0,0,0,0,0,0,0,0,0.060583290283191656,0,0.11127404468213577,0,0,0,0,0,0,0,0,0,0,0,0,0,0,0,0,0,0,0,0,0,0,0,0,0,0,0,0,0,0,0,0,0,0,0,0
MOTU1688,1,0.10480452190296749,0.31526744597945444,0.09152612093788565,0.10890846793930495,0.026403227720422452,0,0.3653530377668308,0.12549351381838691,0,0.3171021377672209,0,0.08953271968210855,0.02283925272018066,0.14279983955074205,0.1029615918556224,0.2775066428067892,0.10635029020143394,0,0.06271138669673054,0,0.2688821752265861,0.1499662997079308,0,0.05329341317365269,0.1026480900535154,0.06860931236509404,0,0,0,0.1597272074659009,0.25604142692750287,0.09494346063580116,0,0.32223026792179577,0,0.23796791443850265,0.35966861992321675,0.7767837660920793,0,0,0,0,0,0,0,0,0,0,0,0,0,0,0,0,0,0,0,0,0,0,0,0,0,0,0,0,0,0,0,0,0,0,0,0,0,0,0,0,0,0.023692897455010114,0,0,0,0,0,0,0.03311011904761905,0,0,0,0,0,0.10058770343580468,0,0.07129125280358858,0,0,0,0,0,0,0,0,0,0,0,0,0,0,0,0,0,0,0,0,0,0,0,0.4222011385199241,0,0,0,0,0,0.0818917924181082,0,0,0,0,0,0,0.28697334479793635,0,0.3010825439783491,0.12027027027027026,0,0.12831603229527105,0.23104880581516093,0,0,0,0,0,0,0,0,0,0.22520242914979755,0,0,0.11649214659685864,0,0,0,0,0.042228126779274996,0.5425175251447728,0.033038012274797066,0.16792452830188678,0.019551845342706504,0,0,0.12570621468926552,0,0,0.019192616233934267,0,0,0,0,0,0,0,0,0,0,0,0,0,0,0,0,0,0,0,0,0,0,0,0,0,0,0,0,0,0.242462767889575,0,0,0,0,0.012776342233706573,0
MOTU1720,0,0,0,0,0,0,0,0,0,0,0,0,0,0,0,0,0,0,0,0,0,0,0,0,0,0,0,0,0,0,0,0,0,0,0,0,0,0,0,0,0,0,0,0,0,0,0,0,0,0,0,0,0,0,0,0,0,0,0,0,0,0,0,0,0,0,0,0,0,0,0,0,0,0,0,0,0,0,0,0,0,0,0,0,0,0,0,0,0,0,0,0,0.5137158469945355,1,0.6078115799803729,0,0.03012597889002383,0,0,0,0,0,0,0,0,0,0,0,0,0,0,0,0,0,0,0,0,0,0,0,0,0,0,0,0,0,0,0,0,0,0,0,0,0,0,0,0,0,0,0,0,0,0,0,0,0,0,0,0,0,0,0,0,0,0,0,0,0,0,0,0,0,0,0,0,0,0,0,0,0,0,0,0,0,0,0,0,0,0,0,0,0,0,0,0,0,0,0.036351684470008215,0.5761721404303511,0.6985263157894737,0.4220031796502384,0,0,0,0,0,0,0,0,0,0.010027198549410699,0,0
MOTU17636,0,0,0,0,0,0,0,0,0,0,0,0,0,0,0,0.02571726052753355,0,0,0,0,0,0,0,0,0,0,0,0,0,0,0,0,0,0,0,0,0,0,0.12126336460833516,0,0,0,0,0,0,0,0,0,0,0,0,0,0,0,0,0,0.229269801980198,0,0,0,0,0,0,0,0,0,0,0,0,0,0,0,0,0,0,0,0,0,0,0,0,0,0.1167787350283673,0,0,0,0.164959928762244,0,0,0.630244953504196,0,0.18562124248496994,0.18980532786885246,0,0,0,0,0,0,0,0.15118335146898804,0,0.2795523138832998,0,0.21957724219676014,0.3104748603351955,0.12155511811023621,0,0.13742581602373885,0,0.2766498364386289,0.3449915349887133,1,0,0.4044759825327511,0,0,0,0,0,0,0,0,0,0,0,0,0,0,0,0,0,0,0,0,0,0,0,0,0,0,0,0,0,0,0,0,0,0,0,0,0,0,0,0,0,0,0,0,0,0,0,0,0,0,0,0,0,0,0,0,0,0,0,0,0,0,0,0,0.7772727272727272,0.8077761627906976,0.47662950257289877,0.1015068493150685,0.16987620357634112,0.31433823529411764,0.8927710843373494,0,0,0,0,0,0,0,0,0,0,0,0,0,0,0,0,0
MOTU17870,0,0,0,0,0,0,0,0,0,0,0,0,0,0,0,0,0,0,0,0,0,0,0,0,0,0,0,0,0,0,0,0,0,0,0,0,0,0,0,0,0,0,0,0,0,0,0,0,0,0,0,0,0,0,0,0,0,0,0,0,0,0,0,0,0,0,0,0,0,0,0,0,0,0,0,0,0,0,0,0,0,0,0,0,0,0,0,0,0,0,0,0,0,0,0,0,0,0,0,0,0,0,0,0,0,0,0,0,0,0.10595674584196822,0,0,0,0,0,0,0,0,0,0,0,1,0,0,0,0,0,0,0,0,0,0,0,0,0,0,0,0,0,0,0,0,0,0,0,0,0,0,0,0,0,0,0,0,0,0,0,0,0,0,0,0,0,0,0,0,0,0,0,0,0,0,0,0,0,0,0,0,0,0,0,0,0,0,0,0,0,0,0,0,0,0,0,0,0,0,0,0,0,0,0,0,0
MOTU18218,0,0,0,0,0,0,0,0,0,0,0,0,0,0,0.08046530284797433,0,0,0,0,0,1,0,0,0,0,0,0,0,0,0,0,0,0,0,0.7262853005068791,0,0,0,0,0,0,0,0,0,0,0,0,0,0,0,0,0,0,0,0,0,0,0,0,0,0,0,0,0,0,0,0,0,0,0,0,0,0,0,0,0,0,0,0,0,0,0,0,0,0,0,0,0,0,0,0,0,0,0,0,0,0,0,0,0,0,0,0,0,0,0,0,0,0,0,0,0,0,0,0,0,0,0,0,0,0,0,0,0,0,0,0,0,0,0,0,0,0,0,0,0,0,0,0,0,0,0,0,0,0,0,0,0,0,0,0,0,0,0,0,0,0,0,0,0,0,0,0,0,0,0,0,0,0,0,0,0,0,0,0,0,0,0,0,0,0,0,0,0,0,0,0,0,0,0,0,0,0,0,0,0,0,0,0,0,0,0,0
MOTU18691,0,0,0,0,0,0,0,0,0,0,0,0,0,0,0,0,0,0,0,0,0,0,0,0,0,0,0,0,0,0,0,0,0,0,0,0,0,0,0,0,0,0,0,0,0,1,0,0,0,0,0,0,0,0,0,0,0,0,0,0,0,0,0,0,0,0,0,0,0,0,0,0,0,0,0,0,0,0,0,0,0.24661910339686935,0,0,0,0,0,0,0,0,0,0,0,0,0,0,0,0,0,0,0,0,0,0,0,0,0,0,0,0,0,0,0,0,0,0,0,0,0,0,0,0,0,0,0,0,0,0,0,0,0,0,0,0,0,0,0,0,0,0,0,0,0,0,0,0,0,0,0,0,0,0,0,0,0,0,0,0,0,0,0,0,0,0,0,0,0,0,0,0,0,0,0,0,0,0,0,0,0,0,0,0,0,0,0.176983035304906,0,0,0,0,0,0,0,0,0,0,0,0,0,0,0,0,0,0,0
MOTU19092,0,0,0,0,0,0,0,0,0,0,0,0,0,0,0,0,0,0,0,0,0,0,0,0,0,0,0,0,0,0,0,0,0,0,0,0,0,0,0,0,0,0,0,0,0,0,1,0,0,0,0,0,0,0,0,0,0,0,0,0,0,0,0,0,0,0,0,0,0,0.385501680268843,0,0,0,0,0,0,0,0,0,0,0,0,0,0,0,0,0,0,0,0,0,0,0,0,0,0,0,0,0,0,0.6553318824809575,0,0,0,0,0,0,0,0,0,0,0,0,0,0,0,0,0,0,0,0,0,0,0,0,0,0,0,0,0,0,0,0,0,0,0,0,0,0,0,0,0,0,0,0,0,0,0,0,0,0,0,0,0,0,0,0,0,0,0,0,0,0,0,0,0,0,0,0,0,0,0,0,0,0,0,0,0,0,0,0,0,0,0,0,0,0,0,0,0,0,0,0,0,0,0,0,0,0,0,0,0,0
MOTU19133,0,0,0,0,0,0,0,0,0,0,0,0,0,0,0,0,0,0,0,0,0,0,0,0,0,0,0,0,0,0,0,0,0,0,0,0,0,0,0,0,0,0,0,0,0,0,0,0,0,0,0,0,0,0,0,0,0,0,0,0,0,0,0,0,0,0,0,0,0,0.13058089294287087,0,0,0,0,0,0,0,0,0,0,0.05792780321584496,0,0.05715486446732507,0,1,0,0,0,0,0,0,0.13627254509018036,0,0,0,0,0,0,0,0,0,0,0,0,0.10746740418806795,0.22793296089385476,0,0.05448717948717949,0.06726013847675569,0.13008130081300814,0,0.015349887133182843,0,0,0,0,0,0,0,0,0,0,0,0,0,0,0,0,0,0,0,0,0,0,0,0,0,0,0,0,0,0,0,0,0.16790123456790124,0,0,0,0,0,0,0,0,0,0,0,0,0,0,0,0,0,0,0,0,0,0,0,0,0,0,0,0,0,0,0,0,0,0,0,0,0,0.049680365296803655,0.08314228946966223,0.15384615384615385,0,0,0,0,0,0,0,0,0,0,0.04484748557295961,0,0,0,0,0,0,0
MOTU19414,0,0,0,0,0,0,0,0,0,0,0,0,0,0,0,0,0,0.034038921133492654,0,0,0,0,0.22399460795326892,0,0,0,0,0,0,0,0,0,0,0,0,0,0,0.20145483936148717,0.6526292821296095,0,0,0,0,0,0,0,0,0,0,0,0,0,0,0,0,0,0,0,0,0,0,0,0,0,0,0,0,0,0,0,0,0,0,0,0,0,0,0,0,0,0,0,0,0,0,0,0,0,0,0,0,0,0,0,0,0,0,0,0,0,0.27121871599564745,0,0,0,0,0,0,0.39943910256410253,0,0.15893511876295233,0,0,0,0,0,0,0,0,0,0,0,1,0,0,0,0,0,0,0,0,0,0,0,0,0,0,0,0,0,0,0,0,0,0,0,0,0,0,0,0,0,0,0,0,0,0,0,0,0,0,0,0,0,0,0,0,0,0,0,0,0,0,0,0,0,0,0,0,0,0,0,0,0,0,0,0,0,0,0,0,0,0,0,0,0,0,0,0,0,0,0,0,0
MOTU19481,0,0,0,0,0,0,0,0,0,0,0,0,0,0,0,0,0,0,0,0,0,0,0,0,0,0,0,0,0,0,0,0,0,0,0,0,0,0,0,0,0,0,0,0,0,0,0,0,0,0,0,0,0,0,0,0,0,0,0,0,0,0,0,0,0,0,0,0,0,0,0,0,0,0,0,0,0,0,0,0,0,0,0,0,1,0,0,0,0,0,0.20238095238095238,0,0,0,0,0,0,0,0,0,0,0,0,0,0,0,0,0,0,0.08672086720867209,0,0.030699774266365686,0,0,0,0,0,0,0,0,0,0,0,0,0,0,0,0,0,0,0,0,0,0,0,0,0.37869822485207105,0,0,0,0,0,0,0,0,0,0,0,0.5506072874493927,0,0,0,0,0,0,0,0,0,0,0,0,0,0,0,0,0,0,0,0,0,0,0,0,0,0,0,0,0,0,0,0,0,0,0,0,0,0,0,0,0,0,0,0,0,0,0,0,0,0,0,0,0,0
MOTU19520,0,0,0,0,0,0,0,0,0,0,0,0,0,0,0,0,0,0.022829179469671102,0,0,1,0,0,0.3044930176077717,0,0,0,0,0,0,0,0,0,0,0,0,0,0,0.1459015201105535,0,0,0,0,0,0,0,0,0,0,0,0,0,0,0,0,0,0,0,0,0,0,0,0,0,0,0,0,0,0,0,0,0,0,0,0,0,0,0,0,0,0,0,0,0,0,0,0.19847630355199367,0,0,0,0,0,0,0,0,0,0,0,0,0,0,0,0,0,0,0,0,0,0,0,0,0,0,0,0,0,0,0,0,0,0,0,0,0,0,0,0,0,0,0,0,0,0,0,0.4524131709517366,0,0,0,0,0,0,0,0,0,0,0,0,0,0,0,0,0,0,0,0,0,0,0,0,0,0,0,0,0,0,0,0,0,0,0,0,0,0,0,0,0,0,0,0,0,0,0,0,0,0,0,0,0,0,0,0,0,0,0,0,0,0,0,0,0,0,0,0
MOTU19634,0,0,0,0,0,0,0,0,0,0,0,0,0,0,0,0,0,0,0,0,0,0,0,0,0,0,0,0,0,0,0,0,0,0,0,0,0,0,0,0,0,0,0,0,0,0,0,0,0,0,0,0,0,0,0,0,0,0,0,0,0,0,0,0,0,0,0,0,0,0,0,0,0,0,0,0,0,0,0,0,0,0,0,0,0,0,0,0,1,0,0,0,0.632172131147541,0,0,0,0,0,0,0,0,0,0,0,0,0,0,0,0,0,0,0,0,0,0,0,0,0,0,0,0,0,0,0,0,0,0,0,0,0,0,0,0,0,0,0,0,0,0,0,0,0,0,0,0,0,0,0,0,0,0,0,0,0,0,0,0,0,0,0,0,0,0,0,0,0,0,0,0,0,0,0,0,0,0,0,0,0,0,0,0,0,0,0,0,0,0,0,0,0,0,0,0,0,0,0,0,0,0,0,0,0,0
MOTU1968,0,0,0,0,0,0,0,0.045515188834154355,0,0,0,0.16523845007451565,0.005576932749861678,0,0,0,0,0,0,1,0,0,0,0,0,0,0,0,0,0,0,0,0,0,0.040143012309920345,0,0,0,0,0,0,0,0,0,0,0,0,0,0,0,0,0,0,0,0,0,0,0,0,0,0,0,0,0,0,0,0,0,0,0,0,0,0,0,0,0,0,0,0,0,0,0,0,0,0,0,0,0,0,0,0,0,0,0,0,0,0,0,0,0,0,0.009048065937653012,0,0,0,0,0.036376312335958005,0,0.013708580613254204,0,0,0,0,0,0,0,0,0,0,0,0,0,0,0,0,0,0,0,0,0,0,0,0,0,0,0,0,0,0,0,0,0,0,0,0,0,0,0,0,0,0,0,0,0,0,0,0.0052607230973619286,0.005632175149852687,0,0,0,0,0,0,0,0,0,0,0,0,0,0,0,0,0,0,0,0,0,0,0,0,0,0,0.0313560520361991,0,0.02224618780096308,0,0,0,0,0,0,0,0,0,0,0,0,0,0,0,0
MOTU1984,0,0,0,0,0,0,0,0,0,0,0,0,0,0,0,0,0,0,0,0,0,0,0,0,0,0,0,0,0,0,0,0,0,0,0,0,0,0,0,0,0,0,0,0,0,0.053036036560516975,0.07648285222550269,0,0,0,0,0,0,0,0,0,0,0,0,0,0,0,0,0,0,0,0,0,0,0,0,0,0,0,0,0,0,0,0,0,0,0,0,0,0,0,0,0,0,0,0,0,0,0,0,0,0,0,0,0,0,0,0,0,0,0,0,0.06151415298184962,0.10124584625301458,0.04895243929306445,0,0,0,0,0,0,0,0,0,0,0,0,0,0,0.088622987499392,0,0,0,0,0,0,0,0,0,0,0,0,0,0,0,0,0,0,0,0,0,0.7354376591637983,1,0.7666606013737889,0,0,0,0,0,0,0,0,0,0,0,0,0,0,0,0,0,0,0,0,0,0,0,0,0,0,0,0,0,0,0,0,0,0,0,0,0,0,0,0,0,0,0,0,0,0,0,0,0,0,0,0,0,0
MOTU20250,0,0,0,0,0.09642682329907,0,0,0,1,0,0,0,0,0,0,0,0,0,0,0.16657271702367532,0,0,0,0,0,0,0,0,0,0,0,0,0,0.6501650165016502,0,0,0,0,0,0,0,0,0,0,0,0,0,0,0,0,0,0,0,0,0,0,0,0,0,0,0,0,0,0,0,0,0,0,0,0,0,0,0,0,0,0,0,0,0,0,0,0,0,0,0,0,0,0,0,0,0,0,0,0,0,0,0,0,0,0,0,0,0,0,0,0,0,0,0,0,0,0,0,0,0,0,0,0,0,0,0,0,0,0,0,0,0,0,0,0,0,0,0,0,0,0,0,0,0,0,0,0,0,0,0,0,0,0,0,0,0,0,0,0,0,0,0,0,0,0,0,0,0,0,0,0,0,0,0,0,0,0,0,0,0,0,0,0,0,0,0,0,0,0,0,0,0,0,0,0,0,0,0,0,0,0,0,0,0,0,0,0,0
MOTU2028,1,0,0,0,0.2178169358786099,0,0.5834790209790209,0.1826765188834154,0,0,0,0,0.05595794980131784,0,0.03569995988768551,0.020592318371124477,0.07239303725394501,0.037982246500512115,0,0,0,0,0.04998876656931026,0,0.21317365269461075,0.04105923602140616,0,0,0,0,0,0,0.04747173031790058,0,0,0,0.39661319073083773,0.4046271974136189,0.09709797076150992,0,0,0,0,0,0,0,0,0,0,0,0,0,0,0,0,0,0,0,0,0,0,0,0,0,0,0,0,0,0,0,0,0,0,0,0,0,0,0,0,0,0,0,0,0,0,0,0,0,0,0,0,0,0,0,0,0,0,0,0,0,0,0,0,0,0,0,0,0,0,0,0,0,0,0,0,0,0,0,0,0,0,0,0,0,0,0,0,0,0,0,0,0,0,0,0,0,0,0,0,0,0,0,0,0,0,0,0.14532984977139124,0,0,0,0,0,0,0,0,0.4331602855288773,0.0633421901689125,0.20344407192928984,0.022025341516531377,0,0.019551845342706504,0,0,0,0,0,0,0,0,0,0,0,0,0,0,0,0,0,0,0,0,0,0,0,0,0,0,0,0,0,0,0,0,0,0,0,0,0,0,0,0,0,0
MOTU20503,0,0,0,0,0,0,0,1,0,0,0,0,0,0,0,0,0,0,0,0,0,0,0,0,0,0,0,0,0,0,0,0,0,0,0,0,0,0,0,0,0,0,0,0,0,0,0,0,0,0,0,0,0,0,0,0,0,0,0,0,0,0,0,0,0,0,0,0,0,0,0,0,0,0.6541353383458647,0,0,0,0,0,0,0,0,0,0,0,0,0,0,0,0,0,0,0,0,0,0.19512976610060878,0.41470888661899896,0,0,0,0,0,0,0,0,0,0,0.1219951923076923,0,0,0,0,0,0,0,0,0,0,0,0,0,0,0,0,0,0,0,0,0,0,0,0,0,0,0,0,0,0,0,0,0,0,0,0,0,0,0.39777922926192033,0,0.6163967611336033,0,0,0,0,0,0,0,0,0,0,0,0,0,0,0,0,0,0,0,0,0,0,0,0,0,0,0,0,0,0,0,0,0,0,0,0,0,0,0,0,0,0,0,0,0,0,0,0,0,0,0,0,0,0
MOTU20654,0,0,0,0,0,0,0,0,0,0,0,0,0,0,0,0,0,0,0,0,0,0,0,0,0,0,0,0,0,0,0,0,0,0,0,0,0,0,0,0,0,0,0,0,0,0,0,0,0,0,0,0,0,0,0,0,0,0,0,0,0,0,0,0,0,0,0,0,0,0,0,0,0,0,0,0,0,0,0.24922909486667874,0,0.2926205941859227,0,0,0,0,0,0,0.2044642857142857,0,0,0,0.22945891783567135,0,0,0,0,0,0,0,0,0,0.2242533050432512,0,0,0,0,0,0,0.33976261127596435,0.21903395504543277,0.0977101408050064,0.155079006772009,0.4635627530364372,0,1,0,0,0,0,0,0,0,0,0,0,0,0,0,0,0,0,0,0,0,0,0,0,0,0,0,0,0,0,0,0,0,0,0,0,0,0,0,0,0,0,0,0,0,0,0,0,0,0,0,0,0,0,0,0,0,0,0,0,0,0,0,0,0,0,0.9608391608391608,0.3328488372093023,0.39279588336192106,0.5019178082191781,0.2099954149472719,0.38857466063348417,0,0,0,0.38901472253680636,0,0,0,0,0,0,0,0,0,0,0,0,0,0
MOTU20715,0,0,0,0,0,0,0,0,0,0,0,0,0,0,0,0,0,0,0,0,0,0,0,0,0,0,0,0,0,0,0,0,0,0,0,0,0,0,0,0,0,0,0,0,0,0,0,0,0,0,0,0,0,0,0,0,0,0,0,0,0,0,0,0,0,0,0,0,0,0,0,0,0,0,0,0,0,0,0,0,0,0,0,0,0,0,0,0,0,0,0,0,0,0.4217902350813743,0.30520117762512267,0,0,0,0.060611966478269344,0,0,0,0.07821931589537225,0,0,0,0,0,0,0,0,0,0,0,0,0,0,0,0,0,0,0,0,0,0,0,0,0,0,0,0.14930388862217955,0,0,0,0.2104194857916103,0,0,0,0.16147455867082036,0,0,0,0,0,0,0,0,0,0,0,0,0,0,0,0,0,0,0,0,0,0,0,0,0,0,0,0,0,0,0,0,0,0,0,0,0,0,1,0,0,0,0,0,0,0,0,0,0,0,0,0,0,0,0,0,0,0,0,0,0,0,0,0
MOTU20805,0,0,0,0,0,0,0,0,0,0,0,0,0,0,0,0,0,0,0,0,0,0,0,0,0,0,0,0,0,0,0,0,0,0,0,0,0,0,0,0,0,0,0,0,0,0,0,0,0,0,0,0,0,0,0,0,0,0,0,0,0,0,0,0,0,0,0,0,0,0.566650664106257,0,0,0,0,0,0,0,0,0.21410000604631477,0,0,0,0,0,0,0,0,0,0,0,0,0,0.40311930783242256,0,0,0,0,1,0.4600792568050412,0,0,0.38528915728197594,0.29686452045606976,0.24991177923636107,0,0,0,0,0,0,0,0,0,0,0,0,0,0,0,0,0,0,0,0,0,0,0,0,0,0,0.566650664106257,0.7281513469052026,0,0.6771849301969783,0,0,0,0,0,0,0,0,0,0,0,0,0,0,0,0,0,0,0,0,0,0,0,0,0,0,0,0,0,0,0,0,0,0,0,0,0,0,0,0,0,0,0,0,0,0,0,0,0,0,0,0.9480589022757697,0,0,0.6683654209135523,0,0.6255078608019784,0,0,0,0,0,0,0,0,0,0,0,0
MOTU21060,0,0,0,0,0,0,0,0,0,0,0,0,0,0,0,0,0,0,0,0,0,0,0,0,0,0,0,0,0,0,0,0,0,0,0,0,0,0,0,0,0,0,0,0,0,0,0,0,0,0,0.09367207293474575,0,0,0,0,0,0,0,0,0,0,0,0,0,0,0,0,0,0,0,0,0,0,0,0,0,0,0,0,0,1,0,0,0,0,0,0,0,0,0,0,0,0,0,0,0,0,0,0,0,0,0,0,0,0,0,0,0,0,0,0,0,0,0,0,0,0,0,0,0,0,0,0,0,0,0,0,0,0,0,0,0,0,0,0,0,0,0,0,0,0,0.24702756734006734,0,0,0,0,0,0.1561886704587034,0,0,0,0,0,0,0,0,0,0,0,0,0,0,0,0,0,0,0,0,0,0,0,0,0,0,0,0,0,0,0,0,0,0,0,0.5654111032377883,0,0,0,0,0,0,0,0,0,0,0,0,0,0,0,0,0,0,0
MOTU212,0,0,0,0,9.23086963615598e-4,0,0,0,0,0,0,0,2.845732106030884e-4,0,0,0,0,0,0,0,0,0,0,0,0,0,0,0,0,0,0,0,0,0,0,0.0069503685503685495,0,0,0,0,0,0,0,0,0,0,0,0,0,0,0,0,0,0,0,0,0,0,0,0,0,0,0,0,0,0,0,0,0,0,0,0,0,0.012153813104189042,0,0,0,0,0,0,6.024491534447875e-4,0,0,0,0,0,0.0016793113683585634,0,0,0.003849580403719664,0,0.004724114896459586,0,0,0.005552109911678115,0,0,0,0.004410524264275969,0,0.0015390642002176278,0,0,0,0,0,0,0,0,0,0.0032186602190300098,0.0028734988713318282,0.011452631578947367,0.006984691358024691,0.02058806404657933,0.0044618296529968455,0,0,0,0,0,0.011349247743229688,0,0,0,0,0,0,0.03866919032597266,0.04389138867339022,0.03530907345175228,0,0,0,0,0,0,0,0,0,0,0.004911111111111111,0,0,0,0,0,0,0,0,0,0,0,0,0,0.04772796885139519,0.19542288859366103,0.2155440414507772,0.07952674717877647,0.09713992452830189,0.06910425307557116,0,0,0,0,0,0,0,0,0.009154692556634304,0,0.010438376383763836,0,0,0,0,0,0,0,0.31255272727272726,0.42486821705426353,0.3089198399085191,0.8080809497716894,0.5508010392786183,1,0.009088514056224899,0.004540609951845907,0.01162202136400986,0,0.0024814035087719296,0.007495495495495495,0,0,0.006952503840245775,0.09323534361851332,0.06063380049464138,0.3760772974936433,0,0,0.0023167895167895167,0,0,0
MOTU21739,0,0,0,0,0,0,0,0,0,0,0,0,0,0,0,0,0,0,0,0,0,0,0,0,0,0,0,0,0,0,0,0,0,0,0,0,0,0,0,0,0,0,0,0,0,0,0,0,0,0,0,0,0,0,0,0,0,0,0,0,0,0,0,0,0,0,0,0,0,0,0,0,0,0,0,0,0,0,0,0,0,0,0,0,0,0,0,0.29583333333333334,0,0,0,0,0,0,0,0,0,0,0,0,0,0,1,0,0,0,0,0,0,0,0,0,0,0,0,0,0,0,0,0,0,0,0,0,0,0,0,0,0,0,0,0,0,0,0,0,0,0,0,0,0,0,0,0,0,0,0,0,0,0,0,0,0,0,0,0,0,0,0,0,0,0,0,0,0,0,0,0,0,0,0,0,0,0,0,0,0,0,0,0,0,0,0,0,0,0,0,0,0,0,0,0,0,0,0,0,0,0,0,0,0,0,0
MOTU21836,0,0,0,0,0,0,0,0,0,0,0,0,0,0,0,0,0,0,0,0,0,0,0,0,0,0,0,0,0,0,0,0,0,0,0,0,0,0,0,0,0,0,0,0,0,0,0,0,0,0,0,0,0,0,0,0,0,0,0,0,0,0,0,0,0,0,0,0,0,0,0,0,0,0,0,0,0,0,0,0,0,0,0,0.032789835510923945,0,0,0,0,0,0,0,0,0,0,0,0,0,0,0,0,0,0,0.021821404618185304,0,0,0,0,0.05214056776556777,0.1716358155527295,0,0,0.004896270020423519,0,0,0,0,0,0,0,0,0,0,0,0,0,0,0,0,0,0,0,0,0,0,0,0,0,0,0,0,0,0,0,0,0,0,0.34002052813287303,1,0.4390784653942549,0,0,0,0,0,0,0,0,0,0,0,0.007624068959745586,0,0,0,0,0,0,0,0,0,0,0,0,0,0,0,0,0,0,0,0,0,0,0,0,0,0,0,0,0,0,0,0,0,0,0,0,0,0,0,0,0,0
MOTU22435,0,0,0,0,0,0,0,0,0,0,0,0,0,0,0,0,0,0,0,0,0,0,0.20467310716692877,0,0,0,0,0,0,0,0,0,0,0,0,0,0,0,0,0,0,0,0,0,0,0,0,0,0,0,0,0,0,0,0,0,0,0,0,0,0,0,0,0,0,0,0,0,0,0,0,0,0,0,0,0,0,0,0,0,0,0,0,0,0,0,0,0,0,0.20662281696529824,0,0.1521376085504342,0,0,0,0,0,0,0,0,0,0,0,0,0,0,0,0,0,0,0,0,0,0,0,0,0,0,0,0,0,0,0,0,0,0,0,0,0,0,0,0,0,0,0,0,0,0,0,0,0,0,0,0,0,0,0,1,0,0,0,0,0,0,0,0,0,0,0,0,0,0,0,0,0,0,0,0,0,0,0,0,0,0,0,0,0,0,0,0,0,0,0,0,0,0,0,0,0,0,0,0,0,0,0,0,0,0,0,0,0,0,0
MOTU22725,0,0,0,0,0,0,0,0,0,0,0,0,0,0,0,0,0,0,0,0,0,0,0,0,0,0,0,0,0,0,0,0,0,0,0,0,0,0,0,0,0,0,0,0,0,0,0,0,0,0,0,0,0,0,0,0,0,0,0,0,0,0,0,0,0,0,0,0,0,0,0,0,0,0,0,0,0,0,0,0,0.6679799808327122,0,0,0,0,0,0,0,0,0,0,0,0,0,0,0,0,0,0,0,0,0,0,0,0,0,0,0,0,1,0,0,0,0,0,0,0,0,0,0,0,0,0,0,0,0,0,0,0,0,0,0,0,0,0,0,0,0,0,0,0,0,0,0,0,0,0,0,0,0,0,0,0,0,0,0,0,0,0,0,0,0,0,0,0,0,0,0,0,0,0,0,0,0,0,0,0,0,0,0,0,0,0,0,0,0,0,0,0,0,0,0,0,0,0,0,0,0,0,0,0,0,0
MOTU2282,0,0,0,0,0,0,0,0,0,0,0,0,0,0,0,0,0,0,0,0,0,0,0,0,0,0,0,0,0,0,0,0,0,0,0,0,0,0,0,0,0,0,0,0,0,0,0,0,0,0,0,0,0,0,0,0,0,0,0,0,0,0,0,0,0,0,0,0,0,0,0,0,0,0,0,0,0,0,0,0,0,0,0,0.16226894798323369,0,0,0,0,0,0.09738345120517948,0.47920048701298695,0.07170401408878363,0,0,0,0,0,0,0.4184015166279832,0.27200737178564227,0.46720743891581756,0.9810822440167959,0.6479330528626303,1,0,0,0,0,0,0,0,0,0,0,0.6249834590445944,0,0,0,0,0,0,0,0,0,0,0,0,0.1546698978255174,0,0,0,0.26487577813919577,0.1845931368717267,0,0,0,0.14944783723064267,0,0,0.20883445348425891,0,0,0,0,0,0,0,0,0,0,0,0,0,0,0,0,0,0,0,0,0,0,0,0,0,0,0,0,0,0,0,0,0,0,0,0,0,0,0,0.30025429116338204,0.10401250880902042,0,0,0,0,0.3448703906535232,0,0.17640248001792783,0,0,0,0,0,0,0,0,0,0,0,0,0.024329308497486192,0.049309633805757834,0
MOTU23014,0,0,0,0,0,0,0,0,0,0,0,0,0,0,0,0,0,0,0,0,0,0,0,0,0,0,0,0,0,0,0,0,0,0,0,0,0,0,0,0,0,0,0,0,0,0,0,0,0,0,0,0,0,0,0,0,0,0,0,0,0,0,0,0,0,0,0,0,0,0,0,0,0,0,0,0,0,0,0,0,0,0,0.27085522168522796,0,0,0,0,0,0,0,0,0,0,0,0,0.4130086510733739,0,0,0,0,0,0,0,0,0,0,0,0,0,0,0,0,0,0,0,0,0,0,0,0,0,0,0,0,0,0,0,0,0,1,0,0,0,0,0,0,0,0,0,0,0,0,0,0,0,0,0,0,0,0,0,0,0,0,0,0,0,0,0,0,0,0,0,0,0,0,0,0,0,0,0,0,0,0,0,0,0,0,0,0,0,0,0,0,0,0,0,0,0,0,0,0,0,0,0,0,0,0,0,0,0,0,0
MOTU23268,0,0,0,0,0,0,0,0,0,0,0,0,0,0,0,0,0,0,0,0,0,0,0,0,0,0,0,0,0,0,0,0,0,0,0,0,0,0,0,0,0,0,0,0,0,0,0,0,0,0,0,0,0,0,0,0,0,0,0,0,0,0,0,0,0,0,0,0,0,0,0,0,0,0,0,0,0,0,0,0,0,0,0.600966589619668,0,0,0,0,0,0,0,0,0,0,0,0,0,0,0,0,0,0,0,0,0,0,0,0,0,0,0,0,0.08069977426636568,0,0,0,0,0,0,0,0,0,0,0,0,0,0,0,0,0,0,0,0,0,0,0,0,0,0,0,0,0,0,0,0,0,0,0,0.7848518111964874,0,0,0,0,0,0,0,0,0,0,0,0,0,0,0,0,0,0,0,0,0,0,0,0,0,0,0,0,0,0,0,1,0,0,0,0,0,0,0,0,0,0,0,0,0,0,0,0,0,0,0,0,0,0,0
MOTU23623,0,0,0,0,0,0,0,0,0,0,0,0,0,0,1,0,0,0,0,0,0,0,0,0,0,0,0,0,0,0,0,0,0,0,0,0,0,0,0,0,0,0,0,0,0,0,0,0,0,0,0,0,0,0,0,0,0,0,0,0,0,0,0,0,0,0,0,0,0,0,0,0,0,0,0,0,0,0,0,0,0,0,0,0,0,0,0,0,0,0,0,0,0,0,0,0,0,0,0,0,0,0,0,0,0,0,0,0,0,0,0,0,0,0,0,0,0,0,0,0,0,0,0,0,0,0,0,0,0,0,0,0,0,0,0,0,0,0,0,0,0,0,0,0,0,0,0,0,0,0,0,0,0,0,0,0,0,0,0,0,0,0,0,0,0,0,0,0,0,0,0,0,0,0,0,0,0,0,0,0,0,0,0,0,0,0,0,0,0,0,0,0,0,0,0,0,0,0,0,0,0,0,0
MOTU2385,0,0,0,0.029788838612368026,0.023630826127155058,0.0687472805664333,0.2532051282051282,0.3567323481116585,0.08168828727204364,0,0,0,0.021855037472964137,0,0,0,0.007853876326301901,0.004944804825310117,0,0.08164223975948892,0,0,0.22777652961881226,0,0,0.02672694839146214,0.1339808818994758,0,0,0.10518034374243525,0.5198612108159847,1,0.09270322167697888,0,0.3146270818247647,0,0.05163398692810458,0.058530342830201386,0.15801149174485418,0,0,0,0,0,0,0,0,0,0,0,0,0,0,0,0,0,0,0,0,0,0,0,0,0,0,0,0,0,0,0,0,0,0,0,0,0,0,0,0.026271237680633656,0,0,0,0,0,0,0,0,0.02155257936507937,0.23473797947055647,0,0,0,0.049464936247723135,0,0,0.04640606643169924,0,0.04090181681257649,0.028227116221659198,0,0.11819912948857454,0,0,0,0,0,0,0.20309161324786326,0.035814375206066604,0.046176736277166695,0,0,0,0,0,0,0,0,0,0,0,0,0,0,0,0,0,0,0,0,0,0,0,0,0,0,0,0,0,0,0,0,0,0,0,0,0,0,0,0,0,0,0,0,0,0,0,0,0,0,0,0,0.09001450176092811,0.08182674199623353,0,0,0.012493171166508525,0,0,0,0,0,0,0,0,0,0,0,0,0,0,0,0,0,0,0,0,0,0.08201208003020008,0,0,0,0,0,0,0,0,0,0,0,0,0,0
MOTU24248,0,0,0,0,0,0,0,0,0,0,0,0,0,0,0,0,0,0,0,0,0,0,0,0,0,0.33622439564495293,0,0,0,0,0,0,0,0,0,0,0,0,0,0,0,0,0,0,0,0,0,0,0,0,0,0,0,0,0,0,0,0,0,0,0,0,0,0,0,0,0,0,0,0,0,0,0,0,0,0,0,0,0,0,0,0,0,0,0,0,0,0,0,0,0,0,0,0,0,0,0,0,0,0,0,0,0,0,0,0,0,0.18249198717948717,0,0.2904511398055157,0,0,0,0,0,0,0,0,0,0,0,0,0,0,0,0,0,0,0,0,0,0,0,0,0,0,0,0,0,0,0,0,0,0,0,0,0,1,0.9220647773279352,0,0,0,0,0,0,0,0,0,0,0,0,0,0,0,0,0,0,0,0,0,0,0,0,0,0,0,0,0,0,0,0,0,0,0,0,0,0,0,0,0,0,0,0,0,0,0,0,0,0,0,0,0,0
MOTU2508,0,0,0,0,0,0,0,0,0,0,0,0,0,0,0,0,0,0,0,0,0,0,0,0,0,0,0,0,0,0,0,0,0,0,0,0,0,0,0,0,0,0,0,0,0,0,0,0,0,0,0,0,0,0,0,0,0,0,0,0,0,0,0,0,0,0,0,0,0,0,0,0,0,0,0,0,0,0,0,0,0,0.40625464015259677,0,0,0,0,0,0,0,0,0,0,0,0,0,0,0,0,0,0,0,0,0,0,0,0,0,0,0,0,0.4360982643367549,0.17303650657741104,1,0,0,0,0,0,0,0,0,0,0,0,0,0,0,0,0,0,0,0,0,0,0,0,0,0,0,0,0,0,0,0,0,0,0,0,0,0,0,0,0,0,0,0,0,0,0,0,0,0,0,0,0,0,0,0,0,0,0,0,0,0,0,0,0,0,0,0,0,0,0,0,0,0,0,0,0,0,0.08124554574858835,0,0,0,0,0,0,0,0,0,0,0,0
MOTU25090,0,0,0,0,0,0,0,0,0,0,0,0,0,0,0,0,0,0,0,0,0,0,0,0,0,0,0,0,0,0,0,0,0,0,0,0,0,0,0,0,0,0,0,0,0,0,0,0,0,0,0,0,0,0,0,0,0,0,0,0,0,0,0,0,0,0,0,0,0,0,0,0,0,0,0,0,0,0,0,0,0,0,0,0,0,0,0,0,0,0,0,0,0,0,0,0,0,0,0,0,0,0,0,0,0,0,0,0.18689903846153846,0,0.0495775545990754,0,0,0,0,0,0,0,0,0,0,0,0,0,0,0.44877344877344877,0,0,0,0,0,0,0,0,0,0,0,0,0,0.16147455867082036,0,0,0,0,0,0,0,0,0,0,0,0,0,0,0,0,0,0,0,0,0,0,0,0,0,0,0,0,0,0,0,0,0,0,0,0,0,0,1,0,0,0,0.08890794739851343,0,0,0,0,0,0,0,0,0,0.18272620446533488,0,0,0,0,0,0,0,0,0,0,0
MOTU25393,0,0,0,0,0,0,0,0,0,0,0,0,0,0,0,0,0,0,0,0,0,0,0,0,0,0,0,0,0,0,0,0,0,0,0,0,0,0,0,0,0,0,0,0,0,0,0,0,0,0,0,0,0,0,0,0,0,0,0,0,0,0,0,0,0,0,0,0,0,0,0,0,0,0,0,0,0,0,0,0,0,0,0,0,0,0,0,0,0,0,0,0,0,0,0,0,0,0,0,0,0,0,0,0,0,0,0,0,0,0,0,0,0,1,0,0,0,0,0,0,0,0,0,0,0,0,0,0,0,0,0,0,0,0,0,0,0,0,0,0,0,0,0,0,0,0,0,0,0,0,0,0,0,0,0,0,0,0,0,0,0,0,0,0,0,0,0,0,0,0,0,0,0,0,0,0,0,0,0,0,0,0,0,0,0,0,0,0,0,0,0,0,0,0,0,0,0,0,0,0,0,0,0
MOTU2565,0,0,0,0,0,0,0,0,0,0,0,0,0,0,0,0,0,0,0,0,0,0,0,0,0,0,0,0,0,0,0,0,0,0,0,0,0,0,0,0,0,0,0,0,0,0,0,0,0,0,0,0,0,0,0,0,0,0,0,0,0,0,0,0,0,0,0,0,0,0,0,0,0,0,0,0,0,0,0,0,0.5627441986189722,0,0.21151825690594336,0,0,0,0,0,0,0,0,0,0,0,0,0,0,0,0,0,0,0,0,0,0,0,0,0,0,0,0,0.014201684320194476,0,0,0,0,0,0,0,0,0,0,0,0,0,0,0,0,0,0,0,0,0,0,0,0,0,0,0,0,0,0,0,0,0,0,0,0,0,0,0,0.06587797019734193,0,0,0,0,0,0,0,0,0,0,0,0,0,0,0,0,0,0,0,0,0,0,0,0,0,0,0,0,0,0,0,1,0,0,0,0,0,0,0,0,0,0,0,0.04149280233369269,0,0,0,0,0,0,0
MOTU2576,0,0,0,0,0,0,0,0,0,0,0,0,0,0,0,0,0,0,0,0,0,0,0,0,0,0,0,0,0,0,0,0,0,0,0,0,0,0,0,0,0,0,0,0,0,0,0,0,0,0,0,0,0,0,0,0.08154670750382849,0,0,0,0,0,0,0,0,0,0,0,0,0,0,0,0,0,0,0,0,0.06740506329113924,0,0,0,0,0,0,0,0,0,0,0,0,0,0,0,0,0,0,0,0,0,0,0,0,0,0,0,0,0,0,0,0.0790059347181009,0,0,0,0,0,0,0,0,0,0,0,0,0,0,0,0,0,0,0,0.11198738170347003,0.33048875096974395,0.20451272203552567,0,0.09157351676698194,0.061101549053356276,0.07205683355886333,0.11513513513513514,0.03706926557605291,0,0.11059190031152648,0,0.05272277227722772,0,0,0,0,0,0,0.05845225027442371,0,0,0.08086560364464693,0,0.13636363636363635,0.08412322274881516,0.07324621733149932,0,0,0,0,0,0,0,0,0,0,0,0,1,0,0.6893203883495146,0.09165232358003443,0,0,0,0,0,0,0,0,0,0,0,0,0,0,0,0,0,0,0,0.05643879173290938,0,0.013307509683868549,0,0.0746844319775596,0,0.19342535415909917,0,0,0.04361179361179361,0,0,0.0057814450898431135
MOTU25992,0,0,0.20262132483173928,0,0,0,1,0,0,0,0,0,0,0,0.09177697553148816,0,0,0,0,0,0,0,0,0,0,0,0,0,0,0,0,0,0,0,0,0,0,0,0,0,0,0,0,0,0,0,0,0,0,0,0,0,0,0,0,0,0,0,0,0,0,0,0,0,0,0,0,0,0,0,0,0,0,0,0,0,0,0,0,0,0,0,0,0,0,0,0,0,0,0,0,0,0,0,0,0,0,0,0,0,0,0,0,0,0,0,0,0,0,0,0,0,0,0,0,0,0,0,0,0,0,0,0,0,0,0,0,0,0,0,0,0,0,0,0,0,0,0,0,0,0,0,0,0,0,0,0,0,0,0,0,0,0,0,0,0,0.10855949895615866,0.46489891293304886,0,0,0,0,0,0,0,0,0,0,0,0,0,0,0,0,0,0,0,0,0,0,0,0,0,0,0,0,0,0,0,0,0,0,0,0,0,0,0,0,0,0,0,0,0
MOTU26197,0,0,0,0,0,0,0,0,0,0,0,0,0,0,0,0,0,0,0,0,0,0,0,0,0,0,0,0,0,0,0,0,0,0,0,0,0,0,0,0,0,0,0,0,0,0,0,0,0,0,0,0,0,0,0,0,0,0,0,0,0,0,0,0,0,0,0,0,0,0,0,0,0,0,0,0,0,0,0,0,0,0,0.4648035301533936,0,0,0,0,0,0,0,0,0,0,1,0,0,0,0,0,0,0.6017410228509249,0.36102497143789786,0,0,0,0,0,0,0,0,0,0,0,0,0,0,0,0,0,0,0,0,0,0,0,0,0,0,0,0,0,0,0,0,0,0,0,0,0,0,0,0,0,0,0,0,0,0,0,0,0,0,0,0,0,0,0,0,0,0,0,0,0,0,0,0,0,0,0,0,0,0,0,0,0,0,0,0,0,0,0,0,0,0,0,0,0,0,0,0,0,0,0,0,0,0,0,0,0,0,0,0,0
MOTU263,0,0,0.002556817876557112,0,0,0,0,0,0,0,0,0,0,4.939366909957385e-4,0.0019301769930527416,0,0,0.001478572249679903,0,0,0,0.004361266988230047,0.002162179844385749,0.002191225520801678,0,0,0,0,0,0,0,0,0,0,0,0,0,0.0019446074939100768,0.0031498568036311273,0,0,0,0,0,0,0,0,0,0,0,0,0,0,0,0,0,0,0,0,0,0,0,0,0,0,0,0,0,0,0,0,0,0,0.005168562023287309,0.007214289720660397,0,0,0,0.00349133411476908,0,0.01024796346220953,0.546701694793775,1,0.0036371362386095883,0,0.020312077854286556,0.019996152392854495,0.0014321223939525254,0,0.06330052441221777,0.050124283788338386,0.049822935388809296,0.009860514843607553,0,0,0.0015417914910863457,0.019660597522698612,0.0054356749434402545,0.14817484632654776,0.04267788242732137,0.020944205630818218,0.135868141856818,0.038727816850547166,0.01935775854963566,0.03802395293307377,0.12097033852828036,0.004209913599020547,9.639285343911228e-4,0,0,0.014714339601639941,0.007060395730005226,0.022728420179327528,0,0,0.0037948984571612655,0,0,0,0,0,0,0.006806126228685269,0,0.013887247456509336,0,0.0024278159655300125,0.0017334046266860535,0,0,0,0,0,0,0.00325570449504769,0,0.0016748803493492814,0.005550093706667226,0,0.0023404334842803917,0,0,0,0,0,0,0,0,0,0.003424862095146253,0,0,0,0,0,0,0,0,2.3816725617107923e-4,0.0040856019993513555,8.456821166398041e-4,0,0,0,0,0,0,0,0,0,0,0.004439050962804876,0,0,0,0,0,0,0,0.0067299737673852935,0.0046627240733338035,0.022009977100882722,0.009667807064928827,0.011031479238148751,0.023134284825386948,0.007730010030008812,0.0019309515424078994,0.0019769643564833544,0.0013623814393206358,0.00844198463803594,0,0,0,0,0,0,0,0,0,0,0,0,0
MOTU2644,0,0,0,0,0,0,0,0,0,0,0,0,0,0,0,0,0,0,0,0,0,0,0,0,0,0,0,0,0,0,0,0,0,0,0,0,0,0,0,0,0,0,0,0,0,0,0,0,0,0,0,0,0,0,0,0,0,0,0,0,0,0,0,0,0,0,0,0,0,0,0,0,0,0,0,0,0,0,0,0,0,0,0.2790239546123135,0,0,0,0,0,0,0,0,0,0.7558487021857923,0.8004068716094032,0,0.5672861262415891,0.45211950970377934,1,0.08626486065094523,0,0.24081882480957562,0,0,0,0,0,0,0.17733373397435895,0.54726137487636,0.4233620277379244,0,0,0,0,0,0,0,0,0,0,0,0,0,0,0,0,0,0,0,0,0,0.27305675508945093,0,0,0,0.4785135135135135,0.15406369648451096,0,0.22981568016614742,0,0,0,0,0,0,0,0,0,0,0,0,0,0,0,0,0,0,0,0,0,0,0,0,0,0,0,0,0,0,0,0,0,0,0,0,0,0,0,0,0,0,0.1265365923384791,0,0,0,0,0,0,0.5012740656851642,0.9706688596491228,0.5864136195018548,0,0,0,0,0,0,0,0,0,0.050161491387126014,0,0
MOTU27043,0,0,0,0,0,0,0,0,0,0,0,0,0,0,0,0,0,0,0,0,0,0,0,0,0,0,0.6093123650940486,0,0,0,0,0,0,0,0,0,0,0,0,0,0,0,0,0,0,0,0,0,0,0,0,0,0,0,0,0,0,0,0,0,0,0,0,0,0,0,0,0,0,0,0,0,0,0,0,0,0,0,0.17921276981679665,0,0,0,0,0,0,0,0.8797862867319679,0.14702380952380953,0,0.44817418915853935,0.3675595238095238,0,0,0,0,0,0,0.2790172267720983,0,0,0.2687704026115343,0.1612534682552636,0,0,0.1951797708415646,0,0,0,0.2443125618199802,0.1575003985333971,0.07026027592092164,0,0.11111111111111112,0,0,0,0,0,0,0,0,0,0,0,0,0,0,0,0,0,0,0,0,0,0,0,0,0,0,0,0,0,0,0,0,0,0,0,1,0,0,0,0,0,0,0,0,0,0,0,0,0,0,0,0,0,0.08522384197360476,0,0,0,0,0,0,0,0,0,0,0,0,0,0,0,0,0,0.27941176470588236,0,0,0,0,0,0,0,0,0,0,0,0,0,0,0,0,0,0
MOTU271,0.031133810010214504,0.0016314820365691772,0.003680803787073712,0.025646011742268424,0.02599563921149824,0.021372859963105603,0.0787190082644628,0.05687416032243618,0.0859560067681895,0,0.029617793133232557,0.030971413087657496,0.02195152063870941,0.008532875459584553,0.016672136527732195,0.05673888351352488,0.033056775662925,0.019157019150190878,0,0.023429332786717227,0.010359829602102782,0.02092831639659434,0.020232429893180283,0.012617983109786388,0.004977681001633097,0.012783304534550151,0.019224623664956687,0,0,0.07294513765102,0.06464791489917117,0.03985772570352547,0.0044339274977209684,0.02286228622862286,0.030096767823053122,0.012765244583426401,0.06421001458434614,0.02799463619831371,0.046856961498026296,0,0,0,0.13607142857142857,0.20079051383399207,0.15610755441741356,0.053838907206782846,0.12077436884410732,0.08957680250783698,0.0170203261112352,0.006314742686666114,0.018241666167933445,0,0.0736943907156673,0.05631929046563193,0.058174770965468636,0.09547542809411108,0.03715121512151215,0.44532467532467523,0.07471634682728673,0.06390472995639047,0.3952497952497952,0.4599019238023387,0.49273488018257894,0.5631929046563192,0.6208404802744425,1,0.46402783819051757,0.2997377622377622,0.42675175827038286,0.5254484353860254,0.5054233320327741,0.36673796791443847,0.9259806183664051,0.4017966995410604,0.54005724410522,0.12845904095904095,0.7365707710011506,0.5266869728209933,0.05403096812492785,0,0.016965953862982934,0.02065102833569213,0.03347914955395518,0.0235621521335807,0.1400735294117647,0.008772401089834604,0.057573059175908686,0.017524350649350647,0.06736407838514807,0.08170065362172414,0.09277597402597401,0.13650938240116597,0.1845380029806259,0.2411392405063291,0.22433758586849853,0.2530307885001893,0.23822081901755035,0.18780519113758312,0.12420757959639268,0.04607941947188066,0.13568107626867146,0.07348991794887012,0.041814523504664344,0.0352010471002637,0,0,0.0030303030303030303,0.22341564685314685,0.15416779066630698,0.21423416373201162,0.002955741456665934,0.00625487379437718,0.007790455158876211,0.00855218855218855,0.07562524811433108,0.03277889303125896,0,0,0,0.10515784026220458,0.05185084376701143,0.05558493662806601,0.16656808537996656,0,0.3298701298701298,0.07903770870278046,0.23417117695624254,0.0973211946554886,0.2658732434757671,0.16659849072572114,0.2826779557456465,0.20085244798384833,0.1369967951223325,0.17089657330621183,0.3233977118956821,0.1685012285012285,0.2821061291649527,0.3315822585718779,0.14746530727839138,0.13477184294304917,0.19547254725472546,0.09019886363636363,0.09528573214955607,0.09536068651112899,0.0342087542087542,0.13335175462835036,0.09049343863191021,0.1672886937431394,0.15425101214574896,0.1429828534454869,0.19987575067301716,0.010880533079485959,0.017739494820160632,0.0043774235243429545,0.03811429285982243,0.03596248008967022,0.05258889904932797,0.04081904075808373,0.006171595183672,0.013070325900514579,0.012174468764978429,0.009412055335968379,0.0043053279846319,0.015654853620955315,0,0,0,0.11382842509603074,0.037368969533500884,0.2522065313327449,0.2682678767016116,0.4409426366990942,0.24361968306922432,0.018798569137782162,0.13799348062296268,0.03184389867558184,0.29730784237222,0.9132417421806488,0.32383592017738355,0,0.006712473572938689,0.0019803524091688753,0.0050610211706102115,0.012704764286607476,0.00783628136569313,0.03894852135815991,0.04169706697796585,0.025614402031821915,0.27458045917842067,0.4071291866028708,0.23678277207688972,0.16687319730797992,0.044144809332863806,0.1894093003770423,0.041291597602958044,0.013706063104249419,0.0679391077502229,0.07710677568202055,0.07208400340554347,0.042550815278087996,0.012168260117036181,0.005966643175945501,0.0022563181349349306
MOTU2772,0,0,0,0,0,0,0,0,0,0,0,0,0,0,0,0,0,0,0,0,0,0.043927492447129915,0,0,0,0,0,0,0,0,0,0,0,0,0,0,0,0,0,0,0,0,0,0,0,0,0,0,0,0,0,0,0,0,0,0,0,0,0,0,0,0,0,0,0,0,0,0,0,0,0,0,0,0,0,0,0,0,0,0,0,0,0,0.21980347694633412,0,0,0,0,0,0,0,0,0,0,0,0.23293816084588273,0.6435818862785155,0.3695566224230444,0,0.09211276528349699,0.23732317736670294,0,0,0,0,0,0,0.11650641025641026,0.21572700296735908,0.3013231308783676,0,0,0,0,0,0,0,0,0,0,0,0,0,0,0,0,0,0,0,0.11280062063615207,0,0,0,0,0,0,0,0.1677047289504037,0,0,0.8637623762376239,0.12621527777777777,1,0,0,0,0,0,0,0,0,0,0,0,0,0,0,0,0,0,0,0,0,0,0,0,0,0,0,0,0,0,0,0,0,0,0,0,0,0,0,0,0,0,0.0822398190045249,0.11678714859437753,0,0,0,0,0,0,0,0,0,0,0,0.0647373107747106,0,0,0,0,0
MOTU27783,0,0,0,0,0,0,0,0,0,0,0,0,0,0,0,0,0,0,0,0,0,0,0,0,0,0,0,0,0,0,0,0,0,0,0,0,0,0,0,0,0,0,0,0,0,0,0,0,0,0,0,0,0,0,0,0,0,0,0,0,0,0,0,0,0,0,0,0,0,0,0,0,0,0,0,0,0,0,0,0,0,0,0,0,0,0,0,0,0,0,0,0,0,0,0.13837095191364082,0,0,0,0,0.04466265441875198,0,0,0,0,0,0,0,0,0.03486646884272997,0,0,0,0,0,0,0,0,0,0,0,0,0,0,0,0,0,0,0,0,0,0,0,0,0,0,0,0,0,0,0,0,0,0,0.27728613569321536,0.4351851851851852,1,0.09209666884389289,0,0,0,0,0,0,0,0,0,0,0,0,0,0,0,0,0,0,0,0,0,0,0,0,0,0,0,0,0,0,0,0,0,0,0,0,0,0,0.11325301204819278,0,0,0,0,0,0,0,0,0,0,0,0,0,0,0,0,0
MOTU27895,0,0,0,0,0,0,0,0,0,0,0,0,0,0,0,0,0,0,0,0,0,0,0,0,0,0,0,0,0,0,0,0,0,0,0,0,0,0,0,0,0,0,0,0,0,0,0,0,0,0,0,0,0,0,0,0,0,0,0,0,0,0,0,0,0,0,0,0,0,0,0,0,0,0,0,0,0,0,0,0,0,0,0,0,0,0,0,0,0,0,0,0,0,0,0,0,0,0,0,0,0,0,0,0,0,0,0,0,0,0,0,0,0,0,0,0,0,0,0,0,0,0,0,0,0,0,0,0,1,0,0,0,0,0,0,0,0,0,0,0,0,0,0,0,0,0,0,0,0,0,0,0,0,0,0,0,0,0,0,0,0,0,0,0,0,0,0,0,0,0,0,0,0,0,0,0,0,0,0,0,0,0,0,0,0,0,0,0,0,0,0,0,0,0,0,0,0,0,0,0,0,0,0
MOTU28522,0,0,0,0,0,0,0,0,0,0,0,0,0,0,0,0,0,0,0,0,0,0,0,0,0.4732934131736527,0,0,0,0.3116227724333701,0,0,0,0,0,0,0,0,0,0,0,0,0,0,0,0,0,0,0,0,0,0,0,0,0,0,0,0,0,0,0,0,0,0,0,0,0,0,0,0,0,0,0,0.8358714043993232,0,0,0,0,0,0,0,0,0,0,0,0,0,0,0,0,0,0,0,0,0,0,0,0.3363976847122914,0,0,0,0,0,0,0,0,0,0,0.19791666666666666,0,0,0,0,0,0,0,0,0,0,0,0,0,0,0,0,0,0,0,0,0,0,0,0,0,0,0,0,0,0,0,0,0,0,0,0,0,0,0,0,1,0,0,0,0,0,0,0,0.09375593091668248,0,0,0,0,0,0,0,0,0,0,0,0,0,0,0,0,0,0,0,0,0,0,0.6909090909090909,0,0,0,0,0,0,0,0,0,0,0,0,0,0,0,0,0,0,0,0,0,0,0
MOTU28658,0,0,0,0,0,0,0,0,0,0,0,0,0,0,0,0,0,0,0,0,0,0,0,0,0,0,0,0,0,0,0,0,0,0,0,0,0,0,0,0,0,0,0,0,0,0,0,0,0,0,0,0,0,0,0,0,0,0,0,0,0,0,0,0,0,0,0,0,0,0,0,0,0,0,0,0,0,0,0,0,0.0326056862953892,0,0,0,0,0,0,0,0,0,0,0,0,0,0,0,0,0,0,0,0,0,0,0,0,0,0,0,0.07571711177052423,0,0,0,0,0,0,0,0,0,0,0,0,0,0,0,0,0,0,0,0,0,0,0,0,0,0,0,0,0,0,0,0,0,0,0,0,0.6204660587639311,1,0.33611416026344676,0,0,0,0,0,0,0,0,0,0,0,0,0,0,0,0,0,0,0,0,0,0,0,0,0,0.2077340569877883,0,0,0,0,0,0,0,0,0,0,0,0,0,0,0,0,0,0,0,0,0,0,0,0,0,0,0,0,0
MOTU28740,0,0,0,0,0,0,0,0,0,0,0,0,0,0,0,0,0,0,0,0,0,0,0,0,0,0,0,0,0,0,0,0,0,0,0,0,0,0,0,0,0,0,0,0,0,0,0,0,0,0,0,0,0,0,0,0,0,0,0,0,0,0,0,0,0,0,0,0,0,0,0,0,0,0.7808807733619764,0,0,0,0,0.13187012515871577,0,0.07741454584176338,0,0,0,0,0,0,0,0,0,0,0.12140948563794256,0,0.32866184448462926,0,0,0,0,0,0,0,0,0.18284708249496984,0,0,0,0,0,0,0.11589351187629522,0,0,0,0,0,0,0,0,0,0,0,0,0,0,0,0,0,0,0,0,0,0,0,0,0,0,0,0,0,0,0,0,1,0,0,0,0,0,0,0,0,0,0,0,0,0,0,0,0,0,0,0,0,0,0,0,0,0,0,0,0,0,0,0,0,0,0,0,0,0,0,0.20783304745568895,0,0,0,0,0,0,0,0,0,0,0,0,0,0,0,0,0,0,0,0,0
MOTU28870,0,0,0,0,0,0,0,0,0,0,0,0,0,0,0,0,0,0,0,0,0,0,0,0,0,0,0,0,0,0,0,0,0,0,0,0,0,0,0,0,0,0,0,0,0,0,0,0,0,0,0,0,0,0,0,0,0,0,0,0,0,0,0,0,0,0,0,0,0,0,0,0,0,0,0,0,0,0,0,0,0,0,0,0,0,0,0,0.2580357142857143,0,0,0,0,0,0.3919529837251356,0,0,0,0,0,0,0,0,0,0,0,0,0,0.1736778846153846,0.21439169139465875,0,0,0,0,0,0,0,0,0,0,0,0,0,0,0,0,0,0,0,0,0,0,0,0,0,0,0,0,1,0,0,0,0,0,0,0,0,0,0,0,0,0,0,0,0,0,0,0,0,0,0,0,0,0,0,0,0,0,0,0,0,0,0,0,0,0,0,0,0,0,0,0,0,0,0,0,0,0,0,0,0.7605263157894737,0,0,0,0,0,0,0,0,0,0,0,0,0
MOTU29583,0,0,0,0,0,0,0,0,0,0,0,0,0,0,0,0,0,0,0,0,0,0,0,0,0,0,0,0,0,0,0,0,0,0,0,0,0,0,0,0,0,0,0,0,0,0,0,0,0,0,0,0,0,0,0,0,0,0,0,0,0,0,0,0,0,0,0,0,0,0,0,0,0,0,0,0,0,0,0,0,0,0,0,0,0,0,0,0,0,0,0,0,0,0,0,0,0,0,0.13018904696940167,0,0,0.10902562428594745,0,0.14143552826593267,0,0,0,0,0,0,0,0,0,0,0,0,0,0,0,0,1,0,0,0,0,0,0,0,0,0,0,0,0,0,0,0,0,0,0,0,0,0,0,0,0,0,0,0,0,0,0,0,0,0,0,0,0,0,0,0,0,0,0,0,0,0,0,0,0,0,0,0,0,0,0,0,0,0,0,0,0,0,0,0,0,0,0,0,0,0,0,0,0,0,0,0,0,0,0,0,0,0,0
MOTU29908,0,0,0,0,0,0,0,0,0,0,0,0,0,0,0,0,0,0,0,0,0,0,0,0,0,0,0,0,0,0,0,0,0,0,0,0,0,0,0,0,0,0,0,0,0,0.29922279792746115,0.863013698630137,0,0,0,0,0,0,0,0,0,0,0,0,0,0,0,0,0,0,0,0,0,0,0,0.1351931330472103,0,0,0,0,0,0,0,0,0,0,0,0,0,0,0,0,0,0,0,0,0,0,0,0,0,0,0,0,0,0,0,0,0,0,0,0,0.0694110576923077,0.08568249258160238,0.055236728837876614,0,0,0,0,0,0,0,0,0,0,0,0,0,0,1,0,0,0,0,0,0,0,0,0,0,0,0,0.19982698961937717,0,0,0,0,0,0,0,0,0,0,0,0.24661921708185056,0,0,0,0,0.23830811554332876,0,0,0,0,0,0,0,0,0,0,0,0,0,0,0,0,0,0,0,0,0,0,0,0,0,0,0,0,0,0,0,0,0,0,0,0,0,0,0,0,0,0.12586269524155466,0,0,0,0,0,0
MOTU30244,0,0,0,0,0,0,0,0,0,0,0,0,0,0,0,0,0,0,0,0,0,0,0,0,0,0,0,0,0,0,0,0,0,0,0,0,0,0,0,0,0,0,0,0,0,0,0,0,0,0,0,0,0,0,0,0,0,0,0,0,0,0,0,0,0,0,0,0,0,0,0,0,0,0,0,0,0,0,0,0,0,0,0,0,0,0,0,0,0,0,0,0,0,0,0,0,0,0,0,0,0,0,0,0,0,0,0,0,1,0,0,0,0,0,0,0,0,0,0,0,0,0,0,0,0,0,0,0,0,0,0,0,0,0,0,0,0,0,0,0,0,0,0,0,0,0,0,0,0,0,0,0,0,0,0,0,0,0,0,0,0,0,0,0,0,0,0,0,0,0,0,0,0,0,0,0,0,0,0,0,0,0,0,0,0,0,0,0,0,0,0,0,0,0,0,0,0,0,0,0,0,0,0
MOTU3034,0,0,0,0,0,0,0,0,0,0,0,0.342026825633383,0,0,0,0,0,0,0,0,0,0,0,0,0,0,0,0,0,1,0,0,0,0,0,0,0,0.04637300464740351,0,0,0,0,0,0,0,0,0,0,0,0.4184138559708295,0,0,0,0,0,0,0,0,0,0,0,0,0,0,0,0,0,0,0,0,0,0,0,0,0,0,0,0,0,0,0,0,0,0,0,0,0,0,0,0,0,0,0,0,0.22522080471050046,0,0,0,0.08945624634574156,0,0,0.07491431369348783,0.11544265593561368,0.6802879525725174,0,0,0,0,0,0,0,0.012951467268623023,0.02580971659919028,0,0,0,0,0,0,0,0,0,0,0,0,0,0,0,0,0,0,0,0,0,0,0,0,0,0,0,0,0,0,0,0,0,0,0,0,0,0,0,0,0,0,0,0,0.0699481865284974,0,0,0.02016695957820738,0,0,0,0,0,0,0,0,0,0.19750430292598967,0,0,0,0,0,0,0,0,0,0,0,0.08383561643835616,0,0,0,0,0,0,0,0,0,0,0,0,0,0.08336360334180894,0,0,0,0,0,0
MOTU30457,0,0,0,0,0,0,0,0,0,0,0,0,0,0,0,0,0,0,0,0,0,0,0,0,0,0,0,0,0,0,0,0,0,0,0,0,0,0,0,0,0,0,0,0,0,0,0,0,0,0,0,0,0,0,0,0,0,0,0,0,0,0,0,0,0,0,0,0,0,0,0,0,0,0,0,0,0,0,0,0,0.054254073048663615,0,0,0,0,0,0.15123181953101814,0,0,0,0,0,0,0,1,0.16324895866709388,0.1734763363976847,0,0,0,0,0.08315652031989555,0.12814386317907447,0,0,0,0,0,0,0.1624422126574207,0,0,0,0,0,0,0,0,0,0,0,0,0,0,0,0,0,0,0,0,0,0,0,0,0,0,0,0,0,0,0,0.4422743055555556,0,0,0,0,0.665578053559765,0,0,0,0,0,0,0,0,0,0,0,0,0,0,0,0,0,0,0,0,0,0,0,0,0,0,0,0,0,0,0,0,0,0,0,0,0,0.28817873303167424,0,0,0,0,0,0,0,0,0,0,0,0.18507083181983294,0,0,0,0,0,0
MOTU30574,0,0,0,0,0,0,0,0,0,0,0,0,0,0,0,0,0,0,0,0,0,0,0,0,0,0,0,0,0,0,0,0.8987341772151899,0,0,0.5655322230267922,0,0,0,0,0,0,0,0,0,0,0,0,0,0,0,0,0,0,0,0,0,0,0,0,0,0,0,0,0,0,0,0,0,0,0,0,0,0,0,0,0,0,0,0,0,0,0,0,0.5903250188964475,0,0,0,0,0,0,0,0,0,0,0,0,0,0,0,0,0,0,0,0,0,0,0,0,0,0,0,0,0,0,0,0,0,0,0,0,0,0,0,0,0,0,0,0,0,0,0,0,0,0,0,0,0,0,0,0,0,0,0,0,0,0,0,0,0,0,0,0,1,0,0,0,0,0,0,0,0,0,0,0,0,0,0,0,0,0,0,0,0,0,0,0,0,0,0,0,0,0,0,0,0,0,0,0,0,0,0,0,0,0,0,0,0,0,0,0,0,0,0
MOTU30857,0,0,0,0,0,0,0,0,0,0,0,0,0,0,0.07918170878459686,0.04567329939842665,0,0.03369750768180266,0,0,0,0,0,0,0,0,0,0,0,0,0,0,0,0,0,0,0.35187165775401064,0,0,0,0,0,0,0,0,0,0,0,0,0,0,0,0,0,0,0,0,0,0,0,0,0,0,0,0,0,0,0,0,0,0,0,0,0,0,0,0,0,0,0,0,0,0,0,0,0,0,0,0,0,0,0,0,0,0,0,0,0,0,0,0,0,0,0,0,0,0,0,0.24406528189910975,0,0,0,0,0,0,0,0,0,0,0,0,0,0,0,0,0,0,0,0,0,0,0,0,0,0,0,0,0,0,0,0,0,0,0,0,1,0,0,0,0,0,0,0,0,0,0,0.09366103624976276,0,0,0.0931132075471698,0,0,0,0,0,0,0,0,0,0,0,0,0,0,0,0,0,0,0,0,0,0,0,0,0,0,0,0,0,0,0.2615262321144674,0,0,0,0,0,0,0,0,0,0,0,0
MOTU31017,0,0,0,0,0,0,0,0,0,0,0,0,0,0,0,0,0,0,0,0,0,0,0,0,0,0,0,0,0,0,0,0,0,0.5984598459845984,0,0,0,0,0,0,0,0,0,0,0,0,0,0,0,0,0,0,0,0,0,0,0,0,0,0,0,0,0,0,0,0,0,0,0,0,0,0,0,0,0,0,0,0,0,0,0,0,0,0,1,0,0,0,0,0,0.20238095238095238,0.09084836339345358,0,0,0,0,0.18522301668369082,0.15362891838463713,0.10602221789124927,0,0.14798694232861806,0,0.13682092555331993,0,0,0,0,0.21794871794871795,0.13452027695351138,0.17344173441734417,0,0.06139954853273137,0,0.671604938271605,0,0,0,0,0,0,0,0,0,0,0,0.20022083179977918,0,0,0,0,0,0.6711906230721777,0,0.6242111302352266,0,0,0,0,0.564901349948079,0.26459143968871596,0,0.4722222222222222,0.7482806052269602,0,0,0,0,0,0,0,0,0,0,0,0,0,0,0,0,0,0,0,0,0,0,0,0,0,0,0,0,0,0,0,0,0,0,0,0,0.3804195804195804,0.13178294573643412,0,0,0,0,0,0,0,0.15402038505096263,0,0,0.3196239717978848,0,0.6685099846390169,0,0,0.1976026153287323,0,0,0,0,0,0
MOTU3106,0,0,0,0,0,0,0,0,0,0,0,0,0,0,0,0,0,0,0,0,0,0,0,0,0,0,0,0,0,0,0,0,0,0,0,0,0,0,0,0,0,0,0,0,0,0.1706390328151986,0.2460772104607721,0,0,0,0,0,0,0,0,0,0,0,0,0,0,0,0,0,0,0,0,0,0,0.09486317810849736,0,0,0,0,0,0,0,0,0,0,0,0,0,0,0,0,0,0,0,0.1344522567475618,0,0.16499665998663995,0,0,0,0,0,0.05580344535441966,0.03851101149873319,0,0,0.03225069365105272,0.049698189134808855,0.08367562989625238,0,0,0.043219597550306216,0.07916666666666666,0.3909000989119683,0.1890004782400765,0,0,0,0,0,0,0,0,0,0,0,0,0,0,0,0,0,0,0,0,0,0,0.1699054170249355,0,0,0,0,0,0,0,0,0,0.2718019257221458,0,0,0,0.516263879817113,0.1084522502744237,1,0,0,0,0,0,0,0,0,0,0,0,0,0,0,0,0,0,0,0,0,0,0,0,0,0,0.2624169986719787,0,0,0,0,0,0,0,0,0,0.33529411764705885,0.15871485943775102,0.07929373996789726,0.08118323746918651,0,0,0,0,0,0,0,0,0,0,0,0,0,0,0
MOTU31166,0,0,0,0,0,0,0,0,0,0,0,0,0,0,0,0,0,0,0,0,0,0,0,0,0,0,0,0,0,0,0,0,0,0,0,0,0,0,0,0,0,0,0,0,0,0,0,0,0,0,0,0,0,0,0,0,0,0,0,0,0,0,0,0,0,0,0,0,0,0,0,0,0,0,0,0,0,0,0,0,0.6235757640293899,0,0,0,0,0,0,0,0,0.6640961669312769,0,0,1,0,0,0,0,0,0,0,0,0,0,0,0,0,0,0,0,0,0,0,0,0,0,0,0,0,0,0,0,0,0,0,0,0,0,0,0,0,0,0,0,0,0,0,0,0,0,0,0,0,0,0,0,0,0,0,0,0,0,0,0,0,0,0,0.2778515847409375,0,0,0,0,0,0,0,0,0,0,0,0,0,0,0,0,0,0,0,0,0,0,0,0,0,0,0,0,0,0,0,0,0,0,0,0,0,0,0,0,0,0,0,0,0,0
MOTU3117,0,0,0,0,0,0,0,0,0,0,0,0,0,0,0,0,0,0,0,0,0,0,0,0,0,0,0,0,0,0,0,0,0,0,0,0,0,0,0,0,0,0,0,0,0,0,0.24595267745952676,0,0.48525798525798525,0,0.26003949967083606,0,0,0,0,0,0,0,0,0,0,0,0,0,0,0.5183727034120734,0,0,0,0.3792606817090734,0.23117440499414746,0.5808823529411764,0.1670896785109983,0.21213748657357678,0,0.6782280219780219,1,0.509020618556701,0,0,0,0,0,0,0,0,0,0,0,0,0,0,0,0,0,0,0,0,0,0,0,0,0,0,0,0,0,0,0,0,0,0,0,0,0,0,0,0,0,0,0,0,0,0,0,0,0,0,0,0,0,0,0,0,0,0,0,0,0,0,0,0,0,0,0,0.20010131712259374,0,0,0,0,0,0,0,0,0,0,0,0,0,0,0,0,0,0,0,0,0,0,0.2663519892110587,0.159789644012945,0,0,0,0,0,0,0,0,0,0,0,0,0,0,0,0,0,0,0,0,0,0,0,0,0,0,0,0,0,0,0,0,0
MOTU31470,0,0,0,0,0,0,0,0,0.5256627185561196,0,0,0,0,0,0,0,0,0,0,0,0,0,0,0,0,0,0,0,0,0,0,0,0,0,0,0,0,0,0,0,0,0,0,0,0,0,0,0,0,0,0,0,0,0,0,0,0,0,0,0,0,0,0,0,0,0,0,0,0,0,0,0,0,0,0,0,0,0,0,0,0,0,0,0,0,0,0,0,0,0,0,0,0,0,0,0,0,0,0,0,0,0,0,0,0,0,0,0,0,0,0,0,0,0,0,0,0,0,0,0,0,0,0,0,0,0,0,0,0,0,0,0,0,0,0,0,0,0,0,0,0,0,0,0,0,0,0,0,0,0,0,0,0,0,0,0,0,0,0,0,0,0,0,0,0,0,0,0,0,0,0,0,0,0,0,0,1,0,0,0,0,0,0,0,0,0,0,0,0,0,0,0,0,0,0,0,0,0,0,0,0,0,0
MOTU3160,0,0,0,0,0,0,0,0,0,0,0,0,0,0,0,0.06160868284884943,0.10829377227620274,1,0,0,0,0,0.14955781131921322,0,0,0.061421094130081025,0,0,0,0,0,0,0,0,0,0,0,0,0,0,0,0,0,0,0,0,0,0,0,0,0,0,0,0,0,0,0,0,0,0,0,0,0,0,0,0,0,0,0,0,0,0,0,0,0,0,0,0,0,0,0,0,0,0,0,0,0,0,0,0.15098249448442236,0,0,0,0,0,0,0,0,0.25947449549086654,0,0,0,0,0,0,0,0,0,0,0,0,0,0,0,0,0,0,0,0,0,0,0,0,0,0,0,0,0,0,0,0,0,0,0,0,0,0,0,0,0,0,0,0,0,0,0,0.8696039427587435,0,0,0,0,0,0,0,0,0,0,0,0,0,0,0,0,0,0,0,0,0,0,0,0,0,0,0,0,0,0,0,0,0,0,0,0,0,0,0,0,0,0,0,0,0,0,0,0,0,0,0,0,0,0,0,0
MOTU32485,0,0,0,0,0,0,0,0,0,0,0,0,0,0,0,0,0,0,0,0,0,0,0,0,0,0,0,0,0,0,0,0,0,0,0,0,0,0,0,0,0,0,0,0,0,0,0,0,0,0,0,0,0,0,0,0,0,0,0,0,0,0,0,0,0,0,0,0,0,0,0,0,0,0,0,0,0,0,0,0,0,0,0,1,0,0,0,0,0,0,0,0,0,0,0,0,0,0,0,0,0,0,0,0,0,0,0,0,0,0,0,0,0,0,0,0,0,0,0,0,0,0,0,0,0,0,0,0,0,0,0,0,0,0,0,0,0,0,0,0,0,0,0,0,0,0,0,0,0,0,0,0,0,0,0,0,0,0,0,0,0,0,0,0,0,0,0,0,0,0,0,0,0,0,0,0,0,0,0,0,0,0,0,0,0,0,0,0,0,0,0,0,0,0,0,0,0,0,0,0,0,0,0
MOTU3250,0,0,0,0,0.050687986077119704,0,0,0,0,0,0,0,0.007813154938551045,0,0.024923118063912286,0.02875212093166744,0.016846519530755746,0.053032889495846135,0,0,0,0.046928499496475325,0,0,0.11161676646706586,0.04299686288983207,0,0,0,0,0.111509930605408,0,0.06628262570229713,0.17088375504217088,0.11247888003861935,0,0,0.09416043645180844,0.13557349625427303,0,0,0,0,0,0,0,0.1934412619344126,0,0,0,0,0,0,0,0,0,0,0,0,0,0,0,0,0,0,0,0,0,0.22254059216809932,0,0.12121212121212122,0,0,0,0,0,0,0,0,0,0,0,0,0,0.8566176470588236,0,0,0,0,0,0,0,0,0,0,0.0995407454875574,0,0.04386708086227996,0,0,0,0.05070453185354443,0,0.09866610205377938,0,0,0,0,0,0,0,0.008765989465763731,0,0.5753086419753086,0,0,0,0,0,0,0,0,0,0,0,0,0,0,0,0,0,0,0,0,0.10509697789806045,0,0,0,0,0,0,0,0,0,0,0,0,0,0,0,0,0,0,0,0,0,0,0.0473432896474652,0.01537649310367584,0,0,0,0,0,0,0,0,0,0,0,0,0,0.11875637104994903,0,0,0,1,0,0,0.10862470862470862,0,0,0.02837138508371385,0,0.0878582202111614,0.2495314591700134,0,0,0,0,0,0,0.03881877629222375,0,0,0,0,0,0,0,0,0,0
MOTU3280,0,0,0,0,0,0.03690518571259049,0,0,0,0,0,0,0,0,0,0,0.016864595195488316,0.05308979173779447,0,0,0,0,0,0,0,0,0,0,0,0,0,0,0,0,0,0,0,0,0.06785948068950469,0,0,0,0,0,0,0,0,0,0,0,0,0,0,0,0,0,0,0,0,0,0,0,0,0,0,0,0,0,0,0,0,0,0,0,0,0,0,0,0,0,0,0,0,0,0,0,0,0.04627976190476191,0,0,0,0,0,0,0,0.09964754886254405,0,0,0,0,0,0,0,0,0,0.34748603351955304,0.06802274715660543,0,0,0.0991551091981508,0,0.01755079006772009,0,0,0.22634643377001457,0,0,0,0,0,0,0,0,0,0,0,0,0,0.3270241850683491,0,0,0,0,0,0,0,0,0,0.16147455867082036,0.1512645914396887,0.3079207920792079,0,0,0,0,0,0,0,0,0,0,0,0,0,0,0,0,0,0.03078598297366858,0.3227358490566038,0,0,0,0,0,0,0,0,0,0,0,0,0,0,0,0.10997171145685998,0,1,0,0,0.0753391472868217,0,0,0.0475317132813694,0.08795248868778281,0,0,0,0,0,0,0,0,0,0,0,0,0,0,0,0.01762239347234814,0,0
MOTU32889,0,0,0,0,0,0,0,0,0,0,0,0,0,0,0,0,0,0,0,0,0,0,0,0,0,0,0,0,0,0,0,0,0,0,0,0,0,0,0,0,0,0,0,0,0,0,0,0,0,0,0,0,0,0,0,0,0,0,0,0,0,0,0,0,0,0,0,0,0,0,0,0,0,0,0,0,0,0,0,0,0,0,0,0,0,0,0,0,0,0,0,0,0,0,0,0,0,0,0,0,0,0,0,0,0,0,0,0,0,0,0,0,0,0,0,0,0,0,0,0,0,0,0,0,0,0,0,0,0,0,0,0,0,0,0,1,0,0,0,0,0,0,0,0,0,0,0,0,0,0,0,0,0,0,0,0,0,0,0,0,0,0,0,0,0,0,0,0,0,0,0,0,0,0,0,0,0,0,0,0,0,0,0,0,0,0,0,0,0,0,0,0,0,0,0,0,0,0,0,0,0,0,0
MOTU3365,0,0,0,0,0,0,0,0,0,0,0,0,0,0,0,0,0,0,0,0,0,0,0,0,0,0,0,0,0,0,0,0,0,0,0,0,0,0,0,0,0,0,0,1,0,0,0,0,0,0,0,0,0,0,0,0,0,0,0,0,0,0,0,0,0,0,0,0,0,0,0,0,0,0,0,0,0,0,0,0,0,0,0,0,0,0,0,0,0,0,0,0,0,0,0,0,0.18794688457609804,0.1558881671844112,0,0,0,0,0,0,0,0,0,0.27644230769230765,0,0.04399808703969392,0,0,0,0,0,0,0,0,0,0,0,0,0.39038189533239037,0,0.39826839826839827,0,0,0,0,0,0,0,0,0.3166953528399311,0.5602165087956698,0,0,0.15916955017301038,0,0,0,0,0,0,0,0,0,0,0,0,0,0,0,0,0,0,0,0,0,0,0,0,0,0,0,0,0,0,0,0,0,0.5092250922509225,0,0,0,0,0,0,0.5609756097560976,0,0,0,0,0,0,0,0,0,0.0781426953567384,0.6052631578947368,0,0,0,0,0.0967741935483871,0.04550700741962078,0,0,0,0.11302211302211303,0,0,0
MOTU33654,0,0,0,0,0,0,0,0,0,0,0,0,0,0,0.033293221018852785,0,0,0,0,0,0,0,0,0.1889799635701275,0,0.07658239527588115,0,0,0,0,0,0,0,0,0,0,0.1479500891265597,0,0.09055204014837442,0,0,0,0,0,0,0,0,0,0,0,0,0,0,0,0,0,0,0,0,0,0,0,0,0,0,0,0,0,0,0,0,0,0,0,0,0,0,0,0.15055323780155994,0,0,0,0,0,0,0,0,0,0,0,0,0,0,0,0,0,0,0,0,0,0,0,0,0,0,0,0,0,0,0,0,0.023419864559819408,0.04667116509221772,0,0,0,0,0,0,0,0,0,0,0,0,0,0,0,0,0,0,0,0,0,0,0,0,0,0,0,0,0,0,0,0,0,0,0,0,0,0,0,0,0,0,0,0,0,0,0,0,0,0,0,0,0,0,0,0,0,0,0,0,0,0,0,0,0,0,0,0,0,0.07579908675799087,0.06342656273880483,0,1,0.49959871589085064,0.5115036976170911,0,0,0,0,0,0,0,0,0,0,0,0,0,0,0
MOTU3369,0,0,0,0,0,0,0,0,0,0,0,0,0,0,0.014440433212996389,0.0041647385469689956,0.009760858955588092,0,0,0,0,0,0,0,0,0,0,0,0,0,0,0,0,0,0,0,0,0.018185492018589614,0,0,0,0,0,0,0,0,0,0,0,0.1640838650865998,0,1,0,0,0,0,0,0,0,0,0,0,0,0,0,0,0,0,0,0,0,0.1323529411764706,0.07614213197969542,0,0,0,0,0,0.016325049882096862,0,0,0,0,0,0,0,0,0,0,0.04082558403266046,0,0.04509018036072144,0,0.08137432188065098,0,0,0,0,0,0,0,0.02937816223274033,0,0,0,0,0.01968503937007874,0.018028846153846152,0,0,0.01920068269094012,0.010158013544018058,0.030364372469635626,0.1111111111111111,0.13100436681222707,0,0,0,0,0,0,0.09027081243731193,0.6364922206506364,0,0,0,0.045408678102926335,0,0,0,0.08641382621219394,0,0.07738607050730868,0,0,0,0.15663069961712495,0.05190311418685121,0,0,0,0,0,0,0,0,0,0,0,0,0.0683371298405467,0,0,0,0,0,0,0,0,0,0,0,0,0,0,0,0,0,0,0,0,0,0,0,0,0.09547383309759547,0,0,0.1829268292682927,0.06293706293706293,0,0,0.0821917808219178,0,0.05090497737556561,0,0,0,0.02548131370328426,0.039473684210526314,0.02384737678855326,0.05287896592244418,0,0,0.03155680224403927,0,0,0,0,0,0,0,0
MOTU33856,0,0,0,0,0,0,0,0,0,0,0,0,0,0,0,0,0,0.046381017412086036,0,0,0,0,0,0,0,0,0,0,0,0,0,0,0,0,0,0,0,0,0,0,0,0,0,0,0,0,0,0,0,0,0,0,0,0,0,0,0,0,0,0,0,0,0,0,0,0,0,0,0,0,0,0,0,0,0,0,0,0,0,0,0,0,0,0,0,0,0,0,0,0,0,0,0,0,0,0,0,0.7672973736232703,0,0,0,0,0,0,0,0,0,0,0,0,0,0,0,0,0,0,0,0,0,0,0,0,0,0,0,1,0,0,0,0,0,0,0,0,0,0,0,0,0,0,0,0,0,0,0,0,0,0,0,0,0,0,0,0,0,0,0,0,0,0,0,0,0,0,0,0,0,0,0,0,0,0,0,0,0,0,0,0,0,0,0,0,0,0,0,0,0,0,0,0,0,0,0,0,0,0,0,0,0,0,0,0,0
MOTU3447,0,0,0,0,0,0,0,0,0,0,0,0,0,0,0,0,0.06027330405075647,0,0,0,0,0,0,0,0,0,0.3427382053654024,0,0,0,0,0,0,0,0,0,0,0,0,0,0,0,0,0,0,0,0,0,0,0,0,0,0,0,0,0,0,0,0,0,0,0,0,0,0,0,0,0,0,0,0,0,0,0,0,0,0,0,0,0,0,0,0,0,0,0,0.9897595725734639,0.1654017857142857,0,0,0,0,0,0,0,0,0,0,0,0,0,0,0.2795523138832998,0,0,0.620949720670391,0,0,0.5497032640949554,0,0.31617124164414734,0.18817720090293452,1,0,0.8089519650655022,0,0,0,0,0,0,0,0,0,0,0,0,0,0,0,0,0,0,0,0,0.6008108108108108,0,0,0,0,0,0,0,0,0,0,0,0,0,0,0,0,0,0,0,0,0,0,0,0,0,0,0,0,0,0,0,0,0,0,0,0,0,0,0,0,0,0,0,0.7772727272727272,0.5385174418604651,0.3177530017152658,0,0,0.31433823529411764,0.8927710843373494,0.44602728731942215,0.45665571076417416,0,0,0,0,0,0,0,0,0,0,0,0,0,0,0
MOTU34503,0,0,0,0,0,0,0,0,0,0,0,0,0.08902972687490569,0,0,0,0,0,0,0,0,0,0,0,0,0,0,0,0,0,0,0,0,0,0,0,0,0,0,0,0,0,0,0,0,0,0,0,0,0,0,0,0,0,0,0,0,0,0,0,0,0,0,0,0,0,0,0,0,0,0,0,0,0,0,0,0,0,0,0,0,0,0,0,0,0,0,0,0,0,0,0,0,0,0,0,0,0,0,0,0,0,0,0,0,0,0,0,0,0,0,0,0,0,0,0,0,0,0,0,0,0,0,0,0,0,0,0,0,0,0,0,0,0,0,0,0.6160807518273582,0,0,0,0,0,0,0,0,0,0,0,0,0,0,0,0,0,0,0,0,0,0,0,0,0,0,1,0,0,0,0,0,0,0,0,0,0,0,0,0,0,0,0,0,0,0.3232876712328767,0,0.5005656108597285,0,0,0.7271980279375513,0,0,0,0,0,0,0,0,0,0,0,0,0,0,0
MOTU3490,0,0,0,0,0,0.10110359558561766,0,0,0,0,0,0,0,0,0,0,0,0,0,0,0,0,0,0,0,0,0,0,0,0,0,0,0,0,0,0,0,0,0,0,0,0,0,0,0,0,0,0,0,0,0,0,0,0,0,0,0,0,0,0,0,0,0,0,0,0,0,0,0,0,0,0,0,0,0,0,0.26962025316455696,0,0.15454380555051694,0,0.04536258119476094,0,0.08951460390838412,0,0,0,0.7586821015138023,0.2535714285714286,0,0.09662054887729643,0.3169642857142857,0.07114228456913828,0,0,0,0,0,0,0,0,0,0.06952831728415212,0,0,0.2524693796918214,0.23798882681564243,0,0.08533653846153845,0,0,0.18176646280756648,0.07212189616252822,0.5269905533063427,0.5259259259259259,0,0,0,0,0,0,0,0,0,0,0,0,0,0,0,0,0,0,0,0,0,0,0,0,0,0,0,0,0,0,0,0,0,0,0,0,0,0,0,0,0,0,0,0,0,0,0,0,0,0,0,0,0,1,0,0,0,0,0,0,0,0,0,0,0,0,0.5159883720930233,0.3653516295025729,0.07780821917808219,0.130215497478221,0,0.3421686746987952,0,0,0,0,0,0,0,0,0,0,0,0,0,0,0,0,0
MOTU3659,0,0,0.024155971552358376,0,0.04450468767649385,0.048552728866007616,0.7153039268423884,0.671845395983327,1,0,0,0,0.027440192220635862,0,0.01094140516523188,0.018933542163528282,0.00739572774711867,0.00931270845917483,0.15187596367997258,0.1537594310987772,0.06798834266431475,0.12361143388333722,0.12256536992551371,0.06210592686002522,0,0,0.12616523162314097,0,0,0,0,0,0.02909848845415306,0,0.19751573553166601,0,0,0,0,0,0,0,0,0,0,0,0,0,0,0,0,0,0,0,0,0,0,0,0,0,0,0,0,0,0,0,0,0,0,0,0,0,0,0,0,0,0,0,0,0,0,0,0,0,0,0,0,0,0,0,0,0,0,0,0,0,0,0,0,0,0,0,0,0,0,0,0,0,0,0,0,0,0,0,0,0,0,0,0,0,0,0,0,0,0,0,0,0,0,0,0,0,0,0,0,0,0,0,0,0,0,0,0,0,0,0,0,0,0,0,0,0,0,0,0,0,0.012942172649897075,0,0,0,0,0,0,0,0,0,0,0,0,0,0,0,0,0,0,0,0,0,0,0,0,0,0,0,0,0,0,0,0,0,0,0,0,0,0,0,0,0,0,0,0,0,0
MOTU371,0,0,0,0.01988845627696517,0.005259024007103098,0.0038249149328984083,0.014087656529516995,0.026463512429831595,0.01817967182150868,0.024986479177934017,0.05359332707286085,0.07205489897064431,0.010538284186257067,0.011580163568915221,0.015515070103265888,0.0037288938153094498,8.739373716049804e-4,0.007153008805291115,0,0,0,0.004868966486334575,0.003620822078132429,0,0.007720373207074224,0.00446104790637593,0.004969558763418884,0,0,0,0.034708425850181135,0.018545775684427435,0.0034385063088900026,0.05318903983421598,0.04668002627014465,0.02969830295411691,0.08043775649794803,0.04233413374560047,0.1723102060699552,0,0,0,0,0,0,0.5149415592240029,0.40140172029308696,0.20840016038492382,0.09679446888749214,0.2350596764961523,0.03182938591790805,0,0,0.2620533182076007,0,0,0,0,0.07449743791880174,0,0.1451917033312382,0.06687252726044582,0.10114819499854043,0.06551332955190017,0.30408073716542344,0.33839956052005127,0.15422276621787026,0.18079159212880144,0.11544612514160059,0.24758566021726267,0.13204910669727518,0,0.5181206469129972,0.4154572477705893,0.4832467487186639,0.09408542039355994,0.16320282602296143,0.04153680172620475,0.03800319751623014,0,0.04976808572284696,0.17616336843402636,0.09820804644321408,0.08527131782945736,0.32588064295485636,0.06122689389105402,0.04305328335645799,0.03357558139534884,0.10448154988504013,0.0877275340608797,0.07194767441860465,0.08074288111105933,0.24768871521158978,0.16028848984397998,0.09489467558253646,0.19106130265344293,0.12620851842174027,0.08192403932669132,0.09422887781972779,0.09188882586500284,0.14029405066174053,0.0710199991649618,0.048640681297084834,0.11943039751045109,0.019102661876452917,0.027010523580615824,0.021149972532503204,0.26150212432915926,0.30686288040852944,0.23893096660104768,0.02062957070514962,0.02728489684497874,0.03624894077770455,0.09948320413436693,0.07037676449680105,0.07625999559826865,0,0,0,0.030581174705441066,0,0.09698864033962351,0.934607414229795,0,1,0.14829112136333678,0.3089902142538662,0.14513940084444743,0.06778666275401658,0.07501759070489111,0.09284462258147351,0.07953746610619343,0.055430022595932736,0.0924628747548333,0,0.034846008799497175,0.039266952136572254,0.055765671521686655,0.050206476852858076,0.08622522848610986,0.17552383145291273,0.1398982558139535,0.17734557435782605,0.1267750565960074,0.07958656330749354,0.17961405244928252,0.052633177889508304,0.09729916013580783,0.1794322568496375,0.05735330629810477,0.2447422789638184,0.02109460611226105,0,0.0076380469524964184,0,0,0.004588046802932466,0.008186670257933274,0.015155875189347724,0.028887670030715226,0.012745739158867045,0.01094855915065723,0,0,0,0,0.0013901733002473426,0.22698984605306258,0.08693879471216422,0.0391171822081734,0.19417203698514993,0.4608898995966704,0.20946234264988264,0,0.06420828314648383,0.03419295417913885,0,0,0,0,0.0429455110870741,0.004607283896445809,0.03532335138579165,0.022168196794728257,0.059251025991792064,0.05177920986270664,0.058204860203815,0.039727885956698704,0.059318127946482654,0.17671358629130965,0.12383998225311495,0.10415926543327958,0.010068898581636537,0.059414853713428355,0.05085782315144003,0.013286297666749746,0.07610302502977724,0.02870218890430533,0.13416257290128986,0.0725958516656191,0,9.25425154738297e-4,0
MOTU377,0,0,0,0.0034831261517057786,0.009210289524986945,6.698690459077369e-4,0,0.004634635837327174,0.0031838615058457412,0,0,0,2.839387581039434e-4,0,0,0.001044884118438593,0,0.001156364585154899,0.012572352895021155,0.0031820667699348918,0.01125620428686839,0.0017054339727687307,0,0,0,0,0.001740668038811131,0,0,0.03279585446544371,0.008104790308491743,0,0.002408784488954341,0.024840424421845978,0.004087607856527515,0,0,0.001140631733656193,0,0,0,0,0,0,0,0,0,0,0,0,0.0018581258886979915,0,0,0,0,0,0,0,0,0,0,0,0,0,0,0,0.06752376136201553,0.018092905288027237,0.04043686568670844,1,0.9074266162091976,0.8467479674796747,0,0,0,0,0,0,0,0,0.015628756010699282,0.13275721693950956,0.034398950839687005,0.0021334037981347313,0.010376813326956799,0.014297137483827348,0.003351134728325615,0.0042001387275777515,0.009149086628629656,0.0038409978112028792,0.008400277455155503,0.03770866031973613,0.007711730122765708,0,0,0.0072348432551932055,0.005766074003947394,0.004782535823098982,0.002200345527134866,0,0.0015356328753711912,0.002763988795429002,0.0014197652036882543,0.004780848147249205,0.030109568183789303,0.02049855414755265,0.008642805150711174,0.05201710270307831,0.0516479966975733,0.053093288783995767,0.039742117660118426,0.017839686297540177,0.013966453204792955,0,0.012325297925468336,0.031163174407769317,0,0,0,0.010711549240729598,0.008450578517761227,0,0.0638753770847468,0,0.048874341557268386,0,0.0028481263621919772,0,0.0029679213721685057,0.021896766679070978,0,0,0.012134536650611562,0.0032386611875298323,0,0,0.007859361573079706,0.0032554708476727214,0.002930937928278556,0.0027456159775605536,0,0,0,0.005550625811076204,0.013938238147813576,0.08007072978531203,0,0.003098236251297749,0.022854196153297566,0.004017783950081494,0.004286246355250189,0,0,0,0,0,0,0,0,5.325458914966507e-4,0,0,0,0,0,0,0.0014607918010517982,0,0,0,0,0,0,0,0,0,0,0,0,0.011842628915799647,0.005469948110333816,0.0016137754287777297,0.014434668547598718,0.031059072626489676,0.025542925112509045,0.009068251325083532,0,0.00695766612555197,0.0015982407842198467,0,0,0.009950034870501466,7.053587966843058e-4,0,0.0019793080118739475,0.00372299188779192,0.008201941808738828,0.005026702092488422,0.011748150780155045,0.002311624262843775,0,0,0
MOTU3818,0,0,0,0,0,0,0,0,0,0,0,0,0,0,0,0,0.005165121197332032,0,0,0,0,0,0,0,0,0,0.02937095282146161,0,0,0,0,0,0,0,0,0,0,0,0,0,0,0,0,0,0.2683098591549296,0,0.11861768368617684,0.4105603448275862,0,0,0.06270572745227122,0,0,0,0,0,0,0,0,0,0.28603603603603606,0,0,0,0,1,0,0.15264423076923075,0.4093839541547278,0.1371819491118579,0,0,0,0,0,0.032709478021978024,0.06028481012658228,0,0,0,0,0,0,0,0,0,0,0,0,0,0,0,0,0,0,0,0,0,0,0,0,0,0,0,0,0,0,0,0,0,0,0,0,0,0,0,0,0,0,0,0,0,0,0,0,0,0,0,0,0,0,0,0,0,0,0,0,0.05493079584775087,0,0,0,0,0,0,0,0,0,0,0,0,0,0,0,0,0,0,0,0,0,0,0,0,0,0,0,0,0,0,0,0,0.08197074010327023,0.0878690036900369,0,0,0,0,0,0,0,0,0,0,0,0,0,0,0,0,0,0,0,0,0,0,0,0,0,0,0,0,0,0,0
MOTU3845,0,0,0,0,0,0,0,0,0,0,0,0,0,0,0,0,0,0,0,0,0,0,0,0,0,0,0,0,0,0,0,0,0,0,0,0,0,0,0,0,0,0,0,0,0,0,0,0,0,0,0,0,0,0,0,0,0,0,0,0,0,0,0,0,0,0,0,0,0,0,0,0,0,0,0,0,0,0,0.044827059486190535,0,1,0,0.0519293084571062,0,0,0,0,0,0,0,0,0,0,0,0,0.07918346009207575,0,0,0,0,0,0,0,0,0,0,0,0,0,0,0.017574426038071998,0,0,0,0,0,0,0,0,0,0,0,0,0,0,0,0,0,0,0,0,0,0,0,0,0,0,0,0,0,0,0,0,0,0,0,0,0,0,0,0,0,0,0,0,0,0,0,0,0,0,0,0,0,0,0,0,0,0,0,0,0,0,0,0,0,0,0,0,0,0,0,0,0.03777037734179557,0,0,0,0,0,0,0,0,0,0,0,0,0,0,0,0,0,0,0
MOTU3865,0,0,0,0,0,0,0,0.5424192665571976,0,0,0,0,0.2326174069044146,0.3390816396359406,0.7420243348041182,0,0,0.022556048708319107,0,0,0,0,0,0.3008500303582271,0,0,0,0,0,0,0,0,0,0,0,0,0,0,0,0,0,0,0,0,0,0,0,0,0,0,0,0,0,0,0,0,0,0,0,0,0,0,0,0,0,0,0,0,0,0,0,0,0,0,0,0,0,0,0,0,0,0,0,0,0,0,0,0,0,0,0,0,0,0,0,0,0,0.18657629671467574,0,0,0,0,0,0,0,0,0,0,0,0,0,0,0,0,0,0,0,0,0,0,0,0,0,0,0,0,1,0,0,0,0,0,0,0,0,0,0,0,0,0,0,0,0,0,0,0,0,0,0,0,0,0,0,0,0,0,0,0,0,0,0,0,0,0,0,0,0,0,0,0,0,0,0,0,0,0,0,0,0,0,0,0,0,0,0,0,0,0,0,0,0.17505741035152803,0,0,0,0,0,0,0,0,0,0,0,0
MOTU3899,0,0,0.06280552603613178,0.7293294940353764,0.636417033773862,0.7153435386258455,0,0.2911330049261084,1,0.27488372093023256,0,0,0,0,0,0,0.019228892142508544,0.08474564697849096,0,0,0.17676969092721834,0,0,0.1614754098360656,0,0.032718213692563204,0.3280296022201665,0,0,0,0.2545585068198134,0.8161104718066744,0.15131213996159593,0,0,0,0,0,0.07737289984726163,0,0,0,0,0,0,0,0,0,0,0,0,0,0,0,0,0,0,0,0,0,0,0,0,0,0,0,0,0,0,0,0,0,0,0,0,0,0,0,0,0,0,0,0,0,0,0,0,0,0,0,0,0,0,0,0,0,0,0,0,0,0,0,0,0,0,0,0,0,0,0,0,0,0,0,0,0,0,0,0,0,0,0,0,0,0,0,0,0,0,0,0,0,0,0,0,0,0,0,0,0,0,0,0,0,0,0,0.2316133246244285,0,0,0,0,0,0,0,0,0,0.06729929777946479,0,0.05265294001187884,0.03345283018867925,0,0,0,0,0,0,0,0,0,0,0,0,0,0,0,0,0,0,0,0,0,0,0,0,0,0,0,0,0,0,0,0,0,0,0,0,0,0,0,0,0,0,0
MOTU4350,0,0,0,0,0,0,0,0,0,0,0,0,0,0,0,0,0,0,0,0,0,0,0,0,0,0,0,0,0,0,0,0,0,0,0,0,0,0,0,0,0,0,0,0,0,0,0,0,0,0,0,0,0,0,0,0,0,0,0,0,0,0,0,0,0,0,0,0,0,0,0,0,0,0,0,0,0,0,0,0,0,0,0,0,0,0,0,0,0,0,0,0,0,0.06265822784810127,0,0,0.04719101123595505,0,0,0,0,0,0,0,0,0,0,0,0.034272997032640945,0.04418938307030129,0,0,0,0,0,0,0,0,0,0,0,0,0,0,1,0.2550607287449393,0.27971745711402624,0.04992795389048991,0,0.10752521334367726,0.13307729236677868,0,0.05958727429062769,0,0,0.07491891891891891,0,0,0,0,0,0,0,0,0,0,0.09052906596995428,0,0,0,0,0,0,0,0,0,0,0,0,0,0,0,0,0,0,0,0,0,0,0,0,0,0,0,0,0,0,0,0,0,0.03357558139534884,0,0,0,0,0,0,0,0,0,0,0,0.017318505560414844,0,0,0,0,0,0,0,0,0,0
MOTU4555,0,0,0,0,0,0,0,0,0,0,0,0,0,0,0,0,0,0,0,0,0,0,0,0,0,0,0,0,0,0,0,0,0,0,0,0,0,0,0,0,0,0,0,0,0,0,0,0,0,0,0,0,0,0,0,0,0,0,0,0,0,0,0,0,0,0,0,0,0,0,0,0,0,0,0,0,0,0,0,0,0.03619727094330438,0,1,0,0,0,0,0,0,0,0.12646152210884354,0.11353659700353089,0,0,0,0,0,0,0.5299997215803102,0.10767455540974705,0,0.2219217048660496,0,0,0,0,0,0,0,0,0,0,0,0,0,0,0,0,0,0,0,0,0,0,0,0,0,0,0,0,0,0.20970300519961224,0,0,0,0,0,0,0,0,0,0,0,0,0,0,0,0,0,0,0,0,0,0,0,0,0,0,0,0,0,0,0,0,0,0,0,0,0,0,0,0,0,0,0,0,0,0,0,0,0,0,0,0,0,0,0,0,0,0,0,0,0,0,0,0,0,0,0,0,0,0,0
MOTU4653,0,0,0,1,0,0,0,0,0,0,0,0,0.04891102057240582,0.1996304660234038,0,0.17999074502545118,0,0,0,0,0,0,0,0,0,0,0,0,0,0,0,0,0,0,0,0,0.6933333333333334,0.19648413820973934,0,0,0,0,0,0,0,0,0,0,0,0,0,0,0,0,0,0,0,0,0,0,0,0,0,0,0,0,0,0,0,0,0,0,0,0,0,0,0,0,0,0,0,0,0,0,0,0,0,0,0,0,0,0,0,0.4396021699819168,0,0.31156680551105415,0,0,0,0,0,0,0,0,0,0,0,0,0,0,0.20745270942966862,0,0,0,0,0,0,0,0,0,0,0,0,0,0,0,0,0,0,0,0,0,0,0,0,0,0,0,0,0,0,0,0,0,0,0,0,0,0,0,0,0,0,0,0,0,0,0.4939550949913644,0,0.09173584905660377,0,0,0.6043505282784338,0,0,0,0,0,0,0,0,0,0,0,0,0,0,0,0,0,0,0,0,0,0,0,0,0,0,0,0,0,0,0,0,0,0,0,0,0,0,0,0
MOTU4707,0,0,0,0,0,0,0,0,0,0,0,0,0.03138675116945828,0,0,0.11550208236927349,0.13535057751748822,0,0,0,0,0.18851963746223566,0,0,0,0,0,0,0,0,0,0,0,0,0,0,0,0,0.2723107135064369,0,0,0,0,0,0,0,0,0,0,0,0,0,0,0,0,0,0,0,0,0,0,0,0,0,0,0,0,1,0,0,0,0,0,0,0,0,0,0,0,0,0,0,0,0,0,0,0,0,0,0,0,0,0,0,0,0,0,0,0,0,0,0,0,0,0,0,0.13648293963254593,0,0,0,0,0,0,0,0,0,0,0,0,0,0,0,0,0,0,0,0,0,0,0,0,0,0,0,0,0,0,0,0,0,0,0,0,0,0,0,0,0,0,0,0,0,0,0,0,0,0,0.3803718378543127,0,0,0,0,0,0,0,0,0,0,0,0,0,0,0,0,0,0,0,0,0,0,0,0,0,0,0,0,0,0,0,0,0,0,0,0,0,0,0,0,0,0,0,0,0
MOTU4708,0,0,0,0,0,0,0,0,0.2292321327854323,0,0,0,0.020443064807030405,0,0.03260558134204344,0,0.0661181993539241,0.027752036287372578,0,0,0,0,0,0,0.09734816082121471,0.037500329528378985,0,0,0,0.14757754953833385,0,0,0.08671401139931117,0,0.2943001965449467,0,0.1448943213649096,0.08212337268712294,0.08868177425890715,0,0,0,0,0,0,0,0,0,0,0,0,0,0,0,0,0,0,0,0,0,0,0,0,0,0,0,0,0,0,0,0,0,0,0,0,0,0,0,0,0,0.0865570378934238,0,0.08540209527811965,0,0,0,0,0,0,0,0,0.06787384292394313,0,0,0,0.130223829358722,0.2767644340678048,0,0.07921040175961244,0,0,0.06633402504138591,0.10222046565104917,0.08605305344665921,0,0,0.08889513810773654,0.24424793956043958,0.30150487494701145,0.194370431099269,0,0,0,0,0,0,0,0,0,0,0,0,0,0,0,0,0,0.14640798682585426,0,0,0.39023386598998694,0.2507270644223143,0,0,0,0,0.1414648699716573,0,0,0,0,0,0,0,0,0,0,0,0,0,0,0,0,0,0,0.2637433948271067,0.5399506547732017,0.16516451140041508,0.2413949147269282,0.3834231805929919,1,0.27610636645962733,0,0,0,0,0,0,0,0,0,0,0,0,0,0,0,0,0,0,0,0,0,0,0,0,0,0,0.1150703769616567,0,0,0,0,0.12486284836515252,0,0,0,0,0,0,0,0,0
MOTU4853,0,0,0,0.08936651583710407,0,0.30936276254894984,0.3798076923076923,0,0,0,0,0,0,0,0,0,0,0,0,0,0,0.1312688821752266,0,0.19785974499089254,0,0.04009042258719321,0,0,0,0,0,1,0.09270322167697888,0.47799779977997797,0,0.2668918918918919,0,0,0.0948068950469125,0,0,0,0,0,0,0,0,0,0,0,0,0,0,0,0,0,0,0,0,0,0,0,0,0,0,0,0,0,0,0,0,0,0,0,0,0,0,0,0,0,0,0,0,0.49263038548752835,0,0,0,0,0,0.09854842367883873,0,0,0,0,0,0,0,0,0.08468134866497759,0,0.11819912948857454,0,0.21856136820925556,0,0,0,0,0.08703926282051282,0,0,0,0,0,0,0,0,0,0,0,0,0,0,0,0,0,0,0,0,0,0,0,0,0,0,0,0,0,0,0,0,0,0,0,0,0,0,0,0,0,0,0,0,0,0,0,0,0,0,0,0,0,0,0,0,0,0,0,0,0,0,0,0,0,0,0,0,0,0,0,0,0,0,0,0,0,0,0,0,0,0,0,0,0,0,0,0,0,0,0,0,0,0,0
MOTU497,0,0,0.0026861857928001387,0.0031193346331035753,0.004948998200734078,0.0017997157928265793,0.006628586095345098,0.018677592347474858,0.012830968685405739,0,0.003602423987208927,0.011301195965834265,3.814246010298673e-4,0,0.004258461087165948,0.0017545355143625155,4.1120885489261924e-4,0.001035589278671873,0.00844443484752204,0.004274578631947458,0.0037802106146933153,0.002290967520566402,0.0034073702507637794,0.003453143211782692,0,0.002099031876658459,0.007014895923288429,0,0,0,0.005443720382681114,0,0.0048537033239224175,0.008342246967078979,0,0,0.005406846697379531,0.007661247214664368,0.00827307712532707,0,0,0,0,0,0,0,0,0,0,0,0,0,0,0,0,0,0,0,0,0,0,0,0,0,0,0,0,0,0,0,0,0,0,0,0,0,0,0,0.015130442122949882,0,0.12031543727698264,0.16829011826300463,0.039835587797198944,0.051585731245406746,0.013939526641681603,0.025607775409285913,0.015755926818499123,0.0056421893549663624,0.024580559134764316,0.0017199143781072334,0.014105473387415907,0.012663831818762178,0.005179714817674038,0.010284497052090585,0.0372085500150873,0.01943762253912154,0.005163842351429889,0.00856605760302151,0.01477899530905241,0,0.008251471700843081,0.011138880763452444,0.0038144378737800765,0.001605569022459198,0.005992178975167753,0,0.004975789037450651,0.012152407841466012,0,0.013297326227295186,0.004853358159413535,0.008986746746871931,0.00767520495250485,0.03744741971888786,0.04967097702887418,0.03588218845303529,0,0,0,0,0,0,0,0,0,0,0,0.00273166516321138,0,0.011765868879867792,0.01092141501643033,0,0.006520294491035934,0.004350603839974062,0,0,0.002639436997241487,0.004373184828762856,0.003937228708761574,0,0,0,0,0,0,0,0,0,0.0153504099050097,0.010794451947437427,0,0,0,0,0.005215338716007422,0,0.00359797992649212,0.0015408112350045293,0.003753267913816468,0.006438483248837087,0.0019990604111796463,0,0,0.004284238696652425,0,0,0,0,0,0,0,0,0,0,0,0,0,0,0,0.010605737752552157,0.0036739837660246084,0.002167839477722925,1,0.011589641591127605,0.008578170241034832,0.03654507225578213,0.02738680675669066,0.012461959725677553,0,0.023281455022598044,0.008037204550158761,0.004455406870196705,0,0.004659356370552867,0.0053177436837831635,0,0,0,0.00789084546625889,0.0031052835761977036,0,0,0
MOTU498,0,0,0,0,0.005047044107249687,0.00734148174518413,0.054079254079254076,0.025396825396825393,0.034893777025756724,0.04795865633074935,0,0.092200695479384,0.006223697667790017,0.006350509820023266,0.017371306324374915,0.0057257442542033,0.003354843374365092,0.002112211221122112,0,0,0,0.018690835850956697,0.027798996480191716,0,0.007409181636726546,0.002854155133173402,0.03815397265906054,0,0,0.25833938513677074,0.022206269442450348,0,0.03299907545693763,0.2722405573890722,0.11199613806420468,0.19000819000819,0.18747474747474746,0.1875126288139018,0.5129682158702451,0,0.013651073845248602,0,0,0,0,0.34726540011514107,0.42374429223744287,1,0.2111202111202111,0.5639623214828319,0.21382488479262673,0,0,0,0.019982773471145562,0,0.01276127612761276,0.44190476190476186,0,0,0.2786786786786787,0.12835408022130013,0.3235704323570432,0.12574525745257453,0.2918238993710692,0.974278215223097,0.37001594896331735,0.347008547008547,0.44317096466093603,0.2227556409025444,0.42242164130576143,0.22745098039215683,0.6542583192329384,0.5316147511636233,0.46376811594202894,0.12747252747252746,0.19578059071729956,0.1993127147766323,0.011221960215248804,0,0,0,0.012999929957273936,0.011690602166792642,0,0.013057548895455184,0,0.004603174603174603,0,0,0,0,0.10564663023679416,0.02796865581675708,0,0.03964541279504432,0.07372602428782205,0.043678810128965455,0,0,0.008414943779470439,0.00504869158370056,0,0,0,0,0,0.006196581196581196,0.022947576656775468,0.02465593283383814,0,0,0,0,0,0,0,0,0,0.05869702719797596,0,0.15513206285523234,0.30627062706270625,0,0.08927368927368927,0.11385106121948227,0.07803565422132526,0.07800192122958693,0.04879074658254468,0.07199379363847944,0.08910225636101776,0.13358009459181575,0.07979363714531384,0.05324153757888697,0.08371673432566532,0.0836036036036036,0.11843601345863788,0.14271434063821606,0.04818276220145379,0,0.04594059405940594,0.0537037037037037,0.04254928931682714,0.18249754178957717,0.019094650205761315,0.03134076325565687,0.06061397779229262,0.033955360409806075,0.1252361673414305,0.022016607354685646,0.18790179701341433,0.024293193717277485,0,0,0.02127464465841357,0,0.008806225090149934,0.006285346608418842,0.0030620999142084073,0,0.02446397188049209,0,0,0,0,0,0,0.4356807511737089,0.14601033940211283,0.1501618122977346,0.3460699942627653,0.2568265682656827,0.2128440366972477,0,0,0.04375294672324375,0,0,0,0,0,0,0,0.009455397625961587,0,0,0.049652220438737286,0,0.03503208758021895,0,0.01639286345168698,0.054524089306698,0.01159565163063851,0.019006656426011265,0.16269284712482468,0.03570211596592471,0.12359849860757961,0.0688631641436628,0.4184530003468609,0.08867048867048866,0,0,0
MOTU500,0,0,0.04172492868728676,0.056528610708177274,0.022421447647508395,0.0396032801833705,0.7893816709606183,0.8058940454584738,0.8525840828806365,0.01521827825377397,0.06528316039504937,0,0.004937271502280675,0,0.00787468068486499,0.026345015709101537,0.0031936845530125954,0.004021491078327433,0.08744578595709764,0.06639767400462826,0.05871858109880884,0.023723962474161236,0.03087419740093888,0.026819096922634456,0.004702174598172077,0.010868192810870135,0.012107048379505655,0,1,0.17108129801628255,0.028186042996939588,0,0,0.21596896531758442,0.1563702885018484,0.03617612828139144,0.02099634112018013,0.011900330741989344,0.029984955843678582,0,0,0,0,0,0,0,0,0,0,0,0,0,0,0,0,0,0,0,0,0,0,0,0,0,0,0,0,0,0,0,0,0,0,0,0,0,0,0,0,0,0,0,0,0,0,0,0,0,0,0,0,0,0,0,0,0,0,0,0,0,0,0,0,0,0,0,0.004293871160841737,0,0,0,0,0,0,0,0,0,0,0,0,0,0,0,0,0,0,0,0,0,0,0,0,0,0,0,0,0,0,0,0,0,0,0,0,0,0,0,0,0,0,0,0,0,0,0,0,0,0.057750896504879586,0.04986177727158494,9.71667934437162e-4,0.0018520357497517378,0,0.0133366704805492,0.012201105622976022,0,0,0,0.00169339937439562,0,0,0,0,0,0,0,0,0,0,0,0,0,0,0,0,0,0,0,0,0,0,0,0,0,0,0,0,0,0,0,0,0,0,0,0
MOTU5125,0,0,0,0,0,0,0,0,0,0,0,0,0,0,0,0,0,0,0,0,0,0,0,0,0,0,0,0,0,0,0,0,0,0,0,0,0,0,0,0,0,0,0,0,0,0,0,0,0,0,0,0,0,0,0,0,0,0,0,0,0,0,0,0,0,0,0,0,0,0,0,0,0,0,0,0,0,0,0,0,0,0,0,0,0,0.2984381595609962,0,0,0,0,0,0,0,0,0,0,0.4814436499829758,0,0,0,0.19232861806311208,0,0,0,0,0,0,0.2832532051282051,0.1748269040553907,0.11270524469950581,0,0,0,0,0,0,0,0,0,0,0,0,1,0,0,0,0,0,0,0,0,0,0,0,0.47834912043301764,0,0.2460842325095719,0,0,0,0,0.6137152777777777,0,0,0,0,0,0,0,0,0,0,0,0,0,0,0,0,0,0,0,0,0,0,0,0,0,0,0,0,0,0,0,0,0,0,0,0,0,0,0,0,0,0,0,0,0,0,0,0.6201754385964913,0.9366719660837307,0,0,0,0,0,0,0,0,0,0,0,0
MOTU5194,0,0,0,0,0,0,0.6433566433566433,0,0.8302312464749014,0,0,0,0,0,0,0,0,0,0,0,0,0,0,0,0,0,0,0,0,0,0,0,0,0,0,0,0,0,0,0,0,0,0,0,0,0,0,0,0,0,0,0,0,0,0,0,0,0,0,0,0,0,0,0,0,0,0,0,0,0,0,0,0,0,0,0,0,0,0,0,0,0,0.1546543391468796,0,0,0,0.2184624517661027,0,0,0.3338625538670901,0,0,0.25136612021857924,0,0,0.23582185197052227,0,0.20785088957921494,0.7172091210290392,0,0,0.9609923290354171,0.9255533199195172,0.7791657844590302,0,0,0.1609798775153106,0.14743589743589744,0.18199802176063304,0.11732823210585047,0.10467927748542172,0.12460496613995485,0.1655420602789024,0,0,0,0,0,0,0,0,0,0,0,0,0,0,0,0,0,0,0.45404071560764964,0,0,0,0,0,0.4244521337946944,0.3821391484942887,0,0,0,0,0,0,0,0,0,0,0,0,0,0,0,0,0,0,0,0,0,0,1,0.4574269732753263,0,0,0,0,0,0,0,0,0,0,0,0,0,0,0,0,0,0.35658914728682173,0.21040594625500286,0.13442922374429225,0,0.41628959276018107,0.5911646586345382,0.2953451043338684,0,0.2083805209513024,0,0,0,0,0,0,0,0,0,0,0,0,0,0
MOTU5265,0,0,0,0,0,0,0,0,0,0,0,0,0,0,0,0,0,0,0,0,0,0,0,0,0,0,0,0,0,0,0,0,0,0,0,0,0,0,0,0,0,0,0,0,0,0,0,1,0,0,0,0,0,0,0,0,0,0,0,0.8560885608856088,0,0,0,0,0,0,0,0,0,0,0,0,0,0,0,0,0,0,0,0,0.34586306037695663,0,0.48749737339777266,0,0,0,0,0.06904761904761905,0,0,0,0,0,0,0,0,0,0,0,0,0,0.07573037375550841,0,0,0,0,0,0,0,0,0,0,0,0,0.3377001455604076,0,0,0,0,0,0,0,0,0,0,0,0,0,0,0,0.2227556409025444,0,0,0,0,0,0,0,0.24091381100726894,0,0,0,0,0,0,0,0,0,0,0.3302491103202847,0,0,0,0,0,0,0,0,0,0,0,0,0,0,0,0,0,0,0,0,0,0,0,0,0,0,0,0,0,0,0,0,0,0,0,0,0,0,0,0,0,0,0,0,0,0,0,0,0,0,0,0,0
MOTU5384,0,0,0,0,0,0,0,0,0,0,0,0,0,0,0,0,0,0,0,0,0,0,0,0,0,0,0,0,0,0,0,0,0,0,0,0,0,0,0,0,0,0,0,0,0,0,0.06229802796475243,0.08085988651243997,0,0,0,0,0,0,0,0,0,0,0,0,0,0,0,0,0,0,0,0,0,0,0,0,0,0,0,0,0,0,0,0,0,0,0,0.0047265038223446906,0,0.005279159609085711,0,0.003722121760096444,0,0.0028365455010034134,0,0,0,0,0,0,0,0,0,0,0,0,0,0,0,0,0,0.060126582278481014,0.07731410184176589,0.08971541688611226,0,0,0,0,0,0,0,0,0,0,0,0,0,0,0,0,0,0,0,0,0,0,0,0,0,0,0,0,0,0,0,0,0,0,0,0,0.6289923852202167,0.5491253178451834,1,0,0,0,0,0,0,0,0,0,0,0,0,0,0,0,0,0,0,0,0,0,0,0,0,0,0,0,0,0,0,0,0,0,0.0022842610253742558,0,0,0,0,0,0,0,0,0,0,0,0,0,0,0,0,0,0,0,0
MOTU5421,0,0,0,0,0,0,0,0,0,0,0,0,0,0,0.021139189731247492,0,0,0,0,0,0,0,0,0,0,0,0,0,0,0,0,0,0,0,0,0,0,0,0,0,0,0,0,0,0,0,0,0,0,0,0,0,0,0,0,0,0,0,0,0,0,0,0,0,0,0,0,0,0,0,0,0,0.22292724196277494,0,0,0,0,0,0,0,0.0841763390480247,0,0.055368774952721155,0,0,0,0,0,0,0,0,0.04400467601870408,0.0899931693989071,0.11912296564195297,0.25858684985279684,0.16885613585389297,0,0,0,0,0,0.12901909580545126,0.06627263581488935,0,0,0,0,0.2639222756410256,0.13031651829871413,0.21002710027100271,0.03747688806713128,0.014870203160270878,0,0,0,0,0,0,0,1,0,0,0,0,0,0,0,0,0,0,0,0,0,0,0,0,0,0,0,0,0,0,0.3624484181568088,0,0,0,0,0,0,0,0.20007593014426728,0,0,0,0,0,0,0.02677029360967185,0,0,0,0,0,0,0,0,0,0,0,0,0,0,0,0,0,0,0,0,0,0,0,0,0.04812785388127854,0.04027204646186764,0.07451923076923077,0.21164658634538153,0,0,0,0.34671052631578947,0,0,0,0,0,0,0.0957137667998547,0,0,0.10790335790335791,0,0,0
MOTU5790,0,0,0,0,0,0.09050274910011472,1,0.9392446633825944,0.2150780221846212,0,0,0,0,0,0,0.0352923029461669,0.020678560454060697,0.013019232957778534,0,0,0,0,0,0,0,0,0,0,0,0,0,0,0,0,0.2761284093651943,0,0,0,0,0,0,0,0,0,0,0,0,0,0,0,0,0,0,0,0,0,0,0,0,0,0,0,0,0,0,0,0,0,0,0,0,0,0,0,0,0,0,0,0,0,0.04060625421502857,0,0,0,0,0,0,0,0,0,0,0,0,0,0,0,0,0,0,0,0,0,0,0,0,0,0,0,0,0,0,0,0,0,0,0,0,0,0,0,0,0,0,0,0,0,0,0,0,0,0,0,0,0,0,0,0,0,0,0,0,0,0,0,0,0,0,0,0,0,0,0,0,0,0,0,0,0,0,0,0,0,0,0,0,0,0,0,0,0,0,0,0,0,0,0,0,0,0,0,0,0,0,0,0,0,0.1530230069555912,0,0,0,0,0,0,0,0,0,0,0,0,0,0,0,0
MOTU5829,0,0,0,0.017148292883587,0.06801680535160712,0.039575175032633206,0,0,0.04702481669486746,0,0,0.1242548435171386,0.03354962024043057,0.017116608499281462,0.0401323706377858,0.08102151781582602,0.08590233718344993,0.05693069306930693,0.18569042316258352,0.023499154453213076,0,0.02518882175226586,0.037463491350258366,0.07593351548269581,0.039940119760479044,0.11539260011072154,0.12854609929078015,0,0,0.3935639070442992,0.059852835606604454,0,0,0.27516501650165015,0,0.1536394348894349,0.14861853832442068,0.18531521519498886,0.2001145537857299,0,0,0,0,0,0,0.07199913644214162,0,0,0.04552279552279553,0,0,0,0,0,0,0,0,0,0,0,0,0,0,0,0,0,0,0,0,0.08005280844935189,0,0,0,0.08955424274973148,1,0,0,0,0,0,0,0,0,0,0,0,0.049495399228257644,0,0,0,0,0,0.02847506830601093,0,0,0.053428388337071454,0.05677562138236295,0,0,0,0.022680903155603917,0,0,0.017652974804149905,0,0,0,0,0,0,0,0,0,0,0,0,0,0,0,0,0,0,0,0,0,0,0,0,0,0.06468192397207137,0,0,0,0.09566838783706252,0,0,0,0,0,0,0,0,0,0,0,0,0,0,0,0,0,0,0,0,0,0,0.015823685708863163,0.04235243320125978,0.012379974262522273,0.03932783018867925,0.029305799648506155,0,0,0.09420903954802261,0,0.006718913691675397,0,0,0,0,0,0.15382841328413285,0,0,0,0,0.17891630901287553,0,0,0,0,0,0,0,0,0,0,0,0,0,0.04418388977212507,0,0,0,0,0,0,0,0,0,0,0.004787539477461958,0
MOTU6095,0,0,0,0,0,0,0,0,0,0,0,0,0.02578341129721845,0,0,0,0,0,0,0,0,0,0,0,0,0,0,0,0,0,0,0.589873417721519,0,0,0,0.31486486486486487,0,0,0,0,0,0,0,0,0,0,0,0,0,0,0,0,0,0,0,0,0,0,0,0,0,0,0,0,0,0,0,0,0,0,1,0,0,0,0,0,0.3244303797468355,0,0,0,0,0,0,0,0,0,0,0,0,0,0,0,0,0,0,0,0,0,0,0,0,0,0,0,0,0,0,0,0,0,0,0,0,0,0,0,0,0,0,0,0,0,0,0,0,0,0,0,0,0,0,0,0,0,0,0,0,0,0,0,0,0,0,0,0,0,0,0,0,0,0,0,0,0,0,0,0,0,0,0,0,0,0,0,0,0,0,0,0,0,0,0,0,0,0,0,0,0,0,0,0,0,0,0,0,0,0,0,0,0,0,0,0,0,0,0.08451772464962902,0,0,0,0,0,0,0.027826936648390425
MOTU61,0.01733907382127481,0,0,0.0055544235863092374,0.005665115896084647,0.009156150291286686,0.037095614665708126,0.04434418304866258,0.015231589101317267,0.01794392523364486,0.014662019668346392,0.01724863155842166,0.001164310826990688,3.960114889379639e-4,3.095021199545643e-4,0.002856413827104966,0.0016736376227899333,5.268615807761891e-4,0.012888454093208167,0.030446006174335412,0.02115522591105189,0.006993251828218087,0.006067312396458214,0.005270415198406618,0.010164642677262296,0.009611043179674147,0.015465085115028485,0,0,0.07704681041679393,0.024925696573656,0.07103233924480819,0.022224127582954643,0.050929952808364945,0.10056913925301318,0.023697444258191917,0.011003048628117346,0.016370341974117304,0.010943327739043721,0,0,0,0.06200267022696928,0.1258025193010971,0.20648150585757533,0.04331025131954869,0.07687061370328557,0.008314534321624234,0.005266098724042649,0.010550439175661746,0.010159167676717958,0.12859813084112148,0.04104195665142175,0.03136539776612719,0.022429906542056073,0.035448183080247886,0.019098732303136856,0.1377837116154873,0.017833330933283414,0.02847191088733317,0.04634166877157531,0.06403226431923062,0.06456809916709028,0.18819238659676316,0.09098924351966144,0.10125837074104053,0.06460671645128113,0.08655643421998561,0.1105428058806202,0.07964070512964316,0.06623079699971922,0.005673446948873007,0.10444518240903268,0.045582581286326626,0.1677366924014628,0.026496867618362945,0.05615994321542647,0.009943154446478464,0.026592031409192547,0,0.0739463216422166,0.07539539304033953,0.08025561012778543,0.03645071735859453,0.09219351291918636,0.016285115767132312,0.38705403583525433,0.5459679572763685,0.0937911813265878,0.8198896479800238,0.6214619492656875,0.7170827636581574,0.17260609774781677,0.12208683307701408,0.12493832142562343,0.18171027139037033,0.16025507622693383,0.1372778691272068,0.3060189393042474,0.22240918415981098,0.31904650524239064,0.5018412450483458,0.6180860866131368,0.5530019134836285,0.46033151537754274,0.6584367984127812,0.5451075624892682,0.23957584471603163,0.24612995368701293,0.21340770636953207,0.6304618930583783,0.9344410455475622,0.6859434711869538,0.6096503980616129,0.3734399869403746,0.212977976945075,0,0.296764917325665,0,0.01464115341644647,0.02887682578767698,0.03095642066386074,0.03819746460627371,0,0.0222680746045232,0.008519567004564545,0.021411394136009128,0.0027794985052115593,0.016226893481529524,0.0029929743407553487,0.016668984794576475,0.019039821962905094,0.019903408040758273,0.004426785915357022,0.02871270850985798,0.020853750947208892,0.0187995875228928,0.024473692720628656,0.01201851690103939,0.02814647805374741,0.05729619690941056,0.023442367601246104,0.04775996606203962,0.0493149174316985,0.02143302180685358,0.042996335539584686,0.03779827490431396,0.0338787611436544,0.0702864277876575,0.049425616123989755,0.020505396717263105,0.006059597788325096,0.009879497887922264,0,0.0026533314478910898,0,0.022331996530580028,0.01489402307821584,5.728485337408896e-4,0,0.0020340653384360165,0.018346200731409995,0.004795455469525972,0.010898146681450973,0,0,3.3278218970358357e-4,0.05433723838357246,0.013007228338616467,0.03433445240903729,0.02656071549214213,0.06406179949649964,0.017696990482723142,0,0.03074058904568641,0.006820975822548876,0.05795194737475432,0.1612645370676443,0.07841349441531797,0.8120567283184105,1,0.6209326557765986,0.5038228139802842,0.3679286274408978,0.7637332431175201,0.6817250309649814,0.24924918618082537,0.3677251399565347,0.17804214603994453,0.15905558288243973,0.12266912321887581,0.006800136178437681,0.0019282488692908383,0.007111417373702571,0,6.360995754713346e-4,0.005605439775130614,0.008588477126521915,0,0.004739488851638384,0.0017488413079028307,0.0017722395292488749,8.377273601289061e-4
MOTU616,0,0,0,0,0,0,0,0,0,0,0,0,0,0,0,0,0,0,0,0,0,0,0,0,0,0,0,0,0,0,0,0,0,0,0,0,0,0,0,0,0,0,0,0,0,0,0,0,0.028346528346528347,0.07572166514737161,0.020506912442396313,0,0,0,0,0,0,0,0,0,0,0,0,0,0,0,0,0,0,0,0,0,0,0,0,0,0.013143459915611813,0,0.01883427051212286,0,0,0,0,0,0,0,0.05547640249332146,0.0030902777777777777,0,0.01413018825130415,0.13133680555555555,0.09363727454909819,0.13475637522768671,0.28164556962025317,0.14265619888779849,0,0,0,0,0,0,0,0,0,0,0,0,0,0,0,0,0,0,0,0,0,0,0,0,0,0,0,0,0,0,0,0,0,0.14193831055029793,0.2899922420480993,0.17945271243398941,0.012811022002878881,0.017856119231871595,0,0,0.022450450450450448,0.007228216730479174,0,0,0,0.01028052805280528,0,0,0,0,0,0,0,0,0,0,0,0,0,0,0,0,0,0,0,0,0,0,0,0,0,0,0,0,0,0,0,0,0,0,0,0,0,0,0,0,0.005936725748046503,0,0.003173875388455856,0,0.28356091030789826,1,0.5460421802245959,0.24106266515666286,0.22770467836257308,0.1705794029323441,0.024402663533098314,0,0,0,0,0,0.342104482042149,0.2593132154006243,0.30614250614250615,0,0.0011924586084792802,0
MOTU6338,0,0,0,0,0,0,0,0,0,0,0,0,0,0,0,0,0,0,0,0,0,0,0,0,0,0,0,0,0,0,0,0,0,0,0,0,0,0,0,0,0,0,0,0,0,0,0,0,0,0,0,0,0,0,0,0,0,0,0,0,0,0,0,0,0,0,0,0,0,0,0,0,0,0,0,0,0,0,0,0,0,0,0,0,0,0,0,0.09176587301587302,0,0,0,0,0,0.2787823990355636,0,0,0,0,0.2403689988956019,0,0,0,0,0,0,0,0,0,0,0.09830490461767363,0,0,0,0,0,0,0,0,0,0,0,0,0,0,0,0,0.31113353514968045,0.44428434197886646,0,0,0,0,0,0,0,1,0,0,0,0,0,0,0,0,0,0,0,0.3384559092572265,0,0,0,0,0,0,0,0,0,0,0,0,0,0,0,0,0,0,0,0,0,0,0,0,0,0,0,0,0,0,0,0,0,0,0,0,0,0,0,0,0,0,0,0.7246376811594203,0,0.18945212493599592,0,0.10167628469359716,0.6719941881583728,0,0,0,0,0,0
MOTU6383,0,0,0,0,0,0,0.5308857808857809,0,0,0,0,0,0,0,0,0,0,0,0,0,0,0,0,0,0,0,0,0,0,0,0,0,0,0,0,0,0,0,0,0,0,0,0,0,0,0,0,0,0,0,0,0,0,0,0,0,0,0,0,0,0,0,0,0,0,0,0,0,0,0,0,0,0,0,0,0,0,0,0,0,0,0,0,0,0,0,0,0,0,0,0,0,0,0,0,0,0,0,0,0,0,0,0,0,0,0,0,0,0,0,0,0,0,0,0,0,0,0,0,0,0,0,0.8590287600188591,0,0,0,0,0,0,0,0.5831333013282125,0,0.2611063341931786,0.34844138458596285,0,0,0,0,0.31533402561439944,0,0,0,0,0,0,0.6153326578858495,0,1,0,0,0,0,0,0,0,0,0,0,0,0,0,0,0,0,0,0,0,0,0,0,0,0,0,0,0,0,0,0,0,0,0,0,0,0,0,0,0,0,0,0,0,0,0,0,0,0,0.22060782177019012,0.27040664885722765,0.6319805757891086,0,0,0,0
MOTU657,0,0,0.022083636295840557,0.06411158500941781,0.09154494164927736,0.04438740139776283,0,0,0,0,0,0.18581849556827984,0,0,0,0,0,0,0,0,0,0.037668945778343135,0.014006314370514016,0,0,0,0,0,0,0,0.08950768882004005,0,0,0,0.13542817942756963,0,0,0,0,0,0,0,0,0.22587719298245612,0,0.16150804472320698,0.07763649472373337,0,0.01701941175625386,0,0,0,0,0,0,0,0,0,0,0,0,0,0,0.5068463842533162,0,0,0,0.19981443994601886,0,0.05985799833236475,0,0,0.10548579570754296,0,0,0.042817379988432616,0,0,0.09046559806008762,0,0.01991548459050939,0.6194975680340301,0.026199666006790454,0.47121772685682456,0.5729972910216717,1,0.24056021621283838,0.07421679197994988,0.3031220677301032,0.0848384285731339,0.27831296992481197,0.16657877157824422,0.08516681046879493,0,0.06117969113165641,0.07990016695053878,0.04245291471784671,0.1056347448683839,0.06075044363979525,0.13823083206908623,0.016959223412175706,0.25437451143772605,0.1097572275759822,0.3563914550296979,0.0246314125891576,0,0.14999194179674907,0.07493041497975708,0.046247852569108225,0.05962898638274308,0.1551680901870663,0.10554532493762622,0.08413239576674479,0.07696556205328134,0.4083544012870604,0.14749709447119375,0,0,0,0,0,0.18758908303858943,0.6172485669619593,0,0.26987924356345405,0.022945198845475853,0.03145413989059429,0.0449150614287881,0.03277713210470972,0.0483647054019844,0,0.07691808175590116,0,0,0.08436008831279823,0.10109530583214792,0.04339861139099053,0.0719055424027196,0.03236869432147346,0.060644071267663316,0.030862428348097964,0,0.25725765583146304,0,0.11544834307992202,0.06316322721697862,0.040719859740795485,0,0.06309929682505859,0.08874321033901479,0.33135515325900167,0.04895976853127583,0,0,0,0,0,0,0.006171263637216184,0,0.010956433262417907,0,0,0,0,0,0,0,0,0,0,0.11502233443387064,0,0,0,0,0,0.400913860213234,0.12671159606332905,0.043595877806404115,0.09061352509179926,0.05346664259275977,0.1366402307137707,0.06669642928963858,0.10578411526553941,0.050073980131050515,0.10006758469206724,0.12806512995718547,0,0.027343028624192058,0,0.03662873399715504,0.015579683934314106,0.11491632306572883,0.15301358234295415,0.04111598038790298,0.11322576328216108,0,0.06487211785968564,0,0,0,0.006768590767402192
MOTU6740,0,0,0,0,0,0,0,0,0,0,0,0,0,0,0,0,0,0,0,0,0,0,0,0,0,0,0,0,0,0,0,0,0,0,0,0,0,0,0,0,0,0,0,0,0,0,0,0,0,0,0.08097432521395653,0,0,0,0,0,0,0,0,0,0,0,0,1,0,0.6456692913385826,0,0,0,0.23619779164666344,0,0,0,0,0,0,0.15569620253164557,0,0,0,0,0.24445180523352103,0,0,0,0,0,0,0,0,0,0,0,0,0,0,0,0,0,0,0,0,0,0,0,0,0,0,0,0,0,0,0,0,0,0,0,0,0,0,0,0,0,0,0,0,0,0,0,0,0,0,0,0,0,0,0,0,0,0,0,0,0,0,0,0,0,0,0,0,0,0,0,0,0,0,0,0,0,0,0,0,0,0,0,0,0,0.5774647887323943,0,0,0,0,0,0,0,0,0,0,0,0,0,0,0,0,0,0,0,0,0,0,0,0,0,0,0,0,0,0,0,0,0,0,0
MOTU6809,0,0,0,0,0,0,0,0,0,0,0,0,0,0,0,0,0,0,0,0,0,0,0,0,0,0,0,0,0,0,0,0,0,0,0,0,0,0,0,0,0,0,0,0,0,0,0,0,0,0,0,0,0,0,0,0,0,0,0,0,0,0,0,0,0,0,0,0,0,0,0,0,0,0,0,0,0,0,0,0,0,0,1,0,0,0,0,0,0,0.4047686550238149,0,0.09934452237808952,0,0,0,0.1906039730855495,0,0,0.11593743909569285,0.18843047196705734,0,0.1941814917577934,0.29923289738430586,0,0,0,0,0,0,0,0.042303726354714834,0,0,0,0,0,0,0,0,0,0,0,0,0,0,0,0,0,0,0,0,0,0,0,0,0,0,0,0,0,0,0,0,0,0,0,0,0,0,0,0,0,0,0,0,0,0,0,0,0,0,0,0,0,0,0,0,0,0,0,0,0,0,0,0,0,0,0,0,0,0,0,0,0,0.16823388009049775,0,0,0.2444022185702547,0,0,0,0,0,0,0,0,0,0,0,0,0,0,0
MOTU6817,0,0,0,0,0,0,0,0,0,0,0,0,0,0,0,0,0,0,0,0,0,0,0,0,0,0,0,0,0,0,0,0,0,0,0,0,0,0,0,0,0,0,0,0,0,0,0,0,0,0,0,0,0,0,0,0,0,0,0,0,0,0,0,0,0,0,0,0,0,0,0,0,0,0,0,0,0,0,0,0,0.07528484719412203,0,0,0,0,0,0,0,0,0,0,0,0.48292349726775957,0,0.6938174681059862,0.22652995834668374,0.2407218249914879,0,0,0,0,0,0,0,0,0,0,0.2832532051282051,0.3496538081107814,0,0,0,0,0,0,0,0,0,0,0,0,0,1,0,0,0,0,0,0.371713985278654,0,0,0,0,0,0,0,0,0,0,0,0,0,0,0,0,0,0,0,0,0,0,0,0,0,0,0,0,0,0,0,0,0,0,0,0,0,0,0,0,0,0,0,0,0,0,0,0,0,0,0,0,0,0,0,0,0,0,0,0,0,0,0,0,0,0,0,0,0,0,0,0,0,0
MOTU696,0,0,0,0,0,0,0,0,0,0,0,0,0,0,0,0,0,0,0,0,0,0,0,0,0,0,0,0,0,0,0,0,0,0,0,0,0,0,0,0,0,0,0,0,0,0,0,0,0,0,0,0,0,0,0,0,0,0,0,0,0,0,0,0,0,0,0,0,0,0,0,0,0,0,0,0,0,0,0.08250225856272642,0,0.01513533407838325,0.04708046450152272,0.023893409931514537,0,0.052255853797829814,0,0.0759408311647892,0.01692094313453537,0,0,0,0,1,0.9767025404238138,0.920605581333308,0.26414237408348706,0.29036960639447823,0.20872826775388448,0,0,0.07733184022312138,0,0,0.018056649036218137,0,0,0,0.06833457804331591,0.014058943850652532,0.06344342141308336,0,0,0,0,0,0,0,0,0,0,0,0,0,0,0,0.010462710513809134,0,0,0.07472971731340541,0.08821469190386166,0.09553062470577818,0,0,0,0,0.015366045657307795,0,0.13115194678671013,0,0,0,0,0,0,0,0,0,0,0,0.020232871506063645,0,0,0,0,0,0,0,0,0,0,0,0,0,0,0,0,0,0,0,0,0,0,0,0,0,0,0,0,0,0,0.006886430345450441,0,0,0.00868934264588703,0,0.022833079892385078,0.07985164175848151,0.07007522875764853,0.4426656697709706,0.735615738375064,0.3238921388550172,0,0,0,0,0,0,0,0,0,0,0,0
MOTU7264,0,0,0,0.934800493624023,0,0,0,0,0,0,0,0,0,0,0,0,0,0,0,0,0,0,0,0,0,0,0,0,0,0,0,0,0,1,0,0,0,0,0,0,0,0,0,0,0,0,0,0,0,0,0,0,0,0,0,0,0,0,0,0,0,0,0.6338912133891212,0,0,0,0,0,0,0,0,0,0,0,0,0,0,0,0,0,0,0,0,0,0,0,0,0,0,0,0,0,0,0,0,0,0,0,0,0,0,0,0,0,0,0,0,0,0,0,0,0,0,0,0,0,0,0,0,0,0,0,0,0,0.8744588744588745,0,0,0,0,0,0,0,0,0,0,0,0,0,0,0,0,0,0,0,0,0,0,0,0,0,0,0,0,0,0,0,0,0,0,0,0,0,0,0,0,0,0,0,0,0,0,0,0,0,0,0,0,0,0,0,0,0,0,0,0,0,0,0,0,0,0,0,0,0,0,0,0,0,0,0,0,0,0
MOTU7397,0,0,0,0,0,0,0,0,0,0,0,0,0,0,0,0,0,0,0,0,0,0,0,0,0,0,0.10684551341350601,0,0,0,0.24874371859296485,0,0,0,0,0,0,0,0,0,0,0,0,0,0,0,0,0,0,0,0,0,0,0,0,0,0,0,0,0,0,0,0.7248953974895397,0,0,0,0,0,0,0,0,0,0,0,0,0,0,0,0,0,0.03689702907038654,0,0,0,0,0,0,0,0,0,0,0.17359719438877755,0,0.31329113924050633,0,0,0,0,0.13506139154160982,0.10975609756097561,0,0.05655296229802514,0,0,0,0,0,0,0,0,0,0,0.03896761133603239,0,0,0,0,0,0,0,0,0,0,0,1,0,0.1748234106962664,0,0,0,0,0,0.14896818572656922,0,0,0.3745945945945946,0.12060563870518623,0.39965397923875434,0.17990654205607476,0.6741245136186771,0,0,0,0,0,0.35106382978723405,0,0,0,0,0,0,0,0,0,0,0,0,0,0,0.0304481546572935,0,0,0,0,0,0,0,0,0,0,0,0,0,0,0,0,0,0,0,0,0,0,0,0,0,0.13904494382022473,0,0.0981030577576444,0,0,0,0,0,0.12149368863955119,0,0,0,0,0,0,0.019896640826873386,0
MOTU748,0,0,0,0.008078311963703759,0.010680576702977016,0.0015536075617075145,0,0.042995897939274955,0,0.020298063445750737,0.03109798318885802,0.019511551300311812,0.0013170616088234218,0,0.006301925835142827,0.001817526736118819,0,0.0017879482311381665,0.08747606407021755,1,0.5808625783167104,0.007910725632936088,0.005882835732423826,0.011923725794634995,0.009407605453300041,0.006039975513244706,0.004037080148784836,0,0,0,0,0.01506588138378507,0.002793311483360193,0,0.009480268589796687,0.016083846342148926,0.009334938269168787,0.0238089024656664,0.05713397740566976,0,0,0,0,0,0,0,0,0,0,0,0,0,0,0,0,0,0,0,0,0,0,0,0,0,0,0,0,0,0,0,0,0,0,0,0,0,0,0,0,0,0,0,0,0,0,0,0,0,0,0,0,0.0021864146497176397,0,0,0,0,0,0,0,0,0,0,0,0,0,0,0,0,0,0,0.0018620752272093906,0,0,0,0,0,0,0,0,0.024842980877626614,0,0,0,0,0,0,0,0,0,0.03047071587860952,0.031426430442893005,0,0.03377192843295587,0.015022663135409321,0,0,0.01367098947703713,0.007550317717710049,0.006797638069838642,0,0,0,0,0,0,0,0.017102875143708982,0,0,0,0,0,0,0,0,0,0.0037271543715626946,0.005320431137868221,0.001296005832756803,0.00617559005778737,0.010354152750666347,0,0.016273773676207862,0.007396751933621031,0,0,0,0,0,0,0,0,0,0,0,0,0,0,0,0,0,0,0,0,0,0.010515864194786527,0,0,0.011120258427952343,0,0,0.015384548675098971,0,0.01206659071199007,0,0.00431731275268235,0.009511261113337614,0,0,0.005361282114049642,7.418546533606769e-4,0,0
MOTU7932,0,0,0,0,0.07576004785990102,0,0,0,0,0,0,0,0.09342253072447732,0.04766303975911859,0.1862548469046664,0.04297393182168749,0.20143520777976612,0.07926482303402754,0,0,0,0,0,0,0,0.12852924893891862,0,0,0,0,1,0,0.09906834506791837,0,0,0,0,0,0,0,0,0,0,0,0,0,0,0,0,0,0,0,0,0,0,0,0,0,0,0,0,0,0,0,0,0,0,0,0,0,0,0,0,0,0,0,0,0,0,0,0,0,0,0,0,0,0,0,0,0,0,0,0,0,0,0,0,0,0,0,0,0,0,0,0,0,0,0,0,0,0,0,0.05221922327185485,0,0,0,0,0,0,0,0,0,0,0,0,0,0,0,0,0,0,0,0,0,0,0,0,0,0,0,0,0,0,0,0,0,0,0,0,0,0,0,0,0,0,0,0.08812551401277914,0.0471739645771953,0.29876922061637956,0.3942452830188679,0.8160515524311658,0.31544384057971014,0,0.26233521657250475,0,0,0,0,0,0,0,0,0,0,0,0,0,0,0,0,0,0,0,0,0,0,0,0,0,0,0,0,0,0,0,0,0,0,0,0,0,0,0
MOTU7964,0,0,0,0,0,0,0,0,0,0,0,0,0,0,0,0,0,0,0,0,0,0,0,0,0,0,0,0,0,0,0,0,0,0,0,0,0,0,0,0,0,0,0,0,0,0,0,1,0,0,0,0,0,0,0,0,0.09570957095709572,0,0,0,0,0,0,0,0,0,0,0,0.332378223495702,0.3341334613538166,0,0,0.19627749576988154,0,0,0,0,0,0,0,0,0,0,0.08767951625094482,0,0,0,0,0,0,0,0,0,0,0,0,0.07899216887980932,0,0,0,0,0,0.05835010060362174,0,0,0,0,0.09294871794871795,0,0,0,0,0,0,0.1688500727802038,0,0,0,0,0,0,0,0,0,0,0,0,0,0,0,0,0,0,0,0,0,0,0,0,0,0,0,0,0,0,0,0,0.12733260153677278,0,0,0,0,0,0.03665086887835703,0,0,0,0,0,0,0,0,0,0,0,0,0,0,0.1564396493594066,0,0.19965576592082618,0.4280442804428044,0.709480122324159,0,0,0.08203677510608204,0,0,0,0,0,0,0,0,0,0,0,0,0,0,0,0,0,0,0,0,0,0,0,0,0,0,0
MOTU8005,0,0,0,0,0,0,0,0,0,0,0,0,0,0,0,0,0,0,0,0,0,0,0,0,0,0,0,0,0,0,0,0,0,0,0,0,0,0,0,0,0,0,0,0,0,0,0,0,0,0,0,0,0,0,0,0,0,0,0,0,0,0,0,0,0,0,0,0,0,0,0,0,0,0,0,0,0,0,0,0,0,0,0,0.14512471655328799,0,0,0,0,0,0,0,0.25651302605210424,0,0.1735985533453888,0,0,0,0,0,0,0,0,0,0,0,0,0,0,0,0.06121472979435676,0,0,0,0,0,0,0,0,0,0,0,0,0,0,0,0,0,0,0,0,0.3686989918386942,0,0.1650902837489252,0.22030981067125643,0,0,0,0,0,0,0,1,0,0,0,0,0,0,0,0,0,0,0,0,0,0,0,0,0,0,0,0,0,0,0,0,0,0,0,0,0,0,0,0,0,0,0,0,0,0,0,0,0,0,0,0,0,0,0.3261608154020385,0,0,0,0,0,0,0,0,0,0,0,0,0,0
MOTU808,0,0,0,0,0,0,0,0,0,0,0,0,0,0,0,0,0,0,0,0,0,0,0,0,0,0,0,0,0,0,0,0,0,0,0,0,0,0,0,0,0,0,0,0,0,0,0,0,0,0,0,0,0,0,0,0,0,0,0,0,0,0,0,0,0,0,0,0,0,0,0,0,0,0,0,0,0,0,0.13219442749644092,0,0.06566570830227522,0.3156774769891696,0.22381834737371611,0.27543003733479926,0,0.16564974353070594,0,0,0,0.025430077596101636,0.04171176046176046,0.028086475982267562,0.038292763702599764,0,0.11003063014839264,0.3233229442777664,0.20996481670638972,0.3166371423925787,0.07648104510314604,0.19533312216239043,0.24400699047053778,0.01829952866349145,0.014099750015242973,0.023739405488293903,0,0,0,0.02246017871017871,0.08317597338368851,0.12511533314976642,0,0.0031636910869416507,0,0,0,0,0,0,0,0.1063768615950779,0.08392306296497913,0.16868788182730005,0.3964682182503964,0,0.08089553544098999,0.041266548443581935,0.02828486683178913,0.060584228451663606,0,0.043491548534217266,0,0.7954311779111285,0.40972927903280437,0.41812270727933376,0.7206708492229466,1,0.3512324779293105,0.3879626716996959,0.1746436325875578,0.2726683174153991,0.111011101110111,0.048663720538720534,0.15422450085448708,0.11024701290188016,0.034605312383090156,0.056798992969205736,0,0.06153743804676845,0,0.11970236169524426,0.04256689905892639,0,0,0,0,0,0,0,0,0,0,0,0,0,0,0,0,0,0,0,0,0,0,0,0,0,0,0,0,0,0,0,0,0,0,0,0,0.023032295012574384,0.11110539139984212,0.0737639553429027,0.1039809863339275,0,0,0,0,0,0,0,0,0,0.019059589549163435,0.006438197652667936,0
MOTU8100,0,0,0,0,0,0,0,0,0,0,0,0,0,0,0,0,0,0,0,0,0,0,0,0,0,0,0,0,0,0,0,0,0,0,0,0,0,0,0,0,0,0,0,0,0,0,0,0,0,0,0,0,0,0,0,0,0,0,0,0,0,0,0,0,0,0,0,0,0,0.05112818050888142,0,0,0,0,0,0,0,0,0,0,0,0,0,0,0,0,0,0,0,0,0,0,0,0,0,0,0,0,0.0207561878776067,0,0,0,0,0,0,0,0,0,0.05267062314540059,0,0,0,0,0,0,0,0,0,0,0,0,0,0,0,0,0,0,0,0,0,0,0,0,0,0,0,0,0,0,0,0,0,0,0,0,0,0,0,0,0,0,0,0,0,0,0,0,0,0,0,0.009358523725834799,0,0,0,0,0,0,1,0.07181389076196898,0.17233009708737865,0,0.09824723247232472,0,0,0,0,0,0,0,0,0,0,0,0,0,0,0,0,0,0.1401315789473684,0,0,0,0,0,0,0,0,0,0,0,0,0
MOTU8155,0,0,0,0,0,0,0,0,0,0,0,0,0,0,0,0,0,0,0,0,0,0,0,0,0,0,0.002499889872692833,0,0,0,0,0,0.0017297083117437289,0,0,0,0,0,0,0,0,0,0,0,0,0,0,0,0,0,0,0,0,0,0,0,0,0,0,0,0,0,0,0,0,0,0,0,0,0,0,0,0,0,0,0,0,0,0,0,0,0,0,0,0,0,0,0,0,0,0,0,0,0,0,0,0,0,0,0,0,0,0,0,0,0,0.0035464316960379955,0,0,0,0,0,0,0,0,0,0,0,0,0,0,0,0,1,0,0,0,0,0,0,0,0,0,0,0,0,0,0,0,0,0,0,0,0,0,0,0,0,0,0,0,0,0,0,0,0,0,0,0,0,0,0,0,0,0,0,0,0,0,0,0,0,0,0,0,0,0,0,0,0,0,0,0,0,0,0,0,0,0,0,0,0,0,0,0,0,0,0,0,0,0,0,0
MOTU8188,0,0,0,0,0,0,0,0,0,0,0,0,0,0,0,0,0,0,0,0,0,0,0,0,0,0,0,0,0,0,0,0,0,0,0,0,0,0,0,0,0,0,0,0,0,0,0,0,0,0,0,0,0,0,0,0,0,0,0,0,0,0,0,0,0,0,0,0,0,0,0,0,0,0,0,0,0,0,0,0,0,0,0,0,0,0,0,0,0,0,0,0,0,0,0,0,0,0,0,0,0,0,0,0,0,0,0,0.23145604395604394,1,0.8288583726173396,0.04108336550378934,0,0,0,0,0,0,0,0,0,0,0,0,0,0,0,0,0,0,0,0,0,0,0,0,0,0,0,0,0,0,0,0,0,0,0,0,0,0,0,0,0,0,0,0,0,0,0,0,0,0,0,0,0,0,0,0,0,0,0,0,0,0,0,0,0,0,0,0,0,0,0,0,0,0.16338073691014868,0,0,0,0,0,0,0.3394326003021655,0,0,0,0,0,0,0,0,0,0,0
MOTU8256,0,0,0,0,0,0,0,0,0,0,0,0,0,0,0,0,0,0,0,0,0,0,0,0,0,0,0,0,0,0,0,0,0,0,0,0,0,0,0,0,0,0,0,0,0,0,0,0,0,0,0,0,0,0,0,0,0,0,0,0,0,0,0,0,0,0,0,0,0,0,0,0,0,0,0,0,0,0,0,0,0,0,0,0,0,0,1,0.12533482142857144,0,0,0,0,0,0,0,0,0,0,0,0,0,0,0,0,0,0,0,0,0,0,0,0,0,0,0,0,0,0,0,0,0,0,0,0,0,0,0,0,0,0,0,0,0,0,0,0,0,0,0,0,0,0,0,0,0,0,0,0,0,0,0,0,0,0,0,0,0,0,0,0,0,0,0,0,0,0,0,0,0,0,0,0,0,0,0,0,0,0,0,0,0.20403343023255813,0,0,0,0,0,0,0,0,0,0,0,0,0,0,0,0,0,0,0,0,0,0
MOTU828,0,0,0.029885464635730313,0.05205676676264912,0.19271224234513515,0.11012618171749536,0,0,0,0,0.08015835312747427,0,0,0.0173201943474988,0.013536569060034764,0.035136510874595094,0.018299802975254416,0.025923523386821443,0.18789903489235338,0,0,0.05097683786505539,0.17059087845427995,0.15367334547662417,0,0.03892169526972997,0.13007503340528317,0,0,0,0.06056472840392439,0,0.1440011378991537,0,0.18327299058653151,0,0,0,0,0,0,0,0,0,0,0,0,0,0,0,0,0,0,0,0,0,0,0,0,0,0,0,0,0,0,0,0,0,0,0,0,0,0,0,0,0,0,0,0,0,0,0.11178094291708073,0,0.03188460569412951,0,0.03561277613620374,0.17529435045018307,0.025109126984126987,0,0.09567551220987376,0,0.014089289690492097,0.028813752276867034,0,0,0,0.08617637044603338,0.09530264520380308,0.11509777171441565,0.18706577974870658,0,0.38555029650182254,0.14853286384976527,0.3929846848754323,1,0.5891527001862198,0.9780037911927676,0,0.04172436531486977,0.06724586853711675,0.005999620727255488,0.0380887885628292,0.06641550457339931,0,0.1228044638524988,0.06653522607781283,0,0,0,0,0,0,0,0,0,0,0,0,0,0,0,0,0,0,0,0,0,0,0,0,0,0,0,0,0,0,0,0,0,0,0,0,0,0,0,0,0,0,0.05010888932884578,0.03183647798742138,0,0.0573143115942029,0,0,0,0,0,0,0,0,0,0,0,0,0,0,0,0,0,0.058997668997669,0.20437661498708012,0.21706689536878218,0.3852359208523592,0.06447093586020684,0.4771870286576169,0,0.1354200107009096,0.1733086825527253,0.07165911664779162,0,0,0,0,0,0,0,0,0,0,0,0,0,0
MOTU8393,0,0,0,0,0,0,0,0,0,0,0,0,0,0,0,0,0.06756683477034868,0.12762034824172072,0,0,0,0,0,0,0,0,0,0,0,0,0,0,0,0,0,0,0,0,0,0,0,0,0,0,0,0,0,0,0,0,0,0,0,0,0,0,0,0,0,0,0,0,0,0,0,0,0,0,0,0,0,0,0,0,0,0,0,0,0,0,0,0,0,0,0,0,0,0,0,0,0,0,0.4255464480874317,0,0,0,0,0,0.48567530695770805,0,0,0,0,0,0,0,0,0,0,0,0,0,0,0,0,0,0,0,0,0,0,0,0,0,0,0,0,0,0,0,0,0,0,0,0,0,0,0,0,0,0,0,0,0,0,0,0,0,0,0,0,0,0,0,0,0,0,0,0,0,0,0,0,0,0,0,0,0,0,0,0,0,0,0,0,0,0,0,0,0,0,0,0,0,0.7047511312217195,0,1,0,0,0,0,0,0,0,0,0,0,0,0,0,0,0,0
MOTU845,0,0.04959438949076255,0,0.09744960921431509,0.24909265604321895,0.05622404177049959,0.04601787101787102,0.04322203977376391,0,0.04080964685615848,0.10003694906307734,0,0.010591910757898384,0,0.01267014306725498,0.004872229934701013,0.014273749917153203,0.007189408596032017,0,0,0,0.031809331990600875,0.011827554357322948,0.023972879983808947,0,0.014572184289844374,0.03246650906225374,0,0,0,0,0.06058048842858969,0,0.5791468035692459,0.6480489178534073,0.03233688233688234,0.09384036442859972,0.11701129296603129,0.24122481635028,0,0,0,0,0,0,0.09092304739973134,0,0,0,0,0.017328651890863873,0,0,0,0,0,0,0,0,0,0,0,0.2202696420269642,0,0,0,0,0,0,0.02527337707366512,0.061620496813629855,0,0,0,0,0,0,0,0.20053207569986092,0,0.03363504064174919,0.12206396525707557,0.022124162405734164,0.21885445536239187,0.4838643790849673,1,0.03125226740542858,0.00783399470899471,0.08532324869439942,0.09552178624530631,0.15667989417989417,0.21979143472129445,0.017979659987856708,0.02379947759694595,0,0.03373562604578305,0.01792456399197972,0.1486711224073551,0,0.03335093091190652,0.014321121992503929,0.060145440037720106,0.013240554437737537,0.011146399416566683,0,0.058820608317815014,0,0,0,0.008392227713126805,0.06738728488124023,0.05941810885377476,0.04144299495176688,0,0.26820313763545206,0.1660708026638626,0,0,0,0,0,0,0.07446173188747446,0,0.6077280743947411,0,0.05312254737078148,0,0,0,0,0.03247652340804716,0.04526607432884303,0.030203353094919356,0,0.028456456456456457,0,0,0,0,0,0,0,0,0,0,0,0,0,0.11240806642941875,0,0,0,0,0,0.034162520729684905,0.009991354041458424,0.04813573097632836,0.015633867880947668,0.019865828092243184,0,0.03576388888888889,0,0.029742623979912116,0,0,0,0,0,0,0,0,0,0,0,0,0,0,0,0,0,0,0.028846270928462706,0.04022959226994074,0,0.16913877733154842,0.02112537899054753,0,0.014904995595822325,0,0.013949243361008067,0,0,0,0.018458781362007168,0,0.01912257335432054,0.023439200554071435,0,0,0,0,0
MOTU8471,0,0,0,0,0,0.042423163640678774,0.3125,0,0.4032712915961647,0,0,0,0,0,0,0,0,0,0.3981069042316258,0,0,0,0.0803190294315884,0,0.08562874251497006,0.03298579073629821,0,0,0.0563791200126163,0,0,0.41139240506329117,0.07627480264561554,0,0.5177407675597393,0,0,0,0.07800567313986471,0,0,0,0,0,0,0,0,0,0,0,0,0,0,0,0,0,0,0,0,0,0,0,0,0,0,0,0,0,0,0,0,0,0,0,0,0,0,0,0,0,0.3045469066127143,0,0.600966589619668,0.1351095993953137,0,0.15090755593077249,0.21222914811516772,0,0.5794165316045381,0.08108414606486732,0,0,0,0,0,0,0,0,0,0,0,0,0,0,0,0.19972067039106142,0,0.07161458333333333,0,0,0.07626937846678992,0.04034988713318284,0.2412280701754386,0.44135802469135804,0,0,0,0,0,0,0,0,0,0,0,0,0,0,0,0,0,0,0,0,0,0,0,0,0,0,0,0,0,0,0,0,0,0,0,0,0,0,0,0,0,0,0,0,0,0,0,0,0,0,0,0,0,0,0,0,0,0,0,0,0,0,0,0,0,1,0.34641472868217055,0,0,0.3824698150695399,0,0.28714859437751006,0.14345906902086678,0.14687756778964667,0,0,0,0,0,0,0,0,0,0,0,0,0,0,0
MOTU8530,0,0,0,0,0,0,0,0,0,0,0,0,0,0,0,0,0,0,0,0,0,0,0,0,0,0,0,0,0,0,0,0,0,0,0,0,0,0,0,0,0,0,0,0,0,0,0,0,0,0,0.12135176651305683,0,0,0,0,0,0,0,0,0,0,0,0,0,0,0,0,0,0,0,0,0,0,0,0,0,0,0,0,0,0,0,0,0,0,0,0,0,0,0,0,0,0,1,0,0,0,0,0,0,0,0,0,0,0,0,0,0,0,0,0,0,0,0,0,0,0,0,0,0,0,0,0,0,0,0,0,0,0,0,0,0,0,0,0,0,0,0,0,0,0,0,0,0,0,0,0,0.20234174899377974,0,0,0,0,0,0,0,0,0,0,0,0,0,0,0,0,0,0,0,0,0,0,0,0,0,0,0,0,0,0,0,0,0,0,0,0,0,0,0,0,0,0,0,0,0,0,0,0,0,0,0,0,0,0,0
MOTU8757,0,0,0,0,0,0,0,0,0,0,0,0,0,0,0,0,0,0,0,0,0,0,0,0,0,0,0,0,0,0,0,0,0,0,0,0,0,0,0,0,0,0,0,0,0,0,0,0,0,0,0,0,0,0,0,0,0,0,0,0,0,0,0,0,0,0,0,0,0,0,0.26531408505657433,1,0,0,0,0,0,0,0,0,0,0,0,0,0.625,0,0,0.1011904761904762,0,0,0,0,0.11612021857923498,0,0,0.10893944248638257,0,0,0,0.10769718086791258,0,0.05549208421739841,0,0,0,0,0,0,0,0.1626016260162602,0,0.019187358916478554,0,0,0,0,0,0,0,0,0,0,0,0,0,0,0,0,0,0,0,0,0,0,0,0,0,0,0,0,0,0,0,0,0,0,0,0,0,0,0,0,0,0,0,0,0,0,0,0,0,0,0,0,0,0,0,0,0,0,0,0,0,0,0,0,0,0,0,0,0,0,0,0,0,0,0,0,0,0,0,0,0,0,0,0.05605935696619951,0,0,0,0,0,0,0
MOTU8793,0,0,0,0,0,0,0,0,0,0,0,0,0,0,0,0,0,0,0,0,0,0,0,0,0,0,0,0,0,0,0,0.7905638665132335,0,0,0,0,0,0,0,0,0,0,0,0,0,0,0,0,0,0,0,0,0,0,0,0,0,0,0,0,0,0,0,0,0,0,0,0,0,0,0,0,0,0,0,0,0.43481012658227847,0,0,0,0,0,0,0,0,0,0,0,0,0,0,0,0,0,0,0,0,0,0.13389202884427986,0,0,0.1121266525216256,0,0,0,0,0,0,0,0,0,0,0,0,1,0,0,0,0,0,0,0,0,0,0,0,0,0,0,0,0,0,0,0,0,0,0,0,0,0,0,0,0,0,0,0,0,0,0,0,0,0,0,0,0,0,0,0,0,0,0,0,0,0,0,0,0,0,0,0.5558252427184466,0,0.6337638376383763,0,0,0,0,0,0,0,0,0,0,0,0,0,0,0,0,0,0,0,0,0,0,0,0,0,0,0,0,0,0,0
MOTU8888,0,0,0,0,0,0,0,0,0,0,0,0,0,0,0,0.03086534012031467,0,0,0,0,0,0,0.14985396540103346,0,0,0,0,0,0,0,0,0,0,0,0,0,0,0,0.14553785729871263,0,0,0,0,0,0,0,0,0,0,0,0,0,0,0,0,0,0,0,0,0,0,0,0,0,0,0,0,0,0,0,0,0,0,0,1,0,0,0,0,0,0,0,0,0,0,0,0.7919263876521223,0.09925595238095239,0,0.7564073486051259,0,0,0,0,0,0,0,0,0,0,0,0,0,0,0,0,0,0,0.16493570722057369,0,0.23716398805290853,0.07528216704288938,0.9001349527665317,0,0,0,0,0,0,0,0,0,0,0,0,0,0,0,0,0,0,0,0,0,0,0,0,0,0,0,0,0,0,0,0,0,0,0,0,0,0,0,0,0,0,0,0,0,0,0,0,0,0,0,0,0,0,0,0,0,0,0,0,0,0,0,0,0,0,0,0.3231589147286822,0.9534019439679817,0,0.10194100565489836,0.7545248868778281,0,0.2676565008025682,0,0,0,0,0,0,0,0,0,0,0,0,0,0,0,0
MOTU8960,0,0,0.5088558271342543,0.5909090909090909,0,0,0,0,0,0,0,0,0.14450983350938082,0,0.6914560770156437,0,0.15579415433002547,0.49044042335268007,0,0,0,0,0,0,0.6881437125748502,0,0,0,0,0,0,0,0,0,0,0,0,0.5805213174378662,0,0,0,0,0,0,0,0,0,0,0,0,0,0,0,0,0,0,0,0,0,0,0,0,0,0,0,0,0,0,0,0,0,0,0,0,0,0,0,0,0,0,0,0,0,0,0,0,0,0,0,0,0,0,0,0,0,0,0,0,0,0,0,0,0,0,0,0,0,0,0,0,0,0,0,0,0,0,0,0,0,0,0,0,0,0,0,0,0,0,0,0,0,0,0,0,0,0,1,0,0,0,0,0,0,0,0,0,0,0,0,0,0,0,0,0,0,0,0.27263237806035295,0,0,0.27103773584905655,0,0,0,0,0,0,0,0,0,0,0,0,0,0,0,0,0,0,0,0,0,0,0,0,0,0,0,0,0,0,0,0,0,0,0,0,0,0,0,0,0,0,0
MOTU9123,0,0,0,0,0,0,0,0,0,0,0,0,0,0,0,0,0,0.006739501536360532,0,0,0,0,0,0,0,0,0,0,0,0,0,0,0,0,0,0,0,0,0,0,0,0,0,0,0,0,0,0,0,0,0,0,0,0,0,0,0,0,0,0,0,0,0,0,0,0,0,0,0,0,0,0,0,0,0,0,0,0,0,0,0,0,0,0,0,0,0,0,0,0,0,0,0.06741803278688524,0.35696202531645566,0,0,0,0,0,0,0,0,0,0,0,0,0,0,0,0,0,0,0,0,0,0,0,0,0,0,0,0,0,0,0,0,0,0,0,0,0,0,0,0,0,0,0,0,0,0,0,0,0,0.9705014749262536,0.12185185185185185,1,0,0,0,0,0,0,0,0,0,0,0,0,0,0,0,0,0,0,0,0,0,0,0,0,0,0,0,0,0,0,0,0,0,0,0,0,0.036054794520547946,0,0,0.15855421686746987,0,0,0,0,0,0,0,0,0,0,0,0,0,0,0,0,0
MOTU9250,0,0,0,0,0,0,0,0,0,0,0,0,0,0,0.055996791014841556,0,0,0.04766131785592352,0,0,0,0,0,0,0,0.06440302638863259,0,0,0,0,0,0,0,0,0,0,0,0,0.456905956796858,0,0,0,0,0,0,0,0,0,0,0,0,0,0,0,0,0,0,0,0,0,0,0,0,0,0,0,0,0,1,0,0,0,0,0,0,0,0,0,0,0,0,0,0,0,0,0,0,0,0,0,0,0,0.23838797814207652,0,0,0,0,0,0,0,0,0,0,0,0,0,0,0,0,0,0,0,0,0,0,0,0,0,0,0,0,0,0,0,0,0,0,0,0,0,0,0,0,0,0,0,0,0,0,0,0,0,0,0,0,0,0,0,0,0,0,0,0,0,0,0,0,0,0,0,0,0,0,0,0,0,0,0,0,0,0,0,0,0,0,0,0,0,0,0,0,0,0,0,0,0,0,0,0,0,0,0,0,0,0,0,0,0,0,0,0,0,0
MOTU9353,0,0,0,0,0,0,0,0,0,0,0,0,0,0,0,0,0,0,0,0,0,0,0,0,0,0,0,0,0,0,0,0,0,0,0,0,0,0,0,0,0,0,0,0,0,0,0,0,0,0,0,0,0,0,0,0,0,0,0,0,0,0,0,0,0,0,0,0,0,0,0,0,0,0,0,0,0,0,0.08733901686921822,0,0.10254498988393142,0,0.1011767177978567,0,0,0,0,0,0,0,0,0,0,0.21767631103074142,0,0.462832425504646,0.32788559754851887,0,0.2815240693821867,0.15251821349382325,0,0,0,0,0,0,0,0.2893629807692308,0,0,0,0,0,0,0,0,0,0,0,0,0,0,0,0,0,0,0,0,0,0,0,0,0,0,0,0,0,0,1,0,0,0,0,0,0,0,0,0,0,0,0,0,0,0,0,0,0,0,0,0,0,0,0,0,0,0,0,0,0,0,0,0,0,0,0,0,0,0,0,0,0,0,0,0,0,0,0,0,0,0,0,0,0,0,0,0,0,0,0,0,0,0,0
MOTU9390,0,0,0,0,0,0,0,0,0,0,0,0,0,0,0,0.009134659879685331,0,0.020218504609081596,0,0,0,0,0,0,0,0,0,0,0,0,0,0,0,0,0,0,0,0,0,0,0,0,0,0,0,0,0,0,0,0,0,0,0,0,0,0,0,0,0,0,0,0,0,0,0,0,0,0,0,0,0,0,0,0,0,0,0,0,0,0,0,0,0,0,0,0,0,0,0,0,0,0,0,0,0,0,0,0,0,0,0,0,0,0,0,0,0,0,0,0,0,0,0,0,0,0,0,0,0,0,0,0,0,0,0,0,0,0,0,0,0,0,0,0,0,0,0,0,0,0,0,0,0,0.776401179941003,0.2437037037037037,1,0,0,0,0,0,0,0,0,0,0,0,0,0,0,0,0,0,0,0,0,0,0,0,0,0,0,0,0,0,0,0,0,0,0,0,0,0,0,0,0,0,0,0,0,0,0,0,0,0,0,0,0,0,0,0,0,0
MOTU9434,0,0,0,0,0,0.08733831731339742,0,0,0,0,0,0,0,0,0,0,0.039911067729515755,0,0,0,0,0,0,0,0,0,0,0,0,0,0,0,0,0,0,0,0,0,0,0,0,0,0,0,0,0,0.9165628891656289,0,0,0,0,0,0,0,0,0,0,0,0,0,0,0,0,0,0,0,0,0,0,0,0,0,0,0,0,0,0,0,0,0,0,0,0,0,0,0,0,0,0,0,0,0,0,0,0,0,0,0,0,0,0,0,0,0,0,0,0,0,0,0,0,0,0,0,0,0,0,0,0,0,0,0,0,0,0,0,0,0,0,0,0,0,0,0,0,0,0,0,0,0,0,0,0,0,0,0,0,0,0,0,0,0,0,0,0,0,0,0,0,0,0,1,0,0.41581920903954805,0,0,0,0,0,0,0,0,0,0.49932157394843957,0,0.26025459688826025,0,0,0,0,0,0,0,0,0,0,0,0,0,0,0,0,0,0,0,0,0,0.3276936776491541,0,0.6027846027846029,0,0,0
MOTU9481,0,0,0,0,0,0,0,0,0,0,0,0,0,0,0,0,0,0,0,0,0,0,0,0,0,0,0,0,0,0,0,0,0,0,0,0,0,0,0,0,0,0,0,0,0,0,0,0,0,0,0,0,0,0,0,0,0,0,0,0,0,0,0,0,0,0,0,0,0,0,0,0,0,0,0,0,0,0,0,0,0.24985928776792368,0,0,0,0,0,0,0,0,0,0,0,0,0,0,0,0,0,0,0,0,0,0,0,0,0,0,0,0,0,0,0,0,0,0,0,0,0,0,0,0,0,0,0,0,0,0,0,0,0,0,0,0.6725218032182779,0,0,0,0,0,0,0,0,0,0,0,0,0,0,0,0,0,0,0,0,0,0,0,0,0,0,0,0,0,0,0,0,0,0,0,0,0,0,0,0,0,0,0,0,0,0,0,0,0,1,0,0,0.6282271944922547,0,0,0,0,0,0,0,0,0,0,0,0,0,0,0,0,0
MOTU9560,0,0,0,0,0,0,0,0,0,0,0,0,0,0,0,0,0,0,0,0,0,0,0,0,0,0,0,0,0,0,0,0,0,0,0,0,0,0,0,0,0,0,0,0,0,0,0,0,0,0,0,0,0,0,0,0,0,0,0,0,0,0,0,0,0,0,0,0,0,0,0,0,0,0,0,0,0,0,0,0,0,0,0,0,0,0,0,0,0,0,0.15848214285714285,0,0,0,0,0,0,0,0,0,0,0,0,0,0,0,0,0,0,0,0,0,0,0,0,0,0,0,0,0,0,0,0,0,0,0,0,0,0,0,0,0,0,0,0,0.23027027027027028,0,0,0,0,0,0,0,0,0,0,0,0,0,0,0,0,0,0,0,0,0,0,0,0,0,0,0,0,0,0,0,1,0,0,0,0,0,0,0,0,0,0,0,0,0,0,0,0.0651077487391105,0,0,0,0,0,0,0,0.25029377203290243,0.053230038735474196,0,0,0,0,0,0,0,0,0,0
MOTU9616,0,0,0,0,0,0,0,0,0,0,0,0,0,0,0,0,0,0,0,0,0,0,0,0,0,0.08138032847388818,0,0,0,0,0,0,0,0,0,0,0,0,0,0,0,0,0,0,0,0,0,0,0,0,0,0,0,0,0,0,0,0,0,0,0,0,0,0,0,0,0,0,0,0,0,0,0,0,0,0,0,0,0.05332849628151642,0,0,0.09738323948327261,0.06177768438747636,1,0.5404411764705882,0,0,0.043750000000000004,0,0,0,0.04909819639278558,0.10040983606557377,0,0.2885181550539745,0.09420057673822493,0.20020429009193053,0,0,0,0.31991294885745375,0,0,0,0,0,0,0,0,0.0468675274988044,0,0,0,0,0,0,0,0,0,0,0,0,0.4158415841584159,0,0.42424242424242425,0,0.14833501513622604,0.10590778097982709,0.15457413249211358,0,0,0.5441085749537322,0,0.1686746987951807,0,0,0,0,0,0,0,0,0.40440165061898214,0,0,0.29787234042553196,0,0,0,0,0,0,0,0,0,0,0,0,0,0,0,0,0,0,0,0,0,0,0,0,0,0,0,0,0,0,0,0,0,0,0,0,0,0,0,0,0,0,0,0.12894736842105264,0.23370429252782196,0.172737955346651,0,0,0,0,0,0,0,0,0,0,0
MOTU9636,0,0,0,0,0,0,0,0,0,0,0,0,0,0,0,0,0,0,0,0,0,0,0,0,0,0,0,0,0,0,0,0,0,0,0,0,0,0,0,0,0,0,0,0,0,0,0,0,0,0,0,0,0,0,0,0,0,0,0,0,0,0,0,0,0,0,0,0,0,0,0,0,0,0,0,0,0,0,0,0,0,0,0,0,0,0,0,0,0,0,0,0,0,0,0,0,0,0,0,0,0,0,0,0,0,0,0,0,0,0,0,0,0,0,0,0,0,0,0,1,0.338109495295124,0.3398051296747385,0,0,0,0,0,0,0,0,0,0,0,0,0,0,0,0,0,0,0,0,0,0,0,0,0,0,0,0,0,0,0,0,0,0,0,0,0,0,0,0,0,0,0,0,0,0,0,0,0,0,0,0,0,0,0,0,0,0,0,0,0,0,0,0,0,0,0,0,0,0,0,0,0,0,0,0,0,0,0,0,0
MOTU9726,0,0,0,0,0,0,0,0,0,0,0,0,0,0,0,0,0,0,0,0,0,0,0,0.3957194899817851,0,0,0,0,0,0,0,1,0,0,0.6292541636495292,0,0,0,0,0,0,0,0,0,0,0,0,0,0,0,0,0,0,0,0,0,0,0,0,0,0,0,0,0,0,0,0,0,0,0,0,0,0,0,0,0,0,0,0,0,0,0,0,0,0,0,0,0,0,0,0,0.290247160988644,0,0,0,0,0,0,0,0,0,0,0.4371227364185111,0,0,0,0,0,0,0,0,0,0,0,0,0,0,0,0,0,0,0,0,0,0,0,0,0,0,0,0,0,0,0,0,0,0,0,0,0,0,0,0,0,0,0,0,0,0,0.6185053380782919,0,0,0,0,0,0,0,0,0,0,0,0,0,0,0,0,0,0,0,0,0,0,0,0,0,0,0,0,0,0,0,0,0,0,0,0,0,0,0,0,0,0,0,0,0,0,0,0,0,0,0,0,0
MOTU9790,0,0,0,0,0,0,0,0,0,0,0,0,0,0,0,0.04567329939842665,0,0,0,0,0,0,0,0,0,0,0,0,0,0,0,0,0,0,0,0,0,0,0,0,0,0,0,0,0,0,0,0,0,0,0,0,0,0,0,0,0,0,0,0,0,0,0,0,0,0,0,0,0,0,0,0,0,0,0,0,0,0,0,0,0,0,0,0,0,0,0,0,0,0,0,0,0.1685450819672131,0,0,0,0,0,0,0,0,0,0.12411971830985916,0,0,0,0,0,0.12203264094955488,0,0,0,0,0,0,0,0,0,0,0,0,0,0,0,0,0,0,0,0,0,0,0,0,0,0,0,0,0,0,0,0,0,0,0,0,1,0,0,0,0,0,0,0,0,0,0,0,0,0,0,0,0,0,0,0,0,0,0,0,0,0,0,0,0,0,0,0,0,0,0,0,0,0,0,0,0,0,0,0,0,0,0,0,0,0,0,0,0,0,0,0,0,0
MOTU9878,0,0,0,0,0,0,0,0,0,0.8255813953488371,0.33729216152019,0,0,0,0,0,0,0,0,0,0,0,0,0,0,0,0,0,0,0,0,0,0,0,0,0,0,0,0,0,0,0,0,0,1,0,0,0,0,0,0,0,0,0,0,0,0,0,0,0,0,0,0,0,0,0,0,0,0,0,0,0,0,0,0,0,0,0,0,0,0,0,0,0,0,0,0,0.05282738095238095,0,0.16103424812882738,0,0,0.3637295081967213,0.32097649186256777,0,0,0,0,0,0,0,0,0,0,0,0,0,0,0,0.05659174238801211,0.025245342056606456,0,0,0,0,0,0,0,0,0,0,0,0,0,0,0,0,0,0,0,0,0,0,0,0,0,0,0,0,0,0,0,0,0,0,0,0,0,0,0,0,0,0,0,0,0,0,0,0,0,0,0,0,0,0,0,0,0,0,0,0,0,0,0,0,0,0,0,0,0,0,0,0,0,0,0,0,0,0,0,0,0,0,0,0,0,0,0,0,0,0,0,0
MOTU9886,0,0,0,0,0,0,0,0,0,0,0,0,0,0,0,0,0,0,0,0,0,0,0,0,0,0,0,0,0,0,0,0,0,0,0,0,0,0,0,0,0,0,0,0,0,0,0,0,0,0,0,0,0,0,0,0,0,0,0,0,0,0,0,0,0,0,0,0,0,0,0,0,0,0,0,0,0,0,0,0,0,0,0.5648245429712124,0,0,0,0,0,0,0.6096620548877296,1,0,0,0,0,0,0,0.7591075967240893,0,0,0,0,0.6760563380281691,0,0,0,0,0,0,0,0,0,0,0,0,0,0,0,0,0,0,0,0,0,0,0,0,0,0,0,0,0,0,0,0,0,0,0,0,0,0,0,0,0,0,0,0,0,0,0,0,0,0,0,0,0,0,0,0,0,0,0,0,0,0,0,0,0,0,0,0,0,0,0,0,0,0,0,0,0,0,0,0,0.41082072443833106,0,0,0,0,0,0,0,0,0,0,0,0,0,0,0,0,0,0,0
MOTU9995,0,0,0,0,0,0,0,0,0,0,0,0,0,0,0,0,0,0,0,0,0,0,0,0,0,0,0,0,0,0,0,0,0,0,0,0,0,0,0,0,0,0,0,0,0,0,0,0,0,0,0,0,0,0,0,0,0,0,0,0,0,0,0,0,0,0,0,0,0,0,0,0,0,0,0,0,0,0,0,0,0,0,0,0,0,0,0,0,0,0,0,0.1521376085504342,0,0,0,0,0,0,0,0,0.24782372143634385,0,0,0.1928858776201567,0,0,0,0.09124599358974358,0,0,0,0.025705417607223474,0,0,0,0,0,0,0,0,0,0,0,0,0,0,0,0,0,0,0,0,0,0,0,0,0,0,0,0,0,0,0,0,0,0,0.29751796211626386,1,0,0,0,0,0,0,0,0,0,0,0,0,0,0,0,0,0,0,0,0,0,0,0,0,0,0,0,0,0,0,0,0,0.110343992248062,0,0.08319634703196346,0,0.12881787330316744,0,0,0,0,0,0,0,0,0,0,0,0,0,0,0,0,0,0
MOTU2082,0,0,0,0,0,0,0,0,0,0,0,0,0,0,0,0,0,0,0,0,0,0,0,0,0,0,0,0,0,0,0,0,0,0,0,0,0,0,0,0,0,0,0,0,0,0,0,0,0,0,0,0,0,0,0,0,0,0,0,0,0,0,0,0,0,0,0,0,0,0,0,0,0,0,0,0,0.04971870604781997,0,0,0,0,0,0,0,0,0,0,0.011689814814814816,0,0,0,0,0.026829083181542198,0,0,0,0,0,0,0,0,0.012821210307745317,0.019757433489827857,0,0,0,0,0.01573628917378917,0.05827563468513023,0.06261402483305878,0.016759114398141563,0,0,0.5818930041152264,0.1143457868348698,0.06195233087977567,0,0,0,0,0,0,1,0,0.45342312008978675,0.057825215719952555,0.07926897634263931,0.028298110790906175,0.16520621567940177,0.060943022153262645,0,0,0,0,0,0.042462462462462464,0,0,0.040786892811814926,0,0,0,0.10805440929237352,0.30896973669835026,0.09698216735253772,0.31836091410559497,0,0.04311501402610075,0.15901934322986955,0.055911427441676556,0.059647346663291995,0,0,0,0,0,0,0,0,0,0,0,0,0,0,0,0,0,0,0.12711254944264652,0,0,0,0,0,0,0,0,0,0,0,0,0.0286960933536276,0,0,0,0.031523096129837704,0,0,0,0,0,0.02944729059935857,0.12066905615292711,0.055088047374162376,0.012952276266373545,0,0,0,0.03216853216853217,0,0,0
MOTU7133,0,0,0,0,0,0,0,0,0,0,0,0,0,0,0,0,0,0,0,0,0,0,0,0,0,0,0,0,0,0,0,0,0,0,0,0,0,0,0,0,0,0,0,0,0,0,0,0,0,0,0,0,0,0,0,0,0,0,0,0,0,0,0,0,0,0,0,0,0,0,0,0,0,0,0,0,0,0,0,0,0,0,0,0,0,0,0,0,0,0,0,0,0,0,0,0,0,0,0,0,0,0,0,0,0,0,0,0,0,0,0,0,0,0,0,0,0,0,0,0,0,0,0,0,0,0,0,0,0,0,0,0,0,0,0,0,0,0,0,0,0,0,0,0,0,0,0,0,0,0,0,0,0,0,0,0,0,0,0,0,0,0,0,0,0,0,0,0,0,0,0,0,0,0,0,0,0,0,0,0,0,0,0,0,0,0,0,0,0.4006936579841449,0,1,0,0,0,0,0,0,0,0,0,0,0,0
MOTU8808,0,0,0,0,0,0,0,0,0,0,0,0,0,0,0,0,0,0,0,0,0,0,0,0,0,0,0,0,0,0,0,0,0,0,0,0,0,0,0,0,0,0,0,0,0,0,1,0,0,0,0,0,0,0,0,0,0,0,0,0,0,0,0,0,0,0,0,0,0,0,0,0,0,0,0,0,0,0,0.1456557228369309,0,0,0.2659821132825439,0,0,0,0,0.4766993173048383,0,0,0,0,0,0,0,0,0,0,0.2267720982773228,0,0,0,0,0,0,0,0,0,0,0,0,0,0.13594808126410834,0.27091767881241563,0,0,0,0,0,0,0,0,0,0,0,0,0,0,0,0,0,0,0,0,0,0,0,0,0,0,0,0,0,0,0,0,0,0,0.4407244785949506,0,0,0,0,0,0,0,0,0,0,0,0,0,0,0,0,0,0,0,0,0,0,0,0,0,0,0,0,0,0,0,0,0,0,0,0,0,0,0,0,0,0,0,0,0,0,0,0,0,0,0,0,0,0,0
MOTU1083,0,0,0.0019172088918719043,0,0,0,0,0,0,0,0,0,0,0,0,0,0,0,0,0,0,0,0,0,0,0,0,0,0,0,0.046624097933275405,0,0,0,0,0,0,0,0,0,0,0,0,0,0,0,0,0,0,0,0,0,0,0,0,0,0,0,0,0,0,0.04491519254567955,0,0.16134170113630963,0,0.06629215207748154,0,0,0,0,0,0,0,0.0038756037964585654,0,0,0,0,0,0,0,0,0,0.0027272767456560276,0,0.0015230844805837586,0,0.001610797827903091,1,0,0,0,0,0.024467815107388727,0,0,0,0.002037948113246498,0.004922492680085845,0,0,0,0,0,0,0,0,0,0,0,0,0,0,0,0,0,0,0,0,0,0,0,0,0,0,0,0,0,0.005691146899846884,0.008397642671457543,0.010393241866066993,0,0,0,0,0,0,0,0,0,0,0,0,0,0,0,0,0,0,0,0,0,0,0,0,0,0.001369590865250683,0,0,0,0,0,0,0,0,0,0,0,0,0,0,0,0,0,0,0,0,0,0,0,0,0,0,0,0,0,0.03909352031764805,0.0029648209815143173,0,0,0,0.004239937878381814,0,0.001108506032105353,0,0,0,0,0,0,2.0445303346004783e-4,0,3.917471510236061e-4
MOTU2835,0,0,0,0,0,0,0,0,0,0,0,0,0,0,0,0,0,0,0,0,0,0,0,0,0,0,0,0,0,0,0,0,0,0,0,0,0,0,0,0,0,0,0,0,0,0,0,0,0,0,0,0,0,0,0,0,0,0,0,0,0,0,0,0,0,0,0,0,0,0,0,0,0,0,0,0,0,0,0,0,0,0,0,0,0,0,0,0,0,0,0,0,0,0,0,0,0,0,0,0,0,0,0,0,0,0,0,0,0,0,0,0,0,0,0,0,0,0,0,0,0,0,0,0,0,0,0,0,0,0,0,0,0,0,0,0,0,0,0,0,0,0,0,0,0,0,0,0,0,0,0,0,0,0,1,0,0,0,0,0,0,0,0,0,0,0,0,0,0,0,0,0,0,0,0,0,0,0,0.23961766644693475,0,0,0,0,0,0,0,0,0,0,0,0,0,0,0,0,0,0,0,0,0,0,0,0
MOTU3752,0,0,0,0,0,0,0,0,0,0,0,0,0,0,0,0,0,0,0,0,0,0,0,0,0,0,0,0,0,0,0,0,0,0,0,0,0,0,0,0,0,0,0,0,0,0,0,0,0,0,0,0,0,0,0,0,0,0,0,0,0,0,0,0,0,0,0,0,0,0,0,0,0,0,0,0,0.07061482820976492,0,0.10118939649140991,0,0,0,0.02344430102362441,0.04216607277831767,0,0,0,0.06641156462585034,0.36165779115536,0,0,0,0,0,0.10949109771484647,0,0.03798822899946495,0,0,0.1767048282727725,0.09105394061868491,0,0.02806122448979592,0.023622999909258643,0,0,0,0,0,0,0.02380275108194323,0.031481780070944855,0,0,0,0,0,0,0,0,0,0,0,0,0,0,0.11258469078852529,0,0.058660057082770015,0,0,0,0.047967080211276256,0,0,0,0,0,0,0,0,0,0,0,0,0,0,0,0,0,0,0,1,0,0.5371389270976616,0,0,0,0,0,0,0,0,0,0,0,0,0,0,0,0,0,0,0,0,0,0,0,0,0,0.02702796234772979,0,0,0,0,0,0.04477184132079798,0,0,0.04893483709273183,0,0,0,0,0,0,0,0,0,0,0,0,0
MOTU8202,0,0,0,0,0,0,0,0,0,0,0,0,0,0,0,0,0,0,0,0,0,0,0,0,0,0,0,0,0,0,0,0,0,0,0,0,0,0,0,0,0,0,0,0,0,0,0,0,0,0,0,0,1,0,0,0,0,0,0,0,0,0,0,0,0,0,0,0,0,0,0,0,0,0.10096670247046187,0.1409295352323838,0.032280219780219783,0.059493670886075954,0,0,0,0,0,0,0,0,0,0,0,0,0,0,0,0,0,0,0,0,0,0,0,0,0,0,0,0,0,0,0,0,0,0,0,0,0,0,0,0,0,0,0,0,0,0,0,0,0,0,0,0,0,0,0,0,0,0,0,0,0,0,0,0,0,0,0,0,0,0,0,0,0,0,0,0,0,0,0,0,0,0,0,0,0,0,0,0,0,0,0,0,0,0,0,0,0,0,0,0,0,0.5731707317073171,0,0,0,0,0,0,0,0,0,0,0,0,0,0,0,0,0.015498763396537512,0,0,0,0,0,0,0
MOTU9350,0,0,0,0,0,0,0,0,0,0,0,0,0,0,0,0,0,0,0,0,0,0,0,0,0,0,0,0,0,0,0,0,0,0,0,0,0,0,0,0,0,0,0,0,0,0,0,0,0,0.8669097538742023,0,0,0,0,0,0,0,0,0,0,0,0,0,0,0,0,0,0,0,0,0,0,0,0,0,0,0,0,0,0,0,0,0,0,0,0,0,0,0,0.21569516897255614,0,0,0,0,0,0,0,0,0,0,0.2587051142546246,0,0,0,0,0,0,0,0,0,0,0,0,0,0,0,0,0,0,0,0,0,0,0,0,0,0,0,1,0,0,0,0.8177128116938951,0,0,0,0,0,0,0,0,0,0,0,0,0,0,0,0,0,0,0,0,0,0,0,0,0,0,0,0,0,0,0,0,0,0,0,0,0,0,0,0,0,0,0,0,0,0,0,0,0,0,0,0,0,0,0,0,0,0,0,0,0,0,0,0,0,0,0,0.1077742520398912,0,0
MOTU11636,0,0,0,0,0,0,0,0,0,0,0,0,0,0,0,0,0,0,0,0,0,0,0,0,0,0,0,0,0,0,0,0,0,0,0,0,0,0,0,0,0,0,0,0,0,0,0,0,0,0,0,0,0,0,0,0,0,0,0,0,0,0,0,0,0,0,0,0,0,0,0,0,0,0,0,0,0,0,0,0,0,0,0,0,0,0,0,0,0,0,0,0,0,0,0,0,0,0,0,0,0,0,0,0,0,0,0,0,0,0,0,0,0,0,0,0,0,0,0,0,0,0,0,0,0,0,0,0,0,0,0,0,0,0,0,0,0,0,0,0,0,0,0,0,0,0,0,0,0,0,0,0,0,0,0,0,0,0,0,0,0,0,0,0,0,0,0,0,0,0,0,0,0,0,0,0,0,1,0,0,0,0,0,0,0,0,0,0,0,0,0,0,0,0,0,0,0,0,0,0,0,0,0
MOTU12827,0,0,0,0,0,0,0,0,0,0,0,0,0,0,0,0,0,0,0,0,0,0,0,0,0,0,0,0,0,0,0,0,0,0,0,0,0,0,0,0,0,0,0,0,0,0,0,0,0,0,0,0,0,0,0,0,0,0,0,0,0,0,0,0,0,0,0,0,0,0,0,0,0,0,0,0,0,0,0,0,0,0,0,0,0,0,0,0,0,0,0,0,0,0,0,0,0,0,0,1,0.02740895515477045,0,0,0.007110968956802609,0,0,0,0,0,0,0.002388359151114971,0,0,0,0,0,0,0,0,0,0,0,0,0,0,0,0,0,0,0,0,0,0.014438996725270301,0,0,0.036308223116733755,0,0.019368573461925446,0,0,0,0,0,0,0.08292618859994746,0,0,0,0,0,0,0,0,0,0,0,0,0,0,0,0,0,0,0,0,0,0,0,0,0,0,0,0,0,0,0,0,0,0,0,0,0,0,0,0,0,0,0,0.009508807016698394,0.014730309817095931,0,0,0.0041965645861525335,0,0,0,0,0,0,0,0,0,0
MOTU19033,0,0,0,0,0,0,0,0,0,0,0,0,0,0,0,0,0,0,0,0,0,0,0,0,0,0,0,0,0,0,0,0,0,0,0,0,0,0,0,0,0,0,0,0,0,0,0,0,0,0,0,0,0,0,0,0,0,0,0,0,0,0,0,0,0,0,0,0,0,0,0,0,0,0,0,0,0,0,0,0,0,0,0,0,0,0,0,0,0,0,0,0,0,0,0,0,0,0,0,1,0.1010369327273891,0,0,0,0,0,0,0,0,0,0,0,0,0,0,0,0,0,0,0,0,0,0,0,0,0,0,0,0,0,0,0,0,0,0,0,0,0,0,0,0,0,0,0,0,0,0.12129711453490606,0,0,0,0,0,0,0,0,0,0,0,0,0,0,0,0,0,0,0,0,0,0,0,0,0,0,0,0,0,0,0,0,0,0,0,0,0,0,0,0,0,0.15773432815934982,0,0,0,0,0,0,0,0,0,0,0,0,0,0
MOTU24143,0,0,0,0,0,0,0,0,0,0,0,0,0,0,0,0,0,0,0,0,0,0,0,0,0,0,0,0,0,0,0,0,0,0,0,0,0,0,0,0,0,0,0,0,0,0,0,0,0,0,0,0,0,0,0,0,0,0,0,0,0,0,0,0,0,0,0,0,0,0,0,0,0,0,0,0,0,0,0,0,0,0,0,0,0,0,0,0,0,0,0,0,0,0,0,0,0,0,0,1,0,0,0,0,0,0,0,0,0,0,0,0,0,0,0,0,0,0,0,0,0,0,0,0,0,0,0,0,0,0,0,0,0,0,0,0,0,0,0,0,0,0,0,0,0,0,0,0,0,0,0,0,0,0,0,0,0,0,0,0,0,0,0,0,0,0,0,0,0,0,0,0,0,0,0,0,0,0,0,0,0,0.11281446540880503,0,0,0,0,0,0,0,0,0,0,0,0,0,0,0,0,0,0,0,0,0
MOTU2475,0,0,0,0,0,0,0,0,0,0,0,0,0,0,0,0,0,0,0,0,0,0,0,0,0,0,0,0,0,0,0,0,0,0,0,0,0,0,0,0,0,0,0,0,0,0,0,0,0,0,0,0,0,0,0,0,0,0,0,0,0,0,0,0,0,0,0,0,0,0,0,0,0,0,0,0,0,0,0,0,0,0,0,0,0,0,0,0,0,0,0,0,0,0,0,0,0,0,0,0,0,0,0,0,0,0,0,0,0,0,0,0,0,0,0,0,0,0,0,0,0,0,0,0,0,0.25660655134339344,0.703531786074672,0.5023054755043227,0,0,0,0.430104873534855,0.5994840928632846,1,0.23585926928281462,0,0.12133658197006614,0,0.9049844236760125,0,0,0,0,0,0,0,0.4553886348791639,0.3826564215148189,0,0.49622775800711744,0.26469248291571756,0.0912565445026178,0,0,0,0,0,0,0,0,0,0,0,0,0,0,0,0,0,0,0,0,0,0,0,0,0,0,0,0,0,0,0,0,0,0,0,0,0,0,0,0,0.522703986005248,0,0.12223001402524543,0,0,0.15520926090828138,0,0.14275184275184274,0,0,0
MOTU25556,0,0,0,0,0,0,0,0,0,0,0,0,0,0,0,0,0,0,0,0,0,0,0,0,0,0,0,0,0,0,0,0,0,0,0,0,0,0,0,0,0,0,0,0,0,0,0,0,0,0,0,0,0,0,0,0,0,0,0,0,0,0,0,0,0,0,0,0,0,0,0,0,0,0,0,0,0,0,0,0,0,0,0,0,0,0,0,0,0,0,0,0,0,0,0,0,0,0,0,0.25657269559708584,0,0,0,0,0,0,0,0,0,0,0,0,0,0,0,0,0,0,0,0,0,0,0,0,0,0,0,0,0,0,0,0,0,0,0,0,0,0,0,0,0,0,0,0,1,0,0,0,0,0,0,0,0,0,0.5570839064649243,0,0,0,0,0,0,0,0,0,0,0,0,0,0,0,0,0,0,0,0,0,0,0,0,0,0,0,0,0,0,0,0,0,0,0,0,0,0,0,0,0,0,0,0,0,0,0,0
MOTU2914,0,0,0,0,0,0,0,0,0,0,0,0,0,0,0,0,0,0,0,0,0,0,0,0,0,0,0,0,0,0,0,0,0,0,0,0,0,0,0,0,0,0,0,0,0,0,0,0,0.10826410826410827,0.36150540434952466,0,0,0,0,0,0,0,0,0,0,0,0,0,0,0,0,0,0,0,0,0,0,0,0,0,0,0,0,0,0,0,0,0,0,0,0,0.35313573336725607,0,0,0,0,0,0,0,0.38917706434880134,0,0,0,0,0,0,0,0,0,0,0,0,0,0,0,0,0,0,0,0,0,0,0,0,0,0,0,0,0,0,0.8757558231242443,0,1,0.8340093135045816,0.3076582068048321,0.19038474727384952,0,0,0,0,0,0,0,0,0,0,0,0,0,0,0,0,0,0,0,0,0,0,0,0,0,0,0,0,0,0,0,0,0,0,0,0,0,0,0,0,0,0,0,0,0,0,0,0,0,0,0.113370905823736,0,0,0,0,0,0,0.33683869923960524,0,0.10507986978575215,0.23300318952492866,0.24776423127041644,0.6091727013385999,0.41715087156882386,0.06538688022612178,0,0.35313573336725607,0,0,0,0,0
MOTU34542,0,0,0,0,0,0,0,0,0,0,0,0,0,0,0,0,0,0,0,0,0,0,0,0,0,0,0,0,0,0,0,0,0,0,0,0,0,0,0,0,0,0,0,0,0,0,0,0,0,0,0,0,0,0,0,0,0,0,0,0,0,0,0,0,0,0,0,0,0,0,0,0,0,0,0,0,0,0,0,0,0,0,0,0,0,0,0,0,0,0,0,0,0,0,0,0,0,0,0,0,0,0,0,0,0,0,0,0,0,0,0,0,0,0,0,0,0,0,0,0,0,0,0,0,0,0,0,0,0,0,0,0,0,0,0,0,0,0,0,0,0,0,0,0,0,0,0,0,0,0,0,0,0,0,0,0,0,0,0,0,0,0,0,0,0,0,0,0,0,0,0,0,0,0,0,0,0,0,0,0,0,0,0,0,0,0,0,0,0,0,0,0,0,0,0,0,0,0,0,0,0.49339868540344517,1,0.4726942076977363
MOTU349,0,0,0,0,0,0,0,0,0,0,0,0,0,0,0,0,0,0,0,0,0,0,0,0,0,0,0,0,0,0,0,0,0,0,0,0,0,0,0,0.0028146397585376323,0,0,0,0,0,0,0,0,0,0,0,0,0,0,0,0,0,0,0,0,0,0,0,0,0,0,0,0,0,0,0,0,0,0,0,0,0,0,0,0,0,0,0,0,0,0,0,0,0,0,0,0,0,0,0,0,0,0,0,0,0,0,0,0,0,0,0,0,0,0,0,0,0,0,0,0,0,0,0,0,0,0,0,0,0,0,0,0,0,0,0,0,0,0,0,0,0,0,0,0,0,0,0,0,0,0,0,0,0,0,0,0,0,0.0011022894093862228,0,0,0,0,0,0,0,0,0,0,0,0,0,0,0.0023524922324392418,0,0,0,0,0,0,0,0,0,0,0,0,0,0,0,0,0,0,0,0,0,0,0,0.22232418470083368,1,0,0,0,0,0,0,0,0,0
MOTU4253,0,0,0,0,0,0,0,0,0,0,0,0,0,0,0,0,0,0,0,0,0,0,0,0,0,0,0,0,0,0,0,0,0,0,0,0,0,0,0,0,0,0,0,0,0,0,0,0,0,0,0,0,0,0,0,0,0,0,0,0,0,0,0,0,0,0,0,0,0,0,0,0,0,0,0,0,0,0,0,0,0,0,0,0,0,0,0,0,0,0,0,0,0,0,0,0.07764605361529425,0.08251049824083533,0,0,0,0,0,0,0,0,0,0,0,0,0,0,0,0,0,0,0,0,0,0,0,0,0,0,0,0,0,0,0,0,0,0.23267722835653706,0.14949619576393175,0,0.834193918531268,0,0.261981981981982,0,0,0,0,0.8397689768976898,0.8414351851851852,1,0,0,0,0,0,0,0.17247924080664298,0,0,0,0.0765666140073723,0.33333333333333337,0,0,0,0,0,0,0,0,0,0,0,0,0,0,0,0,0,0,0,0,0,0,0,0,0,0,0,0,0,0,0,0,0,0,0,0,0,0.030280311549835483,0.14889912954429085,0,0,0,0.431582071831404,0,0.29770679770679775,0,0,0
MOTU4511,0,0,0,0,0,0,0,0,0,0,0,0,0,0,0,0,0,0,0,0,0,0,0,0,0,0,0,0,0,0,0,0,0,0,0,0,0,0,0,0,0,0,0,0,0,0,0,0,0,0,0,0,0,0,0,0,0,0,0,0,0,0,0,0,0,0,0,0,0,0,0,0,0,0,0,0,0,0,0,0,0,0,0,0,0,0,0,0,0,0,0,0,0.049009562841530054,0,0,0,0,0,0,1,0.039036996735582155,0.023420923779990208,0,0.015191615498623755,0,0,0,0,0,0,0.005102403641018348,0.004049097065462754,0,0,0,0,0,0,0,0,0,0,0,0,0,0.026407802723592198,0,0,0,0,0,0.04426280074028378,0,0,0,0,0,0,0,0,0,0,0,0,0.08858024691358024,0,0,0,0,0,0,0,0,0,0,0,0,0,0,0,0,0,0,0,0,0,0,0,0,0,0,0,0,0,0,0,0,0,0,0,0,0,0,0,0,0,0,0,0,0,0,0,0,0,0,0,0,0,0,0,0,0,0
MOTU5449,0,0,0,0,0,0,0,0,0,0,0,0,0,0,0,0,0,0,0,0,0,0,0,0,0,0,0,0,0,0,0,0,0.026785887464359837,0.13811381138113812,1,0.3084654902836721,0,0,0,0,0,0,0,0,0,0,0,0,0,0,0,0,0,0,0,0,0,0,0,0,0,0,0,0,0,0,0,0,0,0,0,0,0,0,0,0,0,0,0,0,0,0,0,0,0,0,0,0,0,0,0,0,0,0,0,0,0,0,0,0,0,0,0,0,0,0,0,0,0,0,0,0,0,0,0,0,0,0,0,0,0,0,0,0,0,0,0,0,0,0,0,0,0,0,0,0,0,0,0,0,0,0,0,0,0,0,0,0,0,0,0.09532684475736869,0.06573060447405998,0,0,0,0,0,0,0,0,0,0,0,0,0,0,0,0,0,0,0,0,0,0,0,0,0,0,0,0,0,0,0,0,0,0,0,0,0,0,0,0,0.015687299081026434,0,0,0,0,0,0,0,0,0,0
MOTU651,0,0,0,0,0,0,0,0,0,0,0,0,0,0,0,0,0,0,0,0,0,0,0,0,0,0,0,0,0,0,0,0,0,0,0,0,0,0,0,0,0,0,0,0,0,0,0,0,0,0,0,0,0,0,0,0,0,0,0,0,0,0,0,0,0,0,0,0,0,0,0,0,0,0,0,0,0,0,0,0,0,0,0,0,0,0,0,0,0,0,0,0,0,0,0,0,0,0,0,0,0,0,0,0,0,0,0,0,0,0,0,0,0,0,0,0,0,0,0,0,0,0,0,0,0,0,0,0,0,0,0,0,0,0,0,0,0,0,0,0,0,0,0,0,0,0,0,0,0,0,0,0,0,1,0,0,0,0,0,0,0,0,0,0,0,0,0,0,0,0,0,0,0,0,0,0,0,0,0,0,0,0,0,0,0,0,0,0,0,0,0,0,0,0,0,0,0,0,0,0,0,0,0
MOTU7382,0,0,0,0,0,0,0,0,0,0,0,0,0,0,0,0,0,0,0,0,0,0,0,0,0,0,0,0,0,0,0,0,0,0,0,0,0,0,0,0,0,0,0,0,0,0,0,0,0,0,0,0,0,0,0,0,0,0,0,0,0,0,0,0,0,0,0,0,0,0.01851724847404156,0.015049328354049384,0,0,0,0,0.0397370486656201,0,0,0,0,0,0,0,0,0,0,0,0,0,0,0,0,0.013173302107728338,0,0,0,0,0.08714245370557147,0.007517331625692569,0.02443549481877008,0.02098554329239857,0,0,0,0,0,0,0.007726648351648352,0.00953793980500212,0,0,0,0,0,0,0,0,0,0,0,0,0,0,0,0,0.02839265997160734,0,0,0,0,0,0.0475896712787521,0.04974818818326987,0.1327760019670519,0,0,0,0.22244191794364807,0.06008010680907877,0,0,0,0,0,1,0,0,0.2540379488787831,0.5075187969924811,0,0,0,0,0,0,0,0,0,0,0,0,0,0,0,0,0,0,0,0,0,0,0,0,0,0,0,0,0,0,0,0,0,0,0,0,0,0,0,0,0,0,0.11331206983380897,0.009639242426947038,0,0.013524343818873973,0.006359674949947003,0,0,0,0,0,0,0
MOTU7829,0,0,0,0,0,0,0,0,0,0,0,0,0,0,0,0,0,0,0,0,0,0,0,0,0,0,0,0,0,0,0,0,0,0,0,0,0,0,0,0,0,0,0,0,0,0,0,0,0,0,0,0,0,0,0,0,0,0,0,0,0,0,0,0,0,0,0,0,0,0,0,0,0,0,0,0,0,0,0,0,0,0,0.15276318554318133,0,0,0,0,0,0,0,0,0,0,0,0,0,0.24753149472250593,0,0,0,0,0,0,0,0,0,0,0,0,0,0,0,0,0,0,0,0,0,0,0,0,0,0,0,0,0,0,0,0,0,0.6980316850696111,0,0,0.41709695926563395,0,0,0,0,0,0,0.7198019801980198,0,1,0,0,0,0,0,0,0,0,0,0.9308578745198463,0,0,0,0,0,0,0,0,0,0,0,0,0,0,0,0,0,0,0,0,0,0,0,0,0,0,0,0,0,0,0,0,0,0,0,0,0,0.19263381028086912,0,0,0.22334869431643625,0,0,0,0.647373107747106,0,0,0,0,0
MOTU9404,0,0,0,0,0,0,0,0,0,0,0,0,0,0,0,0,0,0,0,0,0,0,0,0,0,0,0,0,0,0,0,0,0,0,0,0,0,0,0,0,0,0,0,0,0,0,0,0,0,0,0,0,0,0,0,0,0,0,0,0,0.05791505791505792,0,0,0,0,0,0,0,0,0,0,0,0,0,0,0,0,0,0.0017491124873675208,0,0.003080456972481251,0,0.006078708011887251,0,0.035451680672268907,0,0.002862231268286478,0,0,0,0,0,0.0032933255269320845,0.004359338672177732,0,0,0.009849700860936816,0.20968652922903133,0,0.054979863342232684,0.007869578734649465,0,0,0,0,0,0,0.001931662087912088,0.00476896990250106,0,0,5.441792970009674e-4,0,0,0,0,0,0,0,0,0,0,0,0,0,0.02839265997160734,0.014595646533083465,0.02431556195965418,0,0,0.00462931211851039,0.005948708909844012,0.020728411743029113,0.06638800098352594,0.026097042335202013,0.010424710424710425,0.010069116403958033,0.03892733564013841,0.010013351134846462,0,0,0.041852678571428575,0.013263902534879152,0.009481668773704172,1,0,0,0.17994354712247138,0.2732793522267207,0,0,0.005048616305160809,0,0,0.013263902534879152,0,0,0,0,0,0,0,0,0,0,0,0,0,0,0,0,0,0,0,0,0,0,0.06201194304088195,0,0,0,0,0,0.0029475338966398115,0,0,0,0,0.002730140753923314,0.008458646616541355,0,0.03965922444183314,0.013253958337052178,0.017774851876234364,0.033810859547184935,0,0.017513362046598518,0,0,0,5.463994301256314e-4,0,0
MOTU1062,0,0,0,0,0,0,0,0,0,0,0,0.004843517138599106,0,0,0,0,0,0,0,0,0,0,0,0,0,0,0,0,0,0,0,0,0,0,0,0,0,0,0,0,0,0,0.005803571428571428,0.00588768115942029,0,0.008419689119170985,0,0,0,0.0014813126709206927,0,0,0,0.013211382113821139,0,0,6.703795379537954e-4,0.011607142857142856,0,0,0,0,0.0033995815899581583,0,0,0,0,0.0026041666666666665,0,7.801248199711953e-4,0,0.002389705882352941,0.004124365482233502,0.0017454350161117077,0.0024362818590704647,0.012834821428571428,0.002056962025316456,0,8.842735352802465e-4,0,1.7303801512086038e-4,0,3.4145828955662954e-4,0.002456538170823885,0.0059742647058823525,0,4.823389729890175e-4,0.0019345238095238096,0,0,0.0018136160714285713,5.427521710086841e-4,5.549863387978142e-4,0,0,0,0,0,3.167023971935295e-4,0,0,0,0,0,0.0012840774397471354,0,0,3.255208333333333e-4,8.036597428288823e-4,7.771401243424199e-4,0.001386715972123453,0.00192579006772009,0.0023757309941520467,0,0.0011826783114992723,0,0,1,0,0,0.0024326347305389222,0,0.011492220650636492,0,0,0.007775119617224879,0.01065842583249243,0.013463616714697405,0.0042718191377497374,0.0025213343677269197,0.0031204992798847813,0.009022208513263418,0.003493121238177128,0.0065261044176706815,0.0010994587280108254,0.007027027027027026,0.0011312217194570137,9.371395617070357e-4,0.0033748701973001036,0.0023711089494163422,0,0.0014105902777777775,0,0.0015978367748279252,0,0.001646403242147923,0.008491182233834094,0.0026756311745334796,0.001644736842105263,0.004626334519572953,0.0037015945330296125,0.0012761780104712042,0.01872599231754161,2.5671406003159553e-4,0.0067056396148555695,0,0,0,0,0,0,0,0,0,0,0,0,0,0.001095751854349292,0.009203074433656958,0.0013984509466437177,0,0,0,0,0,0,0,0,0,3.936531007751938e-4,0,5.93607305936073e-4,2.483570227724285e-4,0,0,6.520866773675762e-4,0,0,0,0,0.0038190364277320794,0.0014213419967512182,0.005491551459293395,5.697755960729313e-4,2.679307502061006e-4,0,0,0,6.654381654381654e-4,0.0011970194922937443,3.732414585127763e-4,8.821453775582215e-5
MOTU33051,0,0,0,0,0,0,0,0,0,0,0,0,0,0,0,0,0,0,0,0,0,0,0,0,0,0,0,0,0,0,0,0,0,0,0,0,0,0,0,0,0,0,0,0,0,0,0,0,0,0,0,0,0,0,0,0,0,0,0,0,0,0,0,0,0,0,0,0,0,0,0,0,0,0,0,0,0,0,0,0,0,0,0,0,0,0,0,0,0,0,0,0,0,0,0,0,0,0,0,0,0,0,0,0,0,0,0,0,0,0,0,0,0,0,0,0,0,0,0,0,1,0,0,0,0,0,0,0,0,0,0,0.41209130166563845,0,0,0,0,0,0,0,0,0,0,0,0,0,0,0,0,0,0,0,0,0,0,0,0,0,0,0,0,0,0,0,0,0,0,0,0,0,0,0,0,0,0,0,0,0,0,0,0,0,0,0,0,0,0,0,0,0,0,0,0,0,0,0,0,0,0,0,0,0,0,0
MOTU11618,0,0,0,0,0,0,0,0,0,0.36046511627906974,0,0,0,0,0,0,0,0,0,0,0,0,0,0,0,0,0,0,0,0,0,0,0,0,0,0,0,0,0,0,0,0,0,0,0,0,0,0,0,0,0,0,0,0,0,0,0,0,0,0,0,0,0,0,0,0,0,0,0,0,0,0,0,0,0,0,0,0,0,0,0,0,0,0.17573696145124718,0,0,0,0,0,0,0,0,0,0,0,0,0,0,0,0,0,0,0,0,0,0,0,0.09314903846153846,0.11498516320474778,0,0,0,0,0,0,0,0,0,0,0,0,0,0,0,0,0,0,0,0,0,0,0,0,0,0,0,0,0,0,0,0,0,0,0,0,0,0,0.2552140504939627,0,0,0,0,0,0,0,0,0,0,0,0,0,0,0,0,0,0,0,0,0,0,0,0,0,0,0,0,0,0,0,0,0,0,0,0,0,0,0,0,0,0,0,0.27320799059929496,0.05810321129576409,1,0,0,0,0,0,0,0,0.026701119724375538,0
MOTU2081,0,0,0,0,0,0,0,0,0,0,0,0,0,0,0,0,0,0,0,0,0,0,0,0,0,0,0,0,0,0,0,0,0,0,0,0,0.16819230365943172,0.3132213281352145,1,0,0,0,0,0,0,0,0,0,0,0,0,0,0,0,0,0,0,0,0,0,0,0,0,0,0,0,0,0,0,0,0,0,0,0,0,0,0,0,0,0,0,0,0,0,0,0,0,0,0,0,0,0,0,0,0,0,0,0,0,0,0,0,0,0,0,0,0,0,0,0,0,0,0,0,0,0,0,0,0,0,0,0,0,0,0,0,0,0,0,0,0,0,0,0,0,0,0,0,0,0,0,0,0,0,0,0,0,0,0,0,0,0,0,0,0,0,0,0,0,0,0,0,0,0,0,0,0,0,0,0,0,0,0,0,0,0,0,0,0,0,0,0,0,0,0,0,0,0,0,0,0,0,0,0,0,0,0,0,0,0,0,0,0
MOTU31485,0,0,0,0,0,0,0,0,0,0,0,0,0,0,0,0,0,0,0,0,0,0,0,0,0,0,0,0,0,0,0,0,0,0,0,0,0,0,0,0,0,0,0,0,0,0,0,0,0,0,0,0,0,0,0,0,0,0,0,0,0,0,0,0,0,0,0,0,0,0,0,0,0,0,0,0,0,0,0,0,0,0,0,0,0,0,0,0,0,0,0,0,0,0,0,0,0,0,0,0,0,0,0,0,0,0,0,0,0,0,0,0,0,0,0,0,0,0,0,0,0,0,0,0,0,0,0,0,0,0,0,0,0,0,0,0,0,0,0,0,0,0,0,1,0,0,0,0,0,0,0,0,0,0,0,0,0,0,0,0,0,0,0,0,0,0,0,0,0,0.8228155339805825,0,0,0,0,0,0,0,0,0,0,0,0,0,0,0,0,0,0,0,0,0,0,0,0,0,0,0,0,0,0,0,0,0
MOTU27801,0,0,0,0,0,0,0,0,0,0,0,0,0,0,0,0,0,0,0,0,0,0,0,0,0,0,0,0,0,0,0,0,0,0,0,0,0,0,0,0,0,0,0,0,0,0,0,0,1,0,0,0,0,0,0,0,0,0,0,0,0,0,0,0,0,0,0,0,0,0,0,0,0,0,0,0,0,0,0,0,0,0,0,0,0,0,0,0,0,0,0,0,0,0,0,0,0,0,0,0,0,0,0,0,0,0,0,0,0,0,0,0,0,0,0,0,0,0,0,0,0,0,0,0,0,0,0,0,0,0,0,0,0,0,0,0,0,0,0,0,0,0,0,0,0,0,0,0,0,0,0,0,0,0.2893364928909952,0,0,0,0,0,0,0,0,0,0,0,0,0,0,0,0,0,0,0,0,0,0,0,0,0,0,0,0,0,0,0,0,0,0,0,0,0,0,0,0,0,0,0,0,0,0,0,0,0
MOTU21791,0,0,0,0.001336898395721925,0,0,0,0,0,0,0,0,0,0,0,0,0,0,0,0,0,0,0,0,0,0,0,0,0,0,0,0,0,0,0,0,0,0,0,0,0,0,0,0,0,0,0,0,0,0,0,0,0,0,0,0,0,0,0,0,0,0,0,0,0,0,0,0,0,0,0,0,0,0,0,0,0,0,0,0,0,0,0,0,0,0,0,0,0,0,0,0,0,0,0,0,0,0,0,0,0,0,0,0,0,0,0,0,0,0,0,0,0,0,0,0,0,1,0,0,0,0,0,0,0,0,0,0,0,0,0,0,0,0,0,0,0,0,0,0,0,0,0,0,0,0,0,0,0,0,0,0,0,0,0,0,0,0,0,0,0,0,0,0,0,0,0,0,0,0,0,0,0,0,0,0,0,0,0,0,0,0,0,0,0,0,0,0,0,0,0,0,0,0,0,0,0,0,0,0,0,0,0
MOTU10467,0,0,0,0,0,0,0,0,0,0,0,0,0,0,0,0,0,0,0,0,0,0,0,0,0,0,0,0,0,0,0,0,0,0,0,0,0,0,0,0,0,0,0,0,0,0,0,0,0,0,0,0,0,0,0,0,0,0,0,0,0,0,0,0,0,0,0,0,0,0,0,0,0,0,0,1,0,0,0,0,0,0,0,0,0,0,0,0,0,0,0,0,0,0,0,0,0,0,0,0,0,0,0,0,0,0,0,0,0.36003956478733923,0,0,0,0,0,0,0,0,0,0,0,0,0,0,0,0,0,0,0,0,0,0,0,0,0,0,0,0,0,0,0,0,0,0,0,0,0,0,0,0,0,0,0,0,0,0,0,0,0,0,0,0,0,0,0,0,0,0,0,0,0,0,0,0,0,0,0,0,0,0,0,0,0,0,0,0,0,0,0,0,0,0,0,0.36386355116831187,0,0,0,0,0,0,0,0,0,0
MOTU11196,0,0,0,0,0,0,0,0,0,0,0,0,0,0,0,0,0,0,0,0,0,0,0,0,0,0,0,0,0,0,0,0,0,0,0,0,0,0,0,0,0,0,0,0,0,0,0,0,0,0,0.3568136932192232,0,0,0,0,0,0,0,0,0,0,0,0,0,0,0,0,0,0,0,0.42294186500195086,0,0,0,0,0,0,0,0,0,0,0,0,0,0,0,0,0,0,0,0,0,0,0,0,0,0,0,0,0,0,0,0,0,0,0,0,0,0.26805143422354105,0,0,0,0,0,0,0,0,0,0,0,0,0,0,0,0,0,0,0,0.5699263932702419,0,0,0,0,0,0,0,0,0,0,0,0,0,0,0,0,0,0,0,0,0,0,0,0,0,0,0,0,0,0,0,0,0,0,0,0,0,0,0,0,0,0,1,0,0,0,0,0,0,0,0,0,0,0,0,0,0,0,0,0,0,0,0,0,0,0,0,0,0,0,0,0,0,0
MOTU1404,0,0,0,0,0,0,0,0,0,0,0,0,0,0,0,0,0,0,0,0,0,0,0,0,0,0,0,0,0,0,0,0,0,0,0,0,0,0,0,0,0,0,0.4814285714285714,0,0,0,0,0,0,0,0,0,0,0,0,0,0.22244224422442244,0,0,0,0,0,0,0,0,0,0,0,0,0,0,0,0,0,0,0,0,0,0,0,0.05741667554041103,0,0,0,0,0,0.08002374591867023,0,0,0,0,0,0.6445355191256831,0.48752260397830016,0.26457311089303237,0.3455302787568087,0.09179434797412324,0.6090934764190906,0.1050867277333853,0.17079505859993666,0.7334058759521218,0.0880039170882977,0.13561368209255534,0.11416472580986661,0,0,0,0.432051282051282,1,0.8165789893193048,0,0,0,0,0,0,0,0,0,0,0,0,0,0,0,0,0,0,0,0,0,0,0,0,0,0,0,0,0,0,0,0,0,0,0,0,0,0,0,0,0,0,0,0,0,0,0,0,0,0,0,0,0,0,0,0,0,0,0,0,0,0,0,0,0,0,0,0,0,0.37706293706293703,0.06531007751937984,0.07707261292166952,0.04924200913242009,0,0.9149321266968325,0,0.21637239165329053,0,0.15266138165345414,0.23649122807017545,0.21430842607313197,0,0,0,0,0,0,0,0,0,0,0,0
MOTU1684,0,0,0,0,0,0,0,0,0,0,0,0,0,0,0,0,0,0,0,0,0,0,0,0,0,0,0,0,0,0,0,0,0,0,0,0,0,0,0,0,0,0,0,0,0,0.18307426597582038,0,0,0,0.09662716499544212,0.06978275181040158,0,0,0,0,0,0,0,0,0.1955719557195572,0,0,0,0,1,0,0.2535885167464115,0.16987179487179488,0,0.20355256841094574,0,0,0,0.11385606874328678,0,0,0,0,0,0,0.011287402832499202,0.10533289168598875,0.02227358688800168,0.20030234315948603,0,0,0,0.015773809523809527,0,0.04808346563846677,0,0.1593186372745491,0.036202185792349725,0,0,0,0,0.059870093194013,0,0,0.1441784548422198,0.03460094662967195,0,0,0,0,0,0.02123397435897436,0,0.033795632073967796,0,0,0,0,0,0,0,0,0,0,0,0.10631895687061184,0,0,0,0,0,0,0,0.08223429014740109,0,0.06539173349784085,0,0.060814687320711415,0.07171853856562924,0,0.07379046293073444,0.12226066897347175,0.11007268951194185,0.10311284046692608,0.05247524752475248,0,0,0,0,0.10739614994934145,0.06923579359895493,0,0,0,0,0,0,0,0.07290233837689133,0,0,0,0,0,0,0,0,0,0,0,0,0,0.07147673634524612,0,0,0,0,0.07191316146540026,0,0,0,0,0,0,0.07703488372093023,0,0.07744292237442923,0,0.05995475113122173,0,0.08507223113964688,0.043549712407559574,0.15005662514156284,0,0.02808691043985162,0,0.013245033112582783,0.0651305683563748,0.03716690042075736,0,0,0,0,0,0,0,0.005754302155149015
MOTU21707,0,0,0,0,0,0,0,0,0,0,0,0,0,0,0,0,0,0,0,0,0,0,0,0,0,0,0,0,0,0,0,0,0,0,0,0,0,0,0,0,0,0,0,0,0,0,0,0,0,0,0.4881500987491771,0,0,0,0,0,0,0,0,0,0,0,0,0,0,0,0,0,0,0,0,0,0,0,0,0,0,0,0,0,0,0,0,0,0,0,0,0,0,0,0,0,0.5064890710382514,0,0,0,0,0,0,0,0,0,0,0,0,0,0,0,0,0,0,0,0,0,0,0,0,0,0,0,0,0,0,0,0,0,0,0,0,0,0,0,0,0,0,0.8016216216216216,0,0,0,0,0,0,0,0,0,0,0,0,0,0,0,0,0,0,0,0,0,0,0,0,0,0,0,0,0,0,0,0,1,0,0,0,0,0,0,0,0,0,0,0,0,0,0,0,0,0,0,0,0,0,0,0,0,0,0,0,0,0,0,0,0,0,0
MOTU4151,0,0,0,0,0,0,0,0,0,0,0,1,0,0,0,0,0,0,0,0,0,0,0,0,0,0,0,0,0,0,0,0,0,0,0,0,0,0,0,0,0,0,0,0,0,0,0,0,0.0915915915915916,0.3058340929808569,0.11043449637919683,0,0,0,0,0,0,0,0,0,0,0,0,0,0,0,0,0,0,0,0,0,0,0,0,0,0,0,0,0,0,0,0,0,0,0,0,0,0,0,0,0,0,0,0.32924435721295386,0.1074975969240628,0,0,0,0,0.09126768226332971,0,0,0,0,0,0,0,0,0,0,0,0,0,0,0,0,0,0,0,0,0,0,0,0,0,0,0,0,0,0,0,0,0,0,0,0,0,0,0,0,0.5824652777777778,0,0,0,0,0,0,0,0,0,0,0,0,0,0,0,0,0,0,0,0,0,0,0,0,0,0,0,0,0,0,0,0,0,0,0,0,0,0,0,0,0,0,0,0,0,0,0,0,0,0.7884841363102233,0.083843558665500445,0.6184331797235023,0,0,0,0,0,0,0.05703195829555757,0.01926500143554407,0.018212909179740513
MOTU4445,0,0,0,0,0,0,0,0,0,0,0,0,0,0,0,0,0,0,0,0,0,0,0,0,0,0,0,0,0,0,0,0,0,0,0,0,0,0,0,0,0,0,0,0,0,0,0,0,0,0,0,0,0,0,0,0,0,0,0,0,0,0,0,0,0,0,0,0,0,0,0.3709194953830147,0,0,0,0,0,0,0,0,0,0,0,0,0,0,0,0.14109033343227467,0.070734126984127,0,0,0,0.15876196838120687,0,0,0,0,0.16184315060719554,0.13423703285324298,0,0,0.3879216539717084,0,0,0,0,0,0,0.19043803418803418,0,0.2273234497050853,0.06760536670933485,0.053649360421369446,0,0,0,0,0,0,0,0,0,0,0,0,0,0,0,0,0,0,0,0,0,0,0,0,0,0,0,0,0.23531353135313532,0,0,0,0,0,0,0.260885473838273,0,0,0,0,0,0,0,0,0,0,0,0,0,0,0,0,0,0,0,0,0,0,0,0,0,0,0,0,0,0,0,0.33240093240093244,0.11514857881136951,0,0.08681887366818875,0.14529522645065973,0,0,0,0,0.5383163457908645,0,0.1259494788906554,0.27927927927927926,0.23757757507601318,0.7301587301587302,1,0.23511953833470736,0,0,0.49462365591397855,0,0,0,0
MOTU4949,0,0,0,0,0,0,0,0,0,0,0,0,0,0,0,0,0,0,0,0,0,0,0,0,0,0,0,0,0,0,0,0,0,0,0.03403330919623461,0,0,0,0,0,0,0,0,0,0,0,0,0,0,0,0,0,1,0,0,0,0.03877887788778878,0,0,0.08671586715867159,0,0,0,0,0,0,0,0,0,0,0,0,0.03976311336717428,0,0,0,0,0,0,0,0,0,0,0,0,0,0,0,0,0,0,0,0,0,0,0,0,0,0,0,0,0,0,0,0,0,0,0,0,0,0,0,0,0,0,0,0,0,0,0,0,0,0,0,0,0,0,0,0,0,0,0,0,0,0,0,0,0.02710495963091119,0,0,0,0.04079861111111111,0.06464924346629987,0,0,0,0,0,0,0,0,0,0,0,0.032324621733149934,0,0,0,0,0,0,0,0,0,0,0,0,0,0.09507754551584627,0,0,0,0,0,0,0,0,0,0,0,0,0,0,0.007183249274033318,0,0,0,0,0,0,0,0,0,0,0,0,0,0,0,0,0,0,0
MOTU6205,0,0,0,0,0,0,0,0,0,0,0,0,0,0,0,0,0,0,0,0,0,0.04229607250755287,0,0,0,0,0,0,0,0,0,0,0,0,0,0,0,0,0,0,0,0,0,0,0,0,0,0,0,0,0,0,0,0,0,0,0,1,0,0,0,0,0,0,0,0,0,0,0,0.13442150744119058,0,0,0,0,0,0,0,0,0,0,0.014907890533489511,0,0,0,0,0,0,0,0,0,0,0,0,0,0,0,0.047667688117126315,0,0,0,0.03808487486398259,0,0,0,0,0,0,0.08413461538461539,0,0.04463574047505181,0,0,0,0,0,0,0,0,0,0,0,0,0,0,0,0,0,0,0,0,0,0,0,0.08032128514056225,0,0.15135135135135136,0,0.08073817762399078,0,0,0.06930693069306931,0,0,0,0,0,0,0,0,0,0,0,0,0,0,0,0,0,0,0,0,0,0,0,0,0,0,0,0,0,0,0,0.21406727828746178,0.09497964721845319,0,0,0,0,0,0,0.03391472868217054,0,0,0,0,0,0.056179775280898875,0,0,0,0,0.08225616921269095,0,0,0,0,0,0,0,0,0,0,0
MOTU6530,0,0,0,0,0,0,0,0,0,0,0,0,0,0,0,0,0,0,0,0,0,0,0,0,0,0,0,0,0,0,0,0,0,0,0,0,0,0,0,0,0,0,0,0,0,0,0,0,0,0,0,0,0,0,0,0,0,0,0,0,0,0,0,0,0,0,0,0,0,0,0,0,0,0,0,0,0,0,0,0,0,0,0,0,0,0,0,0.17564484126984128,0,0,0,0,0,0,0,0,0,1,0,0,0,0,0,0,0,0,0,0,0,0.18816090121685528,0,0,0,0,0,0,0,0,0,0,0,0,0,0,0,0,0,0,0,0,0,0,0,0,0,0,0,0,0,0,0,0,0,0,0,0,0,0,0,0,0,0,0,0,0,0,0,0,0,0,0,0,0,0,0,0,0,0,0,0,0,0,0,0,0,0,0,0,0,0,0,0,0,0,0,0,0,0,0.6683654209135523,0.5176900584795321,0,0,0,0,0,0.19461390491893377,0,0,0,0,0,0,0
MOTU6744,0,0,0,0,0,0,0,0,0,0,0,0,0,0,0,0,0,0,0,0,0,1,0,0.3349524387775754,0,0.033934100182485494,0.11340665364717167,0,0,0,0,0,0,0,0.26631265588542924,0,0,0,0,0,0,0,0,0,0,0,0,0,0,0,0,0,0,0,0,0,0,0,0,0,0,0,0,0,0,0,0,0,0,0,0,0,0,0,0,0,0,0,0,0,0,0,0,0,0,0,0,0,0,0,0,0,0,0,0,0,0,0,0,0,0,0,0,0,0,0,0,0,0,0,0,0,0,0,0,0,0,0,0,0,0,0,0,0,0,0,0,0,0,0,0,0,0,0,0,0,0,0,0,0,0,0,0,0,0,0,0,0,0,0,0,0,0,0,0,0,0,0,0,0,0,0,0,0,0,0,0,0,0,0,0,0,0,0,0,0,0,0,0,0,0,0,0,0,0,0,0,0,0,0,0,0,0,0,0,0,0,0,0,0,0,0,0
MOTU7903,0,0,0,0,0,0,0,0,0,0,0,0,0,0,0,0,0,0,0,0,0,0,0,0,0,0,0,0,0,0,0,0,0,0,0,0,0,0,0,0,0,0,0,0,0,0,0,0,0,0,0,0,0,0,0,0,0,0,0,0,0,0,0,0,0,0,0,0,0,0,0,0,0,0,0,0,0,0,0,0,0,0,0,0,0,0,0,0,0,0,0,0,0,0,0,0.2832425504645946,0,0.4992939847500706,0,0,0.24047878128400435,0,0,0,0,0,0,0.17708333333333331,0,0.14092140921409213,0,0,0,0,0,0,0,0,0,0,0,0,0,0,0,0,0,0,0,0,0,0,0,0,0,0,0,0,0,0,0,0,0,0,0,0,0,0,0,0,0,0,0,0,0,0,0,0,0,0,0,0,0,0,0,0,0,0,0,0,0,0,0,0,0,0,0,0,0,0,0,0.5054316752429959,0,0,1,0,0,0,0,0,0.23423423423423423,0,0,0,0,0,0,0,0,0,0,0,0
MOTU9590,0,0,0,0,0,0,0,0,0,0,0,0,0,0,0,0,0,0,0,0,0,0,0,0,0,0,0,0,0,0,0,0,0,0,0,0,0,0,0,0,0,0,0,0,0,0,0,0,0,0,0,0,0,0,0,0,0,0,0,0,0,0,0,0,0,0,0,0,0,0,0,0,0,0,0,0,0,0,0,0,0,0,0,0,0,0,0,0,0,0,0,0,0.015505464480874316,0,0.08910696761530912,0,0,0,0,0,0.01235038084874864,0,0,0,0,0,0,0,0.011226508407517308,0,0,0,0,0,0,0,0,0,0,0,0,0,0,1,0,0,0,0,0,0,0,0,0,0,0,0,0,0,0,0,0,0,0,0,0,0,0,0,0,0,0,0,0,0,0,0,0,0,0,0,0,0,0,0,0,0,0,0,0,0,0,0,0,0,0,0,0,0,0,0,0,0,0,0,0,0,0,0,0,0.07964912280701754,0,0,0,0,0,0,0,0,0,0,0,0,0
MOTU4682,0,0,0,0,0,0,0,0,0,0,0,0,0,0,0,0,0,0,0,0,0,0,0,0,0,0,0,0,0,0,0,0,0,0,0,0,0,0,0,0,0,0,0,0,0,0,0,0,0,0,0,0,0,0,0.5497416020671835,0.6516079632465545,0.3510726072607261,0,0,0,0,0,0,0,0,0,0,0,0,0,0,0,0,0,0,0,0,0,0,0,0,0,0,0,0,0,0,0.25327380952380957,0,0,0,0,0.5812841530054645,0,0,0,0,0,0,0,0,0.13889342255590012,0,0,0,0,0,0,0,0,0,0.09604966139954853,0.09570400359874044,0,0,0,0,0,0,0,0,0,0,0,0,0.3132131026867869,0,0,0,0,0,0.5249845774213449,0,0,0,0,0,0,0,0,0,0,0,0,0,0,0,0,0,0,0,0,0,0,0,0,0,0,0,0,0,0,0,0,0,0,0,0,0.5738368172623062,0,0,0,0,0,0,0,0,0,0,0,0,0.24328187535734705,0,0,0.24066742081447967,0,0,0,0,0,0,1,0.10633512432837687,0,0,0.14031327287716408,0.30911732655285146,0,0,0,0,0,0
MOTU31834,0,0,0,0,0,0,0,0,0,0,0,0,0,0,0.8668271159245888,1,0,0,0,0,0,0,0,0,0,0,0,0,0,0,0,0,0,0,0,0,0,0,0,0,0,0,0,0,0,0,0,0,0,0,0,0,0,0,0,0,0,0,0,0,0,0,0,0,0,0,0,0,0,0,0,0,0,0,0,0,0,0,0,0,0,0,0,0,0,0,0,0,0,0,0,0,0,0,0,0,0,0,0,0,0,0,0,0,0,0,0,0,0,0,0,0,0,0,0,0,0,0,0,0,0,0,0,0,0,0,0,0,0,0,0,0,0,0,0,0,0,0,0,0,0,0,0,0,0,0,0,0,0,0,0,0,0,0,0,0,0,0,0,0,0,0,0,0,0,0,0,0,0,0,0,0,0,0,0,0,0,0,0,0,0,0,0,0,0,0,0,0,0,0,0,0,0,0,0,0,0,0,0,0,0,0,0
MOTU2649,0,0,0,0,0,0,0.36800699300699297,0,0.9498025944726453,0,1,0,0,0,0.08443642198154833,0,0.17122173417927444,0,0.23440979955456567,0,0,0,0,0,0,0.0388448053146337,0,0,0,0,0.1511127063890883,0,0,0,0,0,0.0750445632798574,0,0,0,0,0,0,0,0,0,0.5242839352428393,0,0,0,0.5543120473996049,0,0,0,0,0,0,0,0,0,0,0,0,0,0,0,0,0,0,0,0,0,0,0,0,0,0,0,0,0,0,0,0,0,0,0,0,0,0,0,0,0,0,0,0,0,0,0,0,0,0,0,0,0,0,0,0,0,0,0,0,0,0,0,0,0,0,0,0,0,0,0,0,0,0,0,0,0,0,0,0,0,0,0,0,0,0,0,0,0,0,0,0,0,0,0,0,0,0,0,0,0,0,0,0,0,0.03995065477320174,0.042771512750177786,0,0,0,0,0,0,0,0,0,0,0,0,0,0,0,0,0,0,0,0,0,0,0,0,0,0,0,0,0,0,0,0,0,0,0,0,0,0,0,0,0,0,0,0,0
MOTU10459,0,0,0,0,0,0,0,0,0,0,0,0,0,0,0,0,0,0,0,0,0,0,0,0,0,0,0,0,0,0,0,0,0,0,0,0,0,0,0,0,0,0,0,0,0,0,0,0,0,0,0,0,0,0,0,0,0,0,0,0,0,0,0,0,0,0,0,0,0,0,0,0,0,0,0,0,0,0,0.37293669508434607,0,0,0,0,0.7770219198790628,0,0,0,0.305952380952381,0,0,0,0.3433533734134937,0,0,0,0,0,0,0,0,0,0,0,0,0.4061635717107862,0,0,0,0,0,0,0,0,0,0,0,0,0,0,0,0,0,0,0,0,0,0,0,0,0,0,0,0,0,0,0,0,0,0,1,0,0,0,0,0,0,0,0,0,0,0,0,0,0,0,0,0,0,0,0,0,0,0,0,0,0,0,0,0,0,0,0,0,0,0,0,0,0,0,0,0,0.5877644368210406,0,0,0,0,0,0.8447000821692686,0,0,0,0,0,0,0,0.6779884583676835,0,0,0,0,0,0,0
MOTU12660,0,0,0,0,0,0,0,0,0,0,0,0,0,0,0,0,0,0,0,0,0,0,0,0,0,0,0,0,0,0,0,0,0,0,0,0,0,0,0,0,0,0,0,0,0.1675704225352113,0,0,0.512823275862069,0,0.05422743846855059,0,0,0.6328457446808511,0,0.038428617571059434,0,0,0,0,0,0,0,0,0,0,0,0,0,0.1704512893982808,0,0,0,0,0,0,0,0,0,0.02158080899691638,0,0,0,1,0.044964096749811035,0,0,0,0,0,0.12143059650714447,0.02213076636904762,0.19868904475617905,0.04063353825136612,0,0.23351324828263,0,0.060763534218590404,0.050398898616210115,0.011593743909569285,0.07537218878682293,0.032365342763873775,0.009709074587889669,0,0,0,0,0,0.10724909855769231,0.02942012858555885,0.13276343057548223,0,0,0,0,0,0,0,0,0,0,0,0,0,0,0,0,0,0,0,0.04615011636927851,0,0.07339605181986429,0.0767250644883921,0.03412937464142283,0.16099458728010826,0.12862162162162163,0.10352854159415245,0.10291955017301038,0.1544327622014538,0.14466804474708173,0,0.051638454861111106,0,0,0,0,0,0,0,0,0,0,0,0,0,0,0,0,0,0,0,0,0,0,0,0,0,0,0.04011294672960216,0,0,0,0,0.0403578697421981,0,0,0,0,0,0.04159965034965035,0.201750242248062,0.11904302458547743,0.043461187214611875,0.036367109888430386,0.0672935520361991,0,0.023871388443017658,0,0.050527321630804076,0.13045504385964912,0.04728736089030207,0.06990305522914218,0.03716575034362114,0.05482718894009217,0.04171633941093969,0.029424979389942294,0,0,0.06190166493236213,0,0.006741557116953762,0,0
MOTU19644,0,0,0,0,0,0,0,0,0,0,0,0,0,0,0,0,0,0,0,0,0,0,0,0,0,0,0,0,0,0,0,0,0,0,0,0,0,0,0,0,0,0,0,0,0,0,0,0,0,0,0,0,0,0,0,0,0,0,0,0,0,0,0,0,0,0,0,0,0,0,0,0,0,0,0,0,0,0,0,0,0,0,0,0,0,0.5441114394259181,0,0,0,0,0,0,0,0,0,0,0,0,0,0,0,0,0,0,0,0,0,0.258213141025641,0,0,0,0,0,0,0,0,0,0,0,0,0,0,0,0,0,0,0,0,0,1,0,0,0,0,0,0,0,0,0,0,0,0,0,0,0,0,0,0,0,0,0,0,0,0,0,0,0,0,0,0,0,0,0,0,0,0,0,0,0,0,0,0,0,0,0,0.4557991513437058,0,0,0,0,0,0,0,0,0,0,0,0,0,0,0,0,0,0,0,0,0,0,0,0,0,0,0
MOTU20357,0,0,0,0,0,0,0,0,0,0,0,0,0,0,0,0,0,0,0,0,0,0,0,0,0,0,0,0,0,0,0,0,0,0,0,0,0,0,0,0,0,0,0,0,0,0,0,0,0,0,0,0,0,0,0,1,0,0,0,0,0,0,0,0,0,0,0,0,0,0,0,0,0,0,0,0,0,0,0,0,0,0,0,0,0,0,0,0,0,0,0,0,0,0,0,0,0,0,0,0,0,0,0,0,0,0,0,0,0,0,0,0,0,0,0,0,0,0,0,0,0,0,0,0,0,0,0,0,0,0,0,0,0,0,0,0,0,0,0,0,0,0,0,0,0,0,0.8530372305682561,0,0,0,0,0,0,0,0,0,0,0,0,0,0,0,0,0,0,0,0,0,0,0,0,0,0,0,0,0,0,0,0,0,0,0,0,0,0,0,0,0,0,0,0,0,0,0,0,0,0,0,0,0,0,0,0
MOTU2380,0,0,0,0,0,0,0,0,0,0,0,0,0,0,0,0,0,0,0,0,0,0,0,0,0,0,0,0,0,0,0,0,0,0,0,0,0,0,0,0,0,0,0,0,0,0,0,0,0.036001911001911004,0,0,0,0,0,0.0851905684754522,0.3029287901990812,0,0,0,0,0,0,0,0,0,0,0,0,0,0,0,0,0,0,0,0,0,0,0,0,0,0,0.027710653498634167,0,0,0,0,0,0,0,0,0,0,0,0,0,0,0,0,0,0,0,0,0,0,0,0,0,0,0,0,0,0,0,0,0,0,0,0,0,0,0,0,0,0,0,0,0,0,0,0,0,0,0,0,0,0,0,0,0,0,0,0,0,0,0,0,0,0,0,0,0,0,1,0,0,0,0,0,0,0,0,0,0,0,0,0,0,0.08892447741065408,0.10669498381877023,0,0,0,0,0.17513280212483398,0,0,0,0,0,0,0,0,0,0,0,0,0,0,0,0,0,0,0,0,0,0,0,0,0,0,0,0
MOTU2676,0,0,0,0,0,0,0,0,0,0,0,0,0,0,0,0,0,0,0,0,0,0,0,0,0,0,0,0,0,0,0,0,0,0,0,0,0,0,0,0,0,0,0,0,0,0,0,0,0.30364455364455367,0.6759343664539653,0,0,0,0,0,0,0.15294966996699672,0,0,0,0,0,0,0,0,0,0,0,0,0,0.14465470152165433,0,0.313663282571912,0.3982277121374866,0.5558470764617691,0.12731799450549453,0,0,0,0,0.15791715472260676,0.36841669426962576,0.46743013238075226,0,0.6815257352941176,0,0.6602849510240427,0,0.6008914100486223,0,0,0.18574649298597193,0.12662226775956284,0.16760849909584086,0,0.11879205382890098,0,0.1047020615645298,0.28902748002338724,0,0,0.06051085359882488,0.0932469818913481,0.15699767097183995,0,0.10356145251396648,0.08109142607174104,0.14853766025641024,0,0.2955125139486689,0,0,0.12508434547908232,0,0,0.5847791798107256,0,0,0,0.7035104364326376,0,0,0,0,0,0.2729112992270887,0.187058526740666,0,0,0.28762606671838636,0.17798847815650504,0,0.3187876182287188,0,0,0,0.1290462930734424,0,0,0.18032587548638132,0.5506188118811881,0.6436631944444444,0,0,0,0,0,0,0,0,0,0,0,0,0,0,0,0,0,0,0,0,0,0,0,0,0,0.8703051643192489,1,0.29995954692556637,0.9571858864027539,0,0.5668960244648318,0.5030529172320217,0,0,0,0,0,0.2592657342657343,0.4490673449612403,0,0,0.11332721992969585,0.10485011312217196,0.29779116465863453,0,0,0.41987542468856176,0.325219298245614,0.4911897191308956,0.21783196239717978,0.09265275521679371,0.34170506912442394,0,0.4279060181368508,0,0,0,0,0.084032184950136,0,0
MOTU26990,0,0,0,0,0,0,0,0,0,0,0,0,0,0,0,0,0,0,0,0,0,0,0,0,0,0,0,0,0,0,0,0,0,0,0,0,0,0,0,0,0,0,0,0,0,0,0,0,0,0,0,0,0,0,0,0,0,0,0,0,0,0,0,0,0,0,0,0,0,0,0,0,0,0,0,0,0,0,0,0,0,0,0,0,0,0,0,0,0,0,0,0,0,0,0,0,0,0,0,0,0,0,0,0,0,0,0,0,0,0.5164992826398852,0,0,0,0,0,0,0,0,0,0,0,0,0,0,0,0,0,0,0,0,0,0,0,0,0,0,0,0.9342560553633218,0,0,0,0,0,0,1,0,0,0.889132821075741,0,0,0,0,0,0,0,0,0,0,0,0,0,0,0,0,0,0,0,0,0,0,0,0,0,0,0,0,0,0,0,0,0,0,0,0,0,0,0,0,0,0,0,0,0,0,0,0,0,0,0,0,0,0,0
MOTU30868,0,0,0,0,0,0,0,0,0,0,0,0,0,0,0,0.6985192040721888,0,0,0,0,0,0,0,0,0,0,0,0,0,0,0,0,0,0,0,0,0,0,0,0,0,0,0,0,0,0,0,0,0,0,0,0,0,0,0,0,0,0,0,0,0,0,0,0,0,0,0,0,0,0,0,0,0,0,0,0,0,0,0,0,0,1,0,0,0,0,0,0,0,0,0,0,0,0,0,0,0,0,0,0,0,0,0,0,0,0,0,0,0,0,0,0,0,0,0,0,0,0,0,0,0,0,0,0,0,0,0,0,0,0,0,0,0,0,0,0,0,0,0,0,0,0,0,0,0,0,0,0,0,0,0,0,0,0,0,0,0,0,0,0,0,0,0,0,0,0,0,0,0,0,0,0,0,0,0,0,0,0,0,0,0,0,0,0,0,0,0,0,0,0,0,0,0,0,0,0,0,0,0,0,0,0,0
MOTU518,0,0,0,0,0,0,0,0,0,0.07338501291989664,0.123673792557403,0.10581222056631893,0,0,0.0018986495520791548,0.0010951719882770323,0,0,0,0,0,0,0,0,0,0,0.007297769554938842,0,0,0,0,0,0.010098854988976603,0,0,0,0,0,0,0,0,0,0.16904761904761906,0.428743961352657,0.39999999999999997,0.4496257915947035,0.26525529265255293,0.6630747126436782,0.10337610337610338,0.5609237313886356,0.08569234145271011,0.26296296296296295,0.25177304964539005,0,0.0917312661498708,0.01812149055640633,0.019526952695269526,0.16904761904761906,0.07293271700051361,0.34932349323493234,0.8528528528528528,0.6874135546334716,0.34658298465829845,0.2886178861788618,0.22327044025157233,0.7454068241469817,0.28309409888357256,0.4172008547008547,0.4746895893027699,0.011361817890862538,0,0.03480392156862745,0.5406091370558376,0.12710347296813462,0.07096451774112944,0.06501831501831502,0.26962025316455696,0.09149484536082475,0,0,0.002520143399708941,0,0,0.008944318468127993,0,0,0.02809933709310379,0.0035218253968253973,0,0.01610342481288274,0.008804563492063492,0.011857047428189712,0.03233151183970856,0.010699216395418928,0.1393523061825319,0,0.008058109181704687,0,0.013837458585071138,0.014993136944356457,0.03862894450489663,0.0038626842935640068,0.005952380952380953,0.030065636248147364,0,0.06610800744878957,0,0.05215010683760684,0.029261457303000327,0.045273393910409694,0,0.0013355906696764484,0.005323136902084271,0.08765432098765433,0,0,0,0,0,0.22454142947501582,0.17714570858283432,0.11868940153794717,0.16737388024516736,0.31277533039647576,0.13660413660413662,0.017421175315912158,0.11940800538176927,0.04262728146013448,0.06221521205748336,0.09180243082492888,0.04544727156345015,0.04380012338062924,0.05087417598165664,0.04073436603557086,0.2401894451962111,0.051171171171171176,0.17298990602158024,0.696078431372549,0.5775354794046383,0.126621271076524,0.0702970297029703,0.12326388888888888,0.130215497478221,0.04654211733857752,0,0.02397838568051334,0.06183322447202265,0.02597877789974387,0.023954116059379218,0,0.10782080485952923,0.018586387434554975,0,0,0.016276937184777625,0,0,0,0.0011713852042499835,0,0.0020796719390744,0,0,0,0,0,0,1,0.6064284108788492,0.2297734627831715,0.3666092943201377,0.19649446494464945,0.14475025484199797,0.11239258254183628,0.1257193448428508,0.008368694012258369,0.25393419170243203,0.15219721329046088,0.1443089430894309,0.0662004662004662,0.0458656330749354,0.02029731275014294,0.04754946727549467,0.025319680065209637,0.09370286576168929,0,0.009497057249866239,0,0.01340128350320876,0.031140350877192982,0.025083907436848615,0.08343125734430083,0.020700570619351075,0.021812596006144394,0,0.01170651277823578,0.025790047221213225,0.010537251409913921,0.024627124523066254,0.019383019383019385,0.0013410395889996978,0,0.002569531151041384
MOTU6739,0,0,0,0,0,0,0,0,0,0,0,0,0,0,0,0,0,0,0,0,0,0,0,0,0,0,0,0,0,0,0,0,0,0,0,0,0,0,0,0,0,0,0,0,0,0,0,0,0,0,0,0,0,1,0,0,0,0,0,0,0,0,0,0,0,0,0,0,0,0,0,0,0.10406091370558374,0,0,0,0,0,0,0,0,0,0,0,0,0,0,0,0,0,0,0,0,0,0,0,0,0,0,0,0,0,0,0,0,0,0,0,0,0,0,0,0,0,0,0,0,0,0,0,0,0,0,0,0,0,0,0,0,0,0,0,0,0,0,0,0,0,0,0,0,0,0,0.24188790560471976,0,0,0,0,0,0,0,0,0,0.0777251184834123,0.08459422283356258,0,0,0,0,0,0,0,0,0,0,0,0,0,0,0.2985436893203883,0,0,0,0,0,0,0,0,0,0,0,0,0,0,0,0,0,0,0,0,0,0,0,0,0,0,0,0,0,0,0,0,0
MOTU9962,0,0,0,0,0,0,0,0,0,0,0,0,0,0,0,0,0,0,0,0,0,0,0,0,0,0,0,0,0,0,0,0,0,0,0,0,0,0,0,0,0,0,0,0,0,0,0,0,0,0,0,0,0,0,0,0,0,0,0,0,0,0,0,0,0,0,0,0,0,0,0,0,0,0,0,0,0,0,0,0,0,0,0,0,0,0,0,0,0,0,0,0,0,0,0,0,0,0,0,0,0,0,0,0,0,0,0,0,0,0,0,0,0,0,0,0,0,0,0,0,0,0,0,0,0,0,0,0.3424591738712776,0,0,0,0.5864692576598808,0,0,0,0,0,0,0,0,0,0,0,0,0,0,0,0,0,0,0,0,0,0,0,0,0,0,0,0,0,0,0,0,0,0,0,0,0,0,0,0,0,0,0,0,0,0,0,0,0,0,0,0,0,0,0,0,0,0,0,0,0,0,1,0.1567463588898049,0,0,0,0,0,0,0
MOTU11532,0,0,0,0,0,0,0,0,0,0,0,0,0,0,0,0,0,0,0,0,0,0,0,0,0,0,0,0,0,0,0,0,0,0,0,0,0,0,0,0,0,0,0,0,0,0,0,0,0,0,0,0,0,0,0,0,0,0,0,0,0,0,0,0,0,0,0,0,0,0,0,0,0,0,0,0,0,0,0,0,0,0,0,0,0,0,0,0,0,0,0,0,0,0,0,0,0,0,0,0,0,0,0,0,0,0,0,0,0,0,0,0,0,0,0,0,0,0,0,0,0,0,0,0,0,0,0,0,0,0,0,0,0,0,0,0,0,0,0.6531671858774661,0,0,0,0,0,0,0,0,0,0,0,0,0,0,0,0,0,0,0,0,0,0,0,0,0,0,0,0,0,0,0,0,0,0,0,0,0,0,0,0,0,0,0,0,0.1922665443985939,0,0,0,0,0.35617214043035106,0,1,0,0,0,0,0,0,0,0,0,0,0,0
MOTU12565,0,0,0,0,0,0,0,0,0,0,0,0,0,0,0,0,0,0,0,0,0,0,0,0,0,0,0,0,0,0,0,0,0,0,0,0,0,0,0,0,0,0,0,0,0,0,0,0,0,0,0,0,0,0,0,0,0,0,0,0,0,0,0,0,0,0,0,0,0,0,0,0,0,0,0,0,0,0,0,0,0,0,0,0,0,0,0,0,0,0,0,0,0,1,0,0,0,0,0,0.35033259423503327,0.9026115342763874,0,0,0,0,0,0,0,0,0,0,0,0,0,0,0,0,0,0,0,0,0,0,0,0,0,0,0,0,0,0,0.6822948797038866,0,0,0,0,0,0,0,0,0,0,0,0,0,0,0,0,0,0,0,0,0,0,0,0,0,0,0,0,0,0,0,0,0,0,0,0,0,0,0,0,0,0,0,0,0,0,0,0,0,0,0,0,0,0,0,0,0,0,0,0,0,0,0,0,0,0,0,0,0,0,0
MOTU2491,0,0,0,0,0,0,0,0,0,0,0,0,0,0,0,0,0,0,0,0,0,0,0,0,0,0,0,0,0,0,0,0,0,0,0,0,0,0,0,0,0,0,0,0,0,0,0.058530510585305104,0,0,0,0,0,1,0,0,0,0,0,0,0,0,0,0,0,0,0.12335958005249344,0,0,0,0,0,0,0,0,0,0,0,0,0,0,0,0,0,0,0,0,0,0,0,0.05330006804264006,0.10491071428571429,0.07064128256513026,0,0,0,0,0,0,0,0,0,0,0,0,0,0,0,0.009415064102564102,0,0,0,0,0,0,0,0,0,0,0,0,0,0,0,0,0,0,0,0,0,0,0.02256361017762842,0.057988895743368296,0.040412725709372314,0.026965002868617326,0,0.025405405405405406,0.03271841280891055,0.02710495963091119,0,0,0,0,0,0,0,0,0,0,0,0,0,0,0,0,0,0,0,0,0,0,0,0,0,0,0,0,0,0,0,0,0,0,0,0.03188602442333786,0,0,0,0,0,0,0,0,0,0.007183249274033318,0.01329185520361991,0.03775100401606426,0,0,0.01330690826727067,0,0,0,0,0,0.03295932678821879,0,0.01707228478023974,0,0,0,0.002663191296464189,0,0
MOTU877,0,0,0,0,0,0,0,0,0,0,0,0,0,0,0,0,0,0,0,0,0,0,0,0,0,0,0,0,0,0,0,0,0,0,0,0,0,0,0,0,0,0,0.9583333333333334,0.7608695652173912,0.7230046948356808,0.4029936672423719,0.145288501452885,0.8045977011494253,0.1274001274001274,0.21270130659374048,0.09216589861751152,0.5185185185185185,0.7446808510638298,0.3794037940379404,0.09043927648578812,0.14293006636038796,0.04812981298129813,1,0.1078582434514638,0.25830258302583026,0,0.09681881051175657,0.09762900976290097,0.0948509485094851,0.330188679245283,0.12248468941382328,0.44657097288676234,0.3739316239316239,0.501432664756447,0.1232197151544247,0.13655872024970736,0.06862745098039215,0.11844331641285955,0.07518796992481203,0.06996501749125437,0,0.029535864978902954,0.03006872852233677,0,0,0,0,0,0,0,0,0,0,0,0,0,0,0,0.010548523206751054,0.022898266274124956,0.04485741749439282,0.02383384405856316,0.013178951332015439,0.022737608003638016,0.022172949002217293,0.057127312295973884,0,0,0.009880725527560167,0,0,0,0,0,0.007439290079175301,0,0,0,0,0,0,0,0,0,0,0.03493013972055888,0,0.06600660066006601,0,0,0,0.011772620248906828,0,0,0,0,0.028788813489615463,0.03009458297506449,0,0,0.05045045045045045,0.016243183663998146,0.06728181468665898,0.10903426791277257,0.05674448767833982,0.334983498349835,0.24305555555555555,0.2888583218707015,0,0,0.07092198581560284,0.0304811669932506,0.06403219904866447,0,0.04982206405693951,0.05315110098709187,0,0.02987622705932565,0.00737230121116377,0,0,0,0,0,0,0,0,0,0,0,0,0,0.1643192488262911,0.03146774556080018,0.056634304207119734,0.040160642570281124,0.04305043050430504,0,0.03165988240615106,0,0,0,0,0,0,0,0.013340956737183152,0,0,0.03959276018099547,0,0,0,0.00660626651566629,0.01023391812865497,0,0.027418723070896982,0,0.007168458781362007,0,0,0,0,0,0.009555009555009555,0.0013221517074644908,0.001339841133122787,0
MOTU8642,0,0.017820693986497094,0,0,0,0,0,0,0,0,0,0,0,0,0.00607033025805589,0.00700293074194046,0,0,0,0,0,0,0,0,0,0,0,0,0,0,0,0,0,0,0,0.09295659295659295,0,0,0.016510291657575095,0,0,0,0,0,0,0,0,0,0,0.1379519902765117,0,0,0,0,0,0,0,0,0,0,0,0,0,0,0,0,0,0,0,0,0,0,0,0,0,0,0,0,0,0,0,0,0,0,0,0,0,0,0,0,0,0,0,0,0,0,0,0,0.04424088871564997,0,0,0,0,0,0,0,0,0,0,0,0,0,0,0,0,0,0,0,0,0,0,0,0,1,0,0,0,0.027257444764649374,0,0,0,0,0,0,0,0,0,0,0,0,0,0,0,0,0,0,0,0,0,0,0,0,0,0.023907319641916797,0,0,0,0,0,0,0,0,0,0,0,0,0,0,0,0,0,0,0,0,0,0,0,0,0,0,0,0,0,0.011564521880890518,0,0,0,0,0,0,0,0,0,0,0,0,0,0,0,0,0,0,0
MOTU10179,0,0,0,0,0,0,0,0,0,0,0,0,0,0,0,0,0,0,0,0,0,0,0.1911929903392496,0,0,0,0,0,0,0,0,0,0,0,0,0,0,0,0,0,0,0,0,0,0,0,0,0,0,0,0,0,0,0,0,0,0,0,0,0,0,0,0,0,0,0,0,0,0,0,0,0,0,0,0,0,0,0,0,0,0,0,0,0,0,0,0,0,0,0,0,0,0,0,0,0,0,0,0,0,0,0,0,0,0,0,0,0,0,0,0,0,0,0,0,0,0,0,0,0,0,0,0,0,0,0,0,0,0,0,0,0,0,0,0.5757780784844385,0,0,0,0,0,0,0,0,0,0,0,0,0,0,0,0,0,0,0,0,0,0,0,0,0,0.07478031634446398,0,0,0,0,0,0,0,0,0,0,0,0,0,0,0,0,0,0,0,0,0,0,0,0,0,0,0,0,0,0,1,0,0,0,0,0,0,0,0,0,0,0
MOTU11263,0,0,0,0,0,0,0,0,0,0,0,0,0,0,0,0,0,0,0,0,0,0,0,0,0,0,0,0,0,0,0,0,0,0,0,0,0,0,0,0,0,0,0,0,0,0,0,0,0,0,0,0,0,0,0,0,0,0,0,0,0,0,0,0,0,0,0,0,0,0,0,0,0,0,0,0,0,0,0,0,0,0,0,0,0,0,0,0,0,0,0,0,0,0,0,0,0,0,0,0,0,0,0,0,0,0,0,0,0,0,0,0,0,0,0,0,0,1,0,0,0,0,0,0,0,0,0,0,0,0,0,0,0,0,0,0,0,0.007497116493656286,0,0,0,0,0,0,0,0,0,0,0,0,0,0,0,0,0,0,0,0,0,0,0,0,0,0,0,0,0,0,0,0,0,0,0,0,0,0,0,0,0,0,0,0,0,0,0,0,0,0,0,0,0,0,0,0,0,0,0,0,0,0,0,0,0
MOTU12070,0,0,0,0,0,0,0,0,0,0,0,0,0,0,0,0,0,0,0,0,0,0,0,0,0,0,0,0,0,0,0,0,0,0,0,0,0,0,0,0,0,0,0,0,0,0.24179620034542315,0,0,0,0,0,0,0,0,0.09043927648578812,0,0.05775577557755776,1,0,0,0,0,0,0,0,0,0,0,0,0,0,0,0,0.15037593984962405,0,0,0,0,0,0,0,0,0,0,0,0,0,0,0,0,0,0,0,0,0,0,0,0,0,0,0,0,0,0,0,0,0,0,0,0,0,0,0,0,0,0,0,0,0,0,0,0,0,0,0,0,0,0,0,0,0,0,0,0,0,0,0,0,0,0,0,0,0,0,0,0,0,0,0,0,0,0,0,0,0,0,0,0,0,0,0,0,0,0,0,0,0,0,0,0,0,0,0,0,0,0,0,0,0,0,0,0,0,0,0,0,0,0,0,0,0,0,0,0,0,0,0,0,0,0,0,0,0
MOTU12893,0,0,0,0,0,0,0,0,0,0,0,0,0,0,0,0,0,0,0,0,0,0,0,0,0,0,0,0,0,0,0,0,0,0,0,0,0,0,0,0,0,0,0,0,0,0,0,0,0,0,0.2554312047399605,0,0,0,0,0,0,0,0,0,0,0,0,0,0,0,0,0,0,0,0,0,0,0,0,0,0,1,0,0,0,0,0,0,0,0,0,0,0,0,0,0,0,0,0,0,0,0,0,0,0,0,0,0,0,0,0,0,0.19188921859545005,0,0,0,0,0,0,0,0,0,0,0,0,0,0,0,0,0,0,0,0,0,0,0,0,0,0,0,0,0,0,0,0,0,0,0,0,0,0,0,0,0,0,0,0,0,0,0,0,0,0,0,0,0,0,0,0,0,0,0,0,0,0,0,0,0,0,0,0,0,0,0,0,0,0,0,0,0,0,0,0,0,0,0,0,0,0,0,0,0,0,0,0,0,0
MOTU13619,0,0,0,0,0,0,0,0,0,0,0,0,0,0,0,0,0,0,0,0,0,0,0,0,0,0,0,0,0,0,0,0,0,0,0,0,0,0,0,0,0,0,0,0,0,0,0,0,0,0,0.5624314241825763,0,0,0,0,0,0,0,0,0,0,0,0,0,0,0,0,0,0,0,1,0,0,0,0,0,0,0,0,0,0,0,0,0,0,0,0,0,0,0,0,0,0,0,0,0,0,0,0,0,0,0,0,0,0,0,0,0,0,0,0,0,0,0,0,0,0,0,0,0,0,0,0,0,0,0,0,0,0,0,0,0,0,0,0,0,0,0,0,0,0,0,0,0,0,0,0,0,0,0,0,0,0,0,0,0,0,0,0,0,0,0,0,0,0,0,0,0,0,0,0,0,0,0,0,0,0,0,0,0,0,0,0,0,0,0,0,0,0,0,0,0,0,0,0,0,0,0,0,0,0,0,0
MOTU14181,0,0,0,0,0,0,0,0,0,0,0,0,0,0,0,0,0,0,0,0,0,0,0,0,0,0,0,0,0,0,0,0,0,0,0,0,0,0,0,0,0,0,0,0,0,0,0,0,0,0,0,0,0,0,0,0,0,0,0,0,0,0,0,0,0,0,0,0,0,0,0,0,0,0,0,0,0,0,0,0,0,0,0,0,0,0,0,0,0,0,0,0,0,0,0,0,0,0,0,0,0,0,0,0,0,0,0,0,0,0,0,0,0,0,0,0,0,0,0,0,0,0,0,0,0,0,0,0,0,0,0,0,0,0,0,0,0.3170901496693352,0,0,0,0,0,0,0,0,0,0,1,0,0,0,0,0,0,0,0,0,0,0,0,0,0,0,0,0,0,0,0,0,0,0,0,0,0,0,0,0,0,0,0,0,0,0,0,0,0,0,0,0,0,0,0,0,0,0,0,0,0,0,0,0,0,0
MOTU14622,0,0,0,0,0,0,0,0,0,0,0,0,0,0,0,0,0,0,0,0,0,0,0,0,0,0,0,0,0,0,0,0,0,0,0,0,0,0,0,0,0,0,0,0,0,0,0,0,0,0,0,0,0,0,0,0,1,0,0,0,0,0,0,0,0,0,0,0,0,0,0,0,0,0,0,0,0,0,0,0,0,0,0,0,0,0,0,0,0,0,0,0,0,0,0,0,0,0,0,0,0,0,0,0,0,0,0,0,0,0.7728359636537542,0,0,0,0,0,0,0,0,0,0,0,0,0,0,0,0,0,0,0,0,0,0,0,0,0,0,0,0,0,0,0,0,0,0,0,0,0,0,0,0,0,0,0,0,0,0,0,0,0,0,0,0,0,0,0,0,0,0,0,0,0,0,0,0,0,0,0,0,0,0,0,0,0,0,0,0,0,0,0,0,0,0,0,0,0,0,0,0,0,0,0,0,0
MOTU17570,0,0,0,0,0,0,0,0,0,0,0,0,0,0,0,0,0,0,0,0,0,0,0,0,0,0,0,0,0,0,0,0,0,0,0,0,0,0,0,0,0,0,0,0,0,0,0,0,0,0,0,0,0,0,0,0,1,0,0,0,0,0,0,0,0,0,0,0,0,0,0,0,0,0,0,0,0,0,0,0,0,0,0,0,0,0,0,0,0,0,0,0,0,0,0,0,0,0,0,0,0,0,0,0,0,0,0,0,0,0,0,0,0,0,0,0,0,0,0,0,0,0,0,0,0,0,0,0,0,0,0,0,0,0,0,0,0,0,0,0,0,0,0,0,0,0,0,0,0,0,0,0,0,0,0,0,0,0,0,0,0,0,0,0,0,0,0,0,0,0,0,0,0,0,0,0,0,0,0,0,0,0,0,0,0,0,0,0,0,0.531578947368421,0,0,0,0,0,0,0,0,0,0,0,0,0
MOTU2078,0,0,0,0,0,0,0,0,0,0,0,0,0,0,0,0,0,0,0,0,0,0,0,0,0,0,0,0,0,0,0,0,0,0,0,0,0,0,0,0,0,0,0,0,0,0,0,0,0,0,0,0,0,0,0,0.32465543644716693,0,0,0,0,0,0,0,0,1,0,0,0,0,0.10177628420547287,0,0,0,0,0,0,0,0,0,0,0,0,0.13364152132801008,0,0,0,0,0.06309523809523811,0,0,0,0,0.6516393442622951,0.2875226039783002,0.6241413150147204,0.06792694649150913,0.4330949948927477,0.059870093194013,0,0,0.2883569096844396,0.03460094662967195,0,0.04488672453948762,0,0,0,0.12740384615384617,0.05242334322453017,0.27036505659174237,0,0,0,0,0,0,0,0,0,0,0,0,0,0,0,0,0.10696266397578204,0,0,0,0.20355256841094574,0,0,0,0,0,0,0,0,0,0,0,0,0,0,0,0,0,0,0,0,0,0,0,0,0,0,0,0,0,0,0,0,0,0,0,0,0,0,0.17152103559870552,0,0,0,0,0,0,0,0,0,0.14825174825174825,0.05135658914728682,0.06060606060606061,0.03872146118721462,0,0,0.170281124497992,0,0,0.42015855039637595,0.4649122807017544,0.33704292527821944,0,0,0,0,0,0,0,0,0,0.01201269265639166,0,0
MOTU23988,0,0,0,0,0,0,0,0,0,0,0,0,0,0,0,0,0,0,0,0,0,0,0,0,0,0,0,0,0,0,0,0,0,0,0,0,0,0,0,0,0,0,0,0,0,0,0,0,0,0,0,0,0,0,0,0,0,0,0,0,0,0,0,0,0,0,0,0,0,0,0,0,0,0,0,0,0,0,0,0,0,0,0,0,0,0,0,0,0,0,0,0,0,0,0,0,0,0,0.1416877801598129,0,0,0,0,0,0,0,0,0.1456330128205128,0,0,0,0,0,0,0,0,0,0,0,0,0,0,0,0,0,0,0,0,0,0,0,0,0,0,0,0,0,0,0,0,0,0,1,0,0,0,0,0,0,0,0,0,0,0,0,0,0,0,0,0,0,0,0,0,0,0,0,0,0,0,0,0,0,0,0,0,0,0,0,0,0,0,0,0,0,0,0,0,0,0,0,0,0,0,0,0,0,0,0,0,0,0,0
MOTU28737,0,0,0,0,0,0,0,0,0,0,0,0,0,0,0,0,0,0,0,0,0,0,0,0,0,0,0,0,0,0,0,0,0,0,0,0,0,0,0,0,0,0,0,0,0,0,0,0,0,0,0,0,0,0,0,0,0,0,0,0,0,0,0,0,0,0,0,0,0,0,0,0,0,0,0,0,0,0,0,0,0,0,0,0,0,0,0,0,0,0,0,0,0,0,0,0,0,0,0.7873708828688365,0,0.5495103373231773,0,0,0,0,0,0,0,0,0,0,0,0,0,0,0,0,0,0,0,0,0,0,0,0,0,0,0,0,0,0,0,0,0,0,0,0,0,0,0,1,0,0,0,0,0,0,0,0,0,0,0,0,0,0,0,0,0,0,0,0,0,0,0,0,0,0,0,0,0,0,0,0,0,0,0,0,0,0,0,0,0,0,0,0,0,0,0,0,0.8859649122807017,0,0,0,0,0,0,0,0,0,0,0,0,0
MOTU2960,0,0,0,0,0,0,0,0,0,0,0,0,0,0,0,0,0,0,0,0,0,0,0,0,0,0,0,0,0,0,0,0,0,0,0,0,0,0,0,0,0,0,0,0,0,0,0,0,0,0,0,0,0,0,0,0,0,0,0,0,0,0,1,0,0,0.6272965879265092,0,0,0,0,0,0,0,0,0,0,0,0,0,0,0,0,0,0,0,0,0,0,0,0,0,0.01995657982631931,0,0,0,0,0,0,0.023289807055154942,0,0,0,0,0,0,0.30041899441340786,0,0,0,0.019049896381316756,0.016996159863461813,0,0,0,0,0,0,0,0,0,0,0.11985957873620863,0,0,0,0.131947000368053,0,0,0,0,0,0,0.05137575236457438,0,0.16170500676589988,0,0.08318830490776194,0.27566320645905423,0,0,0.11831683168316832,0,0,0,0,0,0,0.06558726673984633,0,0,0,0,0,0,0,0,0,0,0,0,0,0,0,0,0,0,0,0,0,0,0,0,0,0,0,0,0.25643776824034337,0.38424437299035374,0.24288617886178868,0,0,0,0,0,0,0,0,0,0.03383352208380522,0.10482456140350878,0,0,0,0,0,0,0,0,0,0,0,0,0
MOTU3363,0,0,0,0,0,0,0,0,0,0,0,0,0,0,0,0,0,0,0,0,0.2172233300099701,0,0,0,0,0,0,0,0,0,0,0,0,0,0,0,0,0,0,0,0,0,0,0,0,0,0,0,0,0,0,0,0,0,0,0,0,0,0,0,0,0,0,0,0,0,0,0,0,0,0,0,0,0,0,0,0,0,0,0,0,0,0,0,0,0,0,0,0,0,0,0,0,0,0,0,0,0.12305845806269418,0.169849931787176,0,0,0,0,0,0,0,0,0,0,0.13892874222859877,0,0,0,0,0.31713973799126643,0,0,0,0,0,0,0,0,0,0,0,0,0,0,0,0,0.2688155459592844,0.18733877901977647,1,0,0,0,0,0,0,0.21571782178217824,0,0,0,0,0,0,0,0,0,0,0,0,0,0,0,0,0,0,0,0,0,0,0,0,0.03511564187283424,0,0,0,0,0,0,0,0,0,0,0,0,0,0,0,0,0,0,0,0,0,0,0,0,0,0,0.05444833187554668,0,0,0,0,0,0,0,0.271603014505893,0.025021533161068046,0.07096520275772217
MOTU3366,0,0,0,0,0,0,0,0,0,0,0,0,0.02917358281776571,0,0.018612113918973123,0.005367885238315595,0.006290331326934549,0.0039603960396039604,0,0.03269447576099211,0,0,0,0,0.027784431137724552,0,0,0,0,0,0,0,0,0,0,0,0.2067736185383244,0.04687815720347545,0.07593279511237182,0,0,0,0,0,0,0.1001727115716753,0,1,0.03166803166803167,0,0,0,0,0,0,0,0,0,0,0,0,0.48132780082987553,0,0,0,0,0,0,0,0.0556889102256361,0.04525946156847445,0,0,0,0,0.03983516483516484,0,0,0,0,0,0,0,0,0,0,0,0,0,0,0,0,0,0,0,0,0.03949608443990466,0,0,0,0,0,0,0,0,0,0,0.023237179487179488,0,0,0,0,0,0,0,0,0,0,0,0,0,0,0,0,0,0.08538829591461171,0,0,0,0,0,0,0,0,0,0,0,0,0,0,0,0,0,0,0,0,0,0.06366630076838639,0.11740890688259109,0,0.08807896735003796,0,0,0,0,0.07527579493835172,0,0.011785024890785329,0,0,0,0,0,0,0,0,0,0,0,0,0,0,0,0,0,0,0,0,0,0,0,0,0,0,0,0,0,0,0,0,0,0,0,0,0,0,0,0,0,0,0,0,0
MOTU3441,0,0,0,0,0,0,0,0,0,0,0,0,0,0,0,0,0,0,0,0,0,0,0,0,0,0,0,0,0,0,0,0,0,0,0,0,0,0,0,0,0,0,0,0,0,0.915371329879102,0,0,0.05787605787605788,0,0,0,0,0,0,0,0,0,0,0,0,0,0,0,1,0,0,0,0,0,0,0,0,0,0,0,0,0,0,0,0,0,0,0,0,0,0,0,0,0,0,0,0,0,0,0.06792694649150913,0,0,0,0,0,0,0,0,0,0,0.046369203849518814,0,0,0,0,0,0,0,0,0,0,0,0,0,0,0,0.2998585572842999,0,0,0.15605447184394552,0,0,0,0,0,0,0,0,0,0.2291891891891892,0,0,0,0.10311284046692608,0.10495049504950496,0.18402777777777776,0.5832187070151307,0,0,0,0.13847158719790986,0,0,0,0,0.05549738219895289,0,0.033491311216429696,0.7290233837689133,0,0,0.10769074469165905,0,0,0.018629173989455187,0,0,0,0,0,0,0.49765258215962443,0.14295347269049224,0,0,0,0,0,0,0,0.9098712446351932,0,0,0,0,0,0,0,0,0,0,0,0,0,0,0,0,0,0,0,0,0,0,0,0.01201269265639166,0,0.01150860431029803
MOTU4205,0,0,0,0,0,0,0,0,0,0,0,0,0,0,0,0,0,0,0,0,0,0,0,0,0,0,0,0,0,0,0,0,0,0,0,0,0,0,0,0,0,0,0,0,0,0,0,0,0,0,0,0,0,0,0,0,0,0,0,0,0,0,0,0,0,0,0,0,0,0,0,0,0,0,0,0,0,0,0,0,0,0,0,0,0,0,0,0,0,0,0,0,0,0,0,0,0,0,0,0,0,0,0,0,0,0,0,0,0,0,0,0,0,0,0,0,0,0,0,0,0,0,0,0,0,0,0,0,0,0,0,0,0,0,0,0,0,0,0,0,0,0,0,0,0,0,0,0,0,0,0,0,0,0,0,0,0,0,0,0,0,0,0,0,0,0,0,0,0,0,0,0,0,0,0,0,0,0,0,0,0,0,0,0,0,0,0,0,0.4303510758776897,1,0.7048224695283519,0,0,0,0,0,0,0,0,0,0,0,0
MOTU5490,0,0,0,0,0,0,0,0,0,0,0,0,0,0,0,0,0,0,0,0,0,0,0,0,0,0,0,0,0,0,0,0,0,0,0,0,0,0,0,0,0,0,0,0,0,0,0,0,0.21184821184821187,0,0,0,0,0,0,0,0,0,0,0,0,0,0,0,0,0,0,0,0,0,0,0,0,0,0,0.7994505494505495,0.9822784810126582,1,0,0,0,0,0,0,0,0,0,0,0,0,0,0,0,0,0,0,0,0,0,0,0,0,0,0,0,0,0,0,0,0,0,0,0,0,0,0,0,0,0,0,0,0,0,0,0,0.2856091277143909,0,0,0,0,0,0,0,0,0,0,0,0,0,0,0,0,0,0,0,0,0,0,0,0,0,0,0,0.2451816745655608,0,0,0,0,0,0,0,0,0,0,0,0,0,0,0,0,0,0,0,0,0,0,0,0,0,0,0,0,0,0,0,0,0,0,0,0,0,0,0,0,0,0,0,0,0,0,0,0,0
MOTU6310,0,0,0,0,0,0,0,0,0,0,0,0,0,0,0,0,0,0,0,0,0,0,0,0,0,0,0,0,0,0,0,0,0,0,0,0,0,0,0,0,0,0,0,0,0,0,0,0,0,0,0,0,0,0,0,0,0,0,0,0,0,0,0,0,0,0,0,0,0,0,0,0,0,0,0,0,0,0,0,0,0,0,0,0,0,0,0,0,0,0,0,0,0,0,0,0,0,0,0,0,0,0,0,0,0,0,0,0,0,0,0,0,0,0,0,0,0,0,0,0,0,0,0,0,0,0,0,0,0,0,0,0,0,0,0,0,0,1,0.18006230529595013,0.1686770428015564,0,0,0,0,0,0,0,0,0,0,0,0,0,0,0,0,0,0,0,0,0,0,0,0,0,0,0,0,0,0,0,0,0,0,0,0,0,0,0,0,0,0,0,0,0,0,0,0,0,0,0,0,0.04333374984380857,0,0,0,0,0,0,0,0,0,0
MOTU833,0,0,0,0,0,0,0,0,0,0,0,0,0,0,0,0,0,0,0,0,0,0,0,0,0,0,0,0,0,0,0,0,0,0,0,0,0,0,0,0,0,0,0,0,0.04918743228602384,0,0,0.11289787798408488,0.004767004767004767,0,0,0.19401709401709402,0,0.141963727329581,0.033840190816935005,0,0.007203604975882204,0,0,0.06443372126028953,0.3146223146223146,0.21736354931375676,0.3653041519150306,0.0709818636647905,0.16473149492017417,0.274984857662023,0.4177401545822598,0.16789940828402367,0.20013224597751816,0.13412607555670444,0.12263273207479217,0.12839366515837103,0.07386437589483275,0,0,0.0059964074387151315,0,0.022501982553528945,0.006334677475617073,0,0.007437562969455206,0.01735164471169771,0.025684128857064347,0.013198441769870341,0.03209841628959276,0,0,0,0,0.019802152938918648,0.025984432234432232,0.023328708699450185,0.017890920554854983,0.007894004729447767,0.08567977655318186,0,0.005945365495927293,0,0.010209435857457686,0,0,0.002849932831979511,0,0,0.006899066954381059,0,0,0,0,0,0,0,0,0,0,0,0,0,0,0,0,0,0.1481884452181482,1,0.12598512598512598,0,0,0,0.018361239181428454,0.10837262039744584,0.025148639166882085,0.010772078014520951,0.022521330775844964,0.06010856613266252,0.0708858124284376,0.047193347193347196,0.1094005194248842,0.19133173631443529,0.05439731607955907,0.042464830888955404,0.03457730388423458,0,0,0.017169654337795933,0.010778727445394112,0.035383056659652405,0.022810631563080944,0,0.01767362192463407,0,0,0,0,0,0,0,0,0,0,0,0,0,0,0,0,0,0,0.04098952690501986,0,0,0,0,0,0.011846362592631249,0,0,0.03747111257840872,0,0,0,0,0,0,0,0,0,0,0,0.009887620872898337,0,0.004626798744445803,0.010259423302901563,0.004363748209805938,0.010729055890346213,0,0,0,0.046647030618535514,0,0.028602028602028602,0,0,0
MOTU8525,0,0,0,0,0,0,0,0,0,0,0,0,0,0,0,0,0.05335936229054823,0,0,0,0,0,0,0,0,0,0,0,0,0,0,0,0,0,0,0.30221130221130216,0,0,0,0,0,0,0,0,0,0,0,0,0,0.4484958979033728,0.16194865042791307,0,0,0,0.31782945736434104,0,0,0,0,0,0,0,0,0,0,0,0,0,0,0,0,0,0,0,0,0,0,0,0,0,0,0,0,0,0,0,0,0,0,0,0,0,0,0,0,0,0,0,0,0,0,0,0,0,0,0,0,0,0,0,0,0,0,0,0,0,0,0,0,0,0,0,0,0,0,0,0.4964682139253279,0,0.25867507886435326,0.3816912335143522,0,0,0,0,0,0,0,0,0,0,0,0,0,0,0,0,0,0,0,0,0,0,0,0,0,0,0.046688176124501796,0,0,0,0,0,0,0,0,0,0,0,0,0,0,0,0,0,0,0,0,0,1,0,0,0,0,0,0,0,0,0,0,0,0,0,0,0.30230414746543777,0,0,0,0,0,0,0,0,0
MOTU8975,0,0,0,0,0,0,0,0,0,0,0,0,0,0,0,0,0,0,0,0,0,0,0,0,0,0,0,0,0,0,0,0,0,0,0,0,0,0,0,0,0,0,0,0,0,0,0,0,0,0,0,0,0,0,0,0,0,0,0,0,0,0,0,0,0,0,0,0,0,0,0,0,0,0,0,0,0,0,0,0,0,0,0,0,0,0,0,0,0,0,0,0,0,0,0,0,0,0,0,0,0,0,0,0,0,0,0,0,0,0,0,0,0,0,0,0,0,0,0,0,0,0,0,0,0,0,0,0,1,0,0,0,0,0,0,0,0,0,0,0,0,0,0,0,0,0,0,0,0,0,0,0,0,0,0,0,0,0,0,0,0,0,0,0,0,0,0,0,0,0,0,0,0,0,0,0,0,0,0,0,0,0,0,0,0,0,0,0,0,0,0.10079491255961845,0,0,0,0,0,0,0,0,0,0,0,0
MOTU9204,0,0,0,0,0,0,0,0,0,0,0,0,0,0,0,0,0,0,0,0,0,0,0,0,0,0,0,0,0,0,0,0,0,0,0,0,0,0,0,0,0,0,0,0,0,0,0,0,0,0,0.3734913320166776,0,0,0,0,0,0,0,0,0,0,0,0,0,0,0,0,0,0,0,0,0,0,0,0,0,0,0,0,0,0,0,0,0,0,0,0,0,0.9195029713668287,0,0,0,0,0,0,0,0,0,0,0,0.15433442147261517,0,0,0,0,0,0,0,0,0,0,0,0,0,0,0,0,0,0,0,0,0,0,0,0.8186628186628186,0,0,0,0,0.44013447116627874,0,0,0,0,0,0,0,0,0,0,0,0,0,0,0,0,0,0,0,0,0.4307770184763351,0,0,0,0,0,0,0,0,0,0,0,0,0,0,0,0,0,0,0,0,0,0,0,0,0,0,0,0,0,0,0,0,0,0,0,0,0,0,0,0,1,0,0,0,0,0,0,0,0,0,0,0
MOTU15774,0,0,0,0,0,0,0,0,0,0,0,0,0,0,0,0,0,0,0,0,0,0,0,0,0,0,0,0,0,0,0,0,0,0,0,0,0,0,0,0,0,0,0,0,0,0,0,0,0,0,0,0,0,0,0,0,0,0,0,0,0,0,0,0,0,0,0,0,0,0,0,0,0,0,0,0,0,0,0,0,0,0,0,0,0,0,0,0,0,0,0,0,0,0,0,0,0,0,0,0,0,0,0,0,0,0,0,0,0,0,0,0,0,0,0,0,0,0,0,0,0,0,0,0,0,0,0,0,0,0,0,0,0,0,0,0,0,0,0,0,0,1,0,0,0,0,0,0,0,0,0,0,0,0,0,0,0,0,0,0,0,0,0,0,0,0,0,0,0.7768037761294674,0,0,0,0,0,0,0,0,0,0,0,0,0,0.2104109589041096,0,0,0,0,0,0,0,0.30524642289348175,0,0,0,0,0,0,0,0,0,0.06527651858567543,0,0
MOTU8398,0,0,0,0,0,0,0,0,0,0,0,0,0,0,0,0,0,0.013178559235233867,0,0,0,0,0,0,0,0.035615427200590515,0,0,0,0,0,0,0,0,0,0,0,0,0,0,0,0,0,0,0,1,0,0.8318965517241379,0,0,0,0,0,0,0,0.29555895865237364,0.31848184818481845,0,0,0,0,0,0,0,0,0,0,0,0,0,0,0,0,0,0,0,0,0,0,0,0,0,0,0,0,0,0,0,0,0,0,0,0.26366120218579236,0,0,0,0,0,0,0,0,0,0,0,0,0,0,0,0,0,0,0,0.08681961313540261,0,0,0,0,0,0,0,0.5778443113772456,0,0,0,0,0.4262053735737946,0.3895055499495459,0.2780979827089337,0,0,0,0,0.16595012897678418,0,0,0,0,0,0,0,0,0,0,0,0,0,0.2521227955584585,0,0,0,0,0,0,0,0,0,0,0,0,0,0,0,0,0,0,0,0,0,0,0.3122977346278317,0,0,0,0,0,0,0,0,0,0,0,0,0,0.05899434510163533,0,0,0,0,0,0,0,0,0.04823191303261277,0,0,0,0,0,0,0,0,0,0
MOTU10304,0,0,0,0.29411764705882354,0.139990210474792,0.3054467782128872,1,0.3522167487684729,0.5645798082346306,0,0,0,0.11508475428801368,0.029357421474029973,0.10324909747292418,0.13896344285053217,0.05428122119190933,0.1904062820075111,0.15924276169265034,0.04030439684329199,0,0.043202416918429,0.22489328240844753,0.0651183970856102,0.5137724550898204,0.29027495847942425,0.1322849213691027,0,0,0.05192447349310094,0.10265613783201723,0,0,0,0,0.08783783783783783,0,0.02889472620731461,0,0,0,0,0,0,0,0,0,0,0,0,0,0,0,0,0,0,0,0,0,0,0,0,0,0,0,0,0,0,0,0,0,0.21029411764705883,0,0,0,0,0,0,0,0,0,0,0,0,0,0,0,0,0,0,0,0,0.04883879781420765,0,0,0,0,0,0,0,0,0,0,0,0,0,0,0,0,0,0,0,0,0,0,0,0,0,0,0,0,0,0,0,0,0,0,0,0,0,0,0,0,0,0,0,0,0,0,0,0,0,0,0,0,0,0,0,0,0,0,0,0,0,0,0,0.027139874739039664,0.029056182058315554,0.021233419124925757,0.026981132075471696,0.03769771528998243,0.19429347826086957,0,0,0,0,0,0,0.0964261631827377,0,0,0,0,0,0,0,0,0,0,0,0,0,0.026118721461187214,0,0.04044117647058824,0,0,0,0,0,0,0,0,0,0,0,0,0,0,0,0,0,0
MOTU1880,0,0,0,0,0,0,0,0,0,0,0,0,0,0,0,0,0,0,0,0,0,0,0,0,0,0,0,0,0,0,0,0,0,0,0,0,0,0,0,0,0,0,0,0,0,0.4579323957562299,0.08254758939690446,1,0,0,0,0,0,0.5389082462253194,0,0,0,0,0,0,0,0,0,0,0,0,0,0,0,0.5409779850490364,0.7500139345632907,0.3899159663865546,0.22431713802272177,0.07119840417369955,0.09937888198757763,0.04552590266875981,0.20976491862567812,0,0,0,0,0,0,0,0,0,0,0,0,0,0,0,0,0,0,0,0,0,0,0,0,0,0,0,0,0,0,0,0,0,0,0,0,0,0,0,0,0,0,0,0,0,0,0,0,0.02439665597560334,0.0334438518091394,0,0,0,0,0,0,0,0,0,0,0,0,0,0,0,0,0,0,0,0.04329569842306616,0,0.0670908039329092,0,0.05033083848573598,0,0,0,0,0,0,0,0,0,0,0,0,0,0,0,0,0,0,0,0,0,0,0,0,0,0,0,0,0,0,0,0,0,0,0,0,0,0,0,0,0,0,0,0,0,0,0,0,0,0,0,0
MOTU23319,0,0,0,0,0.4395496818404308,0.21312448083541002,0,0.7372742200328407,0,0,0,0,0.04516875408681656,0,0,0.16621934289680704,0.24347920394772518,0.06131785592352339,1,0,0,0,0.2017524151875983,0,0,0.16571323122347298,0,0,0,0,0,0,0,0,0,0.5515970515970516,0.6402852049910873,0.5443523944231158,0.195941523019856,0,0,0,0,0,0,0,0,0,0,0,0,0,0,0,0,0,0,0,0,0,0,0,0,0,0,0,0,0,0,0,0,0,0,0,0,0,0,0,0,0,0,0,0,0,0,0,0,0,0,0,0,0,0,0,0,0,0,0,0,0,0,0,0,0,0,0,0,0,0,0.14315319623784473,0,0,0,0,0,0,0,0,0,0,0,0.9007021063189569,0,0,0,0,0.9061553985872857,0,0,0.6966640806826998,0.8622179548727796,0,0.772141014617369,0,0,0,0.9376957883745215,0,0,0,0,0,0,0,0,0,0,0.4928649835345774,0.9089068825910932,0,0,0,0,0,0,0,0,0,0,0.08471698113207547,0,0,0,0,0,0,0,0,0,0,0,0,0,0,0,0,0,0,0,0,0,0,0,0,0,0,0,0,0,0,0,0.5276145710928319,0,0.27588325652841783,0.31486676016830295,0,0,0,0,0,0.10176790571169538,0,0
MOTU304,0,0,0,0,0,0,0,0,0,0,0.0057219048291817145,0.017950237951456796,3.029176013638024e-4,0,4.831371706950465e-4,0,3.2657148922041944e-4,2.05609588006615e-4,0,0,0,0,0,0,0,0,0,0,0,0,0.004323262622192215,0,0.0012848954198237156,0,0,0,0,0.0024337461437517697,0.0013140529855364947,0,0,0,0.021508231545406264,0,0.01696423896539086,0,0.007499756952320989,0,0.0016440908634217186,0,0.001982325488055877,0,0.0640670726884442,0.04896182790824191,0.0038903777989106945,0,0,0.04301646309081253,0.00927936029693953,0.0333337905869765,0,0,0,0.024480913954120956,0,0,0,0,0,0.0028911689067276786,0,0,0.04585511293944483,0.012937282132575197,0,0,0,0,0,0,0,0,0,0,0,0,0,8.961763143919279e-4,0,0,0,0,0,0.002722560955114717,0.005910014556146962,0,0,0,0,0,0.006553106455618884,0,0,0.0012751015949002233,0,0,0,0.004825564769802688,0.001489195062491037,9.600358413380766e-4,0,0,0,0,0,0,0,0,0,0,0,0,0.06814489202504956,0,0,0.008866109433513073,0.027346490158639655,0.021694181674040903,0.02533040939101474,0.014016225367060717,0.011564675626910714,0.02600625159099092,0.03883687553340771,0.027641100781244998,0.036671680307458585,0.19206269466492515,0.02934642104350594,0.07293448759341917,0.39710940485703367,0.46866185468589533,0.01788803415657551,0.08887081784386616,0.4638914314057363,0.7579695364674146,1,0.018304877910984056,0.15340946340681674,0.013221305889602096,0.024381800942160952,0.012859013877680616,0.00914548949538915,0.007882597948578214,0,0,0,0,5.714846111893865e-4,0.001223672626783248,0,0,0,0,0,0,0,0,0,0.04241059741347715,0.02842625342481206,0.034106904392391814,0,0.011111263528992167,0.004604208587701647,0.028599819422656908,0,0.004259055751565597,0,0,0,0,0,0,0,9.204195067574132e-4,0,0,0,0,0,0,0,0.05307554200394026,0.033110260232338526,0.05365494321004575,0,0,0,0,0,0,0.027640905000556104,0.007953661277772976,0.06800061914143972
MOTU3195,0,0,0,0.13142739613327847,0,0.05055179779280883,0.18618881118881117,0.17487684729064037,0,0,0,0,0.02142749358684171,0.02186409361527407,0,0.00985654789449329,0,0.02181631956299078,0,0,0,0.06435045317220543,0,0,0.10203592814371257,0,0,0,0,0,0,0,0,0,0,0,0,0,0.13942832205978617,0,0,0,0,0,0,0,0,0,0,0,0,0,0,0,0,0,0,0,0,0,0,0,0,0,0,0,0,0,0,0,0,0,0,0,0,0,0.13481012658227848,0,0,0,0.04536258119476094,0,0,0,0,0,0.06322350845948353,0,0,0,0,0,0,0,0,0,0,0,0,0,0.05794341675734494,0.13905663456830425,0,0.18039381748888417,0.0841564598972738,0.29748603351955305,0.3261154855643044,0,0,0,0.015147205233963875,0,0.023954116059379218,0,0,0,0,0,0,0,0,0,0,0,0,0.0783952889216047,0,0.07672910662824207,0,0,0,0,0,0,0,0,0,0.12283737024221453,0.11059190031152648,0.10359922178988326,0,0.36979166666666663,0.29298486932599727,0,0,0,0,0.11690450054884742,0,0,0.3234624145785877,0.05575916230366493,0,0,0,0.1382219338092148,0.12127538432340101,0.10819871990246875,0,0.040188679245283014,0.018717047451669598,0,0,0,0,0,0,1,0.14362778152393796,0,0,0,0,0,0,0,0,0,0,0,0.05159883720930233,0,0.07780821917808219,0.03255387436955525,0.30118778280542985,0,0,0,0.12061155152887883,0.3736842105263158,0,0.12514688601645121,0.053230038735474196,0,0,0,0,0,0,0,0.012069356300997279,0,0
MOTU4842,0,0,0,0,0,0,0,0,0,0,0,0,0,0,0,0.07107820453493753,0.04164633154384253,0.08521679754182315,0.42761692650334077,0.10822998872604284,0.09571286141575273,0,0,0,0,0,0.05920444033302497,0,0,0,0,0,0,0,0,0,0,0,0,0,0,0,0,0,0,0,0,0,0,0,0,0,0,0,0,0,0,0,0,0,0,0,0.401673640167364,0,0,0.5039370078740157,0,0.6153846153846154,0.27507163323782235,0,0,0.2823529411764706,0,0,0,0,0,0,0,0,0.24534128420828452,0.06359721762172905,0.2017230510611473,0.07256235827664399,0,0,0,0,0,0,0.21428571428571427,0.12825651302605212,0.3934426229508197,0.0867992766726944,0,0,0.26149131767109296,0.16266591358373342,0.18709803157279284,0.060817231548938866,0.1044613710554951,0.06267341276317938,0,0,0,0,0,0.07692307692307693,0.142433234421365,0.03060736489717838,0,0,0.021592442645074227,0,0,0,0,0,0,0,0,0,0,0,0,0,0.1937436932391524,0,0,0,0,0,0,0.11015490533562822,0,0.10378378378378379,0.13365819700661333,0,0,0.1867704280155642,0,1,0.5281980742778543,0,0,0,0,0,0,0.13665480427046264,0,0,0,0,0,0,0,0,0,0,0,0,0,0,0,0,0,0,0.1294672960215779,0,0,0,0,0,0,0,0,0,0,0.13426573426573427,0,0,0,0.058688674919761576,0.16289592760180996,0.4626506024096386,0.07704654895666133,0,0.2718006795016988,0.25263157894736843,0,0.1128084606345476,0.047982006747469705,0.11797235023041475,0,0,0,0,0,0,0,0,0
MOTU508,0,0,0,0,0.01442323380649372,0.010490091372967842,0,0,0,0,0,0.1317436661698957,0.008892912831346512,0,0,0,0,0.0030180949129395697,0,0,0,0,0,0,0,0,0,0,0,0,0,0,0,0,0.1280231716147719,0,0,0,0.03857735108007855,0,0,0,0,0,0,0,0,0,0.04826644826644827,0,0,0,0,0,0,0,0,0,0,0,0,0,0,0,0,0,0,0,0,0,0,0,0,0,0,0,0.0559493670886076,0,0.04810448031924542,0,0.11295921627089767,0,0.07430132380752259,0,0,0.14926129168425495,0.4460670822202434,0.2104761904761905,0.4298217179902756,0.18044908142435925,0.06577380952380953,0.20668002672010688,0,0,0.08675171736997056,0.11329702018583787,0.03009874021109976,0.04992939847500706,0.2067433248879361,0.14000633512828636,0.3126224156692057,0.24527501224090092,0.13340040241448692,0.5053567647681558,0.3143421572500988,0.07407821229050279,0.9087489063867016,0.40729166666666666,0.4153313550939664,0.26775067750677506,0.11315602332527379,0.05986455981941309,0.5169590643274854,0.4365432098765432,0.12867540029112082,0.06971608832807571,0,0,0,0,0,0,0.2500707213578501,0,0,0.22775119617224882,0.3122098890010091,0.2229106628242075,0.04647739221871714,0,0.04243879020643303,0.21813695249845774,0,0,0,0,0,0,0,0.21498054474708173,0,0.0767361111111111,0.24319119669876205,0,0,0,0.5774003919007186,0.4366630076838639,0.08947368421052632,0,0.20136674259681092,0.023141361256544507,0,0.013965244865718799,0.3039889958734525,0.05736534717715769,0.00838868855570317,0.008981001727115717,0,0.008339622641509434,0.007768014059753955,0,0,0,0,0,0,0,0,0,0,0,0,0,0,0,0,0,0,0.8654545454545456,0.38546511627906976,0.5559748427672957,0.40365296803652967,0.24319119669876205,1,0.14200803212851407,0.1418940609951846,0.18159408381265407,0.17519818799547,0,0,0.727144535840188,0.044183431213295016,0.24442396313364056,0,0.04372629843363562,0.032110424990919,0,0,0,0,0,0
MOTU17629,0,0,0,0,0,0,0,0,0,0,0,0,0,0,0,0,0,0,0,0,0,0,0,0,0,0,0,0,0,0,0,0,0,0,0,0,0,0.13497676298242067,0,0,0,0,0,0,0,0,0,0,0,0,0,0,0,0,0,0,0,0,0,0,0,0,0,0,0,0,0,0,0,0,0,0,0,0,0,0,0,0,0,0,0.07113193483122138,0,0,0,0,0,0,0,0,0,0,0.22311289245156982,0,0,0,0,0,0,0,0,0,0,0.16800804828973842,0,0.26392730146187277,0,0.2922134733158355,0.2676282051282051,0,0,0.09500782250035557,0.037697516930022566,0.15024741340530814,0,0,0,0,0,0,0,1,0,0,0,0,0,0,0,0,0,0,0,0,0,0,0,0,0,0,0,0,0,0,0,0,0,0,0,0,0,0,0,0,0,0,0.43348475016223226,0,0,0,0,0,0,0,0,0,0,0,0,0,0,0,0,0,0,0,0,0,0,0,0,0,0,0,0,0,0,0,0,0,0,0,0,0,0,0,0,0,0,0,0,0,0,0
MOTU2029,0,0,0,0,0,0.05055179779280883,0,0,0,0,0.404750593824228,0,0,0,0,0,0,0,0.2371937639198218,0.24013528748590754,0,0,0,0,0,0,0,0,0,0,0.30581478822684854,0,0,0,0.15423606082548877,0,0,0,0,0,0,0,0,0,0,0,0,0,0.1162981162981163,0,0.21033574720210665,0,0,0,0,0.16309341500765698,0,0,0,0,0,0,0,0,0,0,0,0,0,0,0.08310573546625048,0.31323529411764706,0,0,0.3193403298350824,0,0.13481012658227848,0.2744845360824742,0,0,0,0,0,0,0,0,0.06322350845948353,0.221875,0,0,0,0,0,0,0,0,0,0,0.0830247515104268,0.06746911624960406,0,0,0.053571428571428575,0,0,0,0,0,0,0,0,0,0,0,0,0,0,0,0,0,0,0,0,0,0,0.1567905778432094,0.10746720484359233,0.5371037463976945,0,0,0.10225636101776284,0,0.09157351676698194,0,0,0,0.07413853115210582,0.12283737024221453,0,0,0,0,0.29298486932599727,0,0,0,0,0,0,0,0,0,0,0,0,0,0,0,0.010542466838249852,0,0,0,0,0,0,0,0,1,0,0,0,0.5894833948339483,0.3256880733944954,0,0,0,0,0,0,0,0,0,0,0.03255387436955525,0,0,0,0,0,0,0,0,0.053230038735474196,0,0,0,0,0,0,0.08722358722358722,0,0,0.034688670539058684
MOTU2758,0,0,0,0,0,0,0,0,0,0,0.23430607397353242,0,0,0,0,0,0,0,0,0,0,0,0,0,0,0,0,0,0,0.46563440190891175,0.14162649984616962,0,0.1473223810539791,0.7596259625962596,1,0,0,0,0,0,0,0,0,0,0,0,0,0,0.24236574236574238,0.17984112514650344,0,0,0,0,0,0,0,0,0,0,0,0,0,0,0,0,0,0.6323260073260073,0,0.1420684452369522,0.1924363190457611,0.14506302521008405,0,0,0,0.23712225274725277,0.18729656419529836,0.12711708394698085,0,0,0,0,0,0,0,0,0,0,0,0.022373068075041313,0.036697491496598636,0.016473423036549292,0,0,0,0,0,0,0,0,0,0.03219939844715428,0,0.06265690692961495,0.15589546762995993,0.02755387071029529,0.21575428071491065,0.039520375457875456,0,0,0,0.027833763302160593,0.05546719362508836,0,0,0,0,0,0,0,0,0,0,0,0,0,0.09953870549228773,0.142136681762042,0,0,0,0,0,0,0,0,0,0,0,0,0,0,0,0,0,0,0.3221517215638705,0,0,0,0,0,0.12630327419059814,0.015583389754005866,0,0,0,0,0,0,0,0,0,0,0,0,0,0,0,0,0,0,0,0,0,0,0,0,0,0.06898101898101898,0.04779208194905869,0.028199787633749897,0,0.03015218008340429,0.19527714932126697,0,0,0.04052705716633408,0,0.04326441102756892,0,0.4056991774383079,0,0.09091507570770244,0,0,0,0,0,0,0,0,0.005354913258935842
MOTU29623,0,0,0,0,0,0,0,0,0,0,0,0,0,0,0,0,0,0,0,0,0,0,0,0,0,0,0,0,0,0,0,0,0,0,0,0,0,0,0,0,0,0,0,0,0,0.8013816925734024,0,1,0,0,0,0,0,0,0,0,0,0,0,0,0,0,0,0,0,0,0,0,0,0,0,0,0,0,0,0,0,0,0,0,0,0,0,0,0,0,0,0,0,0,0,0,0,0,0,0,0,0,0,0,0,0,0,0,0,0,0,0,0,0,0,0,0,0,0,0,0,0,0,0,0,0,0,0,0,0,0,0,0,0,0,0,0,0,0,0,0,0,0,0,0,0,0,0,0,0,0,0,0,0,0,0,0,0,0,0,0,0,0,0,0,0,0,0,0,0,0,0,0,0,0.39931153184165236,0,0,0,0,0,0,0,0,0,0,0,0,0,0,0,0,0,0,0,0,0,0,0,0,0,0,0,0,0,0,0,0
MOTU3789,0,0,0,0,0,0,0,0,0,0,0,0,0,0,0,0,0,0,0,0,0,0,0,0,0,0,0,0,0,0,0,0,0,0,0,0,0,0,0,0,0,0,0,0,0,0,0,0,0,0,0,0.6833333333333332,0,1,0.03972868217054263,0.04709035222052067,0,0,0,0,0,0,0,0,0,0,0,0,0,0,0,0,0,0.0660580021482277,0,0,0,0,0,0,0,0,0,0,0,0,0,0,0,0,0,0,0,0,0,0,0,0,0,0.01948051948051948,0,0,0,0,0,0,0,0.012319711538461536,0.015207715133531155,0,0,0,0,0,0,0,0,0,0,0,0,0,0,0,0,0,0,0.02215417867435158,0,0,0,0,0,0,0,0,0,0,0,0.059824902723735404,0,0,0.08459422283356258,0,0,0,0,0,0,0,0,0,0,0,0.04229711141678129,0,0,0,0,0,0,0,0,0,0,0,0,0.14436619718309857,0.04146999325691166,0,0,0,0,0,0,0,0,0,0,0,0,0,0,0,0,0,0,0,0,0,0,0,0,0,0,0,0,0,0,0.025184275184275184,0,0,0.02003148580424515
MOTU4659,0,0,0,0,0,0,0,0,0,0,0,0,0,0,0,0,0,0,0,0,0,0,0,0,0,0,0,0,0,0,0,0,0,0,0,0,0,0,0,0,0,0,0,0,0,0,0.9458281444582815,0,0,0.6923427529626254,1,0,0,0,0,0,0,0,0,0,0,0,0,0,0,0,0,0,0,0,0,0,0,0,0,0,0.4806962025316456,0.9787371134020619,0,0,0,0,0,0,0,0,0,0,0,0,0,0,0,0,0,0,0,0.21448743292855127,0,0,0,0,0,0,0,0,0,0.304286858974359,0,0,0,0,0,0,0,0,0,0,0,0,0,0,0,0,0,0,0,0.5471902017291066,0,0,0,0,0,0,0,0,0,0,0,0,0,0,0,0,0,0,0.9921619856303071,0,0.7687246963562754,0,0.576689445709947,0,0,0,0,0,0,0,0,0,0,0,0,0,0,0,0,0,0.512137559002023,0,0,0,0,0,0,0,0,0,0,0,0,0,0,0,0,0,0,0,0,0,0,0.4462397179788484,0,0,0,0,0,0,0,0,0,0,0
MOTU649,0,0,0.014365083804090458,0.05004438286172032,0.026466067272930244,0.04812226365129627,0.21268862716231138,0,0.13723394781369666,0,0,0,0.09382933718784663,0.03330127824179623,0.07157303607997129,0.11259407194524951,0.10995236586667578,0.08307128353488706,0,0.06857829466563815,0,0.1715217045635236,0.16399626340621268,0.3693317994439651,0.05827923101166088,0.06735074445663891,0.05001866368047778,0,0,0.32394985284562167,0,0.18666343649688086,0,0,0,0.1992758308547782,0.375888920161366,0.18027033637842838,0.1238788658313906,0,0,0,0,0,0,0.14007817471138986,0.10100281837844922,0,0,0,0,0,0,0,0,0,0,0,0,0,0,0,0.3393525655142039,0,0,0,0.19403173004281035,0.2599527665317139,0,0,0.09493397950592437,0,0,0,0,0,0,0.10451709169831795,0,0,0,0,0,0,0,0,0,0,0,0,0,0,0,0,0,0,0.05523000555525688,0,0,0,0,0,0,0,0,0,0,0,0,0,0,0,0,0,0,0,0,0,0,0,0,0,0,0,0,0.029851035391201593,0.04092091985766636,0,0,0,0,0,0,0,0,0,0,0,0,0,0,0,0,0,0,0,0,0.04451441446646253,0.08209034732580439,0,0,0.021231744282171398,0,0,0,1,0.7234669516836312,0.5520728062154777,0.04014317123237712,0.09946871896722939,0.13541300527240774,0,0.05040724869974812,0.04582218257508177,0,0,0,0,0,0,0,0.07482035346669255,0.062007081924995974,0,0,0,0,0,0,0,0,0,0,0,0,0,0,0,0,0,0,0,0,0,0,0,0,0.03611098092515349,0,0,0,0,0
MOTU7128,0,0,0,0,0,0,0,0,0,0,0,0,0,0,0,0,0,0,0,0,0,0,0,0,0,0,0,0,0,0,0,0,0,0,0,0,0,0,0,0,0,0,0,0,0,0,0,0,0,0,0,0,0,0,0.05813953488372093,0,0,0,0,0,0,0,0,0,0,0,0,0.14423076923076922,0,0,0,0,0,0,0,0,0,0,0,0,0,0,0,0,0,0,0,0,0,0,0,0,0,0,0,0,0,0,0,0,0,0,0,0,0,0,0,0,0,0,0,0,0,0,0,0,0,0,0,0,0,0,0.2545968882602546,0,0,0,0,0,0,0,0,0,0.03869303525365434,0,0,0,0,0,0.32710280373831774,0.35019455252918286,0,0,0.24759284731774414,0.7079646017699115,1,0.0911854103343465,0.29392553886348793,0,0,0,0,0,0,0,0,0,0,0,0,0,0,0,0,0,0,0,0,0.2112676056338028,0,0,0,0,0,0,0,0,0,0,0,0,0,0,0,0,0,0,0,0,0,0,0,0,0.011245782831438211,0.027649769585253454,0,0,0,0,0,0,0.015299184043517678,0.005167958656330749,0.09282883665381901
MOTU9834,0,0,0,0,0,0,0,0,0,0,0,0,0,0,0,0,0,0,0,0,0,0,0,0,0,0,0,0,0,0,0,0,0,0,0,0,0,0,0,0,0,0,0,0,0,0,0,0,0,0,0,0,0,0,0,0,0,0,0,0,0,0,0,0,0,0,0,0,0,0,0,0,0,0,0,0,0,0,0,0,0.06570120327973591,0,0,0,0,0,0,0,1,0,0,0,0.421448087431694,0,0,0.19769304710028837,0,0,0,0,0,0,0,0,0,0,0,0,0,0,0,0,0,0,0,0,0,0,0,0,0,0,0,0,0,0,0,0,0,0,0,0,0,0,0,0,0,0,0,0,0,0,0,0,0,0,0,0,0,0,0,0,0,0,0,0,0,0,0,0,0,0,0,0,0,0,0,0,0,0,0,0,0,0,0,0,0,0,0,0.4314685314685315,0,0,0,0,0,0,0,0,0,0,0,0.36251468860164515,0,0,0,0,0,0,0,0,0,0,0
MOTU18755,0,0,0,0,0,0,0,0,0,0,0,0,0,0,0,0,0,0,0,0,0,0,0,0,0,0,0,0,0,0,0,0,0,0,0,0,0,0,0,0,0,0,0,0,0,0,0,0,0,0,0,0,0,0,0,0,0,0,0,0,0,0,0,0,0,0,0,0,0,0,0,0,0,0,0,0,0,0,0,0,0,0,0,0,0,0,0,0,0,0,0,0,0,0,0,0,0,0,0,0,0,0,0,0,0,0,0,0,0,0,0,0,0,0,0,0,0,0,0,0,0,0,0,0,1,0.12753036437246965,0,0,0,0,0,0,0,0.19879518072289154,0,0,0,0,0,0,0,0,0,0,0,0,0,0,0,0,0,0,0,0,0,0,0,0,0,0,0,0,0,0,0,0,0,0,0,0,0,0,0,0,0,0,0,0,0,0,0,0,0,0,0,0,0,0,0,0,0,0,0,0.1064516129032258,0,0,0,0,0,0,0,0,0.018810053743010695
MOTU14281,0,0,0,0,0,0,0,0,0,0,0,0,0,0,0,0,0,0,0,0,0,0,0,0,0,0,0,0,0,0,0,0,0,0,0,0,0,0,0,0,0,0,0,0,0,0,0,0,0,0,0,0,0,0,0,0,0,0,0,0,0,0,0,0,0,0,0,0,0,0,0,0,0,0,0,0,0,0,0,0,0,0,0,0,0,0,0,0,0,0,0,0,0,0,0,0,0,0,0,0,0,0,0,0,0,0,0,0,0,0.06791009086561453,0,0,0,0,0,0,0,0,0,0,0,0,0,0,0,0,0,0,0,0,0,0,0,0,0,0,0,0,0,0,0,0,0,0,0,0,0,0,0,0,0,0,0,0,0,0,0,0,0,0,0,0,0,0,0,0,0,1,0,0,0,0,0,0,0,0,0,0,0,0,0,0,0.07780821917808219,0,0,0,0,0,0,0,0,0,0,0,0,0,0,0,0,0,0,0,0
MOTU28864,0,0,0,0,0,0,0,0,0,0,0,0,0,0,0,0,0,0,0,0,0,0,0,0,0,0,0,0,0,0,0,0,0,0,0,0,0,0,0,0,0,0,0,0,0,0,0,1,0.25334425334425337,0,0,0,0,0,0,0,0,0,0,0,0,0,0,0,0,0,0,0,0,0,0,0,0,0,0,0.15934065934065936,0,0,0,0,0,0,0,0,0,0,0,0,0,0,0,0,0,0,0,0,0,0,0,0,0,0,0,0,0,0,0,0,0,0,0,0,0,0,0,0,0,0,0,0,0,0,0,0,0,0,0,0,0,0,0,0,0,0,0,0,0,0,0,0,0,0,0,0,0,0,0,0,0,0,0,0,0,0,0,0,0,0,0,0,0,0,0,0,0,0,0,0,0,0,0,0,0,0,0,0,0,0,0,0,0,0,0,0,0,0,0,0,0,0,0,0,0,0,0,0,0,0,0,0,0,0,0
MOTU34950,0,0,0,0,0,0,0,0,0,0,0,0,0,0,0,0,0,0,0,0,0,0,0,0,0,0,0,0,0,0,0,0,0,0,0,0,0,0,0,0,0,0,0,0,0,0,0,0,0,0,0,0,0,0,0,0,0,0,0,0,0,0,0,0,0,0,0,0,0,0,0,0,0,0,0,0,0,0,0,0,0,0,0,0,0,0,0,0,0,0,0,0,0,0,0,0,0,0,0,0,0,0,0,0,0,0,0,0,0,0,0,0,0,0,0,0,0,0,0,0,0,0,0,0,0,0,0,0,0,0,0,0,0,0,0,0,0,0,0,0,0,0,0,0,0,0,0,0,0,0,0,0,0,0,0,0,0,0,0,0,0,0,0,0,0,0,0,0,0,0,0,0,0,0,0,0,0,0,0,0,0,0,0,0,0,0,0,0,0,0,1,0,0,0,0,0,0,0,0,0,0,0,0
MOTU4631,0,0,0,0,0,0,0,0,0,0,0,0,0,0,0,0,0,0,0,0,0,0,0,0,0,0,0,0,0,0,0,0,0,0,0,0,0,0,0,0,0,0,0,0,0,0,0,0,0,0,0,0,0,0,0,0,0,0,0,0,0,0,0,0,0,0,0,0,0,0,0,0,0,0.5143215180809165,0,0,0,0,0,0,0,0,0,0,0,0,0,0,0,0,0,0,0,0,0,0,0,0,0,0,0,0,0,0,0,0,0,0.09592013888888888,0,0,0,0,0,0,0,0,0,0,0,0,0,0,0,0,0,0,0,0,0,0.37147659684509954,0,0,0.4117225566064775,0,0.6479476770410465,0,1,0,0.2486154378677743,0.23289559014267186,0,0,0,0,0,0,0,0,0,0,0,0,0,0,0,0,0,0,0,0,0,0,0,0,0,0,0,0,0,0,0,0,0,0,0,0,0,0,0,0,0,0,0,0,0,0,0,0,0,0,0,0,0,0,0,0,0,0,0,0,0.05426488365064974,0,0.05198776758409786
MOTU11079,0,0,0,0,0,0,0,0,0,0,0,0,0,0,0,0,0,0,0,0,0,0,0,0,0,0,0,0,0,0,0,0,0,0,0,0,0,0,0,0,0,0,0,0,0,0,0,0,0,0,0,1,0,0,0,0,0,0,0,0,0,0,0,0,0,0,0,0,0,0.04320691310609697,0,0,0.15228426395939085,0,0,0,0,0,0,0,0,0,0,0,0,0,0,0,0,0,0,0,0,0.04068716094032549,0,0,0,0,0,0,0,0,0,0,0,0,0,0,0.022255192878338277,0,0,0,0,0,0,0,0,0,0,0,0,0,0,0,0,0,0,0.032420749279538905,0,0,0,0,0,0,0.06089309878213803,0,0,0,0,0,0,0,0,0,0,0,0,0,0,0,0,0,0,0,0,0,0,0,0,0,0,0,0,0,0,0,0,0,0,0,0,0,0,0,0,0,0,0,0,0,0,0,0,0,0,0,0,0,0,0,0,0,0,0,0,0,0,0,0,0,0,0,0
MOTU18982,0,0,0,0,0,0,0,0,0,0,0,0,0,0,0,0,0,0,0,0,0,0,0,0,0,0,0,0,0,0,0,0,0,0,0,0,0,0,0,0,0,0,0,0,0,0,0,0,0.7578487578487579,0,0,0,0,0,0,0,0,0,0,0,0,0,0,0,0,0,0,0,0,0,0,0,0,0,0,0,0,0,0,0,0,0,0,0,0,0,0,0,0,0,0,0,0,0,0,0,0,0,0,0,0,0,0,0,0,0,0,0,0,0,0,0,0,0,0,0,0,0,0,0,0,0,0,0,0,0,0,1,0,0,0,0,0,0,0,0,0,0,0,0,0,0,0,0,0,0,0,0,0,0,0,0,0,0.43854660347551344,0,0,0,0,0,0,0,0,0,0,0,0,0,0,0,0,0,0,0,0,0,0,0,0,0,0,0,0,0,0,0,0,0,0,0,0,0,0,0,0,0,0,0,0,0,0,0,0,0
MOTU3762,0,0,0,0,0,0.10656224041770501,0.784965034965035,0,0,0,0,0,0.04516875408681656,0,0.14408343361411954,0.04155483572420176,0.14608752236863512,0.030658927961761694,1,0,0,0,0,0,0.21508982035928145,0.49713969367041894,0,0,0,0,0,0,0,0,0,0,0,0,0.587824569059568,0,0,0,0,0,0,0,0,0,0,0,0,0,0,0,0,0,0,0,0,0,0,0,0,0,0,0,0,0,0,0,0,0,0,0,0,0,0,0,0,0,0,0,0,0,0,0,0,0,0,0,0,0,0,0,0,0,0,0,0,0,0,0,0,0,0,0,0,0,0,0,0,0,0,0,0,0,0,0,0,0,0,0,0,0,0,0,0,0,0,0,0,0,0,0,0,0,0,0,0,0,0,0,0,0,0,0,0,0,0,0,0,0,0,0,0,0,0,0.09123234786142437,0,0,0,0,0,0,0,0,0,0,0,0,0,0,0,0,0,0,0,0,0,0,0,0,0,0,0,0,0,0,0,0,0,0,0,0,0,0,0,0,0,0,0,0,0
MOTU5217,0,0,0,0,0,0,0,0,0,0,0,0,0,0,0,0.006478482184173994,0,0,0,0,0,0,0,0,0,0,0,0,0,0,0,0,0,0,0,0,0,0,0,0,0,0,0,0,0,0,0,0,0,0,0,0,0,0,0,0,0,1,0,0,0,0,0,0,0,0,0,0,0,0,0.054623488099882954,0,0.47377326565143824,0.15037593984962405,0,0,0,0,0,0,0,0,0,0,0,0,0,0,0,0,0,0,0,0,0,0,0,0,0,0,0,0,0,0,0,0,0,0,0,0,0,0,0,0,0,0,0,0,0,0,0,0,0,0,0,0,0,0,0,0,0,0,0,0,0,0,0,0,0,0,0,0,0,0,0,0,0,0.07683863885839737,0,0,0,0,0,0,0,0,0,0,0,0,0,0,0,0,0,0,0,0,0,0,0,0.38745387453874536,0.10703363914373089,0,0,0,0,0,0,0,0,0,0,0,0,0,0,0,0,0,0,0,0,0,0,0,0,0,0,0,0,0,0
MOTU7014,0,0,0,0,0,0,0,0,0,0,0,0,0,0,0,0,0,0,0,0,0,0,0,0,0,0,0,0,0,0,0,0,0,0,0,0,0,0,0.6015710233471525,0,0,0,0,0,0,0,0,0,0,0,0,0,0,0,0,0,0,0,0,0,0,0,0,0,0,0,0,0,0,0,0,0,0,0,0,0,0,0,0,0,0,0,0,0,0,0,0,0,0,0,0,0,0.9415983606557378,0,0,0,0,0,0,0,1,0,0,0.19457971628202414,0,0,0,0,0,0,0,0,0,0,0,0,0,0,0,0,0,0,0,0,0,0,0,0,0,0,0,0,0,0,0,0,0,0,0,0,0,0,0,0,0,0,0,0,0,0,0,0,0,0,0,0,0,0,0,0,0,0,0,0,0,0,0,0,0,0,0,0,0,0,0,0,0,0,0,0.6426573426573426,0.22262596899224804,0,0.1678538812785388,0,0,0,0,0,0,0,0.2435082140964494,0,0,0,0,0,0,0,0,0,0,0,0
MOTU34966,0,0,0,0,0,0,0,0,0,0,0,0,0,0,0,0,0,0,0,0,0,0,0,0,0,0,0,0,0,0,0,0,0,0,0,0,0,0,0,0,0,0,0,0,0,0,0,0,0,0,0,0,0,0,0,0,0,0,0,0,0,0,0,0,0,0,0,0,0,0,0,0,0,0,0,0,0,0,0,0,0,0,0,0,0,0,0,0,0,0,0,0,0,0,0,0,0,0,0,0,0,0,0,0,0,0,0,0,0,0,0,0,0,0,0,0,0,0,0,0,0,0,0,0,0,0,0,0,0,0,0,0,0,0,0,0,0,0,0,0,0,0,0,0,0,0,0,0,0,0,0,0,0,0,0,0,0,0,0,0,0,0,0,0,0,0,0,0,0,0,0,0,0,0,0,0,0,0,0,0,0,0,0,0,0,0,0,0,0,0,1,0,0,0,0,0,0,0,0,0,0,0,0
MOTU5802,0,0,0,0,0,0,0,0,0,0,0,0,0,0,0,0,0,0,0,0,0,0,0,0,0,0,0,0,0,0,0,0,0,0,0,0,0,0,0,0,0,0,0,0,0,0,0,0,0,0,0,0,0,0,0,0,0,0,0,0,0,0,0,0,0,0,0,0,0,0,0,0,0,0,0,0,0,0,0,0,0,0,0,0,1,0,0,0,0,0.12338398729870718,0,0.2725450901803607,0,0,0.5338567222767419,0,0,0.15362891838463713,0,0,0.14798694232861806,0,0,0,0,0,0,0,0,0,0,0,0,0,0,0,0,0,0,0,0,0,0,0,0,0,0,0,0,0,0.26116178588574174,0,0,0,0,0,0,0,0.2824506749740395,0,0,0,0,0,0,0,0,0,0,0,0,0,0,0,0,0,0,0,0,0,0,0,0,0,0,0,0,0,0,0,0,0,0,0,0,0,0,0,0,0.3804195804195804,0,0,0,0,0,0.43694779116465865,0,0,0,0.2385964912280702,0.14414414414414414,0,0,0,0,0,0,0,0,0,0,0,0
MOTU18211,0,0,0,0,1,0,0,0,0,0,0,0,0,0,0,0,0,0,0,0,0,0,0,0,0,0,0,0,0,0,0,0,0,0,0,0,0,0,0,0,0,0,0,0,0,0,0,0,0,0,0,0,0,0,0,0,0,0,0,0,0,0,0,0,0,0,0,0,0,0,0,0,0,0,0,0,0,0,0,0,0,0,0,0,0,0,0,0,0,0,0,0,0,0,0,0,0,0,0,0,0,0,0,0,0,0,0,0,0,0,0,0,0,0,0,0,0,0,0,0,0,0,0,0,0,0,0,0,0,0,0,0,0,0,0,0,0,0,0,0,0,0,0,0,0,0,0,0,0,0,0,0,0,0,0,0,0,0,0,0,0,0,0,0,0,0,0,0,0,0,0,0,0,0,0,0,0,0,0,0,0,0,0,0,0,0,0,0,0,0,0,0,0,0,0,0,0,0,0,0,0,0,0
MOTU4303,0,0,0,0,0,0,0,0,0,0,0,0,0,0,0,0,0,0,0,0,0,0,0,0,0,0,0,0,0,0,0,0,0,0,0,0,0,0,0,0,0,0,0,0,0,0,0,0,0,0.443286886313322,0,0,0,0,0,0,0,0,0,0,0,0,0,0,0,0,0,0,0,0,0,0,0,0,0,0,0,0,0,0,0,0,0,0,0,0,0,0.03618197278911565,0.3940727020143551,0,0,0,0,0,0.23860928080751434,0,0,0,0,0,0,0,0,0,0,0,0,0,0,0,0,0,0.10937600411284622,0,0,0,0,0,0,0,0,0,0,0,0,0,0,0.08758748456154795,0,0,0,0,0.10453261270114236,0,0.16450802242412527,0,0,0,0,0,0,0,0,0,0,0,0,0,0,0,0,0,0,0,0,0,0,0,0,0,0,0,0,0,0,0,0,0,0,0,0,0,0,0,0,0,0,0,0,0,0,0,0,0,0,0,0,0,0,0,0,1,0,0.44818959842001316,0,0.12026851960899777,0.35327694463183024,0,0,0,0.013777360445538142,0,0
MOTU4662,0,0,0,0,0,0,0,0,0,0,0,0,0,0,0,0,0,0,0,0,0,0,0,0,0,0,0,0,0,0,0,0,0,0,0,0,0,0,0,0,0,0,0,0,0,0,0,1,0.15834015834015835,0.105742935278031,0.03818301514154049,0,0,0,0,0,0,0,0,0,0,0,0,0,0,0,0,0,0,0,0,0,0,0,0,0,0,0,0,0,0,0,0,0,0,0,0,0,0,0,0,0,0,0,0.11383709519136408,0,0,0.03275910759672409,0.0452153576300916,0,0.031556039173014146,0,0,0,0,0,0,0,0,0,0,0,0,0,0,0,0,0,0,0,0.6946107784431138,0,0.6562942008486563,0,0,0.08538829591461171,0,0,0,0,0,0,0,0,0.07848443843031123,0,0,0,0,0,0.11485148514851486,0,0.1595598349381018,0,0,0,0.07576747224036577,0,0,0,0.08807896735003796,0,0,0.03665086887835703,0.1595598349381018,0,0,0,0,0,0,0,0,0,0,0,0,0,0,0,0,0,0,0,0,0,0,0.3729903536977492,0,0,0,0,0,0,0,0,0,0,0,0,0,0,0,0,0.04067321178120617,0,0,0,0,0,0,0,0
MOTU6734,0,0,0,0,0,0,0,0,0,0,0,0,0,0,0,0,0,0,0,0,0,0,0,0,0,0,0,0,0,0,0,0,0,0,0,0,0,0,0,0,0,0,0,0,0,0,0,0,0,0,0,0,0,0,0,0,0,0,0,0,0,0,0,0,0,0,0,0,0,0,0,0,0,0,0,0.3613782051282052,0,0,0,0,0,0,0,0,0,0,0,0,0,0,0,0,0.35940346083788705,0,0,0,0,0,0,1,0,0,0,0,0,0,0,0.421607905982906,0,0,0,0,0,0,0,0,0,0,0,0,0,0,0,0,0,0,0,0,0,0,0,0,0,0.6037483266398929,0,0,0,0,0,0,0,0,0,0,0,0,0,0,0,0,0,0,0,0,0,0,0,0,0,0,0,0,0,0,0,0,0,0,0,0,0,0,0,0,0,0,0,0,0,0,0,0,0,0,0,0,0,0,0,0,0,0,0,0,0,0,0,0,0,0,0,0,0
MOTU25551,0,0,0,0,0,0,0,0,0,0,0,0,0,0,0,0,0,0,0,0,0,0,0,0,0,0,0,0,0,0,0,0,0,0,0,0,0,0,0,0,0,0,0,0,0,0,0,0,0,0,0,0,0,0,0,0,0,0,0,0,0,0,0,0,0,0,0,0,0,0,0.9527896995708154,0,0,0,0,0,0,0,0,0,0,0,0,0,0,0,0,0,0,0,0,0,0,0,0,0,0,0,0,0,0,0,0,0,0,0,0,0,0,0.778574844571975,0,0,0,0,0,0,0,0,0,0,0,0,0,0,0,0,0,0,0,0,0,0,0,0,0,0,0,0,0,0,0,0,0,0,0,0,0,0,0,0,0,0,0,0,0,0,0,0,0,0,0,0,0,0,0,0,0,0,0,0,0,0,0,0,0,0,0,0,0,0,0,0,0,0,0,0,0,0,0,0,0,0,0,0,0,0,0,0,0,1,0,0,0
MOTU10190,0,0,0,0,0,0,0,0,0,0,0,0,0,0,0,0,0,0,0,0,0,0,0,0,0,0,0,0,0,0,0,0,0,0,0,0,0,0,0,0,0,0,0,0,0,0,0,0,0,0,0,0,0,0,0,0,0,0,0,0,0,0,0,0,0,0,0,0,0,0,0,0,0,0,0,0,0,0,0,0,0,0,0,0.16099773242630386,0,0,0,0,0,0,0,0,0,0,0,0,0,0,0,0,0.23177366702937977,0,0,0,0,0,0,0,0,0,0,0,0,0,0,0,0,0,0,0,0,0,0,0,0,0,0,0,0,0,0,0,0,0,0,0,0,0,0,0,0,0,0,0,0,0,0,0,0,0,0,0,0,0,0,0,0,0,0,0,0,0,0,0,0,0,0,1,0.5745111260957518,0,0,0,0,0,0,0,0,0,0,0,0,0,0,0,0,0,0,0,0,0,0,0,0,0,0,0,0,0,0,0,0,0,0
MOTU10736,0,0,0,0,0,0,0,0,0,0,0,0,0,0,0,0,0,0,0,0,0,0,0,0,0,0,0,0,0,0,0,0,0,0,0,0,0,0,0,0,0,0,0,0,0,0,0,0,0,0,0,0,0,0,0,0,0,0,0,0,0,0,0,0,0,0,0,0,0,0,0,0,0,0,0,0,0,0,0,0,0,0,0,0,0,0,0,0,0,0,0.1440972222222222,0,0,0,0,0,0,0,0,0,0,0,0,0,0,0,0,0,0,0,0,0,0,0,0,0,0,0,0,0,0,0,0,0,0,0,0,0,0,0,0,0,0,0,0,0,0,0,0,0,0,0,0,0,0,0,0,0,0,0,0,0,0,0,0,0,0,0,0,0,0,0,0,0,0,0,0,0,0,0,1,0,0,0,0,0,0,0,0,0,0,0,0,0,0,0,0,0,0,0,0,0.45515080297688987,0,0.1189964157706093,0,0,0,0,0,0,0,0,0
MOTU1074,0,0,0,0,0,0,0,0,0,0,0,0,0,0,0,0,0,0,0,0,0,0,0,0,0,0,0,0,0,0,0,0,0,0,0,0,0,0,0,0,0,0,0,0,0,0,0,0,0.014717639717639718,0,0,0,0,0,0,0,0,0,0,0,0,0,0,0,0,0,0.128973000683527,0,0.1544719607040524,0.025881283862560864,0,0.07928046218487395,0,0,0,0.018513294740973314,0,0,0,0,0.03444407259229962,1,0.11328160177708402,0.04074883921822697,0.09910057773109243,0.13654043297352708,0,0.008022427721088436,0,0,0,0.04501562649107739,0,0,0,0,0.018355707962449532,0.04567414370436116,0,0,0,0.00879887616871459,0.013559032768036793,0,0.05325040921149179,0.4668246209098164,0.08254046369203849,0.04319768772893773,0,0,0.003833787106081232,0.0060847307320219274,0.024251333461859776,0.13311287477954142,0,0,0,0,0,0,0,0,0,0,0,0,0,0,0,0,0,0,0,0,0,0,0,0,0,0.052442329071706505,0.026688472418670436,0.046797495039682536,0,0,0,0,0.035212746104320236,0,0,0,0,0,0,0,0,0,0,0,0,0,0,0,0,0,0,0,0,0,0,0,0,0,0,0.036574433029656905,0,0,0,0,0,0.037699800199800196,0,0,0,0,0,0,0,0,0.03052701828183142,0.02364505012531328,0.3142648951472481,0,0.013472626336552364,0,0,0,0,0,0,0,0,0,0.005853179988677518
MOTU11373,0,0,0,0,0,0,0,0,0,0,0,0,0,0,0,0,0,0,0,0,0,0.14924471299093656,0,0,0,0,0,0,0,0,0,0,0,0,0,0,0,0,0,0,0,0,0,0,0,0,0,0,0,0,0,0,0,0,0,0,0,0,0,0,0,0,0,0,0,0,0,0,0,0,0,0,0,0,0,0,0,0,0,0,0,0,0,0,0,0,0,0,0,0,0,0,0,0,0,0,0,0,0,0,0,0,0,0,0,0,0,0,0,0,0,0,0,0,0,0,0,0,0,0,0,0,0,0,0,0,0,0,0,0,0.4743158905424868,0,0,0,0,0,0,0,0,0,0,0,0,0,0,0,0,0,1,0,0,0,0,0,0,0,0,0,0,0,0,0,0,0,0,0,0,0,0,0,0,0,0,0,0,0,0,0,0,0,0,0,0,0,0,0,0,0,0,0,0,0.2902467685076381,0,0,0,0,0,0,0,0,0,0,0
MOTU11702,0,0,0,0,0,0,0,0,0,0,0,0,0,0,0,0,0,0,0,0,0,0,0,0,0,0,0,0,0,0,0,0,0,0,0,0,0,0,0,0,0,0,0,0,0,0,0,0,0.12721812721812722,0,0,0,0,0,0,0,0,0,0,0,0,0,0,0,0,0,0,0,0,0,0,0,0,0,0,0,0,0,0,0,0,0,0,0,0,0,0,0,0,0,0,0,0,0,0,0,0,0,0,0,0.12676822633297063,0,0,0,0,0,0,0,0,0,0,0.026297968397291194,0,0,0,0,0,0,0,0,0,0,0,0,0,0,0,0,0,0,0,0,0,0,0,0,0,0,0,0,0,0,0,0,0,0,0,0,0,0,0,0,0,0,0,0,0,0,0,0,0,0,0,0,0,0,0,0,0,0,0,0,0,0,0,0,1,0,0,0,0,0,0,0,0,0,0,0,0,0,0,0,0,0,0,0,0,0,0,0,0,0,0
MOTU12641,0,0,0,0,0,0,0,0,0,0,0,0,0,0,0,0,0,0,0,0,0,0,0,0,0,0,0,0,0,0,0,0,0,0,0,0,0,0,0,0,0,0,0,0,0,0,0,0,0,0,0,0,0,0,0,0,0,0,0,0,0,0,0,0,0,0,0,0,0,0,0,0,0,0,0,0,0,0,0,0,0,0,0,0,0,0,0,0,0,0,0,0.4537408149632599,0,0,0,0.8705543095161807,0,0,0,0,0,0,0,0,0,0,0,0,0,0,0,0,0,0,0,0,0,0,0,0,0,0,0,0,0,1,0,0.9787463976945244,0,0,0,0,0,0,0,0,0,0,0,0,0,0,0,0,0,0,0,0,0,0,0,0,0,0,0,0,0,0,0,0,0,0,0,0,0,0,0,0,0,0,0,0,0,0,0,0,0,0,0,0,0,0,0,0,0.7683823529411765,0,0,0,0,0,0,0,0,0,0,0,0,0,0,0,0,0,0
MOTU12937,0,0,0,0,0,0,0,0,0,0,0,0,0,0,0,0,0,0,0,0,0,0,0,0,0,0,0,0,0,0,0,0,0,0,0,0,0,0,0,0,0,0,0,0,0,0,0,0,0,0,0,0,0,0,0,0,0,0,0,0,0,0,0,0,0,0,0,0,0,0.19443110897743637,0.15801794771751854,0.5955882352941176,0,0,0,0,0,0,0,0,0,0,0,0,0,0,0,0,0,0,0,0,0,0.18309222423146473,0.3974484789008832,0,0,0,0,0,0,0,0,0,0,0,0,0,0,0,0,0,0,1,0,0,0,0,0,0.7685009487666035,0,0,0.5728429985855729,0,0,0,0,0,0,0,0,0,0,0,0,0,0.14096762965541249,0,0.2102803738317757,0,0,0,0,0,0,0,0,0,0,0,0,0,0,0,0,0,0.03843234010248624,0,0,0,0,0,0,0,0,0,0,0.9507042253521127,0,0,0,0,0,0,0,0,0,0,0,0,0,0,0.07397260273972603,0,0,0,0,0,0,0,0,0,0.050606022741471954,0,0,0,0,0,0,0,0,0,0
MOTU12960,0,0,0,0,0,0,0,0,0,0,0,0,0,0,0,0,0,0,0,0,0,0,0,0,0,0,0,0,0,0,0,0,0,0,0,0,0,0,0,0,0,0,0,0,0,0,0,0,0,0,0,0,0,0,0,0,0,0,0,0,0,0,0,0,0,0,0,0,0,0,0,0,0,0,0,0,0,0,0,0,0,0,0,0,0,0,0,0,0,0,0,0,0,0,0,0,0,0,0,0,0,0,0,0,0,0,0,0,0,0,0,0,0,0,0,0,0,0,0,0,0,0,1,0,0,0,0,0,0,0,0,0,0,0,0,0,0,0,0,0,0,0.30685763888888884,0,0,0,0,0,0,0,0,0,0,0,0,0,0,0,0,0,0,0,0,0,0,0,0,0,0,0,0,0,0,0,0,0,0,0,0,0,0,0,0,0,0,0,0,0,0,0,0,0,0,0,0,0,0,0,0,0,0,0,0,0
MOTU13474,0,0,0,0,0,0,0,0,0,0,0,0,0,0,0,0,0,0,0,0,0,0,0,0,0,0,0,0,0,0,0,0,0,0,0,0,0,0,0,0,0,0,0,0,0,0,0,0,0.552006552006552,0,0,0,0,0,0,0,0,0,0,0,0,0,0,0,0,0,0,0,0,0,0,0,0,0,0,0,0,0,0.36676945401777616,0,0.6459375998296241,0,0,0,0,0,0,0,0,0,0,0,0,0,0,0,0,0,0,0,0,0,0,0,0,0,0,0.4050480769230769,1,0,0,0,0,0,0,0,0,0,0,0,0,0,0,0,0,0.7442031652557969,0,0,0,0,0,0,0,0,0,0,0,0,0,0,0,0,0,0,0,0,0,0,0,0,0,0,0,0,0,0,0,0,0,0,0,0,0,0,0,0,0,0,0,0,0,0,0,0,0,0,0,0,0,0,0,0,0,0,0,0,0,0,0,0,0,0,0,0,0,0,0,0,0,0,0,0,0
MOTU1374,0,0,0,0,0,0,0,0,0,0,0,0,0,0,0,0,0,0,0,0,0,0,0,0,0,0,0,0,0,0,0,0,0,0,0,0,0,0,0,0,0,0,0,0,0,0,0,0,0,0,0,1,0,0,0.05813953488372093,0,0,0,0,0,0,0,0,0,0,0,0,0,0,0,0,0,0.03807106598984771,0,0,0,0,0,0,0,0.023959109785965285,0.1639615766810202,0.09455768018491278,0.10204081632653061,0.08272058823529412,0.018995356690586745,0,0.006696428571428572,0,0.02041279201633023,0.016741071428571428,0.02254509018036072,0.06147540983606557,0.020343580470162746,0,0,0.030643513789581203,0,0.008770220229974663,0.014254038644282546,0.061207834602829164,0,0,0.04763921236502223,0,0,0,0.09014423076923075,0.022255192878338277,0.07173601147776183,0.0032001137818233535,0,0.005060728744939271,0,0.03275109170305677,0,0,0,0,0,0,0,0,0,0,0,0,0,0.02365930599369085,0,0,0.027760641579272053,0,0.02581755593803786,0.06089309878213803,0.024324324324324322,0,0,0,0,0,0,0,0,0,0,0,0,0,0,0,0,0,0,0,0,0,0,0,0,0,0,0,0,0,0,0,0,0,0,0,0,0,0,0,0,0,0,0,0.0944055944055944,0.0436046511627907,0.025728987993138934,0.14794520547945206,0.0068775790921595595,0.22907239819004524,0.18072289156626503,0.018057784911717494,0.01848808545603944,0.05096262740656852,0.05921052631578947,0.02384737678855326,0,0,0,0,0,0,0,0,0,0.005099728014505893,0,0
MOTU19366,0,0,0,0,0,0,0,0,0,0,0,0,0,0,0,0,0,0,0,0,0,0,0,0,0,0,0,0,0,0,0,0,0,0,0,0,0,0,0,0,0,0,0,0,0,0,0,0,0,0,0,0,0,0,0,0,0,0,0,0,0,0,1,0,0,0,0,0,0,0,0,0,0,0,0,0,0,0,0,0,0,0,0,0,0,0,0,0,0,0,0,0,0,0,0,0,0,0,0,0,0,0,0,0,0,0,0,0,0,0,0,0,0,0,0,0,0,0,0,0,0,0,0,0,0,0,0,0,0,0,0,0,0,0,0,0,0,0,0,0,0,0,0,0,0,0,0,0,0,0,0,0,0,0,0,0,0,0,0,0,0,0,0,0,0,0,0,0.7480438184663537,0,0,0,0,0,0,0,0,0,0,0,0,0,0,0,0,0,0,0,0,0,0,0,0,0,0,0,0,0,0,0,0,0,0,0
MOTU19915,0,0,0,0,0,0,0,0,0,0,0,0,0,0,0,0,0,0,0,0,0,0,0,0,0,0,0,0,0,0,0,0,0,0,0,0,0,0,0,0,0,0,0,0,0,0,0,0,0,0,0,0,0,0,0,0,0,0,0,0,0,0,0,0,0,0,0,0,0,0,0,0,0,0,0,0,0,0,0,0,0,0,0,0,0,0,0.12644701691896706,0,0,0,0,0,0,0,0,0,0,0,0,0,0,0,0,0,0,0,0,0.1706730769230769,0,0,0,0,0,0,0,0,0,0,0,0,0,0,0,0,0,0,0,0,0,0,0,0,0,0,0,0,0,0,0,0,0,0,0,0.41887905604719766,0,0,0,0,0,0,0,0,0,0,0,0,0,0,0,0,0,0,0,0,0,0,0,1,0.2872555630478759,0.3446601941747573,0,0,0,0,0,0,0,0,0,0,0,0,0,0,0,0,0,0,0,0,0,0,0,0,0,0,0,0,0,0,0,0,0
MOTU2138,0,0,0,0,0,0,0,0,0,0,0,0,0,0,0,0,0,0,0,0,0,0,0,0,0,0,0,0,0,0,0,0,0,0,0,0,0,0,0,0,0,0,0,0,0,0,0,0,0,0,0,0,0,0,0,0,0,0,0,0,0,0,0,0,0,0,0,0,0,0,0,0,0,0,0,0,0,0,0,0,0,0,0,0,0,0,0,0,0,0,0,0,0,0,0,0.3212257143689377,0.2844584764911629,0.1415624759312983,0.16282489679488316,0.31756270337201603,1,0.027271243527159966,0,0.1415125209323812,0,0,0,0,0,0.07990956914916744,0,0,0,0,0,0,0,0,0,0,0,0,0,0,0,0,0,0,0,0,0,0,0,0,0,0,0,0,0,0,0,0,0,0,0,0,0,0,0,0,0,0,0,0,0,0,0,0,0,0,0,0,0,0,0,0,0,0,0,0,0,0,0,0,0,0,0,0,0,0,0,0,0,0,0.04725421637186344,0,0,0,0.1419231957170802,0.6595693779904307,0.04427422074480899,0,0,0,0,0,0,0,0,0,0,0,0
MOTU2145,0,0,0,0,0,0,0,0,0,0,0,0,0,0,0,0,0,0,0,0,0,0,0,0,0,0,0,0,0,0,0,0,0,0,0,0,0,0,0,0,0,0,0,0,0,0,0.2263387297633873,0,0,0.16567912488605285,0,0,0,0,0.11740956072351422,0,0.14995874587458746,0,0.2800462249614792,0,0,0,0,0,0,0,0,0,0,0,0,0,0.1537648054145516,0.1952201933404941,0,0,0,0,0,0,0.03870727292088169,0,0,0,0,0,0.0539477589789255,0,0,0,0.13523065476190474,0.333876085504342,0.24829234972677594,0,0,0,0,0,0.035421945039953225,0,0.09888465723612623,0.029663783254447528,0.04571177062374246,0,0,0,0,0,0,0.05794675593814761,0,0,0,0,0,0,0,0,0,0,0.5441616766467066,0,0,0,0,0,0,0,0,0,0,0,0,0,0,0.2947297297297297,0,0,0.09436656282450674,0.08839980544747082,0,0,1,0,0,0,0,0,0.18395748987854252,0,0,0.047578534031413613,0,0,0,0,0,0,0,0,0,0,0,0,0,0,0,0.8532863849765259,0,0,0,0,0,0,0,0,0,0,0.7388211382113822,0,0,0,0,0,0,0,0,0,0,0,0.04815845257021728,0,0,0,0,0,0,0,0,0,0.11328479147778785,0.04174562159058283,0.019732913522610064
MOTU2297,0,0,0,0,0,0,0,0,0,0,0,0,0,0,0,0,0,0,0,0,0,0,0,0,0,0,0,0,0,0,0,0,0,0,0,0,0,0,0,0,0,0,0,0,0,0,0,0,0.18955318955318956,0,0,0,0,0,0,0,0,0,0,0,0,0,0,0,0,0,0,0,0,1,0.9030216326353665,0,0,0,0,0.07947954822954824,0,0,0,0,0.024645346016871947,0.3066504729306982,0.09726599892601154,0.17493911144704796,0,0.09769710613948689,0.13739652386135023,0,0,0.05249363675310602,0.08610284391534391,0,0.23713570127504555,0,0,0.07415714336573036,0,0.0653613229156861,0.04510708330626475,0,0.06296094789021885,0,0,0,0.22860968435840032,0,0,0.3709045584045584,0.22892625563248709,0,0.049376570426207744,0,0,0,0,0.18252716438836314,0,0,0,0,0,0,0,0,0,0,0,0,0.12168477625890875,0,0,0,0.19900640107002962,0,0,0,0,0.26694860950916316,0,0,0,0,0,0,0,0,0,0,0,0,0,0,0,0,0,0,0,0,0,0,0,0,0,0,0,0,0,0,0,0,0.19917766303308473,0,0,0,0,0,0,0,0.4704155374887083,0,0,0,0.04227295788939625,0,0,0,0,0.09508810371587692,0.13105574430602746,0.30453216374269004,0,0,0,0.14220856801501963,0,0.07632133369973436,0.084069903539573,0,0,0,0,0,0
MOTU2465,0,0,0,0,0,0,0,0,0,0,0,0,0,0,0,0,0,0,0,0,0,0,0,0,0,0,0,0,0,0,0,0,0,0,0,0,0,0,0,0,0,0,0,0,0,0,0,0,0,0,0,0,0,0,0,0,0,0,0,0,0,0,0,0,0,0,0,0,0,0,0,0,0,0,0,0,0,0,0.19558964525407477,0,0.11482118137426411,0.17858325841101594,0,0.20375769355361192,0,0,0.32006106093372344,0,0,0,0,0,0.552400468384075,0.24373546887109274,0,0,0.36713847949803,0.3045144632266914,0,0,0,0,0,0,0,0,0,0.6480082417582418,0.26663840610428147,0.17189314750290358,0,0,0,0,0,0,0,0,0,0,0,0,0,0,0,0,0,0,0,0,0,0,0,0.309318908286206,0.3647786584187126,0,0,0,0,0,0,0,0,0,0,0,0,0,0,0,0,0,0,0,0,0,0,0,0,0,0,0,0,0,0,0,0,0,0.36354879106059146,0,0,0,0,0,0,0,0,0,0,0,0,0,0,0,0,0,0,0,0.3052904060831581,0.9458646616541353,1,0,0,0,0,0,0,0,0.5610227441653041,0,0,0,0
MOTU2476,0,0,0,0,0,0,0,0,0,0,0,0,0,0,0,0,0,0,0,0,0,0,0,0,0,0,0,0,0,0,0,0,0,0,0,0,0,0,0,0,0,0,0,0,0,0,0,0,0,0,0,0,0,0,0,0,0,0,0,0,0,0,0,0,0,0.6115485564304461,0,0,0.333810888252149,0.11185789726356217,0.18181818181818182,0,0,0,0,0,0.14746835443037976,0,0,0,0,0.07717787346803577,0,0,0,0,0.13831997625408132,0,0.7552674230145867,0,0,0,0,0,0,0,0,0,0,0,0,0,0,0.04933305102688969,0,0,0,0.14002403846153846,0,0.03714331260959668,0,0,0,0.2876543209876543,0,0,0,0,0,0,0,0,0.9886845827439886,0,0,0.08575634891424365,0,0.08393371757925072,0,0,0,0,0,0,0.1576454668470907,0,0,0,0,0,0,0,0,0.45821042281219276,0,0,0,0,0,0,0,0,0,0,0,0,0,0,0,0,0,0,0,0,0,0,0,0,0,0,0,0,0,0,0,0,1,0,0,0,0,0,0.1276712328767123,0.03561057618829283,0,0,0,0,0.2638731596828992,0,0.12347641759406466,0.8213866039952997,0.05822816443833563,0.3579109062980031,0,0,0,0,0,0,0,0,0
MOTU2874,0,0,0,0,0,0,0,0,0,0,0,0,0,0,0,0,0,0,0,0,0,0,0,0,0,0,0,0,0,0,0,0,0,0,0,0,0,0,0,0,0,0,0,0,0,0,0,0,0,0,0,0,0,0,0,0,0,0,0,0,0,0,0,0,0,0,0,0,0.40974212034383956,0,0,0,0,0,0,0,0,0,0,0,0.06090938132254286,0,0.0600966589619668,0,0,0.24145208948923597,0,0.04255952380952381,0,0.19460195055568155,0,0,0,0,0,0.09163729573854533,0,0.4038407229596159,0.22295848762424478,0,0,0.09335727109515261,0,0,0,0,0,0,0,0.04559222062808863,0,0,0,0,0,0,0,0,1,0,0,0.2868605817452357,0,0,0,0,0,0,0,0,0,0.3528685996298581,0.36887360275150477,0,0.3870094722598106,0.1545945945945946,0.1990950226244344,0.4948096885813149,0.29698857736240913,0.2782101167315175,0.2831683168316832,0.24826388888888887,0,0,0,0,0,0,0,0,0,0,0,0,0,0,0,0,0,0,0,0,0,0,0,0,0,0,0,0,0,0,0,0,0,0,0,0,0.5813008130081302,0,0,0,0.05223744292237443,0,0,0,0,0,0,0,0.2273449920508744,0,0,0,0,0,0,0,0,0,0,0,0
MOTU2912,0,0,0,0,0,0,0,0,0,0,0,0,0,0,0,0,0,0,0,0,0,0,0,0,0,0,0,0,0,0,0,0,0,0,0,0,0,0,0,0,0,0,0,0,0,0,0,0,0,0,0,0,0,0,0,0,0,0,0,0,0,0,0,0,0,0,0,0,0,0,0,0,0,0,0,0,0,0,0,0,0,0,0,0,0,0,0,0,0,0,0.1642485119047619,0.29492317969271875,0.45235655737704916,0.39918625678119346,0,0.2829221403396347,0.30064691862444665,0.24936458627506353,0.3441824205807834,0,0.2402067464635473,0,0.11104124748490946,0,0,0,0,0,0,0,0,0,0,0,0,0,0,0,0,0,0,0,0,0,0,0,0,0,0,0,0,0,0,0,0,0,0,0,0,0,0,0,0,0,0,0,0,0,0,0,0,0,0,0,0,0,0,0,0,0,0,0,0,0,0,0,0,0,0,0,0,0,0,0,0,0,0,0,0,0,0,0.12621497998856487,0,0,0,0,0,0,1,0,0.11698463169051404,0,0,0,0,0,0,0,0,0,0,0,0
MOTU30711,0,0,0,1,0,0,0,0,0,0,0,0,0,0,0,0.22498843128181398,0,0.16599522021167631,0,0,0,0,0,0,0,0,0,0,0,0,0,0,0,0,0,0,0,0,0,0,0,0,0,0,0,0,0,0,0,0,0,0,0,0,0,0,0,0,0,0,0,0,0,0,0,0,0,0,0,0,0,0,0,0,0,0,0,0,0,0,0,0,0,0,0,0,0,0,0,0,0,0,0,0,0,0,0,0,0,0,0,0,0,0,0,0,0,0,0,0,0,0,0,0,0,0,0,0,0,0,0,0,0,0,0,0,0,0,0,0,0,0,0,0,0,0,0,0,0,0,0,0,0,0,0,0,0,0,0,0,0,0,0,0,0,0,0,0,0,0,0,0,0,0,0,0,0,0,0,0,0,0,0,0,0,0,0,0,0,0,0,0,0,0,0,0,0,0,0,0,0,0,0,0,0,0,0,0,0,0,0,0,0
MOTU32104,0,0,0,0,0,0,0,0,0,0,0,0,0,0,0,0,0,0,0,0,0,0,0,0,0,0,0,0,0,0,0,0,0,0,0,0,0,0,0,0,0,0,0,0,0,0,0,0,0,0,0,0,0,0,0,0,0,0,0,0,0,0,0,0,0,0,0,0,0,0,0,0,0,0,0,0,0,0,0,0,0,0,0,0,0,0,0,0,0,0,0,0,0,0,0,0,0,0,0,0,0,0,0,0.27059072623332625,0,0,0,0,0,0,0,0,0,0,0,0,0,0,0,0,0,0,0,0,0,0,0,0,0,0,0,0,0,0,0,0,0,0,0,0,0,0,0,0,0,0,0,0,0,0,0,0,0,0,0,0,0,0,0,0,0,0,0,0,0,0,0,1,0,0,0,0,0,0,0,0,0,0,0,0,0,0,0,0,0,0,0,0,0,0,0,0,0,0,0,0,0,0,0,0,0,0,0
MOTU3310,0,0,0,0,0,0,0,0,0,0,0,0,0,0,0,0,0,0,0,0,0,0,0,0,0,0,0,0,0,0,0,0,0,0,0,0,0,0,0,0,0,0,0,0,0,0,0.3586550435865504,0.6206896551724138,0.07862407862407864,0.2625341841385597,0.09479921000658328,0,0,0,0,0,0,0,0,0.5313653136531366,0,0,0,0,0,0,0.6889952153110048,0,0,0,0.4494732735076083,0,0,0,0,0,0,0,0,0,0,0,0,0,0,0,0,0,0,0,0,0,0,0,0,0,0.09805924412665985,0,0,0,0,0,0,0,0,0,0,0.057692307692307696,0.0712166172106825,0.04591104734576758,0,0,0,0,0,0,0,0,0,0,0,0,0,0,0,0,0,0,0,0,0,0,0,0,0.1948579161028417,0.3113513513513514,0,0.1660899653979239,0,0,0,1,0,0,0,0,0.3762246897452646,0,0,0.6149466192170819,0,0,0,0,0,0,0,0,0,0,0,0,0,0,0,0,0,0,0,0,0,0,0,0,0,0.10183875530410184,0,0,0,0,0.06976744186046512,0,0,0,0,0,0,0,0,0,0,0,0.07197301012120455,0,0,0,0,0,0,0,0,0,0
MOTU33941,0,0,0,0,0,0,0,0,0,0,0,0,0,0,0,0,0,0,0,0,0,0,0,0,0,0,0,0,0,0,0,0,0,0,0,0,0,0,0,0,0,0,0,0,0,0,0,0,0,0,0,0,0,0,0,0,0,0,0,0,0,0,0,0,0,0,0,0,0,0,0,0,0,0,0,0,0,0,0,0,0,0,0,0,0,0,0,0,0,0,0,0,0,0,0,0,0,0,0,0,0,0,0,0,0,0,0,0,0,0,0,0,0,0,0,0,0,0,0,0,0,0,0,0,0,0,0,0,0,0,0,1,0,0,0,0,0,0,0,0,0,0,0,0,0,0,0,0,0,0,0,0,0,0,0,0,0,0,0,0,0,0,0,0,0,0,0,0,0,0,0,0,0,0,0,0,0,0,0,0,0,0,0,0,0,0,0.6504815409309791,0,0,0,0,0,0,0,0,0,0,0,0,0,0,0,0
MOTU34337,0,0,0,0,0,0,0,0,0,0,0,0,0,0,0,0,0,0,0,0,0,0,0,0,0,0,0,0,0,0,0,0,0,0,0,0,0,0,0,0,0,0,0,0,0,0,0,0,0,0,0,0,0,0,0,0,0,0,0,0,0,0,0,0,0,0,0,0,0,0,0,0,0,0,0,0,0,0,0,0,0,0,0,0,0,0,0,0,0,0,0,0,0,0,0,0,0,0,0,0,0,0,0,0,0,0,0,0,0,0,0,0,0,0,0,0,0,0,0,0,0,0,0,0,0,0,0,0,0,0,0,0,0,0,0,0,0,0,0,0,0,0,0,0,0,0,0,0,0,0,0,0,0,0,0,0,0,0,0,0,0,0,0,0,0,0,0,0,0,0,0,0,0,0,0,0,0,0,0,0,0,0,0,0,0,0,0,0,1,0.5163742690058479,0,0,0,0,0,0,0,0,0,0,0,0,0
MOTU3941,0,0,0,0,0,0,0,0,0,0,0,0,0,0,0,0,0,0,0,0,0,0,0,0,0,0,0,0,0,0,0,0,0,0,0,0,0,0,0,0,0,0,0,0,0,0,0,0.5079022988505747,0.06433706433706435,0.4296566393193558,0,0,0,0,0,0,0,0,0,0,0.7077077077077077,0,0,0,0,0,0,0,0,0.11313810209633542,0.18389907660293928,0,0,0,0,0.08092948717948718,0,0,0,0,0,0,0,0,0,0,0,0,0,0,0,0,0.16097449908925318,0,0,0,0,0.13310740845335595,0,0,0,0,0,0.09979532782835769,0,0,0,0.18883547008547008,0.05827563468513023,0.07513682979967054,0,0,0,0,0,0,0,0,0,0,0,0,1,0,0,0,0,0.08489433237271854,0,0.18282906645978794,0,0,0,0,0,0,0.16405615500638127,0,0.12236067843544479,0.11462386511024644,0.11666666666666667,0,0,0,0,0,0,0,0.47705802968960864,0,0,0,0,0,0,0,0,0,0,0,0,0,0,0,0,0,0,0.55320813771518,0,0.1906688241639698,0,0,0,0,0,0,0,0.7577706323687031,0,0,0,0,0,0,0,0,0,0,0,0,0,0.13846455150802978,0,0,0.08263207106124357,0,0.17120716793800703,0,0,0.09650559650559651,0,0,0
MOTU4405,0,0,0,0,0,0,0,0,0,0,0,0,0,0,0,0,0,0,0,0,0,0,0,0,0,0,0,0,0,0,0,0,0,0,0,0,0,0,0,0,0,0,0,0,0,0,0,0,0,0,0,0,0,0,0,0,0,0,0,0,0,0,0,0,0,0,0,0,0,0,0,0,0,0,0,0,0,0,0,0,0,0,0,0,0,0,0,0,0,0,0,0,0,0,0,0,0.09658381568493928,0,0,0,0,0,0,0,0,0,0,0,0,0,0,0,0,0,0,0,0,0,0,0,0,0,0,0,0,0.10440436756226229,0,0,0,0.22006723558313937,0,0,0.12195471481799942,0,0,0,0,0,0,0,0.14042904290429042,0,0,0,0,0,0.18528195079468757,0,0,0.20189798339264534,0,0,0,0.1344391785150079,0.1950939935809262,0,0,0,0,0,0,0,0,0,0,0,0,0,0.19127893908743537,0,0,0,0,0,0,0,0,0,0,0,0,0,0,0,0,0,0,0,0.08031332578331446,0,0.1503267973856209,1,0,0,0.1989247311827957,0,0.10303910885095048,0,0,0,0,0,0.015399091616452237
MOTU492,0,0,0,0,0,0,0,0,0,0,0,0,0,0,0,0,0,0,0,0,0,0,0,0,0,0,0,0,0,0,0,0,0,0,0,0,0,0,0,0,0,0,0.06996173469387755,0,0,0.06766592647421663,0.04879025084504537,0.5066194581280788,0.48130923130923126,1,0.3353004796388601,0,0.4167933130699088,0,0.10123661867847915,0.05999781229490265,0.01616277699198491,0.2798469387755102,0.060367598503191726,0.07228518713758565,0.2353067353067353,0.1625666864256076,0.24589061566049014,0,0.36960916442048514,0.5141544806899138,0.1874572795625427,0.3139308608058608,0.05612975849365534,0.26332213154104656,0.44330026196978983,0.17284663865546218,0.16572999758278945,0,0,0.10763343799058085,0.17357594936708862,0,0.17766448135575652,0,0.025031565176384683,0.03893200208205177,0.0329300873532855,0.17768059604794298,0,0,0,0.011660289115646259,0.12699699004399165,0.2221511194634352,0.42268548044217685,0.5888562839965645,0.0936646174863388,0.1062709894084216,0.07689611664096452,0.0753192658030851,0.16007587917700278,0.15489974583451002,0.229069799816243,0,0.2557904554640137,0.06394413485975425,0.039415061799367636,0.041476361876531254,0.12383586385956989,0,0,0.37671703296703296,0.19376148085346898,0.2748058573022705,0.02507517727614442,0.011054901644630763,0.057278613199665825,0.2902116402116402,0.02851424412559784,0,0,0,0,0,0,0,0.05541523540109113,0,0,0.01441979073558021,0.17790471385325068,0.028226636475916014,0.08239447198437734,0.18236728360855592,0.056426171044509976,0.19335507182515202,0.13475003070875813,0.08991066306040488,0.3446017784651073,0.10588803088803089,0.3409203918253692,0.27113198220464657,0.12205162438807299,0.03811145080600334,0.07758132956152758,0.10202752976190475,0.05389074474356455,0,0,0,0.025590183820098908,0.15052140504939626,0.03965442452284557,0,0.11899338323028529,0,0,0.012378695554051003,0,0,0,0,0,0,0,0,0,0,0,0,0,0.18393695506371563,0.07925537038820923,0.03169787332408692,0.03371649864765183,0.036142593568792826,0.02995303626037571,0.05315952704012405,0,0,0.2522225628448804,0.37792834175470835,0,0.0821928071928072,0.06643653100775193,0.022400555419423342,0.22183300717547294,0.10179362896006637,0.398876858435682,0.12587492828456684,0.015721738133455627,0.032192745627421054,0.23294167610419025,0.274937343358396,0.13495533348474525,0.32226792009400707,0.024477428107316897,0.1685099846390169,0.10989781606892406,0.05813802850076552,0.14231228270458202,0.0174437094517237,0.0815370893414598,0.032087282087282086,0.011100003237922549,0,0.0021268428113876245
MOTU6627,0,0,0,0,0,0,0,0,0,0,0,0,0,0,0,0,0,0,0,0,0,0,0,0,0,0,0,0,0,0,0,0,0,0,0,0,0,0,0,0,0,0,0,0,0,0,0,0,0,0,0,0,0,0,0,0,0,0,0,0,0,0,0,0,0,0,0,0,0,0,0,0,0,0,0,0,0,0,0,0,0,0,0,0,0,0,0,0,0,0,0,0,0.3015710382513661,0.39918625678119346,0,0,0,0,0,0,0,0,0,0,0,0,0,0,0,0,0,0,0,0,0,0,0,0,0,0,0,0,0,0,0,0,0,0,0,0,0,0,0,0,0,0,0,0,0,0,0,0,0,0,0,0,0,0,0,0,0,0,0,0,0,0,0,0,0,0,0,0,0,0,0,0,0,0,0,0,0,0,0,0,0,0,0,0,0,0,0,0,0,0,0,0,0,0,1,0.38728070175438595,0.23396926338102808,0,0,0,0,0,0,0,0,0,0,0,0
MOTU8324,0,0,0,0,0,0,0,0,0,0,0,0,0,0,0,0,0,0,0,0,0,0,0,0,0,0,0,0,0,0,0,0,0,0,0,0,0,0,0,0,0,0,0,0,0,0,0,0,0,0,0,0,0,0,0,0,0,0,0,0,0,0,0,0,0,0,0,0,0,0,0,0,0,0,0,0,0,0,0,0,0,0,0,0,0,0,0,0,0,0,0,0,0,0,0,0,0,0,0,0,0.2402067464635473,0,0,0,0,0,0,0,0,0,0,0,0,0,0,0,0,0,0,0,0,0,0,0,0,0,0,0,0,0,0,0,0,0,0,0,0,0,0,0,0,0,0,0,0,0,0,0,0,0,0,0,0,0,0,0,0,0,0,0,0,0,0,0,0,0,0,0,0,0,0,0,0,0,0,0,0,0,0,0,0,0,0,0,0,0,0,0,1,0,0,0,0,0,0,0,0,0,0,0,0,0,0
MOTU9863,0,0,0,0,0,0,0,0,0,0,0,0,0,0,0,0.07503470615455808,0.26378721327476823,0,0,0,0,0,0,0,0,0,1,0,0,0,0,0,0,0,0,0,0,0,0,0,0,0,0,0,0,0,0,0,0,0,0,0,0,0,0,0,0,0,0,0,0,0,0,0,0,0,0,0,0,0,0,0,0,0,0,0,0,0,0,0,0,0,0,0,0,0,0,0,0,0,0,0,0,0,0,0,0,0,0,0,0,0,0,0,0,0,0,0,0,0,0,0,0,0,0,0,0,0,0,0,0,0,0,0,0,0,0,0,0,0,0,0,0,0,0,0,0,0,0,0,0,0,0,0,0,0,0,0,0,0,0,0,0,0,0,0,0,0,0,0,0,0,0,0,0,0,0,0,0,0,0,0,0,0,0,0,0,0,0,0,0,0,0,0,0,0,0,0,0,0,0,0,0,0,0,0,0,0,0,0,0,0,0
MOTU9946,0,0,0,0,0,0,0,0,0,0,0,0,0,0,0,0,0,0,0,0,0,0,0,0,0,0,0,0,0,0,0,0,0,0,0,0,0,0,0,0,0,0,0,0,0,0,0,0,0.8632268632268633,0,0,0,0,0,0,0,0,0,0,0,0,0,0,0,0,0,0,0,0,0,0,0,0,0,0,0,0,0,0,0,0,0,0,0,0,0,0,0,0,0,0,0,0,0,0,0,0,0,0,0,0,0,0,0,0,0,0,0,0,0,0,0,0,0,0,0,0,0,0,1,0,0,0,0,0,0,0,0,0,0,0,0,0,0,0,0,0,0,0,0,0,0,0,0,0,0,0,0,0,0,0,0,0,0,0,0,0,0,0,0,0,0,0,0,0,0,0,0,0,0,0,0,0,0,0,0,0,0,0,0,0,0,0,0,0,0,0,0,0,0,0,0.3096357226792009,0,0.3238095238095238,0,0.08689200329760924,0,0,0,0,0,0,0
MOTU3773,0,0,0,0,0.0025368554571339854,0,0,0.00638275332379893,0,0,0,0.011585981443199847,0,0,0,0,0,0.0010616857013843765,0,0.0021911481252500273,0,0.002348698957216646,0,0,0,0,0.007191668407388619,0,0,0,0,0,0,0,0,0,0,0,0,0,0,0,0,0,0,0,0,0,0,0,0,0,0,0,0,0,0,0,0,0,0,1,0,0,0,0,0,0,0,0,0,0,0,0,0,0,0,0,0,0,0,0,0,0,0,0,0,0,0,0,0,0,0,0,0,0,0,0,0.0015151419895511786,0,0,0,0,0,0,0,0,0,0,0,0,0,0,0,0,0,0,0,0,0,0,0,0,0,0,0,0,0,0,0,0,0,0,0,0,0,0,0,0,0,0,0,0,0,0,0,0,0,0,0,0,0,0,0,0,0,0,0,0,0,0,0,0,0,0,0,0,0,0,0,0,0,0,0,0,0,0,0,0,0,0,0,0,0,0,0,0,0,0,0,0,0,0,0,0,0,0,0,0,0,0,0,0
MOTU11904,0,0,0,0,0,0,0,0,0,0,0,0,0,0,0,0,0,0,0,0,0,0,0,0,0,0,0,0,0,0,0,0,0,0,0,0,0,0,0,0,0,0,0,0,0,0,0,0,0,0,0,0,0,0,0,0,0,0,0,0,0.7237237237237237,1,0,0,0,0,0,0,0,0,0,0,0,0,0,0,0,0,0,0,0,0,0,0,0,0,0,0,0,0,0,0,0,0,0,0,0,0,0,0,0,0,0,0,0,0,0,0,0,0,0,0,0,0,0,0,0,0,0,0,0,0,0,0,0,0,0.24318869828456105,0,0,0,0,0,0,0,0,0,0,0,0,0,0,0,0,0,0,0,0,0,0,0,0,0,0,0,0,0,0,0,0,0,0,0,0,0,0,0,0,0,0,0,0,0,0,0,0,0,0,0,0,0,0,0,0,0,0,0,0,0,0,0,0,0,0,0,0,0,0,0,0,0,0,0,0
MOTU15857,0,0,0,0,0,0,0,0,0,0,0,0,0,0,0,0,0,0,0,0,0,0,0,0,0,0,0,0,0,0,0,0,0,0,0,0,0,0,0,0,0,0,0,0,0,0,0,0,0,0,0,0,0,0,0,0,0,0,0,0,0,0,0,0,0,0,0,0,0,0,0,0,0,0,0,0,0,0,0,0,0,0,0,0,0,0,0,0,0,0,0,0,0,0,0,0,0,0,0,0,0,0,0,0,0,0,0,0,0,0,0,0,0,0,0,0,0,0,0,0,0,0,0,0,0,0,0,0,0,0,0,0,0,0,0,0,0,0,0,0,0,0,0,0,0,0,0,0,0,0,0,0,0,0,0,0,0,0,0,0,0,0,0,0,0,0,0,0,0,0,0,0,0,0,0,0,0,0,0,0,0,1,0,0,0,0,0,0,0,0,0,0,0,0,0,0,0,0,0,0,0,0,0
MOTU5622,0,0,0,0,0,0,0,0,0,0,0,0,0,0,0,0,0,0,0,0,0,0,0,0,0,0,0,0,0,0,0,0,0,0,0,0,0,0,0,0,0,0,0,0,0,0,0,0,0,0,0,0,0,0,0,0,0,0,0,0,0,0,0,0,0,0,0,0,0,0,0,0,0,0,0,0,0,0,0,0,0,0,0,0.08953136810279667,0,1,0,0,0,0,0,0.07912491649966599,0,0,0,0,0.08066053796390873,0,0,0,0,0,0,0,0,0,0,0,0,0,0,0,0,0,0,0,0,0,0,0,0,0,0,0,0,0,0,0,0,0,0,0,0,0,0,0,0,0,0,0,0,0,0,0,0,0,0,0,0,0,0,0,0,0,0,0,0,0,0,0,0,0,0,0,0,0,0,0,0,0,0,0,0,0,0,0,0,0,0,0,0,0,0,0,0,0,0,0,0.1341449603624009,0,0,0,0,0,0,0,0,0,0,0,0,0,0
MOTU1956,0,0,0,0,0,0,0,0,0,0,0,0,0,0,0,0,0,0,0,0,0,0,0,0,0,0,0,0,0,0,0,0,0,0,0,0,0,0.00959789856536674,0,0,0,0,0,0,0,0,0,0,0,0,0,0,0,0,0,0,0,0,0,0,0,0,0,0,0,0,0,0,0,0,0,0,0,0,0,0,0,0,0,0,0,0,0,0,0,0,0,0,0,0,0,0.039662658650634605,0,0,0,0,0,0,0,0,0,0,0,0,0,0,0,0,0,0,0,0,0.005341880341880342,0,0,0,0,0,0,0,0,0,0,0,0,0,0,0,0,0,0,0,0,0,0,0,0,0,0,0,0,0,0,0,0,0,0,0,0,0,0,0,0,0,0,0,0,0.004825764502692269,0,0,0,0,0,0,0,0,0,0,0,0,0,0,0,0,0,0,0,0,0,0,0,0,0,0,0,0,0.30497592295345105,0,0,1,0,0,0,0,0,0,0,0,0,0,0,0,0
MOTU11039,0,0,0,0,0,0,0,0,0,0,0,0,0,0,0,0,0,0,0,0,0,0,0,0,0,0,0,0,0,0,0,0,0,0,0,0,0,0,0,0,0,0,0,0,0,0,0,0,0,0,0,0,0,0,0,0,0,0,0.3790446841294299,0,0,0,0,0,0,0,0,0,0,0,0,0,0,0,0,0,0,0,0,0,0,0,0,0,0,0,0,0,0,0,0,0,0,0,0,0,0,0,0,0,0,0,0,0,0,0,0,0,0,0,0,0,0,0,0,0,0,0,0,0,0,0,0,0,0,0,0,0,0,0,0,0,0,0,0,0,0,0,0,0,0,0,0,0,0,0,0,0,0,0,0,0,0,0,0,0,0,0,0,0,0,0,0,0,0,0,0,0,0,0,0,0,0,0,0,0,0.5278969957081544,0,1,0,0,0,0,0,0,0,0,0,0,0,0,0,0,0,0,0,0,0,0,0,0,0,0
MOTU13979,0,0,0,0,0,0,0,0,0,0,0,0,0,0,0,0,0,0,0,0,0,0,0,0,0,0,0,0,0,0,0,0,0,0,0,0,0,0,0,0,0,0,0,0,0,0,0,0,0,0,0,0,0,0,0,0,0,0,0,0,0,0,0,0,0,0,0,0,0,0,0,0,0,0,0,0,0,0,0.08960638490839833,0,0,0,0,0,0,0,0,0,0,0,0,0,0,0,0,0,0,0,0,0,0,0.0806267341276318,0,0,0,0,0,0,0,0,0,0,0,0,0,0,0,0,0,0,0,0,0,0,0,0,0,0.17795389048991353,0,0,0,0,0,0,0,0,0,0,0,0,0,0,0,0,0,0,0,0,1,0,0,0,0,0,0,0,0,0,0,0,0,0,0,0,0,0,0,0,0,0,0,0,0,0,0,0,0,0,0,0,0,0,0,0.07550053492281827,0,0,0,0,0,0,0,0,0,0,0.1732117812061711,0,0,0,0,0,0,0,0
MOTU34515,0,0,0,0,0,0,0,0,0,0,0,0,0,0,0,0,0,0,0,0,0,0,0,0,0,0,0,0,0,0,0,0,0,0,0,0,0,0,0,0,0,0,0,0,0,0,0,0,0,0,0,0,0,0,0,0,0,0,0,0,0,0,0,0,0,0,0,0,0,0,0,0,0,0,0,0,0,0,0,0,0,0,0,0,0,0,0,0,0,0,0,0,0,0,0,0,0,0,0,0,0,0,0,0,0,0,0,0,0,0,0,0,0,0,0,0,0,0,0,0,0,0,0,0,0,0,0,0,0,0,0,0,0,0,0,1,0,0,0,0,0,0,0,0,0,0,0,0,0,0,0,0,0,0,0,0,0,0,0,0,0,0,0,0,0,0,0,0,0,0,0,0,0,0,0,0,0,0,0,0,0,0,0,0,0,0,0,0,0,0,0,0,0.462326627514682,0,0,0,0,0,0,0,0,0,0
MOTU6276,0,0,0,0,0,0,0,0,0,0,0,0,0,0,0,0,0,0,0,0,0,0,0,0,0,0,0,0,0,0,0,0,0,0,0,0,0,0,0,0,0,0,0,0,0,0,0,0,0,0,0,0,0,0,0,0,0,0,0,0,0,0,0,0,0,0,0,0,0,0,0,0,0,0,0,0,0,0,0,0,0,0,0,0,0,0,0,0.13883928571428572,0,0,0.11569940476190475,0,0,0,0,0,0,0,0,0,0,0,0,0,0,0,0,0,0,0,0,0,0,0,0,0,0,0,0,0,0,0,0,0,0,0,0,0,0,0,0,0,0,0,0.6312584573748309,0,0,0,0,0,0,0,0,0.3058013765978368,0,0,0,0,0,0,0,0,0,0.2947867298578199,0,0,0,0,0,0,0,0,0,0,0,0,0,0,0,0,0,0,0,0,0,0,0,1,0,0,0,0,0,0,0,0,0,0,0,0,0,0,0,0,0,0,0,0,0,0,0,0,0
MOTU19308,0,0,0,0,0,0,0,0,0,0,0,0,0,0,0,1,0,0,0,0,0,0,0,0,0,0,0,0,0,0,0,0,0,0,0,0,0,0,0,0,0,0,0,0,0,0,0,0,0,0,0,0,0,0,0,0,0,0,0,0,0,0,0,0,0,0,0,0,0,0,0,0,0,0,0,0,0,0,0,0,0,0,0,0,0,0,0,0,0,0,0,0,0,0,0,0,0,0,0,0,0,0,0,0,0,0,0,0,0,0,0,0,0,0,0,0,0,0,0,0,0,0,0,0,0,0,0,0,0,0,0,0,0,0,0,0,0,0,0,0,0,0,0,0,0,0,0,0,0,0,0,0,0,0,0,0,0,0,0,0,0,0,0,0,0,0,0,0,0,0,0,0,0,0,0,0,0,0,0,0,0,0,0,0,0,0,0,0,0,0,0,0,0,0,0,0,0,0,0,0,0,0,0
MOTU6922,0,0,0,0,0,0,0,0,0.16337657454408727,0,0,0,0,0,0,0,0,0,0,0,0,0,0,0,0,0.05345389678292428,0,0,0,0,0,1,0.061802147784652595,0,0,0,0,0,0,0,0,0,0,0,0,0,0,0,0,0,0,0,0,0,0,0,0,0,0,0,0,0,0,0,0,0,0,0,0,0.2781244999199872,0,0,0,0,0,0,0,0,0,0,0,0,0,0,0,0,0,0,0,0,0,0,0,0,0,0,0,0,0,0,0,0,0,0,0,0,0,0,0,0,0,0,0.03257609836557205,0,0,0,0,0,0,0,0,0,0,0,0,0,0,0,0,0,0,0,0,0,0,0,0,0,0,0,0,0,0,0,0,0,0,0,0,0,0,0,0,0,0,0,0,0,0,0.054654088050314464,0,0,0,0,0.05441537907606569,0,0,0,0,0,0,0,0,0,0,0,0,0,0,0,0,0,0,0,0,0,0,0,0,0,0,0,0,0,0,0,0,0,0,0,0,0,0
MOTU13598,0,0,0,0,0,0,0,0,0,0,0,0,0,0,0,0,0,0,0,0,0,0,0,0,0,0,0,0,0,0,0,0,0,0,0,0,0,0,0,0,0,0,0,0,0,0,0,0,0,0,0,0,0,0,0,0,0,0,0,0,0,0,0,0,0,0,0,0,0,0,0,0,0,0,0,0,0,0,0,0,0,0,0,0,0,0,0,0,0,0,0,0.16549766199064797,0,0,0,0,0,0,0,0,0,0,0,0,0,0,0,0,0,0,0,0,0,0,0,0,0,0,0,0,0,0,0,0,0,0,1,0.35698847262247835,0,0,0,0,0,0,0,0,0,0,0,0,0,0,0,0,0,0,0,0,0,0,0,0,0,0,0,0,0,0,0,0,0,0,0,0,0,0,0,0,0,0,0,0,0,0,0,0,0,0,0,0,0,0,0,0,0,0,0,0,0,0,0,0,0,0,0,0,0,0,0,0,0,0,0
MOTU169,0,0,0.0012811574979481463,0.1450551183171504,0.1451639865736782,0.3922713612994852,0,0.0029693822797271074,0,0,0,0,0.01855561475298913,0.015221208405359505,0.02466266726194524,0.0035146163790310023,0.0027457245612443272,0.2520211760225417,0.10874287934421566,0.1916406516181037,0.5841541713924566,0.32670561250621677,0.06012949081922347,0.08399457579785449,0,0.0010011185504819017,0.0011152351577883492,0,0,0.03020489294999099,0.0025963443048870184,0,0,0,0.0026189048636550446,0.019994083876147758,0.0025787576589715627,0.004384773833147242,0.015783144737977817,0,0,0,0,0,0,0,0,0,0,0,0,0,0,0,0,0,0,0,0,0,0,0,0,0,0,0,0,0,0,0,0,0.005318687671628848,0,0,0,0,0,0,0,0,0,0,0,0,0,0,0.0021470511230083805,5.382005382005382e-4,0,0,0,0,0,0,0,0,0,0,0,0,0,0,0,0,0,0,0,0,0,0.001729654527358975,0,0,0,0,0,0,0,0,0,0,0,0,0,0,0,0,0,0.0013028485650964036,0,0,0,0,0,0,0,0,0,0,0,0,0,0.009418509418509418,0,0,0,0,0.002362317189227705,0,0,0,0,0,0,0,0,0,0,0,0,0,0,1,0.20454965389707466,0.10625355710101474,0,0.00495479325360863,0.004991574386899152,0,0,0,0,0,0,0,0,0,0,0,0,0,0,0,0,0,0,0,0,0,0,0,0,0,0,0,0,0,0,0,0,0,0,0,0
MOTU12917,0,0,0,0,0,0,0,0,0,0,0,0,0,0,0,0,0,0,0,0,0,0,0,0,0,0,0,0,0,0,0,0,0,0,0,0,0,0,0,0,0,0,0,0,0,0,0,0,0,0,0,0,0,0,0,0,0,0,0,0,0,0,0,0,0,0,0,0,0,0,0,0,0,0,0,0,0,0,0,0,0,0,0,0,0,0,0,0,0,0,0,0,0,0,0,1,0,0,0,0,0,0,0,0,0,0,0,0,0.7717606330365975,0,0,0,0.3509896536212326,0,0,0,0,0,0,0,0,0,0,0,0,0,0,0,0,0,0,0,0,0,0,0,0,0,0,0,0,0,0,0,0,0,0,0,0,0,0,0,0,0,0,0,0,0,0,0,0,0,0,0,0,0,0,0,0,0,0,0,0,0,0,0,0,0,0,0,0,0,0,0,0,0,0,0,0,0,0,0,0,0,0,0,0,0,0,0,0,0,0
MOTU10809,0,0,0,0,0.04349620415958846,0,0,0,0,0,0,0,0,0,0,0,0,0,0,0,0,0,0,0,0,0,0,0,0,0,0,0,0,0,0,0,0,0,0,0.8603089481052606,1,0.18184736377497793,0.4760504201680672,0,0.7509527754763877,0,0,0,0,0,0,0,0,0,0,0.4082515088730745,0,0,0.6161515453639083,0.9837204254395484,0,0,0,0,0,0,0,0,0,0,0,0,0,0,0,0.04577407886231416,0.4218168279970216,0,0,0,0,0,0,0.10075141167578143,0,0,0,0,0,0,0,0,0,0,0,0,0,0,0,0,0,0,0,0,0,0,0,0,0,0,0,0,0,0,0,0,0,0,0,0,0,0.13369520325682932,0,0,0,0,0,0,0.4204861755427723,0,0,0,0,0.535317741554453,0,0,0,0,0,0,0,0,0,0,0,0,0,0,0,0,0,0,0,0,0,0,0,0,0,0,0,0,0,0,0,0,0,0,0,0.10784313725490197,0,0,0,0,0.17701742051402233,0,0,0,0,0,0,0,0,0,0,0,0,0,0,0,0.10595716824090527,0,0.06662207554519996,0,0,0,0.3873421508087434,0.35608401864753025,0.41611066903348226,0,0,0,0
MOTU14169,0,0,0,0,0,0,0,0,0,0,0,0,0,0,0,0,0,0,0,0,0,0,0,0,0,0,0,0,0,0,0,0,0,0,0,0,0,0,0,0,0,0.11623465211459755,0,0,0,0,0,0,0,0,0,0,0,0,0,0,0,0,0,0,0,0,0,0,0,0,0,0,0,0,0,0,0,0,0,0,0.26962025316455696,0,0,0,0,0,0,0,0,0,0,0,0,0,0,0,0,0,0,0,0,0,0,0,0,0,0,0,0,0,0,0,0,0,0,0,0,0,0,0,0,0,0,0.8083491461100569,0,0,0,0,0,0,0,0,0.8958990536277602,0,0,0,0,0,0,0,0,0,0,0,0,0,0,0,0,0,0,0,0,0,0,0,0,0,0,0,0,0,0,0,0,0,0,0,0,0,0,1,0,0,0,0,0,0,0,0,0,0,0,0,0,0,0,0,0,0,0,0,0,0,0,0,0,0,0,0,0,0,0,0,0,0,0
MOTU1496,0,0,0.010892667375132836,0.01264911559029206,0.04013705335291238,0,0.053758741258741256,0.05049261083743842,0.03468697123519458,0,0.02921615201900237,0,0.00618681152859514,0.006312872100184766,0.009867629362214199,0.017075428042572883,0.026679681145274116,0.05249231819733697,0,0,0,0.03716012084592145,0.0552684789934846,0,0.014730538922155686,0.011348957372208894,0.01896392229417206,0,0,0,0,0,0,0.06765676567656764,0,0.03777641277641277,0.02192513368983957,0.08698727015558698,0.04025747327078333,0,0,0,0.10982142857142856,0.22282608695652173,0,0,0,0,0,0.0560619872379216,0,0,0,1,0,0,0,0,0.09476117103235747,0,0,0,0,0,0,0.16141732283464566,0,0.09855769230769229,0.08810888252148996,0,0,0,0,0,0,0.021119505494505492,0.03892405063291139,0.07925257731958762,0.011155450752766187,0,0.019646470024491533,0.020370983769460085,0.025845765917209496,0.16269841269841268,0.22610294117647056,0,0,0.01830357142857143,0,0.027897482422317984,0.06863839285714285,0.06162324649298596,0.1260245901639344,0,0,0.019705222685036845,0.020939734422880486,0.0173679751482632,0.023971935295264077,0.01948051948051948,0,0,0,0,0,0,0,0,0,0.019607843137254898,0.004373488835158583,0.04511851015801353,0.03458164642375168,0,0,0.09700315457413249,0,0,0,0,0,0,0,0,0,0.04527051895472948,0.031029263370332995,0.15507925072046108,0.03233438485804416,0,0,0,0.13220120378331898,0,0,0.033243243243243244,0.08562478245736165,0,0.09579439252336447,0.11964980544747081,0.06089108910891088,0.10677083333333331,0,0,0.11388888888888889,0,0.08033964728935336,0,0.12449392712550605,0.08754448398576511,0.09339407744874714,0,0,0,0.04229711141678129,0.039909149902660604,0.046688176124501796,0.06872904602255409,0.021307661849138782,0.011603773584905658,0.005404217926186291,0,0,0,0,0.00495608026432428,0,0,0.04146999325691166,0.09951456310679611,0,0,0,0,0.08167330677290835,0,0.1319742489270386,0,0.125,0,0.014898255813953487,0,0.022465753424657533,0.04699679046309032,0.03478506787330317,0,0,0.0252670501232539,0,0,0,0,0.0076846182681494435,0,0,0.010140148392415498,0,0,0,0,0,0,0.0033385809673741923
MOTU15088,0,0,0,0,0,0,0,0,0,0,0,0,0,0,0,0,0,0,0,0,0,0,0,0,0,0,0,0,0,0,0,0,0,0,0,0,0,0,0,0,0,0,0,0,0,0,0,0,0,0,0,0,0,0,0,0,0,0,0,0,0,0,0,0,0,0,0,0,0,0,0,0,0,0,0,0,0,0,0,0,0,0,0,0,0,0,0.3383793410507569,0,0,0,0,0,0,0,0,0,0,0,0,0.3611023123218245,0,0,0,0,0,0,0,0,0,0,0,0,0,0,0,0,0,0,0,0,0,0,0,0,0,0,0,0,0,0,0,0,0,0,0,0.6162162162162163,0,0,0,0,0,0,0,0,0,0,0,0,0,0,0,0,0,0,0,0,0,0,0,0,0,0,0,0,0,0,0,0,0,0,0,0,0,0,0,0,0,0,0,0,0,0,0,0,0,0,0,0,0,1,0,0,0,0,0,0,0,0,0,0,0,0,0
MOTU1512,0,0,0,0,0,0,0,0,0,0,0,0,0,0,0,0,0,0,0,0,0,0,0,0,0,0,0,0,0,0,0,0,0,0,0,0,0,0,0,0,0,0,0,0,0,0,0,0,0,0,0,0,0,0,0,0,0,0,0,0,0,0,0,0,0,0,0,0,0,0,0,0,0,0,0,0,0,0,0,0,0,0,0,0,0,0,0,0,0,0,0,0,0,0,0,0,0,0,0,0,0,0,0,0,0,0,0,0,0,0,0,0,0,0,0,0,0,0,0,0,0,0,0,0,0,0,0,0,0,0,0,0,0,0,0,0,0,0,0,0,0,0,0,0,0,0,0,0,0,0,0,0,0,0,0,0,0,0,0,0,0,0,0,0,0,0,0,0,0,0,0,0,0,0,0,0,0,0,0,0,0,0,0,0,0,0,0,0,0,0,1,0,0,0,0,0,0,0,0,0,0,0,0
MOTU1548,0,0,0,0.08329905388728918,0.03303964757709251,0.07208971164115344,0,0,0,0,0.3847980997624703,0,0.04074241738343142,0,0.016245487364620937,0.046853308653401204,0.043923865300146414,0.02765448958688972,0,0.057074408117249155,0,0,0.18198157717366883,0.09221311475409837,0.19401197604790418,0.018684259088392694,0.06244218316373728,0,0,0,0,0,0,0,0,0,0.21657754010695188,0,0,0,0,0,0,0,0,0,0,0.4364224137931034,0,0,0,0,0,0,0,0,0,0,0,0,0,0,0,0,0,0,0,0,0,0,0,0,0,0,0,0.06953983516483517,0,0,0.2571195356430256,0,0.021563198807368757,0,0.08510191216642152,0.9948979591836735,0.7444852941176471,0,0,0.1205357142857143,0.32820097244732577,0.4133590383306872,0.15066964285714285,0.10145290581162324,0,0,0,0.12976610060877924,0,0,0,0,0.220348204570185,0,0.050930583501006044,0,0,0,0,0.04056490384615385,0,0,0.07200256009102546,0,0,1,0,0,0,0,0,0,0,0,0,0,0,0,0,0,0,0,0,0,0,0.23235800344234078,0,0,0,0,0,0,0.2004950495049505,0,0,0,0,0,0,0,0,0,0,0,0.5185659411011524,0.12796208530805686,0,0,0.0960808502562156,0.10286498018896678,0.030068303306275985,0.11462264150943396,0.12456063268892795,0,0,0,0,0,0.03493487449322867,0,0,0,0,0,0,0,0,0,0,0,0,0,0,0,0.14794520547945206,0.09284731774415406,0.11453619909502263,0,0,0,0,0,0,0,0.07590903411220792,0,0,0,0,0,0,0,0,0,0
MOTU16603,0,0,0,0,0,0,0,0,0,0,0,0,0,0,0,0,0,0,0,0,0,0,0,0,0,0,0,0,0,0,0,0,0,0,0,0,0,0,0,1,0,0,0,0,0,0,0,0,0,0,0,0,0,0,0,0,0,0,0,0,0,0,0,0,0,0,0,0,0,0,0,0,0,0,0,0,0,0,0,0,0,0,0,0,0,0,0,0,0,0,0,0,0,0,0,0,0,0,0,0,0,0,0,0,0,0,0,0,0,0,0,0,0,0,0,0,0,0,0,0,0,0,0,0,0,0,0,0,0,0,0,0,0,0,0,0,0,0,0,0,0,0,0,0,0,0,0,0,0,0,0,0,0,0,0,0,0,0,0,0,0,0,0,0,0,0,0,0,0,0,0,0,0,0,0,0,0,0,0,0,0,0,0,0,0,0,0,0,0,0,0,0,0,0,0,0,0,0,0,0,0,0,0
MOTU1759,0,0,0,0,0,0,0,0,0,0,0,0,0,0,0,0,0,0,0,0,0,0,0,0,0,0,0,0,0,0,0,0,0,0,0,0,0,0,0,0,0,0,0,0,0,0,0,0,0,0,0,0,0,0,0,0,0,0,0,0,0,0,0,0,0,0,0,0,0,0,0,0,0,0,0,0,0,0,0.4590966805731907,0,0.029945929317668218,0.6520555003496376,0.11818542644346385,0,0,0,0,0.16739417989417993,0,0.25513469922633,0.5231068121693122,0.6575001855562979,0.0960458409228901,0.12713482017279484,0.2759786282848108,0.0901064473637367,0,0.15883774200633846,0.27404231360575154,0.267236828212438,0,0,0.28291974066621955,0,1,0.3927684667908132,0,0.05633457977207977,0,0,0.03999747151503659,0.06348131427138198,0,0,0.20467410642083134,0,0,0,0,0,0,0,0,0,0,0,0,0,0,0,0,0,0,0,0,0,0,0,0.1460136148609669,0,0,0.24411651234567902,0,0,0,0,0.18368531823789827,0,0,0.20015816528272046,0,0.1472367655613729,0,0,0,0,0,0,0,0,0,0,0,0,0,0,0,0,0,0,0,0,0,0,0,0,0,0,0,0,0.06812553832902671,0,0,0.08596124781360912,0,0,0.11285000891742465,0.11553912170181685,0.4777274443186108,0,0,0,0,0,0.09860526725884369,0.04636804983053953,0,0,0,0,0,0.016148275752065587,0
MOTU17878,0,0,0,0,0,0,0,0,0,0,0,0,0,0,0,0,0,0,0,0,0,0,0,0,0,0,0,0,0,0,0,0,0,0,0,0,0,0,0,0,0,0,0,0,0,1,0,0,0,0,0,0,0,0,0,0,0,0,0,0,0,0,0,0,0,0,0,0,0,0,0,0,0,0,0,0,0,0,0,0,0,0,0,0,0,0,0,0,0,0,0,0,0,0,0,0,0,0,0,0,0,0,0,0,0,0,0,0,0,0,0,0,0,0,0,0,0,0,0,0,0,0,0,0,0,0,0,0,0,0,0,0,0,0,0,0,0,0,0,0,0,0,0,0,0,0,0,0,0,0,0,0,0,0,0,0,0,0,0,0,0,0,0,0,0,0,0,0,0,0,0,0,0,0,0,0,0,0,0,0,0,0,0,0,0,0,0,0,0,0,0,0,0,0,0,0,0,0,0,0,0,0,0
MOTU21451,0,0,0,1,0,0,0,0,0,0,0,0,0,0,0,0,0,0,0,0,0,0,0,0,0,0,0,0,0,0,0,0,0,0,0,0,0,0,0,0,0,0,0,0,0,0,0,0,0,0,0,0,0,0,0,0,0,0,0,0,0,0,0,0,0,0,0,0,0,0,0,0,0,0,0,0,0,0,0,0,0,0,0,0,0,0,0,0,0,0,0,0,0,0,0,0,0,0,0,0,0,0,0,0,0,0,0,0,0,0,0,0,0,0,0,0,0,0,0,0,0,0,0,0,0,0,0,0,0,0,0,0,0,0,0,0,0,0,0,0,0,0,0,0,0,0,0,0,0,0,0,0,0,0,0,0,0,0,0,0,0,0,0,0,0,0,0,0,0,0,0,0,0,0,0,0,0,0,0,0,0,0,0,0,0,0,0,0,0,0,0,0,0,0,0,0,0,0,0,0,0,0,0
MOTU21772,0,0,0,0,0,0,0,0,0,0,0,0,0,0,0,0,0,0,0,0,0,0,0,0,0,0,0,0,0,0,0,0,0,0,0,0,0,0,0,0,0,0,0,0,0,0,0,0,0,0,0,0,0,0,0,0,0,0,0,0,0,0,0,0,0,0,0,0,0,0,0,0,1,0,0,0,0,0,0,0,0,0,0,0,0,0,0,0,0,0,0,0,0,0,0,0,0,0,0,0,0,0,0,0,0,0,0,0,0,0,0,0,0,0,0,0,0,0,0,0,0,0,0,0,0,0,0,0,0,0,0,0,0,0,0,0,0,0,0,0,0,0,0,0,0,0,0,0,0,0,0,0,0,0,0,0,0,0,0,0,0,0,0,0,0,0,0,0,0,0,0,0,0,0,0,0,0,0,0,0,0,0,0,0,0,0,0,0,0,0,0,0,0,0.24208909370199694,0,0,0,0,0,0,0,0,0
MOTU2223,0,0,0,0,0,0,0,0,0,0,0,0,0,0,0,0,0.012702131120871969,0.005997951519289859,0,0,0,0,0,0,0,0.00540321092452482,0,0,0,0,0,0,0,0,0,0,0,0,0,0,0,0,0,0,0,0,0,0,0,0,0,0,0,0,0,0,0,0,0,0,0,0,0,0,0,0,0,0,0,0,0,0,0,0,0,0,0,0,0,0,0,0,0,0,0,0,0,0,0,0,0,0,1,0,0,0,0,0,0,0,0,0,0,0,0,0,0,0,0,0,0,0,0,0,0,0,0,0,0,0,0,0,0,0,0,0,0,0,0,0,0,0,0,0,0,0.031654054054054054,0,0,0,0,0,0,0,0,0,0,0,0,0,0,0,0,0,0,0,0,0,0,0,0,0,0,0,0,0,0,0,0,0,0,0,0,0,0,0,0,0,0,0,0,0,0,0,0,0,0,0,0,0,0,0,0,0,0,0,0,0.021271340355975298,0,0,0,0,0,0
MOTU264,0,0,0,0,0.0023641370400338305,8.597244522586536e-4,0,0,0,0,0,0,0,0,0,0,0,0,0,0.006125900190967029,0,0.006566372772674024,0.0016277011815735054,0,0,6.68471854510396e-4,0,0,0,0.03156818282868703,0,0,0,0,0,0,0,0,0.0031616399560042215,0.8153798025866256,0.52754111353279165,0.2767491717014227,0.2458090379008746,0.13124815143448684,1,0.006256388565789009,0,0,0,0,0,0,0,0,0.0468016664029953,0.2718223583460949,0.008966457870276823,0,0.45769000974812113,0.6950824610286919,0,0,0.01515669029117923,0.05890160942425751,0,0,0,0,0,0,0,0,0,0.0077818452837633435,0,0.2487945727741646,0.4814647377938516,0,0,0,0,0,0,0.38332793434834245,0,0,0,0,0,0,0,0,0,0,0,0,0,0,0,0,0,0,0,0,0,0,0,0,0,0,0,0,0,0,0,0,0,0,0,0.5636448127638152,0,0.1526006591202178,0,0,0,0,0,0,0.27425481233502863,0,0,0,0,0.38240425257882843,0,0,0.0025217187466702656,0,0,0.028190264432621296,0,0.006288973922902494,0.009965471745782219,0,0,0.00734032214709592,0,0,0,0.005156511002977704,0.016503184417274882,0,0,0,0,0,0,0,0,0,0,0,0,0,3.4024787297157156e-4,0,0,0.017006802721088433,0,0.19343174162869028,0,0,0,0,0.3271268666829281,0,0.031093982657440657,0,0.029450804712128756,0,0,0,0,0,0,0,0,0,0,0.038131041890440386,0.20924586050636468,0,0.18377037182485137,0.02670930123201354,0,0,0.6526460929449877,0.12902756828466025,0.2563231327910977,0,0,0,0
MOTU26678,0,0,0,0.023288928266303834,0.018474591161815834,0,0,0,0,0,0,0,0,0,0,0,0,0.023195104656354232,0,0.1595698551730119,0.7337986041874378,0.23946084127353012,0,0,0,0,0,0,0,0,0,0,0,0,0.16398373530886204,0,0,0,0,0,0,0,0,0,0,0,0,0,0,0,0,0,0,0,0,0,0,0,0,0,0,0,0,0,0,0,0,0,0,0,0,0,0,0,0,0,0,0,0,0,0,0,0,0,0,0,0,0,0,0,0,0,0,0,0,0,0,0,0,0,0,0,0,0,0,0,0,0,0,0,0,0,0,0,0,0,0,0,0,0,0,0,0,0,0,0,0,0,0,0,0,0,0,0,0,0,0,0,0,0,0,0,0,0,0,0,0,0,0,0,0,0,0,0,0,0,0,0,0,0,0,1,0.7037338050389637,0.5117774880486745,0,0,0,0,0,0,0,0,0,0,0,0,0,0,0,0,0,0,0,0,0,0,0,0,0,0,0,0,0,0,0,0,0,0,0,0,0,0,0
MOTU30136,0,0,0,0,0,0,0,0,0,0,0.3315914489311164,0,0.03510889794275942,0,0,0,0,0,0,0,0,0,0,0,0,0,0,0,0,0,0,0,0,0,0,0,0,0,0,0,0,0,0,0,0,0,0,0,0,0,0,0,0,0,0,0,0,0,0,0,0,0,0,0,0,0,0,0,1,0,0,0,0,0,0,0,0,0,0,0,0,0,0,0,0,0,0,0,0,0,0,0,0,0,0,0,0,0,0,0,0,0,0,0,0,0,0,0,0,0,0,0,0,0,0,0,0,0,0,0,0,0,0,0,0,0,0,0,0,0,0,0,0,0,0,0,0,0,0,0,0,0,0,0,0,0,0,0,0,0,0,0,0,0,0,0,0,0,0,0,0,0,0,0,0,0,0,0,0,0,0,0,0,0,0,0,0,0,0,0,0,0,0,0,0,0,0,0,0,0,0,0,0,0,0,0,0,0,0,0,0,0,0
MOTU3144,0,0,0,0,0,0,0,0,0,0,0,0,0.017428700769578996,0,0,0.016034243405830633,0.037579306979014154,0,0,0,0,0,0,0,0,0,0,0,0,0,0,0,0,0,0,0,0,0,0,0,0,0,0,0,0,0,0,0,0,0,0,0,0,0,0,0,0,0,0,0,0,0,0,0,0,0,0,0,0,0,0,0,0,0,0,0,0,0,0,0,0,0,0,0.39285714285714285,0,0,0,0,0,0,0,0.057865731462925854,0,0,0,0,0,0,0,0.10975609756097561,0,0,0,0.1467287740842685,0,0,0,0,0,0,0.0985635044801593,0,0.03896761133603239,0,0,0,0,0,0,0,0,0,0,0,1,0,0,0,0,0.26881303335919315,0,0,0,0,0,0,0,0,0,0,0,0,0,0,0,0,0,0,0,0,0,0,0,0,0,0,0,0,0.017150069293209266,0,0.0304481546572935,0,0,0,0,0,0,0,0,0,0,0,0,0,0,0,0,0,0,0,0,0,0,0.26478679504814306,0,0,0,0,0.6867214043035107,0,0.09181240063593005,0,0,0,0.12149368863955119,0,0,0.15427426536064115,0,0,0,0,0
MOTU31907,0,0,0,0,0,0,0,0,0,0,0,0,0,0,0,0,0,0,0,0,0,0,0,0,0,0,0,0,0,0,0,0,0,0,0,0,0,0,0,0,0,0,0,0,0,0,0,0,0,0,0,0,0,0,0,0,0,0,0,0,0,0,0,0,0,0,0,0,0,0,0,0,0,0,0,0,0,0,0,0,0,0,0,0,0,0,0,0,0,0,0,0,0,0,0,0,0,0,0,0,0.048198169365678806,0,0,0,0,0,0,0,0,0.0070610740709483215,0,0,0,0,0,0,0,0,0,0,0,0.04442739984659862,0,0,0,0,0,0,0,0,0,0,0,0,0,0,0.01541737474662681,0,0.2989737951255268,0,0,0,0,0,0,0,0,0,0,0,0,0,0,0.006997490939503762,0,0,0,0,0,0,0.00389227747337951,0,0,0,0,0,0,0,0,0,0,0,0,0,1,0,0,0,0,0,0.01073016415868673,0,0,0,0,0,0,0,0,0,0,0,0,0,0,0,0,0,0,0,0,0,0
MOTU33564,0,0,0,0,0,0,0,0,0,0,0,0,0,0,0,0,0,0,0,0,0,0,0,0,0,0,0,0,0,0,0,0,0,0,0,0,0,0,0,0,0,0,0,0,0,0,0,0,0,0,0,0,0,0,0,0,0,0,0,0,0,0,0,0,0,0,0,0,0,0,0,0,0,0,0,0,0,0,0,0,0,0,0,0,0,0,0,0,0,0,0,0,0.7943989071038251,0,0,0.7452739506568408,0,0,0,0,0,0,0,0,0,0,0,0,0,0,0,0,0,0,0,0,0,0,0,0,0,0,0,0,0,0,0,0,0,0,0,0,1,0,0,0,0,0,0,0,0,0,0,0,0,0,0,0,0,0,0,0,0,0,0,0,0,0,0,0,0,0,0,0,0,0,0,0,0,0,0,0,0,0,0,0,0,0,0,0,0,0,0,0,0,0,0,0,0,0,0,0,0.290641009621392,0,0,0,0,0,0,0,0,0,0
MOTU4647,0,0,0,0,0,0,0,0,0,0,0,0,0,0,0,0,0,0,0,0,0,0,0,0,0,0,0,0,0,0,0,0,0,0,0,0,0,0,0,0,0,0,0,0,0,0,0,0,0,0,0.03653719552337064,0,0,0,0,0,0,0,0,0.2047970479704797,1,0.46058091286307057,0.23221757322175732,0,0,0,0.5311004784688995,0,0,0,0,0,0,0,0,0,0,0,0,0,0,0.11030142431268633,0.023324227778945158,0,0,0,0,0,0,0,0,0.03707414829659319,0,0,0,0,0,0,0.02163320990060417,0,0,0,0,0,0,0,0,0,0,0,0,0,0,0,0,0,0,0,0,0,0,0,0,0,0,0,0,0,0,0,0,0,0.04772141014617369,0,0,0,0,0,0,0,0,0,0,0,0,0,0,0.12184412733260154,0,0.07900355871886122,0,0,0,0,0,0,0,0,0,0,0,0,0,0,0,0,0,0,0,0.08980582524271845,0,0,0,0,0,0,0,0,0,0,0,0,0,0.016964695093993582,0,0,0,0,0,0,0,0,0,0,0,0,0,0,0,0,0,0,0
MOTU6273,0,0,0,0,0,0,0,0,0,0,0,0,0,0,0,0,0,0,0,0,0,0,0,0,0,0,0,0,0,0,0,0,0,0,0,0,0,0,0,0,0,0,0,0,0,0,0,0,0,0,0,0,0,0,0,0,0,0,0,0,0,0,0,0,0,0,0,0,0,0,0,0,0,0,0,0,0,0,0,0,0,0,0,0,0,0,0,0,0,0,0.47172619047619047,0,0,0,0,0,0,0.17904546738209548,0.24712531670239718,0,0,0,0,0,0,0,0,0,0,0,0,0.035778781038374716,0,0,0,1,0,0,0,0,0,0,0,0,0,0,0,0,0,0,0,0,0,0,0,0,0,0,0,0,0,0,0,0,0,0,0,0,0.6417004048582996,0,0,0,0,0,0,0,0,0,0,0,0,0,0,0,0,0,0,0,0,0,0,0,0,0,0,0,0,0,0,0,0,0,0.11579908675799087,0,0,0.5092369477911647,0.7632423756019261,0,0,0,0,0,0,0.3895545314900154,0,0,0,0,0,0,0,0,0
MOTU9246,0,0,0,0,0,0,0,0,0,0,0,0,0,0,0,0,0,0.21474906111300784,0,0,0,0,0,0,0,0,0,0,0,0,0,0,0,0,0,0,0,0,0,0,0,0,0,0,0,0,0,0,0,0,0.41408821593153383,0,0,0,0,0,0,0,0,0,0,0,0,0,0,0,0,0,0,0,0,0,0,0,0,0,0,0,0,0,0,0,0,0,0,0,0,0,0,0,0,0,0,0,0,0,0,0,0.4903527577470278,0,0,0,0,0,0,0,0,0,0.31107814045499504,0,0,0,0,0,0,0,0,0,0,0,0,0,0,0,0,0,0,0,0,0,0,0,0.5408426483233018,0,0,0,0,0,0,0,0,0,0,0,0,0,0,0,0,0,0,0,0,0,0,0,0,0.12780656303972365,0,0,0,0,0,0,0,0,0,0,0,0,0,0,0,0,0,0,0,0,0,0,0,0,0,0,0.3557692307692308,0,0,0,0,0,1,0,0,0,0,0,0,0,0,0,0,0,0
MOTU9516,0,0,0,0,0,0,0,0,0,0,0,0,0,0,0,0,0,0,0,0,0,0,0,0,0,0,0,0,0,0,0,0,0,0,0,0,0,0,0,0.5467527228721258,0.19938217122683144,0,0,0,0,0,0,0,0,0,0,0,0,0,0,0,0,0,0,0,0,0,0,0,0,0,0,0,0,0,0,0,0,0,0,0,0.47658227848101264,0,0,0,0,0,0,0,0,0,0,0,0,0,0,0,0,0,0,0,0,0,0,0,0,0,0,0,0,0,0,0,0,0,0,0,0,0,0,0,0,0,0,0,0,0,0,0,0,0,0,0,0,0,0,0,0,0.08640275387263338,0,0,0,0,0,0,0,0.13072916666666665,0,0,0,0,0,0,0,0,0,0,0,0,0,0,0,0,0,0,0,0,0,0,0,0,0,0,0,0.12184466019417475,0,0,0,0,1,0,0,0,0,0,0.03648255813953488,0,0,0,0,0,0,0,0,0,0,0,0,0,0,0,0,0,0,0,0,0,0
MOTU9884,0,0,0,0,0,0,0,0,0,0,0,0,0,0,0,0.12188801480795927,0,0,0,0,0,0,0,0,0,0,0,0,0,0,0,0,0,0,0,0,0,0,0,0,0,0,0,0,0,0,0,0,0,0,0,0,0,0,0,0,0,0,0,0,0,0,0,0,0,0,0,0,0,0,0,0,0,0,0,0,0,0,0,0,0,0,0,0,0,0,0,0,0,0,0,0,0,0,0,0,0,0,0,0,0,0,0,0,0,0,0,0,0,0,0,0,0,0,0,0,0,0,0,0,0,0,0,0,0,0,0,0,0,0,0,0,0,0,0,0,0,0,0,0,0,0,0,0,0,0,0,0,0,0,1,0,0,0,0,0,0,0,0,0,0,0,0,0,0,0,0,0,0,0,0,0,0,0,0,0,0,0,0,0,0,0,0,0,0,0,0,0,0,0,0,0,0.32912657753342495,0,0,0,0,0,0,0,0,0,0
MOTU15584,0,0,0,0,0,0,0,0,0,0,0,0,0,0,0,0.8483109671448403,0,0,0,0,0,0,0,0,0,0,0,0,0,0,0,0,0,0,0,0,0,0.9260456657910688,1,0,0,0,0,0,0,0,0,0,0,0,0,0,0,0,0,0,0,0,0,0,0,0,0,0,0,0,0,0,0,0,0,0,0,0,0,0,0,0,0,0,0,0,0,0,0,0,0,0,0,0,0,0,0,0,0,0,0,0,0,0,0,0,0,0,0,0,0,0,0,0,0,0,0,0,0,0,0,0,0,0,0,0,0,0,0,0,0,0,0,0,0,0,0,0,0,0,0,0,0,0,0,0,0,0,0,0,0,0,0,0,0,0,0,0,0,0,0,0,0,0,0,0,0,0,0,0,0,0,0,0,0,0,0,0,0,0,0,0,0,0,0,0,0,0,0,0,0,0,0,0,0,0,0,0,0,0,0,0,0,0,0,0,0
MOTU23552,0,0,0,0,0,0,0,0,0,0,0,0,0,0,0,0,0,0,0,0,0,0,0,0,0,0,0,0,0,0,0,0,0,0,0,0,0,0,0,0,0,0,0,0,0,0,0,0,0.09090909090909091,0,0,0,0,0,0,0,0,0,0,0,1,0,0,0,0,0,0,0,0,0,0,0,0,0,0,0,0.2107594936708861,0,0,0,0,0,0,0,0,0,0,0,0,0,0,0,0,0,0,0,0,0,0,0,0,0,0,0,0,0,0,0,0,0,0,0,0,0,0,0,0,0,0,0,0,0,0,0,0,0,0,0,0,0,0,0,0,0,0,0,0,0,0,0,0,0,0,0,0,0,0,0,0,0,0,0,0,0,0,0,0,0,0,0,0,0,0,0,0,0,0,0,0,0,0,0,0,0,0,0,0,0,0,0,0,0,0,0,0,0,0,0,0,0,0,0,0,0,0,0,0,0,0,0,0,0,0
MOTU11388,0,0,0,0,0,0,0,0,0,0,0,0,0,0,0,0,0,0,0,0,0,0,0,0,0,0,0,0,0,0,0,0,0,0,0,0,0,0,0,0,0,0,0,0,0,0,0,0,0,0,0,0,0,0,0,0,0,0,0,0,0,0,0,0,0,0,0,0,0,0,0,0,0,0,0,0,0,0,0,0,0,0.4362371646240477,0,0,0,0.5559307724778387,0,0,0,0,0,0,0,0,0,0,0,0,0,0,0,0,0,0.27884818970993014,0,0,0,0,0,0,0,0,0,0,0,0,0,0,0,0,0,0,0,0,0,0,0,0,0,0,0,0,0,0,0,0,0.22920292377305954,0,0,0,0,0,0,0,0,0,0,0,0,0,1,0,0,0,0,0,0,0,0,0,0,0,0,0,0,0,0.056801518157508835,0,0,0,0,0,0,0,0,0,0,0,0,0,0,0,0,0,0,0,0,0,0,0,0,0,0,0,0,0,0,0,0,0,0,0,0
MOTU12824,0,0,0,0,0,0,0,0,0,0,0,0,0,0,0,0,0,0,0,0,0,0,0,0,0,0,0,0,0,0,0,0,0,0,0,0,0,0,0.6353916648483526,0,0,0,0,0,0,0,0,0,0,0,0,0,0,0,0,0,0,0,0,0,0,0,0,0,0,0,0,0,0,0,0,0,0,0,0,1,0,0,0,0,0,0,0,0,0,0,0,0,0,0,0,0,0,0,0,0,0,0,0,0,0,0,0,0,0,0,0,0,0,0,0,0,0,0,0,0,0,0,0,0,0,0,0,0,0,0,0,0,0,0,0,0,0,0,0,0,0,0,0,0,0,0,0,0,0,0,0,0,0,0,0,0,0,0,0,0,0,0,0,0,0,0,0,0,0,0,0.2511860605537824,0,0,0,0,0,0,0,0,0,0,0,0,0,0,0,0,0,0,0,0,0,0,0,0,0,0,0,0,0,0,0,0,0,0,0,0
MOTU13959,0,0,0,0,0,0,0,0,0,0,0,0,0,0,0,0,0,0,0,0,0,0,0,0,0,0,0,0,0,0,0,0,0,0,0,0,0,0,0,0,0,0,0,0,0,0,0,0,0,0,0,0,0,0,0,0,0,0,0,0,0,0,0,0,0,0,0,0,0,0,0,0,0,0,0,0,0.6369198312236286,0,0,0,0,1,0,0,0,0,0,0,0,0,0,0,0,0,0,0,0,0,0,0,0,0,0,0,0,0,0,0,0,0,0,0,0,0,0,0,0,0,0,0,0,0,0,0,0,0,0,0,0,0,0,0,0,0,0,0,0,0,0,0,0,0,0,0,0,0,0,0,0,0,0,0,0,0,0,0,0,0,0,0,0,0,0,0,0,0,0,0,0,0,0,0,0,0,0,0,0,0,0,0,0,0,0,0,0,0,0,0,0,0,0,0,0,0,0,0,0,0,0,0,0,0,0
MOTU31189,0,0,0,0,0,0,0,0,0,0,0,0,0,0,0,0,1,0.3148002731307613,0,0,0,0,0,0,0,0,0,0,0,0,0,0,0,0,0,0,0,0,0,0,0,0,0,0,0,0,0,0,0,0,0,0,0,0,0,0,0,0,0,0,0,0,0,0,0,0,0,0,0,0,0,0,0,0,0,0,0,0,0,0,0,0,0,0,0,0,0,0,0,0,0,0,0,0,0,0,0,0,0,0,0,0,0,0,0,0,0,0,0,0,0,0,0,0,0,0,0,0,0,0,0,0,0,0,0,0,0,0,0,0,0,0,0,0,0,0,0,0,0,0,0,0,0,0,0,0,0,0,0,0,0,0,0,0,0,0,0,0,0,0,0,0,0,0,0,0,0,0,0,0,0,0,0,0,0,0,0,0,0,0,0,0,0,0,0,0,0,0,0,0,0,0,0,0,0,0,0,0,0,0,0,0,0
MOTU33193,0,0,0,0,0,0,0,0,0,1,0,0,0,0,0,0.059694585839888945,0,0,0,0,0,0,0,0,0,0,0,0,0,0,0,0,0,0,0,0,0,0,0,0,0,0,0,0,0,0,0,0,0,0,0,0,0,0,0,0,0,0,0,0,0,0,0,0,0,0,0,0,0,0,0,0,0,0,0,0,0,0,0,0,0,0,0,0,0,0,0,0,0,0,0,0,0,0,0,0,0,0,0,0,0,0,0,0,0,0,0,0,0,0,0,0,0,0,0,0,0,0,0,0,0,0,0,0,0,0,0,0,0,0,0,0,0,0,0,0,0,0,0,0,0,0,0,0,0,0,0,0,0,0,0,0,0,0,0,0,0,0,0,0,0,0,0,0,0,0,0,0,0,0,0,0,0,0,0,0,0,0,0,0,0,0,0,0,0,0,0,0,0,0,0,0,0,0,0,0,0,0,0,0,0,0,0
MOTU7737,0,0,0,0,0,0,0,0.17405582922824303,0.11957134799774395,0,0,0,0,0,0,0,0,0,0,0,0,0,0.09525949224893282,0,0,0,0,0,0,0,0,0,0,0,0,0,0,0.08567387350979996,0,0.08551835417507059,0,0,0,0.7681159420289856,0,0.18307426597582038,0,0,0,0,0,0,0,0,0,0,0,0,0,0,0,0,0,0,1,0.5564304461942258,0,0,0.3037249283667622,0,0,0,0,0,0,0.07280219780219781,0,0,0,0,0,0,0,0,0,0,0,0,0,0,0,0,0,0,0,0,0,0,0,0,0,0,0,0,0,0,0,0,0,0,0,0,0,0,0,0,0,0,0,0,0,0,0,0,0,0,0,0,0,0,0,0,0,0,0,0,0,0,0,0,0,0,0,0,0,0,0,0,0,0,0,0,0.2714468629961588,0,0,0,0,0,0,0,0,0,0,0,0,0,0,0,0,0,0,0,0,0,0,0,0.4549356223175966,0,0,0,0,0,0,0,0,0,0,0,0,0,0,0,0,0,0,0,0,0,0,0,0,0,0
MOTU10944,0,0,0.05699610343606092,0,0,0,0.09376456876456876,0,0,0,0,0,0,0,0,0,0,0,0,0.03023299511461856,0,0,0,0,0.10277045908183632,0,0.06615273923322026,0,0,0,0,0,0,0,0.1553463673666425,0.06588861588861589,0.03824123588829471,0,0,0,0,0,0,0,0,0,0,0,0,0,0,0,0,0,0,0,0,0,0,0,0,0,0,0,0,0,0,0,0,0,0,0,0,0,0,0,0,0,0,0,0,0,0,0,0,0,0,0,0,0,0,0,0,0,0,0,0,0,0,0,0,0,0,0,0,0,0,0,0,0,0,0,0,0,0,0,0,0,0,0,0,0,0,0,0,0,0,0,0,0,0,0,0,0,0,0,0,0,0,0,0,0,0,0,0,0,0,0,0,0,0,0,0,0,0,0,0,0,0,0,0,0,1,0.4242184557438794,0,0,0,0,0,0,0,0,0,0,0,0,0,0,0,0,0,0,0,0,0,0,0,0,0,0,0,0,0,0,0,0,0,0,0,0,0,0,0
MOTU11625,0,0,0,0,0,0,0.04634899983737193,0,0,0,0,0,0,0,0,0,0,0,0,0,0,0,0,0,0,0,0,0,0,0,0,0,0,0,0,0,0,0,0,0,0,0,0,0,0,0,0,0,0,0,0,0,0,0,0,0,0,0,0,0,0,0,0,0,0,0,0,0,0,0,0,0,0,0,0.07949513615285381,0,0,0,0,0,0,0,0,0,0,0,0,0,0,0,0,0,0,0,0,0.10193512812679299,0,0,0,0,0,0,0,0,0,0,0,0,0,0,0,0,0,0,0,0,0,0,0,0,0,0,0,0,0,0,0,0,0,0,0,0,0,0,0,0,0,0,0,0,0,0,0,0,0,0,0,0,0,0,0,0,0,0,0,0,0,0,0,0,0,0,0,0,0,0,0,0,0,0,0,0,0,0,0,0,0,0,0,0,0,0,0,0,0,0,0,0,0,1,0,0,0,0,0,0,0,0,0,0,0,0,0
MOTU13588,0,0,0,0,0,0,0,0,0,0,0,0,0,0,0,0,0.0038384965178523012,0,0,0,0,0,0,0,0,0,0,0,0,0,0,0,0,0,0,0,0,0,0,0,0,0,0,0,0,0,0,0,0,0,0,0,0,0,0,0,0,0,0,0,0,0,0,0,0,0,0,0,0,0,0,0,0,0,0,0,0,0,0,0,0,0,0,0,0,0,0,0,0,0,0,0,0,0,0,0,0,0,0,0,0,0,0,0,0,0,0,0,0,0,0,0,0,0,0,0,0,0,0,0,0,0,0,0,0,0.18237026131762973,1,0.7649752984767394,0.26051524710830704,0,0,0,0,0,0,0,0,0,0,0,0,0,0,0,0,0,0,0,0,0,0,0.018530291697830967,0,0,0,0,0,0,0,0,0,0,0,0,0,0.02852192533069316,0,0,0,0,0,0,0,0,0,0,0,0,0,0,0,0,0,0,0,0,0,0,0,0,0,0,0,0,0,0,0,0,0,0,0,0,0
MOTU17939,0,0,0,0,0,0,0,0,0,0,0,0,0,0,0,0,0,0,0,0,0,0,0,0,0,0,0,0,0,0,0,0,0,0,0,0,0,0,0,0,0,0,0,0,0,0,0,0,0,0,0,0,0,0,0,0,0,0,0,0,0,0,0,0,0,0,0,0,0,0,0,0,0,0,0,0,0,0,0,0,0,0,0,0,0,0,0,0,0,0,0,0,0,0,0,0.37819075082772613,0,1,0,0,0,0,0,0,0,0,0,0,0,0,0,0,0,0,0,0,0,0,0,0,0,0,0,0,0,0.4344252238989081,0,0,0,0,0,0,0,0,0,0,0,0,0,0,0,0,0,0,0,0,0,0,0,0,0,0,0,0,0,0,0,0,0,0,0,0,0,0,0,0,0,0,0,0,0,0,0,0,0,0,0,0,0,0,0,0,0,0,0,0,0,0,0,0,0,0,0,0,0,0,0,0,0,0,0,0,0
MOTU1982,0.2872884490300858,4.3013040784061705e-4,0.050785404310224554,0,0,0,0,0,0,0,0,0,0,0,0,0,0,0,0.12609430971587762,0.061770024070730324,0.0710139728374468,0.0022070498026480483,0,0,0.0787401360729166,0.042802063366818605,0.15881162710358782,0,0,0,0,0,0.0015586376886633328,0.6770896158855386,0.21820786562567554,0.21539070801272847,0.017579682786332984,0,0,0,0,0,0,0,0,0,0,0,0,0,0,0,0,0,0,0,0,0,0,0,0,0,0,0,0,0,0,0,0,0,0,0,0,0,0,0,0,0,0,0,0,0,0,0,0,0,0,0,0,0,0,0,0,0,0,0,0,0,0,0,0,0,0,0,0,0,0,0,0,0,0,0,0,0,0,0,0,0,0,0,0,0,0,0,0,0,0,0,0,0,0,0,0,0,0,0,0,0,0,0,0,0,0,0,0,0,0,0,0,0,0,0,0,0,0,0,0,0,0,0,0,0,1,0.6964831951364975,3.4308621832362935e-4,0.0019133160006435958,0.002993214916081596,0,0,0,0,0,0,0,0,0,0,0,0,0,0,0,0,0,0,0,0,0,0,0,0,0,0,0,0,0,0,0,0,0,0,0,0
MOTU20634,0,0,0,0,0,0,0,0,0,0,0,0,0,0,0,0,0,0,0,0,0,0,0,0,0,0,0,0,0,0,0,0,0,0,0,0,0,0,0,0,0,0.17298772169167806,0,0,0,0,0,0,0,0,0,0,0,0,0,0,0,0,0,0,0,0,0,0,0,0,0,0,0,0,0,0,0,0,0,0,0,0,0,0,0,0,0,0,0,0,0,0,0,0,0,0,0,0,0,0,0,0,0,0,0,0,0,0,0,0,0,0,0,0,0,0,0,0,0,0,0,0,0,0,0,0,0,0,0,0,0,0,1,0,0,0,0,0,0,0,0,0,0,0,0,0,0,0,0,0,0,0,0,0,0,0,0,0,0,0,0,0,0,0,0,0,0,0,0,0,0,0,0,0,0,0,0,0,0,0,0,0,0,0,0,0,0,0,0,0,0,0,0,0,0,0,0,0,0,0,0,0,0,0,0,0,0
MOTU28570,0.33125638406537283,0.5554746713484349,0,0,0,0,0.12885410044500953,0,0,0.11427061310782241,0.07002807169077953,0,0,0,0,0,0,0,0,0,0.07348409317502039,0.17813787421038177,0,0,0.14123026673924877,0.01360113405693771,1,0,0,0,0,0,0,0.3243324332433243,0.7471858337173326,0.18109224927406745,0,0,0,0,0,0,0,0,0,0,0,0,0,0,0,0,0,0,0,0,0,0,0,0,0,0,0,0,0,0,0,0,0,0,0,0,0,0,0,0,0,0,0,0,0,0,0,0,0,0,0,0,0,0,0,0,0,0,0,0,0,0,0,0,0,0,0,0,0,0,0,0,0,0,0,0,0,0,0,0,0,0,0,0,0,0,0,0,0,0,0,0,0,0,0,0,0,0,0,0,0,0,0,0,0,0,0,0,0,0,0,0,0,0,0,0,0,0,0,0,0,0,0,0,0,0.6008522727272727,0.09161534549974575,0,0,0,0,0,0,0,0,0,0,0,0,0,0,0,0,0,0,0,0,0,0,0,0,0,0,0,0,0,0,0,0,0,0,0,0,0,0,0,0
MOTU34206,0,0,0,0,0,0,0,0,0,0,0,0,0,0,0,0,0,0,0,0,0,0,0,0,0,0.09974164975087654,1,0,0,0,0,0,0,0,0,0,0,0,0,0,0.4770520741394528,0,0,0,0,0,0,0,0,0,0,0,0,0,0,0,0,0,0,0,0,0,0,0,0,0,0,0,0,0,0,0,0,0,0,0,0,0,0,0,0,0,0,0,0,0,0,0,0,0,0,0,0,0,0,0,0,0,0,0,0,0,0,0,0,0,0,0,0,0,0,0,0,0,0,0,0,0,0,0,0,0,0,0,0,0,0,0,0,0,0,0,0,0,0,0,0,0,0,0,0,0,0,0,0,0,0,0,0,0,0,0,0,0,0,0,0,0,0,0,0,0,0,0,0,0,0,0,0,0,0,0,0,0,0,0,0,0,0,0,0,0,0,0,0,0,0,0,0,0,0,0,0,0,0,0,0,0,0,0,0,0,0
MOTU4521,1,0.026201130475741873,0.15763372298972722,0,0,0,0,0.0913382594417077,0,0,0,0.16579731743666168,0,0,0,0,0,0,0,0.344912626832018,0.05545862412761714,0,0,0,0.15988023952095806,0.0513240450267577,0.3430465618254702,0,0,0,0,0,0.02373586515895029,0.36716171617161714,0.16111513396089788,0.4783476658476658,0.07932263814616755,0.11239644372600525,0.02427449269037748,0,0,0,0,0,0,0,0,0,0,0,0,0,0,0,0,0,0,0,0,0,0,0,0,0,0,0,0,0,0,0,0,0,0,0,0,0,0,0,0,0,0,0,0,0,0,0,0,0,0,0,0,0,0,0,0,0,0,0,0,0,0,0,0,0,0,0,0,0,0,0,0,0,0,0,0,0,0,0,0,0,0,0,0,0,0,0,0,0,0,0,0,0,0,0,0,0,0,0,0,0,0,0,0,0,0,0,0,0,0,0,0,0,0,0,0,0,0,0,0,0,0,0.0755774456521739,0.3457116221255438,0.25141242937853103,0.01044944347907763,0,0.009596308116967133,0,0,0,0,0,0,0,0,0,0,0,0,0,0,0,0,0,0,0,0,0,0,0,0,0,0,0,0,0,0,0,0,0,0,0,0
MOTU5029,0,0,0,0,0,0,0,0,0,0,0,0,0,0,0,0,0,0,0.9156827756460139,0.021069056383368874,0.03726471188843109,0,0,0,0.017904913065435395,0.013794613775270857,0,0,0,0,0,0,0,0.08223653690670271,0.10825924988876577,0,0,0,0,0,0,0,0,0,0,0,0,0,0,0,0,0,0,0,0,0,0,0,0,0,0,0,0,0,0,0,0,0,0,0,0,0,0,0,0,0,0,0,0,0,0,0,0,0,0,0,0,0,0,0,0,0,0,0,0,0,0,0,0,0,0,0,0,0,0,0,0,0,0,0,0,0,0,0,0,0,0,0,0,0,0,0,0,0,0,0,0,0,0,0,0,0,0,0,0,0,0,0,0,0,0,0,0,0,0,0,0,0,0,0,0,0,0,0,0,0,0,0,0,0,0,0,0.04645929897339513,0,0,1,0,0,0,0,0,0,0,0,0,0,0,0,0,0,0,0,0,0,0,0,0,0,0,0,0,0,0,0,0,0,0,0,0,0,0,0,0
MOTU6137,0.16695796920516023,0,0.06579551567153409,0,0,0,0,0,0.04190428443107519,0,0,0,0,0,0,0,0,0,0.7446176688938383,0.43974696229487664,1,0,0,0,0.03559104014193835,0.15081366659148537,0.41237537259738927,0,0,0,0,0,0.14266410639357088,0.7356068940227357,0.48419020033791943,0.31945581945581947,0.07946127946127947,0.015012385592300727,0,0,0,0,0,0,0,0,0,0,0,0,0,0,0,0,0,0,0,0,0,0,0,0,0,0,0,0,0,0,0,0,0,0,0,0,0,0,0,0,0,0,0,0,0,0,0,0,0,0,0,0,0,0,0,0,0,0,0,0,0,0,0,0,0,0,0,0.0415063107800538,0,0,0,0,0,0,0,0,0,0,0,0,0,0,0,0,0,0,0,0,0,0,0,0,0,0,0,0,0,0,0,0,0,0,0,0,0,0,0,0,0,0,0,0,0,0,0,0,0,0,0,0,0,0,0,0,0.09235089657712404,0.2518518518518519,0,0.005987291183519728,0,0,0,0,0,0,0,0,0,0,0,0,0,0,0,0,0,0,0,0,0,0,0,0,0,0,0,0,0,0,0,0,0,0,0,0,0
MOTU6498,0,0,0.05366631243358129,0,0,0,0,0,0,0,0,0,0,0,0,0,0,0,0.44988864142538976,0.08540022547914318,0.25174476570289134,0,0,0,0.024191616766467066,0,0.1557200123342584,0,0,0,0,0,0,1,0.8776249094858798,0.18611793611793612,0.10802139037433155,0,0,0,0,0,0,0,0,0,0,0,0,0,0,0,0,0,0,0,0,0,0,0,0,0,0,0,0,0,0,0,0,0,0,0,0,0,0,0,0,0,0,0,0,0,0,0,0,0,0,0,0,0,0,0,0,0,0,0,0,0,0,0,0,0,0,0,0,0,0,0,0,0,0,0,0,0,0,0,0,0,0,0,0,0,0,0,0,0,0.05095862764883956,0,0,0,0,0,0,0,0,0,0,0,0,0,0,0,0,0,0,0,0,0,0,0,0,0,0,0,0,0,0,0,0,0,0,0,0.06277190801740211,0.11412429378531073,0,0,0,0,0,0,0,0,0,0,0,0,0,0,0,0,0,0,0,0,0,0,0,0,0,0,0,0,0,0,0,0,0,0,0,0,0,0,0
MOTU9582,0.2314187489518699,1,0.004209161419258648,0,0,0,0.37392365097588975,0.03902286596573781,0.004467931072219276,0.10439372902927224,0.1430035097670791,0.17708588206508444,0,0.0016262865512307074,0,0,0,0,0.008821427384236944,0,0.011846921920804752,0.09094331965549896,0,0,0.03605058539637144,0.016811013212219034,0.24182625264058985,0,0,0,0,0,0,0.13072016156839564,0.2351827034271078,0.06325635336829367,0,0.027211135673421136,0.05185451750629354,0,0,0,0,0,0,0,0,0,0,0,0,0,0,0,0,0,0,0,0,0,0,0,0,0,0,0,0,0,0,0,0,0,0,0,0,0,0,0,0,0,0,0,0,0,0,0,0,0,0,0,0,0,0,0,0,0,0,0,0,0,0,0,0,0,0,0,0,0,0,0,0,0,0,0,0,0,0,0,0,0,0,0,0,0,0,0,0,0,0,0,0,0,0,0,0,0,0,0,0,0,0,0,0,0,0,0,0,0,0,0,0,0,0.020285894471305445,0,0,0.005140585198601412,0,0,0,0,0,0.3820900592147956,0.024616661873973825,0.013426511510245383,0,0,0,0,0,0,0,0,0,0,0,0,0,0,0,0,0,0,0,0,0,0,0,0,0,0,0,0,0,0,0,0,0,0,0,0,0,0,0
MOTU11684,0,0,0,0,0,0,0,0,0,0,0,0,0,0,0,0,0,0,0,0,0,0,0,0,0,0,0,0,0,0,0,0,0,0,0,0,0,0,0,0,0,0.6630286493860845,0,0,0,0,0,0,0,0,0,1,0,0,0,0,0,0,0,0,0,0,0,0,0,0,0,0,0,0,0,0,0,0,0,0,0,0,0,0,0,0,0,0,0,0,0,0,0,0,0,0,0,0,0,0,0,0,0,0,0,0,0,0,0,0,0,0,0,0,0,0,0,0,0,0,0,0,0,0,0,0,0,0,0,0,0,0,0,0,0,0,0,0,0,0,0,0,0,0,0,0,0,0,0,0,0,0,0,0,0,0,0,0,0,0,0,0,0,0,0,0,0,0,0,0,0,0,0,0,0,0,0,0,0,0,0,0,0,0,0,0,0,0,0,0,0,0,0,0,0,0,0,0,0,0,0,0,0,0,0,0,0
MOTU1220,0,0,0,0,0,0,0,0,0,0,0,0,0,0,0,0,0,0,0,0,0,0,0,0,0,0,0,0,0,0,0,0,0,0,0,0,0,0,0,0,0,0,0,0,0,0,0,0,0,0,0.004482546915105295,0,0,0,0,0,1,0,0,0,0,0,0,0,0,0,0,0,0,0,0,0,0,0,0,0,0,0,0,0,0,0,0,0,0,0,0,0,0,0,0,0,0,0.00615640937074588,0,0,0,0.0038457999232109257,0,0,0,0,0,0,0,0,0,0,0,0,0,0,0.0015314864516520342,0,0,0,0,0,0,0,0,0,0,0,0,0,0.006870826199843536,0,0,0,0,0,0,0.007812953257653407,0,0,0,0,0,0.006623529926113759,0,0,0,0,0,0,0,0,0,0,0,0,0.017436590945057475,0,0.009365871752468974,0,0,0,0,0,0,0,0,0,0,0,0,0,0,0,0,0,0,0,0,0,0,0,0,0,0,0,0.009949207326458365,0,0,0,0,0,0,0,0,0,0.0034032181752067696,0.004183710454098276,0,0.0022453384217790417,0,0,0,0,0,0,0
MOTU12966,0,0,0,0,0,0,0,0,0,0,0,0,0,0,0,0,0,0,0,0,0,0,0,0,0,0,0,0,0,0,0,0,0,0,0,0,0,0,0,0,0,0,0,0,0,0,0,0,0.42369642369642374,0,0,0,0,0,0,0,0,0,0,0,0,0,0,0,0,0,0,0,0,0,0,0,0,0,0,0,0,1,0,0,0,0,0,0,0,0,0,0,0,0,0,0,0,0,0,0,0,0,0,0,0,0,0,0,0,0,0,0,0,0,0,0,0,0,0,0,0,0,0,0,0,0,0,0,0,0,0,0,0,0,0,0,0,0,0,0.41945945945945945,0,0,0,0,0,0,0,0,0,0,0,0,0,0,0,0,0,0,0,0,0,0,0,0,0,0,0,0,0,0,0,0,0,0,0,0,0,0,0,0,0,0,0,0,0,0,0,0,0,0,0,0,0,0,0,0,0,0,0,0,0,0,0,0,0,0,0
MOTU1299,0,0,0,0,0,0,0,0,0,0,0,0,0,0,0,0,0,0,0,0,0,0,0,0,0,0,0,0,0,0,0,0,0,0,0,0,0,0,0,0,0,0,0,0,0,0,0,0,0,0,0,0,0,0,0,0,0,0,0,0,0,0,0,0,0,0,0,0,0,0,0,0,0,0,0,0,0,0,0,0,0,0,0,0,0,0,0,0,0,0,0,0,0,0,0,0,0,0,0,0,0,0,0,0,0,0,0,0,0,0,0,0,0,0,0,0,0,0,0,0,0,0,0,0,0,0,0,0,0,0,0,0,0,0,0,0,0,0,0,1,0,0,0,0,0,0,0,0,0,0,0,0,0,0,0,0,0,0,0,0,0,0,0,0,0,0,0,0,0,0,0,0,0,0,0,0,0,0,0,0,0,0,0,0,0,0,0,0,0,0,0,0,0,0,0,0,0,0,0,0,0,0,0
MOTU14272,0,0,0,0,0,0,0,0,0,0,0,0,0,0,0,0,0,0,0,0,0,0,0,0,0,0,0,0,0,0,0,0,0,0,0,0,0,0,0,0,0,0,0,0,0,0,0,0,0,0,0,0,0,0,0,0,0,0,0,0,0,0,0,0,0,0,0,0,0,0,0,0,0,0,0,0,0,0,0,0,0,0,0,0,0,0,0,1,0,0,0,0,0,0,0,0,0,0,0,0,0,0,0,0,0,0,0,0,0,0,0,0.12641083521444696,0,0,0,0,0,0,0,0,0,0,0,0,0,0,0,0,0,0,0,0,0,0,0,0,0,0,0,0,0,0,0,0,0,0,0,0,0,0,0,0,0,0,0,0,0,0,0,0,0,0,0,0,0,0,0,0,0,0,0,0,0,0,0,0,0,0,0,0,0,0,0,0,0,0,0,0,0,0,0,0,0,0,0,0,0,0,0,0,0,0,0
MOTU14695,0,0,0,0,0,0,0,0,0,0,0,0,0,0,0,0,0,0,0,0,0,0,0,0,0,0,0,0,0,0,0,0,0,0,0,0,0,0,0,0,0,0,0,0,0,0,0,0,0,0,0,0,0,0,0,0,0,0,0,0,0,0,0,0,0,0,0,0,0,0,0,0,1,0,0,0.27060439560439564,0,0,0,0,0,0,0,0,0,0,0,0,0,0,0,0,0,0,0,0,0,0,0,0,0,0,0,0,0,0,0,0,0,0,0,0,0,0,0,0,0,0,0,0,0,0,0,0,0,0,0,0,0,0,0,0,0,0,0,0,0,0,0,0,0,0,0,0,0,0,0,0,0,0,0,0,0,0,0,0,0,0,0,0,0,0,0,0,0,0,0,0,0,0,0,0,0,0,0,0,0,0,0,0,0,0,0,0,0,0,0,0,0,0,0,0,0,0,0,0,0,0,0,0,0,0,0
MOTU15143,0,0,0,0,0,0,0,0,0,0,0,0,0,0,0,0,0,0,0,0,0,0,0,0,0,0,0,0,0,0,0,0,0,0,0,0,0,0.28126894322085266,0,0,0,0,0,0,0,0.4006908462867012,0,1,0,0,0,0,0,0,0,0,0,0,0,0,0,0,0,0,0,0,0,0.7435897435897436,0,0,0,0,0,0,0,0.3186813186813187,0,0,0,0,0,0,0,0,0,0,0,0,0,0,0,0,0,0,0,0,0,0,0,0,0,0,0,0,0,0,0,0,0,0,0,0,0,0,0,0,0,0,0,0,0,0,0,0,0,0,0,0,0,0,0,0,0,0,0,0,0,0,0,0,0,0,0,0,0,0,0,0,0,0,0,0,0,0,0,0,0,0,0,0,0,0,0,0,0,0,0,0,0,0,0,0,0,0,0,0,0,0,0,0,0,0,0,0,0,0,0,0,0,0,0,0,0,0,0,0,0,0,0,0,0,0,0
MOTU15253,0,0,0,0.018350930115636,0,0,0,0,0,0,0.042385853787278965,0,0,0,0,0,0,0,0,0,0,0,0,0,0,0.008232351192306904,0,0,0,0,0,0,0,0,0,0,0,0,0,0,0,0,0,0,0,0,1,0,0,0,0,0,0,0,0,0,0,0,0,0,0,0,0,0,0,0,0,0,0,0,0,0,0,0,0,0,0,0,0,0,0,0,0,0,0,0,0,0,0,0,0,0,0,0,0,0,0,0,0,0,0,0,0,0,0,0,0,0,0,0,0,0,0,0,0,0,0,0,0,0,0,0,0,0,0,0,0,0,0,0.1384363416946815,0,0,0,0,0,0,0,0,0,0,0,0,0,0,0,0,0,0,0,0,0,0,0,0,0,0,0,0,0,0,0,0,0,0,0,0,0,0,0,0,0,0,0,0,0,0,0,0,0,0,0,0,0,0,0,0,0,0,0,0,0,0,0,0,0,0,0,0,0,0,0,0,0
MOTU1557,0,0,0,0,0,0,0,0,0,0,0,0.018023472429210135,0,0,0,0,0,0,0,0,0,0,0,0,0,0,0,0,0,0,0,0,0,0,0,0,0,0,0,0,0,0,0,0,0,0,0,0,0,0,0,0,0,0,1,0,0,0,0,0,0,0,0,0,0,0,0,0,0,0,0,0,0,0,0,0,0,0,0,0,0,0,0,0,0,0,0,0,0,0,0,0,0,0,0,0,0,0,0,0,0,0,0,0,0,0,0,0,0,0,0,0,0,0,0,0,0,0,0,0,0,0,0,0,0,0,0,0,0,0,0,0,0,0,0,0,0,0,0,0,0,0,0,0,0,0,0,0,0,0,0,0,0,0,0,0,0,0,0,0,0,0,0,0,0,0,0,0,0,0,0,0,0,0,0,0,0,0,0,0,0,0,0,0,0,0,0,0,0,0,0,0,0.003022304135949019,0,0,0,0,0,0,0,0,0,0
MOTU16022,0,0,0,0,0,0,0,0,0,0,0,0,0,0,0,0,0,0,0,0,0,0,0,0,0,0,0,0,0,0,0,0,0,0,0,0,0,0,0,0,0,0,0,0,0,0,0,0,0,0,0,0,0,0,0,0,0,0,0,0,0,0,0,0,0,0,0,0,0,0,0,0,0,0,0,0,0,0,0,0,0,0,0,0,0,0,0,0,0,0,0,0,0,0,0,0,0,0,0,0,0,0,0,0,0,0,0,0,0,1,0,0,0,0,0,0,0,0,0,0,0,0,0,0,0,0,0,0,0,0,0,0,0,0,0,0,0,0,0,0,0,0,0,0,0,0,0,0,0,0,0,0,0,0,0,0,0,0,0,0,0,0,0,0,0,0,0,0,0,0,0,0,0,0,0,0,0,0,0,0,0,0,0,0,0,0,0,0,0,0,0,0,0,0,0,0,0,0,0,0,0,0,0
MOTU16165,0,0,0,0,0,0,0,0,0,0,0,0,0,0,0,0,0,0,0,0,0,0,0,0,0,0,0,0,0,0,0,0,0,0,0,0,0,0,0,0,0,0,0,0,0,0,0,0,0,0,0,0,0,0,0,0,0,0,0,0,0,0,0,0,0,0,0,0,0,0,0,0,0,0,0,0,0,0,0,0,0,0,0,0,0,0,0,0,0,0,0,0,0,0,0,0,0,0,0,0,0,0,0,0,0,0,0,0,0,0,0,0,1,0,0,0,0,0,0,0,0,0,0,0,0,0,0,0,0,0,0,0,0,0,0,0,0,0,0,0,0,0,0,0,0,0,0,0,0,0,0,0,0,0,0,0,0,0,0,0,0,0,0,0,0,0,0,0,0,0,0,0,0,0,0,0,0,0,0,0,0,0,0,0,0,0,0,0,0,0,0,0,0,0,0,0,0,0,0,0,0,0,0
MOTU16609,0,0,0,0,0,0,0,0,0,0,0,0,0,0,0,0,0,0,0,0,0,0,0,0,0,0,0,0,0,0,0,0,0,0,0,0,0,0,0,0,0,0,0,0,0,0,0,0,0,0,0,0,0,0,0,0,0,0,0,0,0,0,0,0,0,0,0,0,0,0,0,0,0,0,0,0,0.5386075949367088,0,0,0,0,0,0,0,0,0,0,0,0,0,0,0,0,0,0,0,0,0,0,0,0,0,0,0,0,0,0,0,0,0,0,0,0,0,0,0,0,0,0,0,0,0,0,0,0,0,0,0,0,0,0,0,0,0,0,0,0,0,0,0,0,0,0,0,0,0,0,0,0,0,0,0,0,0,0,0,0,0,0,0,0,0,0,0,0,0,0,0,0,0,0,0,0,0,0,0,0,0,0,0,0,0,0,0,0,0,0,0,0,0,0,1,0,0,0,0,0,0,0,0,0,0,0
MOTU17653,0,0,0,0,0,0,0,0,0,0,0,0,0,0,0,0,0,0,0,0,0,0,0,0,0,0,0,0,0,0,0,0,0,0,0,0,0,0,0,0,0,0,0,0,0,0,0,0,0,0,0,0,0,0,0,0,0,0,0,0,0,0,0,0,0,0,0,0,0,0,0,0,0,0,0,0.3576579670329671,0,0,0,0,0,0,0,0,0,0,0,0,0,0,0,0,0,0,0,0,0.7092271024855294,0,0,0,0,0,0,0,0,0,0,0,0,0,0,0,0,0,0,0,0,0,0,0,0,0,0,0,0,0,0,0,0,0,1,0,0,0,0,0,0,0,0,0,0,0,0,0,0,0,0,0,0,0,0,0,0,0,0,0,0,0,0,0,0,0,0,0,0,0,0,0,0,0,0,0,0,0,0,0,0,0,0,0,0,0,0,0,0.58908371040724,0,0,0,0,0,0,0,0,0,0,0,0,0,0,0,0,0,0
MOTU18206,0,0,0,0,0,0,0,0,0,0,0,0,0,0,0,0,0,0,0,0,0,0,0,0,0,0,0,0,0,0,0,0,0,0,0,0,0,0,0,0,0,0,0,0,0,0,0,0,0,0,0,0,0,0,0,0,0,0,0,0,0,0,0,0,0,0,0,0,0,0,0,0,0,0,0,0,0,0,0,0,0,0,0,0,0,0,0,0,0,0,0,0,0.26673497267759566,0,0,0,0,0,0,0,0,0,0,0,0,0,0,0,0,0,0,0,0,0,0,0,0,0,0,0,0,0,0,0,0,0,0,0,0,0,0,0,0,0,0,0.4221621621621622,0,0,0,0.759727626459144,0,0,0,0,0,0,0,0,0,0,0,0,1,0,0,0,0,0,0,0,0,0,0,0,0,0,0,0,0,0,0,0,0,0,0,0,0,0,0,0,0,0,0,0,0,0,0,0,0,0,0,0,0.09758840434836936,0,0,0,0,0,0,0,0,0,0
MOTU18643,0,0,0,0,0,0,0,0,0,0,0,0,0,0,0,0,0,0,0,0,0,0,0,0,0,0,0,0,0,0,0,0,0,0,0,0,0,0,0,0,0,0,0,0,0,0,0,0,0.4498069498069498,0,0,0,0,0,0,0,0,0,0,0,0,0,0,0,0,0,0,0,0,0,1,0,0,0,0,0,0,0,0,0,0,0,0,0,0,0,0,0,0,0,0,0,0,0,0,0,0,0,0,0,0,0,0,0,0,0,0,0,0,0,0,0,0,0,0,0,0,0,0,0,0,0,0,0,0,0,0,0,0,0,0,0,0,0,0,0,0,0,0,0,0,0,0,0,0,0,0,0,0,0,0,0,0,0,0,0,0,0,0,0,0,0,0,0,0,0,0,0,0,0,0,0,0,0,0,0,0,0,0,0,0,0,0,0,0,0,0,0,0,0,0,0,0,0,0,0,0,0,0,0,0,0,0
MOTU1914,0,0,0.003199905537843901,0,0,0,0,0,0,0,0,0,0,0,0,0,0,0,0,0,0,0,0,0,0,0,0,0,0,0,0,0,0,0,0,0,0,0,0,0,0,0,0,0.3272946859903382,0,0,0,0,0,0,0,0,0,0,0,0,0,0,0,1,0,0,0,0,0,0,0,0,0,0,0,0,0,0,0,0,0,0,0,0,0,0.011968643038533731,0,0,0,0,0,0,0,0,0.006721230158730158,0,0,0,0.017729800457965326,0,0,0,0,0,0,0,0,0,0,0,0,0,0,0,0,0,0,0,0,0.8406414300736068,0,0,0,0,0,0,0,0,0,0,0,0,0,0,0,0,0,0,0,0,0,0,0,0,0,0,0,0,0,0,0,0,0,0,0,0,0,0,0,0,0,0,0,0,0,0,0,0,0,0,0,0,0,0,0,0,0,0,0,0,0,0,0,0,0,0,0,0,0.04087481146304676,0,0,0,0,0,0,0,0,0,0,0,0,0,0,0,0,0,0
MOTU19522,0,0,0,0,0,0,0,0,0,0,0,0,0,0,0,0,0,0,0,0,0,0,0,0,0,0,0,0,0,0,0,0,0,0,0,0,0,0,0,0,0,0,0,0,0,0,0,0,0,0,0,0,0,0,0,0,0,0,0,0,0,0,0,0,0,0,0,0,0,0,0,0,0,0,0,0,0,0,0,0,0,0,0,0,0,0,0,0,0,0,0,0,0,0,0,0,0,0,0,0,0,0,0,0,0,0,0,0,0,0,0,0,0,0,0,0,0,0,0,0,0,0,0,0,0,0,0,1,0,0,0,0,0,0,0,0,0,0,0,0,0,0,0,0,0,0,0,0.7618002195389683,0,0,0,0,0,0.6578199052132702,0.954607977991747,0,0,0,0,0,0,0,0,0,0,0,0,0,0,0,0,0,0,0,0,0,0,0,0,0,0,0,0,0,0,0,0,0,0,0,0,0,0,0,0,0,0,0,0,0,0,0,0
MOTU2342,0,0,0,0,0,0,0,0,0,0,0,0,0,0,0,0,0,0,0,0,0,0,0,0,0,0,0,0,0,0,0,0,0,0,0,0,0,0,0,0,0,0,0,0,0,0,0,0,0,0,0,0,0,0,0,0,0,0,0,0,0,0,0,0,0,0,0,0,0,0,0,0,0,0,0,0,0,0,0,0,0,0,0,0,0,0,0,0,0,0,0,0,0,0,0,0,0,0,0,0,0,0,0,0,0,0,0,0,0,0,0,0,0,0,0,0,0,0,0,0,0,1,0,0,0,0,0,0,0,0,0,0,0,0,0,0,0,0,0,0,0,0,0,0,0,0,0,0,0,0,0,0,0,0,0,0,0,0,0,0,0,0,0,0,0,0,0,0,0,0,0,0,0,0,0,0,0,0,0,0,0,0,0,0,0,0,0,0,0,0,0,0,0,0,0,0,0,0,0,0,0,0,0
MOTU23494,0,0,0,0,0,0,0,0,0,0,0,0,0,0,0,0,0,0,0,0,0,0,0,0,0,0,0,0,0,0,0,0,0,0,0,0,0,0,0,0,0,0,0,0,0,0,0,0,0,0,0,0,0,0,0,0,0,0,0,1,0,0,0,0,0,0,0,0,0,0,0,0,0,0,0,0,0,0,0,0,0,0,0,0,0,0,0,0,0,0,0,0,0,0,0,0,0,0,0,0,0,0,0,0,0,0,0,0,0,0,0,0,0,0,0,0,0,0,0,0,0,0,0,0,0,0,0,0,0,0,0,0,0,0,0,0,0,0,0,0,0,0,0,0,0,0,0,0,0,0,0,0,0,0,0,0,0,0,0,0,0,0,0,0,0,0,0,0,0,0,0,0,0,0,0,0,0,0,0,0,0,0,0,0,0,0,0,0,0,0,0,0,0,0,0,0,0,0,0,0,0,0,0
MOTU23547,0,0,0,0,0,0,0,0,0,0,0,0,0,0,0,0,0,0,0,0,0,0,0,0,0,0,0,0,0,0,0,0,0,0,0,0,0,0,0,0,0,0,0,0,0,0,0,0,0,0,0,0,0,0,0,0,0,0,0,0,0,0,0,0,0,0,0,0,0,0,0,0,0,0,0,0,0,0,0,0,0,0,0,0,0,0,0,0,0,0,0,0,0,0,0,0,0,0,0,0,0,0,0,0,0,0,0,0,0,0,0,0,0,0,0,0,0,0,0,0,0,0,0,0,0,0,0,0,0,1,0,0,0,0,0,0,0,0,0,0,0,0,0,0,0,0,0,0,0,0,0,0,0,0,0.8865199449793673,0,0,0,0,0,0,0,0,0,0,0,0,0,0,0,0,0,0,0,0,0,0,0,0,0,0,0,0,0,0,0,0,0,0,0,0,0.7573443008225617,0,0,0,0,0,0,0,0,0,0,0
MOTU23601,0,0,0,0,0,0,0,0,0,0,0,0,0,0,0,0,0,0,0,0,0,0,0,0,0,0,0,0,0,0,0,0,0,0,0,0,0,0,0,0,0,0,0,0,0,0,0,0,0,1,0,0,0,0,0,0,0,0,0,0,0,0,0,0,0,0,0,0,0,0,0,0,0,0,0,0,0,0,0,0,0,0,0,0,0,0,0,0,0,0,0,0,0,0,0,0,0,0,0,0,0,0,0,0,0,0,0,0,0,0,0,0,0,0,0,0,0,0,0,0,0,0,0,0,0,0,0,0,0,0,0,0,0,0,0,0,0,0,0,0,0,0,0,0,0,0,0,0,0,0,0,0,0,0,0,0,0,0,0,0,0,0,0,0,0,0,0,0,0,0,0,0,0,0,0,0,0,0,0,0,0,0,0,0,0,0,0,0,0,0,0,0,0,0,0,0,0,0,0,0,0,0,0
MOTU25776,0,0,0,0,0,0,0,0,0,0,0,0,0,0,0,0,0,0,0,0,0,0,0,0,0,0,0,0,0,0,0,0,0,0,0,0,0,0,0,0,0,0,0,0,0,0,0,0,0,0,0,0,0,0,0,0,0,0,0,0,0,0,0,0,0,0,0,0,0,0,0,0,0,0,0,0,0,0,0,0,0,0,0,0,0,0,0,0,0,0,0,0,0,0,0,0,0,0,1,0,0,0,0,0,0,0,0,0,0,0,0,0,0,0,0,0,0,0,0,0,0,0,0,0,0,0,0,0,0,0,0,0,0,0,0,0,0,0,0,0,0,0,0,0,0,0,0,0,0,0,0,0,0,0,0,0,0,0,0,0,0,0,0,0,0,0,0,0,0,0,0,0,0,0,0,0,0,0,0,0,0,0,0,0,0,0,0,0,0,0,0,0,0,0,0,0,0,0,0,0,0,0,0
MOTU2700,0,0,0,0,0,0,0,0,0,0,0,0,0,0,0,0,0,0,0,0,0,0,0,0,0,0,0,0,0,0,0,0,0,0,0,0,0,0,0,0,0,0,0,0,0,0,0,0,0,0.1533106820253584,0,0,0,0,0,0,0.06938193819381938,0,0,0,0,0,0,0,0,0,0,0,0,0,0,0,0,0,0,0,0,0,0,0,0,0,0,0,0,0,0,0,0,0.038145116394152453,0,0,0,0,0,0,0,0,0,0,0,0,0,0,0,0,0,0,0,0,0,0,0,0,0,0,0,0,0,0,0,0.16868788182730007,0,0,0,0.18569946799611872,0.3394184019814696,0,0,0,0,0.20750378554203355,0.6507465019932775,0.868408699734001,0.22758026817566737,1,0.05853874632155175,0.09699066792492399,0.17464363258755783,0.08180049522461974,0,0,0,0,0,0,0,0,0,0,0.12770069717677918,0,0,0,0.11566837564086532,0,0,0,0,0,0,0,0,0,0,0,0,0,0,0,0,0,0.12857937169863776,0,0,0,0,0,0,0,0.04074171952078929,0.09615884401476169,0,0,0,0.13508579773640014,0,0,0,0.14752791068580542,0,0,0,0,0,0,0.061090380741670246,0,0,0.06887052341597796,0,0,0
MOTU2704,0,0,0,0,0,0,0,0,0,0,0,0,0,0,0,0,0,0,0,0,0,0,0,0,0,0,0,0,0,0,0,0,0,0,0,0,0,0,0,0,0,0,0,0,0,0,0,0,0,0,0,0,0,0,0,0,0,0,0,0,0,0,0,0,0,0,0,0,0,0,0,0,0,0,0,0,0,0,0,0,0,0,0,0,0,0,0,0,0,0,0,0,0,0,0,0,0,0,0,0,0,0,0,0,0,0,0,0,0,0,0,0,0,0,0,0,0,0,0,0,0,0,0,0,0,0,0,0,0,0,0,0.01692409763365265,0,0,0,0,0,0,0,0,0,0,0,0,0,0,0.017918982537002578,0,0,0.019525951789431277,0,0,0,0,1,0,0,0,0,0,0,0,0,0,0,0,0,0,0,0,0,0,0,0,0,0,0,0,0,0,0,0,0,0,0,0,0,0,0,0,0,0,0,0,0,0,0,0,0,0,0,0,0
MOTU275,0,0,0,0,0,0,0.007267698487265665,0,0,0,0.003949761078114926,0,4.182006473231689e-4,0,0,0,1,0,0,0,0,0,0,0,0,0,0,0,0,0,0.029842954305211486,0,0,0,0,0,0,0,0,0,0,0,0,0,0,0,0,0,0,0,0,0,0,0,0,0,0,0,0,0,0,0,0,0,0,0,0,0,0,0,0,0,0,0,0,0,0,0,0,0,0,0,0,0,0,0,0,0,0,0,0,0,0,0,0,0,0,0,0,0,0,0,0,0,0,0,0,0,0,0,0,0,0,0,0,0,0,0,0,0,0,0,0,0,0,0,0,0,0,0,0,0,0,0,0,0,0,0,0,0,0,0,0,0,0,0,0,0,0,0,0,0,0,0,0,0,0,0,0,0,0,0,0,0,0,0,0,0,0,0,0,0,0,0,0,0,0,0,0,0,0,0,0,0,0,0,0,0,0,0.0036465995918561057,0,0,0,0,0,0,0,0,0,0,0,0,0
MOTU28195,0,0,0,0,0,0,0,0,0,0,0,0,0,0,0,0,0,0,0,0,0,0,0,0,0,0,0,0,0,0,0,0,0,0,0,0,0,0,0,0,0,0,0,0,0,0,0,0,0,0,0,0,0,0,0,0,0,0,0,0,0,0,0,0,0,0,0,0,0,0,0,0,0,0,0,0,0,0,0,0,0,0,0,0,0,0,0,0,0,0,0,0,0,0,0,0,0,0.45749788195425023,0.15786396413954396,0,0,0,0,0,0,0,0,0,0,0,0.05760204807282037,0,0,1,0,0,0,0,0,0,0,0,0,0,0,0,0,0,0,0,0,0,0,0,0,0,0,0,0,0,0,0,0,0,0,0,0,0,0,0,0,0,0,0,0,0,0,0,0,0,0,0,0,0,0,0,0,0,0,0,0,0,0,0,0,0,0,0,0,0,0,0,0,0,0,0,0,0,0,0,0,0,0,0,0,0,0,0,0,0,0,0,0
MOTU2879,0,0,0.006224381357218764,0,0,0,0,0,0,0,0,0,0,0,0,0,0,0,0,0,0,0,0,0,0,0,0,0,0,0,0,0,0,0,0,0,0,0,0,0,0,0,0,0.12732919254658387,0,0,0,0,0,0,0,0,0,1,0,0,0,0,0,0.06483921982076964,0,0,0,0,0,0,0,0,0,0,0,0,0.014865844815083394,0,0,0.01206828885400314,0,0,0,0,0,0,0,0,0,0,0,0,0,0,0,0,0,0,0,0,0,0,0,0,0,0,0,0,0,0,0,0,0,0,0,0,0,0,0,0,0,0,0,0,0.026304533789563732,0,0,0,0,0,0,0,0,0,0,0.02167973913809818,0,0.02016228178018195,0,0,0,0,0,0.01709282934963869,0,0,0,0,0.010846560846560847,0,0.011477092469907624,0.009644033244472322,0.017784846732215153,0,0,0.004599850411368737,0,0,0,0,0,0,0,0,0,0,0,0,0,0,0,0,0,0,0,0,0,0,0,0.086987270155587,0,0,0,0,0,0,0,0,0,0,0,0,0,0,0,0,0.00219560521947127,0,0,0,0,0,0,0,0,0,0
MOTU29660,0,0,1,0,0,0,0,0,0,0,0,0,0,0,0,0,0,0,0,0,0,0,0,0,0,0,0,0,0,0,0,0,0,0,0.30284013194947296,0,0,0,0,0,0,0,0,0,0,0,0,0,0,0,0,0,0,0,0,0,0,0,0,0,0,0,0,0,0,0,0,0,0,0,0,0,0,0,0,0,0,0,0,0,0,0,0,0,0,0,0,0,0,0,0,0,0,0,0,0,0,0,0,0,0,0,0,0,0,0,0,0,0,0,0,0,0,0,0,0,0,0,0,0,0,0,0,0,0,0,0,0,0,0,0,0,0,0,0,0,0,0,0,0,0,0,0,0,0,0,0,0,0,0,0,0,0,0,0,0,0,0,0,0,0,0,0,0,0,0,0,0,0,0,0,0,0,0,0,0,0,0,0,0,0,0,0,0,0,0,0,0,0,0,0,0,0,0,0,0,0,0,0,0,0,0,0
MOTU31811,0,0,0,0,0,0,0,0,0,0,0,0,0,0,0,0,0,0,0,0,0,0,0,0,0,0,0,0,0,0,0,0,0,0,0,0,0,0,0,0,0,0,0,0,0,0.2003454231433506,0,1,0,0,0,0,0,0,0,0,0,0,0,0,0,0,0,0,0,0,0,0,0,0,0,0,0,0,0,0,0,0,0,0,0,0,0,0,0,0,0,0,0,0,0,0,0,0,0,0,0,0,0,0,0,0,0,0,0,0,0,0,0,0,0,0,0,0,0,0,0,0,0,0,0,0,0,0,0,0,0,0,0,0,0,0,0,0,0,0,0,0,0,0,0,0,0,0,0,0,0,0,0,0,0,0,0,0,0,0,0,0,0,0,0,0,0,0,0,0,0,0,0,0,0,0,0,0,0,0,0,0,0,0,0,0,0,0,0,0,0,0,0,0,0,0,0,0,0,0,0,0,0,0,0,0,0
MOTU322,0,0,0,0,0,0,0,0,0,0,0,0,0,0,0.003103681673106113,0,0,0,0,0,0,0,0,0,0,0,0,0,0,0,0,0,0,0,0,0,0,0,0,0,0,0,0,0,0,0,0,0,0,0,0,0,0,0,0,0,0,0,0,0,0,0,0,0,0,0,0,0,0,0,0,0,0,0,0,0,0,0,0,0,0,0,0,0,0,0,0,1,0,0,0,0,0,0,0,0,0,0,0,0,0,0,0,0,0,0,0,0,0,0,0,0,0,0,0.022525410221407687,0,0,0,0,0,0,0,0,0,0,0,0,0,0,0,0,0,0,0,0,0,0,0,0,0,0,0,0,0,0,0,0,0,0,0,0,0,0,0,0,0,0,0,0,0,0,0,0,0,0,0,0,0,0,0,0,0,0,0,0,0,0,0,0,0,0,0,0,0,0,0,0,0,0,0,0,0,0,0,0,0,0,0,0,0,0,0,0
MOTU3254,0,0,0,0,0,0,0,0,0,0,0,0,0,0,0,0,0,0,0,0,0,0,0,0,0,0,0,0,0,0,0,0,0,0,0,0,0,0,0,0,0,0,0,0,0,0,0,0,0,0,0,0,0,0,0,0,0.009757080359198712,0,0,0,0,0,0,0,0,0,0,0,0,0,0,0,0,0,0,0,0,0,0,0,0,0,0,0,0,0,0,0,0,0,0,0,0,0,0,0,0,0,0,0,0,0,0,0,0,0,0,0,0,0,0,0,0,0,0,0,0,0,0,0,0,0,0,0,0,0,0,0.017039742644594867,0,0,0,0,0,0,0,0,0,0,0,0,0,0,0,1,0,0,0,0,0,0,0,0,0,0,0,0,0,0,0,0,0,0,0,0,0,0,0,0,0,0,0,0,0,0,0,0,0,0,0,0,0,0,0,0,0,0,0,0,0,0,0,0,0,0,0,0,0,0,0,0,0,0,0
MOTU331,0,0,1,0,0,0,0,0.0106014133340093,0,0,0.003067107230599365,0.004810924530858169,0,0,5.179511207710921e-4,0,0,0,0,0,0,0,0,0,0,0,0,0,0,0,0,0,0,0,0,0,0,0.0013045586422331104,7.043705782687829e-4,0,0,0,0,0,0,0,0,0,0,0,0,0.07173623022679626,0,0,0,0,0,0,0,0,0,0,0,0,0,0,0,0,0,0,0,0,0,0,0,0,0,0,0,0,0,0,0,0,0,0,0,0,0,0,0,0,0,0,0,0,0,0,0,0,0,0,0,0,0,0,0,0,0,0,2.295640990048238e-4,0,0,0,0,0,0,0,0,0,0,0,0,0,0,0,0,0,0,0,0,0,0,0,0,0,0,0,0,0,0,0,0,0,0,0,0,0,0,0,0,0,0,0,0,0,0,0,0,0,0,0,0,0,0,0,0,0,0,0,0,0,0,0,0,0,0,0,0,0,0,0,0,0,0,0,0,0,0,0,0,0,0,0,0,0,0,0,0,0,0,0,0
MOTU33506,0,0,0,0,0,0,0,0,0,0,0,0,0,0,0,0,0,0,0,0,0,0,0,0,0,0,0,0,0,0,0,0,0,0,0,0,0,0,0,0,0,0,0,0,0,0,0,0,0,0,0,0,0,0,0,0,0,0,0,0,0,0,0,0,0,0,0,0,0,0,0,0,0,0,0,0,0,0,0,0,0,0,0,0,0,0,0,0,0,0,0,0,0,0,0,0,0,0,0,0,0,0,0,0,0,0,0,0,0,0,0,0,0,0,0,0,0,0,0,0,0,0,0,0,0,0,0,0,0,0,0,0,1,0,0,0,0,0,0,0,0,0,0,0,0,0,0,0,0,0,0,0,0,0,0,0,0,0,0,0,0,0,0,0,0,0,0,0,0,0,0,0,0,0,0,0,0,0,0,0,0,0,0,0,0,0,0,0,0,0,0,0,0,0,0,0,0,0,0,0,0,0,0
MOTU3372,0,0,0,0,0,0,0,0,0,0,0,0,0,0,0,0,0,0,0,0,0,0,0,0,0,0,0,0,0,0,0,0,0,0,0,0,0,0,0,0,0,0,0,0,0,0.08013816925734023,0.11556662515566624,1,0.012667212667212668,0.04229717411121239,0.10691244239631335,0,0,0,0,0,0,0,0,0,0,0,0,0,0,0,0,0,0,0,0,0,0,0.14951664876476906,0.06956521739130433,0.031868131868131866,0.0881012658227848,0,0,0,0,0,0,0,0,0,0,0,0,0,0,0,0,0,0,0,0,0,0,0,0,0,0,0,0,0,0,0,0,0,0.003299672877257858,0,0,0,0,0,0,0,0,0,0,0,0,0,0,0,0,0,0,0,0,0,0,0,0,0,0,0,0,0,0,0,0,0,0,0,0,0,0,0,0,0,0,0,0,0,0,0,0,0,0,0,0,0,0,0,0,0,0,0,0,0,0,0,0,0,0,0,0.1886178861788618,0,0,0,0,0,0,0,0,0,0,0,0,0,0,0,0,0,0,0,0,0,0,0,0
MOTU34632,0,0,0,0,0,0.023311314162150758,0,0,0,0,0,0,0,0,0,0.00909044166795208,0,0,0,0,0,0,0,0,0,0,0,0,0,0,0,0,0,0,0,0.12066612066612066,0,0,0,0,0,0,0,0,0,0,0,0,0,0,0,0,0,0,0,0,0,0,0,0.36244362443624434,0,0,0,0,0,0,0,0,0,0,0,0,0,0,0,0,0,0,0,0,0,0,0,0,0,0,0,0,0,0,0,0,0,0,0,0,0,0,0,0,0,0,0,0,0,0,0,0,0,0,0,0,0,0,0,0,0,0,0,0,0,0,0,0,0,0,0,0,0,0,0,0,0,0,0,0,0,0,0,0,0,0,0,0,0,0,0,0,0,0,0,0,0,0,0,0,0,0,0,0,0,0,0,0,0,0,0,0,0,0,0,0,0,0,0,0,0,0,0,0,0,0,0,0,1,0,0,0,0,0,0,0,0,0,0,0,0,0,0,0,0,0,0
MOTU3758,0,0,0,0,0,0,0,0,0,0,0,0,0,0,0,0,0,0,0,0,0,0,0,0,0,0,0,0,0,0,0,0,0,0,0,0,0,0.06631782108541608,0,0,0,0,0,0,0,0,0,0,0,0,0,0,0,0,0,0,0,0,0,0,0,0,0,0,0,0,0,0.2629862953138815,0,0.07878226033406724,0,0,0,0,0,0,0,0,0,0,0,0,1,0,0,0,0,0.024420155993431857,0,0,0,0,0.056046259657056716,0,0.4831308585157863,0,0,0,0,0,0,0,0,0,0,0,0,0,0,0,0,0,0,0,0,0,0,0,0,0,0,0,0,0,0,0,0,0,0,0,0,0,0,0,0,0,0,0,0,0,0,0,0,0,0,0,0,0,0,0,0,0,0,0,0,0,0,0,0,0,0,0,0,0,0,0,0,0,0,0,0,0,0,0,0,0,0,0,0,0,0,0,0,0.025080765440296818,0,0,0,0,0.511080954426524,0.07197519661222021,0.043482630703726044,0,0,0,0,0,0,0,0,0,0,0,0
MOTU4157,0,0,0,0,0,0,0,0,0,0,0,0,0,0,0,0,0,0,0,0,0,0,0,0,0,0,0,0,0,0,0,0,0,0,0,0,0,0,0,0,0,0,0,0,0,0,0,0,0,0,0,0,0,0,0,0,0,0,0,0,0,0,0,0.31631097560975613,0,0,0,0,0,0,0,0,0,0,0,0,0,0,0,0,0,0.2577426300099371,0,0,0,0,0,0,0,0,0,0,0,0,0,0,0,0,0,0,0,0,0,0,0,0,0,0,0,0,0,0,0,0,0,0.06136632492113564,0,0,0,0,0,0,0,0,0,0,0,0,0,0,0,0,0,0,0,0,0,0,0,0,0,0,0,0,0,0,0,0,0,0,0,0,0,0,0,0,0,0,0,0,0,0,0,0,0,0,0,0,0,0,0,0,0,0,0,0,0,0,0,0,0,0,0,0,0,1,0,0,0,0,0,0,0,0,0,0,0,0,0,0,0,0,0
MOTU4320,0,0,0,0,0,0.02927732289070844,0,0.06752052545155993,0,0,0.11720665083135393,0.12256333830104321,0,0,0.02639069394304051,0,0,0.011231136906794127,0,0,0,0,0,0,0,0,0,0,0,0,0,0,0,0,0.059551049963794345,0,0,0,0,0,0,0,0,0,0,0,0,0,0,0,0,0,0,0,0,0,0,0,0,0,0,0,0,0,0,0,0,0,0,0,0,0,0,0,0,0,0,0,0,0,0,0.05448161642928122,0,0,0,0,0,0,0,0,0,0,0,0.07435804701627487,0,0,0,0,0,0,0,0,0,0,0,0,0,0,0,0,0,0,0,0,0,0,0,0,0,0,0,0,0,0,0,0,0,0,0,0,0,0,0,0,0,0,0,0,0,1,0,0,0,0,0,0,0,0,0,0,0,0,0,0,0,0,0,0,0,0,0,0,0,0,0,0,0,0,0,0,0,0,0,0,0,0,0,0,0,0,0,0,0,0,0,0,0,0,0,0.03607017543859649,0,0,0,0,0,0,0,0,0,0,0,0,0
MOTU5916,0,0,1,0,0,0,0,0.01435129405664262,0,0.027100583195334437,0,0,0,0,0,0,0,0,0,0,0,0,0,0,0,0,0,0,0,0,0,0,0,0.01922978675576536,0,0,0,0,0,0,0,0,0,0,0,0,0,0,0,0,0,0,0,0,0,0,0,0,0,0,0,0,0,0,0,0,0,0,0,0,0,0,0,0,0,0,0,0,0,0,0,0,0,0,0,0,0,0,0,0,0,0,0,0,0,0,0,0,0,0,0,0,0,0,0,0,0,0,0,0,0,0,0,0,0,0,0,0,0,0,0,0,0,0,0,0,0,0,0,0,0,0,0,0,0,0,0,0,0,0,0,0,0,0,0,0,0,0,0,0,0,0,0,0,0,0,0,0,0,0,0,0,0,0,0,0,0,0,0,0,0,0,0,0,0,0,0,0,0,0,0,0,0,0,0,0,0,0,0,0,0,0,0,0,0,0,0,0,0,0,0,0,0
MOTU6022,0,0,0,0,0,0,0,0,0,0,0,0,0,0,0,0,0,0,0,0,0,0,0,0,0,0,0,0,0,0,0,0,0,0,0,0,0,0,0,0,0,0,0,0,0,0,0,0,0,0,0,0,0,0,0,0,0,0,0,0,0,0,0,0,0,0,0,0,0,0,0,0,0,0,0,0,0,0,0,0,0,0,0,0,0,0,0,0,0,0,0,0,0,0,0,0,0,0,0,0,0,0,0,0,0,0,0,0,0,0,0,0,0,0,0,0,0,0,0,0,0,0,0,0,0,0.1294319715372347,0,0.1266810758885687,0,0,0,0,0,0,0,0,0,0,0,0,0,0,0,0,0,0,0,0,0,0,0,0,0,1,0,0,0,0,0,0,0,0,0,0,0,0,0,0,0,0,0,0,0,0,0,0,0,0,0,0,0,0,0,0,0,0,0,0,0,0,0,0,0,0,0,0,0,0,0,0,0,0,0
MOTU6387,0,0,0,0,0,0,0,0,0,0,0,0,0,0,0,0,0,0,0,0,0,0,0,0,0,0,0,0,0,0,0,0,0,0,0,0,0,0,0,0,0,0,0,0,0,0,0,0,0,0,0,0,0,0,0,0,0,0,0,0,0,0,0,0,0,0,0,0,0,0,0.38574587072441147,0,0,0,0,0,0,0,0,0,0,0,0,0,0,0,0,0,0,0,0,0,0,0,0,0,0,0,0,0,0,0,0,0,0,0,0,0,0,0,0,0,0,0,0,0,0,0,0,0,0,0,0,0,0,0,0,0,0,0,0.4746359417506801,0,0,0,0,0,0,0,0,0,0,0,0,0,0,0,0,0,0,0,0,0,0,0,0,0,0,0,0,0,0,0,0,0,0,0,0,0,1,0,0,0,0,0,0,0,0,0,0,0,0,0,0,0,0,0,0.19836811128945958,0,0.13995847489618723,0.433625730994152,0,0,0,0,0,0,0,0,0,0,0,0,0
MOTU6724,0,0,0,0,0,0,0,0,0,0,0,0,0,0,0,0,0,0,0,0,0,0,0,0,0,0,0,0,0,0,0,0,0,0,0,0,0,0,0,0,0,0,0,0,0,0,0,0,0,0,0,0,0,0,0.03309481216457961,0,0,0,0,0,1,0,0,0,0,0,0,0,0,0.012297352191735292,0,0,0,0,0,0,0,0,0,0,0,0,0,0,0,0,0,0,0,0,0,0,0,0,0,0,0,0,0,0,0,0,0,0,0,0,0,0,0,0,0,0,0,0,0,0,0,0,0,0,0,0,0,0,0,0,0,0,0,0,0,0,0,0,0,0,0,0,0,0.012458844657288236,0,0,0,0,0,0,0,0,0,0,0.1361485894515507,0,0,0,0,0,0,0,0,0,0,0,0,0,0,0,0,0,0,0,0,0,0,0,0,0,0,0,0,0,0,0,0,0,0,0,0,0,0,0,0,0,0,0.007869549805033675,0,0,0,0,0,0,0,0,0
MOTU7189,0,0,0,0,0,0,0,0,0,0,0,0,0,0,0,0,0,0,0,0,0,0,0,0,0,0,0,0,0,0,0,0,0,0,0,0,0,0,0,0,0,0,0,0,0,0.014446603339090387,1,0,0,0,0,0,0,0,0,0,0,0,0,0,0,0,0,0,0,0,0,0,0,0,0,0,0.009435514194397443,0,0.00836040313176745,0,0,0,0,0,0,0,0,0,0,0,0,0,0,0,0,0,0,0,0,0,0,0,0,0,0,0,0,0,0,0,0,0,0,0,0,0,0,0,0,0,0,0,0,0,0,0,0,0,0,0.008209626630679262,0,0,0,0,0,0,0,0,0,0.0030142642642642646,0,0,0,0,0,0,0,0,0,0,0,0,0,0.003968960063266113,0,0,0,0,0,0,0,0,0,0,0,0,0,0,0,0,0,0,0,0,0,0,0,0,0,0,0,0,0,0,0,0,0,0,0,0,0,0,0,0,0,0,0,0,0,0,0,0,0,0,0,0,0
MOTU799,0,0,0,0,5.444217532142065e-4,0,0.0014583745303539649,0,0,0,0,0,0,0,0,0,0,0,0.0018578847023662981,0,0,0,0,0,0,0,0,0,0,0,0,0,0,0.0018354020492023495,0,0,5.947880437522053e-4,0,0,0,0,0,0,0,0,0,0,0,0,0,0,0,0,0,0,0,0,0,1,0,0,0,0,0,0,0,0,0,0,0,0,0,0,0,0,0,0,0,0,0,0,0,0,0,0,0,0,0,0,0,0,0,0,0,0,0,0,0,0,0,0,0,0,0,0,0,0,0,0,0,0,0,0,0,0,0,0,0,0,0,0,0,0,0,0,0,0,0,0,0,0,0,0,0,0,0,0,0,0,0,0,0.0014482469294487287,0,0,0,0,0,0,0,0,0,0,0,0,0,0,0,0,0,0,0,0,0,0,0,0,0,0,0,0,0,0,0,0,0,0,0,0,0,0,0,0,0,0,0,0,0,0,0,0,0,0,2.0846938182243356e-4,0,0,0,0,0,0,0,0,0,0
MOTU8481,0,0,0,0,0,0,0,0,0,0,0,0,0,0,0,0,0,0,0,0,0,0,0,0,0,0,0,0,0,0,0,0,0,0,0.01629254163649529,0.01382063882063882,0,0,0,0,0,0.04911323328785812,0,0,0,0,0,0,0,0,0,1,0,0,0,0,0,0,0,0,0,0,0,0,0,0,0,0,0,0,0,0,0,0,0,0,0,0,0,0,0,0,0,0,0,0,0,0,0,0,0,0,0,0,0,0,0,0,0,0,0,0,0,0,0,0,0,0,0,0,0,0,0,0,0,0,0,0,0,0,0,0,0,0,0,0,0,0,0,0,0,0,0,0,0,0,0,0,0,0,0,0,0,0.22123893805309733,0,0,0,0,0,0,0,0,0,0,0,0,0,0,0,0,0,0,0,0,0,0,0,0,0,0,0,0,0,0,0,0,0,0,0,0,0,0,0,0,0,0,0,0,0,0,0,0,0,0,0,0,0,0,0,0,0,0,0
MOTU859,0,0,0,0,0,0,0,0,0,0,0,0,0,0,0,0,0,0,0,0,0,0,0,0,0,0,0,0,0,0,0,0,0,0,0,0,0,0,0,0,0,0,0,0,0,0,0,0,0,0,0,0,0,0,0,0,0,0,0,0,0,0,0,0,0,0,0,0,0,0,0,0,0,0,0,0,0,0,0,0,0,0,0,0,0,0,0,0,0,0,0,0,0,0.005924152509996688,0,0,0,0,0,0,0,0,0,0,0,0,0,0,0,0,0,0,0,0,0,0,0,0,0,0,0,0,0,0,0,0,0,0,0,0,0,0,1,0,0,0,0,0,0,0,0,0,0,0,0,0,0,0,0,0.004663425392210917,0,0,0,0,0,0,0,0,0,0,0,0,0,0,0,0,0,0,0,0,0,0,0,0,0,0,0,0,0,0,0,0,0,0,0.0037059460837422726,0,0,0,0,0,0,0,0,0,0,0,0,0,0,0,0,0,0
MOTU8703,0,0,0,0,0,0,0,0,0,0,0,0,0,0,0,0,0,0,0,0,0,0,0,0.6438979963570127,0,0,0,0,0,0,0,0,0,0,0,0,0,0,0,0,0,0,0,0,0,0,0,0,0,0,0,0,0,0,0,0,0,0,0,0,0,0,0,0,0,0,0,0,0,0,0,0,0,0,0,0,0,0,0.25648467259205515,0,0,0,0.14856062197940742,0,0,0,0.4197091124962897,0,0,0,0,0.23613894455577825,0,0,0,0,0,0,0,0,0,0,0,0.14969299174253653,0,0,0,0,0,0,0,0,0.07950967161493477,0,0,0,0,0,0,0,0,0,1,0,0,0,0,0,0,0,0,0,0,0,0,0,0,0,0,0,0,0,0,0,0,0,0,0,0,0,0,0,0,0,0.4862448418156809,0,0,0,0,0,0,0,0,0,0,0,0,0,0,0,0,0,0,0,0,0,0,0,0,0,0,0,0,0,0,0,0,0,0,0,0,0,0,0,0,0,0,0,0,0,0,0,0
MOTU942,0,0,0,0,0,0,0,0,0,0,0,0,0,1.2483814342543185e-4,9.756704318095123e-5,1.6883477925736564e-4,6.594941669381039e-5,4.1521788776051796e-5,0,0,0,0,0,0,0,0,0,0,0,0,0,0,0,0,0,0,0,0,0,0,0,0,0,0,0,0,0,0,0.8014856916480603,0.0011086355453514651,0,0,0,0,0,0,0,0,0,0,0.0036521717515031744,0,0,0,0,0,0,0,0,0,0,0,0,0,0,0,0,0,0,0,0,0,2.555522574596674e-4,0,0,0,0,0,0,0,0,0,0,0,0,0,0,0,0,0,0,0,0,0,0,0,0,0,0,0,0,0,0,0,0,0,0,0,0,0,0,0,0,0,0,0.003133313342934818,0.0012272181566605016,0.0026286164119248357,6.394180826764233e-4,0,0,0.0022507832077431657,0,0,0,0,0,0,0,0,0,0,0,0,0,0.001232191685157606,0.0023830957411833257,0,0,8.656036962637418e-4,9.234420601750624e-4,1,0.00622879996543179,9.606423327413563e-4,0.001672865465268992,0,0,0,0,0,0,0,0,0,0,0,0,0.002854866650822904,0.0016401526544174742,0,0,0,0,0,0,0,0,0,0,0,0,0,0,0,0,0,0,0,0,5.334092952853321e-4,0,0,0.00319125791056625,0,0,0,0,0,0,0,0,6.983480868507363e-5,0.00013204203824445547
MOTU9671,0,0,0,0,0,0,0,0,0,0,0,0,0,0,0,0,0,0,0,0,0,0,0,0,0,0,0,0,0,0,0,0,0,0,0,0,0,0,0,0,0,0,0,0,0,0,0,0,0,0,0,0,0,0,0,0,0,0,0,0,0,0,0,0,0,0,0,0,0,0,0,0,0,0,0,0,0,0,0,0,0,0,0,0,0,0,0,0,0,0,0,0,0,0,0,0,0,0,0,0,0,0,0,0,0,0,0,0,0,0.09269886816515223,0,0,0,0,0,0,0,0,0,0,0,0,0,0,0,0,0,0,0,0,0,0,1,0,0,0,0,0,0,0,0,0,0,0,0,0,0,0,0,0,0,0,0,0,0,0,0,0,0,0,0,0,0,0,0,0,0,0,0,0,0,0,0,0,0,0,0,0,0,0,0,0,0,0,0,0,0,0,0,0.2550438596491228,0,0,0,0,0,0,0,0,0,0,0,0,0
MOTU9754,0,0,0,0,0,0,0,0,0,0,0,0,0,0,0,0,0,0,0,0,0,0,0,0,0,0,0,0,0,0,0,0,0,0,0,0,0,0,0,0,0,0,0,0,0,0,0,0,0,0,0,0,0,0,0,0,0,0,0,0,0,0,0,0,0,0,0,0,0,0,0,0,0,0,0,0,0,0,0,0,0,0,0,0,1,0,0,0,0,0,0,0.09084836339345358,0,0.4918625678119349,0,0.5229093239346364,0,0.15362891838463713,0,0,0,0.1775746694956749,0,0,0,0,0,0,0,0,0,0,0,0,0,0,0,0,0,0,0,0,0,0,0,0,0,0,0,0,0,0,0,0,0,0,0,0,0,0,0,0,0,0,0,0,0,0,0,0,0,0,0,0,0,0,0,0,0,0,0,0,0,0,0,0,0,0,0,0,0,0,0,0,0,0,0,0,0,0,0,0,0,0,0,0,0,0,0,0,0,0,0,0,0,0,0,0,0,0,0,0,0
MOTU1722,0,0,0,0,0,1,0,0,0,0,0,0,0,0,0,0.032744594494349875,0,0,0,0,0,0,0,0,0,0,0,0,0,0,0,0,0,0,0,0,0,0,0,0,0,0,0,0,0,0,0,0,0,0,0,0,0,0,0,0,0,0,0,0,0,0,0,0,0,0,0,0,0,0,0,0,0,0,0,0,0,0,0,0,0,0,0,0,0,0,0,0,0,0,0,0,0,0,0,0,0,0,0,0,0,0,0,0,0,0,0,0,0,0,0,0,0,0,0,0,0,0,0,0,0,0,0,0,0,0,0,0,0,0,0,0,0,0,0,0,0,0,0,0,0,0,0,0,0,0,0,0,0,0,0,0,0,0,0,0,0,0,0,0,0,0,0,0,0,0,0,0,0,0,0,0,0,0,0,0,0,0,0,0,0,0,0,0,0,0,0,0,0,0,0,0,0,0,0,0,0,0,0,0,0,0,0
MOTU3428,0,0,0,0,0,0,0,0,0,0,0,0,0,0,0,0,0,0,0,0,0,0,0,0,0,0,0,0,0,0,0,0,0,0,0,0,0,0,0,0,0,0,0,0,0,0,0,0,0,0,0,0,0,0,0,0,0,0,0,0,0,0,0,0,0,0,0,0,0,0,0,0,0,0,0,0,0,1,0,0,0,0,0,0,0,0,0,0,0,0,0,0,0,0,0,0.019126019766840016,0,0,0,0,0,0,0,0,0,0,0,0,0,0,0,0,0,0,0.04344418318217445,0,0,0,0,0,0,0,0,0,0,0,0,0,0,0,0,0,0.06415768238640122,0,0,0,0,0,0,0,0,0,0,0,0,0,0,0,0,0,0,0,0,0,0,0,0,0,0,0,0,0,0,0,0,0,0,0,0.08050210073136574,0,0,0,0,0,0,0,0,0,0,0,0,0,0,0,0,0,0,0.012262183174262057,0,0.01309041835357625,0,0,0,0,0,0,0,0,0,0,0,0,0
MOTU9248,0,0,0,0,0,0,0,0,0,0,0,0,0,0,0,0,0,0,0,0,0,0,0,0,0,0,0,0,0,0,0,0,0,0,0,0,0,0,0,0,0,0,0,0,0,0,0,0,0,0,0,0,0,0,0,0,0,0,0,0,0,0,0,0,0,0,0,0,0,0,0,0,0,0,0,0,0.9386075949367088,0,0,0,0,0,0.1558100441269174,0,0,0,0,0,0,0,0,0,0,0,0,0.1583894051052013,0,0,0,0,0,0,0,0,0,0,0,0,0,0,0,0,0,0,0.1798884036875303,0,0,0,0,0,0,0,0,0,0,0,0,0,0,0,0,0,0,0,0,0,0,0,0,0,0,0,0,0,0,0,0,0,0,0,0,0,0,0,0,0,0,0,0,0,0,0,0,0,0,0,0,0,1,0,0,0,0,0,0,0,0,0,0,0,0,0,0.13543378995433789,0,0,0,0,0,0,0.108406432748538,0.06549196255078608,0,0,0,0,0,0,0,0,0,0,0,0
MOTU720,0,0,0,0,0,0.0011810869982470853,0,0,0,0,0,0.3856609888076496,0,0,0,0,0,0,0,0,0,0,0.0011180656183136584,0,0,0,0,0,0,0,0.0035725126109936067,0,0,0,0,0,0,0,0,0,0,0,0,0,0,0,0,0,0,0,0,0,0,0,0,0,0,0,0,0,0,0,0,0,0.30516335317209065,0,0,0,0,0,0,0,0,0.00534533841795284,0.014922069166758901,0,0.006299379831789993,0,0,0,0,0,0,0,0,0,0,0,0,0,0,0,0,0,0,0,0,0,0,0,0,0,0,0,0,0,0,0,0,0,0,0,0,0,0,0,0,0,0,0,0,0,0,0,0,0,0,0,0,0,0,0,0,0,0,0,0,0,0,0,0,0,0,0,0,0,0,0,0,0,0,0,0,0,0,0,0,0,0,0,0,0,0,0,0,0,0,0,1,0.30197269824721445,0,0,0,0,0,0,0,0,0,0,0,0,0,0,0,0,0,0,0,0,0,0,0,0,0,0,0,0,0,0,0,0,0
MOTU584,0,0,0,0,0,0,0,0,0,0.015269144388900964,0,0,0.0029722644125067515,0,0,0,0,0,0,0,0.019638281417429952,0,0,0,0,0,0,0,0,0,0,0,0,0,0.01426299512069677,0,0.007022173355323438,0.07562067669669885,0.06446824000114197,0,0,0,0,0,0,0,0,0,0,0,0,0,0,0,0,0,0,0,0,0,0,0,0,0,0,0,0,0,0,0,0,0,0,0,0,0,0,0,0,0,0,0,0,0,0,0,0,0,0,0,0,0,0,0,0,0,0,0,0,0,0,0,0,0,0,0,0,0,0,0,0,0,0,0,0,0,0,0,0,0,0,0,0,0,0,0,0,0,0,0,0,0,0,0,0,0,0,0,0,0,0,0,0,0,0,0,0,0,0,0,0,0,0,0,0,0,1,0,0,0,0,0,0,0,0,0,0,0,0,0,0,0,0,0,0,0,0,0,0,0,0,0,0,0,0,0,0,0,0,0,0,0,0,0,0,0,0,0,0,0,0,0,0
MOTU13354,0,0,0,0,0,0,0,0,0,0,0,0,0,0,0,0,0,0,0,0,0,0,0,0,0,0,0,0,0,0,0,0,0,0,0,0,0,0,0,0,0,0,0,0,0,0,0,0,0,0,0,0,0,0,0,0,0,0,0,0,0,0,0,0,0,0,0,0,0,0,0,0,0,0,0,0,0,0,0,0,0,0,0,0,0,0,0,0,0,0,0,0,0,0,0,0,0,0,0,0,0,0,0,0,0,0,0,0,0,0,0,0,0,0,0,0,0,0,0,0,0,0,0,0,0,0,0,1,0,0,0,0,0,0,0,0,0,0,0,0,0,0,0,0,0,0,0,0,0,0,0,0,0,0,0,0,0,0,0,0,0,0,0,0,0,0,0,0,0,0,0,0,0,0,0,0,0,0,0,0,0,0,0,0,0,0,0,0,0,0,0,0,0,0,0,0,0,0,0,0,0,0,0
MOTU17083,0,0,0,0,0,0,0,0,0,0,0,0,0,0,1,0,0,0,0,0,0,0,0,0,0,0,0,0,0,0,0,0,0,0,0,0,0,0,0,0,0,0,0,0,0,0,0,0,0,0,0,0,0,0,0,0,0,0,0,0,0,0,0,0,0,0,0,0,0,0,0,0,0,0,0,0,0,0,0,0,0,0,0,0,0,0,0,0,0,0,0,0,0,0,0,0,0,0,0,0,0,0,0,0,0,0,0,0,0,0,0,0,0,0,0,0,0,0,0,0,0,0,0,0,0,0,0,0,0,0,0,0,0,0,0,0,0,0,0,0,0,0,0,0,0,0,0,0,0,0,0,0,0,0,0,0,0,0,0,0,0,0,0,0,0,0,0,0,0,0,0,0,0,0,0,0,0,0,0,0,0,0,0,0,0,0,0,0,0,0,0,0,0,0,0,0,0,0,0,0,0,0,0
MOTU34643,0,0,0,0,0,0,0,0,0,0,0,0,0,0,0,0,0,0,0,0,0,0,0,0,0,0,0,0,0,0,0,0,0,0,0,0,0,0,0,0,0,0,0,0,0,0,1,0,0,0,0,0,0,0,0,0,0,0,0,0,0,0,0,0,0,0,0,0,0,0,0,0,0,0,0,0,0,0,0,0,0,0,0,0,0,0,0,0,0,0,0,0,0,0,0,0,0,0,0,0,0,0,0,0,0,0,0,0,0,0,0,0,0,0,0,0,0,0,0,0,0,0,0,0,0,0,0,0,0,0,0,0,0,0,0,0,0,0,0,0,0,0,0,0,0,0,0,0,0,0,0,0,0,0,0,0,0,0,0,0,0,0,0,0,0,0,0,0,0,0,0,0,0,0,0,0,0,0,0,0,0,0,0,0,0,0,0,0,0,0.2012531328320802,0,0,0,0,0,0,0,0,0,0,0,0,0
MOTU12446,0,0,0,0,0,0,0,0,0,0,0,0,0,0,0,0,0,0,0,0,0,0,0,0,0,0,0,0,0,0,0,0,0,0,0,0,0,0,0,0,0,0,0,0,0,1,0,0,0.021075621075621078,0,0,0.42888888888888893,0,0,0,0,0,0,0,0,0,0,0,0,0,0,0,0,0.05530085959885387,0,0,0,0,0.33168635875402797,0.05787106446776612,0.05302197802197803,0.024430379746835446,0.44768041237113404,0,0,0,0,0,0,0,0,0,0,0,0,0,0,0,0,0,0,0,0,0,0,0,0,0,0,0,0,0,0,0,0,0,0,0,0,0,0,0,0,0,0,0,0,0,0,0,0.014206845785793155,0.019475277497477298,0.02780979827089337,0,0,0,0,0,0,0,0,0,0,0,0,0,0,0,0,0,0,0,0,0,0,0,0,0.24711907810499362,0.628088467614534,0.3982118294360385,0,0,0,0,0,0,0,0,0,0,0,0,0,0.2342548887390425,0,0.2657487091222031,0.14243542435424356,0,0,0,0,0.08283261802575108,0.12411575562700965,0,0,0,0,0,0,0,0,0,0,0,0,0,0,0,0,0,0,0.09814747548129314,0,0,0,0,0,0
MOTU16315,0,0,0,0,0,0,0,0,0,0,0,0,0,0,0,0,0,0,0,0,0,0,0,0,0,0,0,0,0,0,0,0,0,0,0,0,0,0,0,0,0,0,0,0,0,0,0,0,0,0,0,0,0,0,0,0,0,0,0,0,0,0,0,0,0,0,0,0,0,0,0,0,0,0,0,0,0,0,0,0,0,0,0,0,0,0,0,0,0,0,0,0,0,0,0,0,0,0,0,0,0,0,0,0,0,0,0,0,0,0,0,0,0,0,0,0,0,0,0,0,0,0,1,0,0,0,0,0,0,0,0,0,0,0,0,0,0,0,0,0,0,0,0,0,0,0,0,0,0,0,0,0,0,0,0,0,0,0,0,0,0,0,0,0,0,0,0,0,0,0,0,0,0,0,0,0,0,0,0,0,0,0,0,0,0,0,0,0,0,0,0,0,0,0,0,0,0,0,0,0,0,0,0
MOTU1652,0,0,0,0,0,0,0,0,0,0,1,0,0,0,0,0,0,0,0,0,0,0,0,0,0,0,0,0,0,0,0,0,0,0,0,0,0,0,0,0,0,0,0,0,0,0,0,0,0,0,0,0,0,0,0,0,0,0,0,0,0,0,0,0,0,0,0,0,0,0,0,0,0,0,0,0,0,0,0,0,0,0,0,0,0,0,0,0,0,0,0,0,0,0,0,0,0,0,0,0,0,0,0,0,0,0,0,0,0,0,0,0,0,0,0,0,0,0,0,0,0,0,0,0,0,0,0,0,0,0,0,0,0,0,0,0,0,0,0,0,0,0,0,0,0,0,0,0,0,0,0,0,0,0,0,0,0,0,0,0,0,0,0,0,0,0,0,0,0,0,0,0,0,0,0,0,0,0,0,0,0,0,0,0,0,0,0,0,0,0,0,0,0,0,0,0,0,0,0,0,0,0,0
MOTU19251,0,0,0,0,0,0,0,0,0,0,0,0,0,0,0,0,0,0,0,0,0,0,0,0,0,0,0,0,0,0,0,0,0,1,0,0,0,0,0,0,0,0,0,0,0,0,0,0,0.49631449631449637,0,0,0,0,0,0,0,0,0,0,0,0,0,0,0,0,0,0,0,0,0,0,0,0,0,0,0,0,0,0,0,0,0,0,0,0,0,0,0,0,0,0,0,0,0,0,0,0,0,0,0,0,0,0,0,0,0,0,0,0,0,0,0,0,0,0,0,0,0,0,0,0,0,0,0,0,0,0,0,0,0,0,0,0,0,0,0,0,0,0,0,0,0,0,0,0,0,0,0,0,0,0,0,0,0,0,0,0,0,0,0,0,0,0,0,0,0,0,0,0,0,0,0,0.694954128440367,0,0,0,0,0,0,0,0,0,0,0,0,0,0,0,0,0,0,0,0,0,0,0,0,0,0,0,0,0,0
MOTU198,0,0,0,0,0,0,0,0,0,0,0,0,0,0,0,0,0,0,0,0,0,0,0,0,0,0,0,0,0,0,0,0,0,0,0,0,0,0,0,0,0,7.613537369121782e-4,0,0,0,1,0.04169905024831581,0.006013710012463648,0.01904423591170579,0.038154440917727434,0.027554589655527973,0.031004016064257033,0,0.022685865412871,0,0.002136570785438846,0.001151139210306573,0,0,0,0,0,0,0.022685865412871,0.02632416458285974,0,0,0,0,0,0,0,0.04013210201210935,0.5125153675928203,0.06693520709524756,0.05366079703429102,0.01589446393167607,0.186982983480313,0,0,0,0,0,0,0,0,0,0,0,0,0,0,0,0,0,0,0,0,0,0,0,0,0,0,0,0,0,0,0,8.896417808969018e-4,0,0,0,0,0,0,0,0,0,0,0,0,0,0,0,0.037999033306579284,0.009854959697518631,0.009046560883302664,0,0,0,0,0,0,0,0,0,0,0,0,0,0,0,0,0,0,0,0,0.002824252475489001,0,0.0021187254713615285,0,0.3251253413140398,0.7097127847884429,0.3953331897051756,0,0,0,0,0,0,0,0,0,0,0,0,0.026200576955710167,0.2859979364524856,0.006772721955784302,0.44424859506874315,0.2522651491575157,0.0021333038576323645,0.0018930538980889637,0,0,0.16167330265267077,0.08972223298338047,0.15312959153687924,0,0,0,0,0,0,0,0,0,0,0,0,0,0,0,0,0,0.09324854813368988,0,0,0,0,0,0
MOTU23742,0,0,0,0,0,0,0,0,0,0,0,0,0,0,0,0,0,0,0,0,0,0,0,0,0,0,0,0,0,0,0,0,0,0,0,0,0,0,0,0,0,0,0,0,0,0,0,0,0,0,0,0,0,0,0,0,0,0,0,0,0,0,0,0,0,0,0,0,0,0,0,0,0,0,0,0,0,0,0,0,0,0,0,0,0,0,0,0,0,0,0,0,0,0,0,0,0,0,0,0,0,0,0,0,0,0,0,0,0,0,0,0,0,0,0,0,0,0,0,0,0,0,0,0,0,0,0.772452068617558,0,0,0,0,0,0,0,0,0,0,0,0,0.7446498054474708,0,0,0,0,0,0,1,0,0,0,0,0.8015706806282723,0,0,0,0,0,0,0,0,0,0,0,0,0,0,0,0,0,0,0,0,0,0,0,0,0,0,0,0,0,0,0,0,0,0,0,0,0,0,0,0,0,0,0,0,0,0,0,0,0,0,0
MOTU2754,0,0,0,0,0,0,0,0,0,0,0.04096067564001055,0,0.021684578799412057,0.008850566846871506,0,0.015959689444187363,0.009351143888316493,0,0,0,0,0,0,0,0,0.007955547353960346,0,0,0,0,0,0,0,0,0,0.10592410592410592,0,0,0.48915072611341426,0,0,0,0,0,0,0,0,0,0,0,0,0,0,0,0,0,0,0,0,0,0,0,0,0,0,0,0,0,0,0,0,0,0,0,0,0,0,1,0,0,0,0,0,0,0,0,0,0,0,0,0,0,0,0,0,0,0,0,0,0,0,0,0,0,0,0,0,0,0,0,0,0,0,0,0,0,0,0,0,0,0,0,0,0,0,0,0,0,0,0,0,0,0,0,0,0,0,0,0,0,0,0,0,0,0,0,0,0,0,0,0,0,0,0,0,0,0.024546087176567342,0.08759750301963042,0.004267581776985855,0,0,0,0,0,0,0,0,0,0,0,0,0,0,0,0,0,0,0,0,0,0,0,0,0,0,0,0,0,0,0,0,0,0,0.07946748591909882,0,0,0,0,0,0,0,0,0
MOTU28182,0,0,0,0,0,0,0.4737762237762238,0.44499178981937604,0,0,0,0,0,0,0,0,0,0,0,0,0,0,0,0,0,0,0,0,0,0,0,0,0,0,0,0,0,0,0,0,0,0,0,0,0,0,0.6749688667496887,0,0.295932295932296,0,0,0,0,0,0,0,0,0,0,1,0,0,0,0,0,0,0,0,0,0,0,0,0,0,0,0,0,0,0,0,0,0,0,0,0,0,0,0,0,0,0,0,0,0,0,0,0,0,0,0,0,0,0,0,0,0,0,0,0,0,0,0,0,0,0,0,0,0,0,0,0,0,0,0,0,0,0,0,0,0,0,0,0,0,0,0,0,0,0,0,0,0,0,0,0,0,0,0,0,0,0,0,0,0,0.37276478679504815,0,0,0,0,0,0,0,0,0,0,0,0,0,0,0,0,0,0,0,0,0,0,0,0,0,0,0,0,0,0,0,0,0,0,0,0,0,0,0,0,0,0,0,0,0,0,0,0
MOTU34865,0,0,0,0,0,0,0,0,0,0,0,0,0,0,0,0,0,0,0,0,0,0,0,0,0,0,0,0,0,0,0,0,0,0,0,0,0,0,0,0,0,0,0,0,0,0,0,0,0,0,0,0,0,0,0,0,0,0,0,0,0,0,0,0,0,0,0,0,0,0,0,0,0,0,0,0,0,0,0,0,0,0,0,0,0,0,0,0,0,0,0,0,0,0,0,0,0,0,0,0,0,0,0,0,0,0,0,0,0,0,0,0,0,0,0,0,0,0,0,0,0,0,0,0,0,0,0,0,0,0,0,0,0,0,0,0,0,0,0,0,0,0,0,0,0,0,0,0,0,0,0,0,0,0,0,0,0,0,0,0,0,0,0,0,0,0,0,0,0,0,0,0,0,0,0,0,0,0,0,0,0,0,0,0,0,0,0,0,0,0,0,0,0,1,0,0,0,0,0,0,0,0,0
MOTU4246,0,0,0,0,0,0,0,0,0,0,0,0,0,0,0,0,0,0,0,0,0,0,0,0,0,0,0,0,0,0,0,0,0,0,0,0,0,0,0,0,0,0.007812163423565736,0,0,0,0,0,0,0,0,0,0,0,0,0,0,0,0,0,0,0,0,0,0,0,0,0,0,0,0,0,0,0,0,0,0,0,0,0,0,0,0,0.006016301522876323,0,1,0.04834373819732954,0,0,0,0,0,0,0,0,0,0,0,0,0,0,0,0,0,0,0,0,0,0,0,0,0,0,0,0,0,0,0,0,0,0,0,0,0,0,0,0,0,0,0,0,0,0,0,0,0,0,0,0,0,0,0,0,0,0,0,0,0,0,0,0,0,0,0,0,0,0,0,0,0,0,0,0,0,0,0,0,0,0,0,0,0,0,0,0,0,0,0,0,0,0,0,0,0,0,0,0,0,0,0,0,0,0,0,0,0,0,0,0,0,0,0,0,0
MOTU5456,0,0,0,0,0,0,0,0,0,0,0,0,0,0,0,0,0,0,0,0,0,0,0,0,0,0,0,0,0,0,0,0,0,0,0,0,0,0,0,0,0,0,0,0,0,0,0,0,0,0,0,0,0,0,0,0,0,0,0,0,0,0,0,0,0,0,0,0,0,0,0,0,0,0,0,0,0,0,0,0,0,0,0,0,0,0,0,0,0,0,0,0,0,0,0,0,0,0,0,0,0,0,0,0,0,0,0,0,0,0,0,0,0,0,1,0,0,0,0,0,0,0,0,0,0,0,0,0,0,0,0,0,0,0,0,0,0,0,0,0,0,0,0,0,0,0,0,0,0,0,0,0,0,0,0,0,0,0,0,0,0,0,0,0,0,0,0,0,0,0,0,0,0,0,0,0,0,0,0,0,0,0,0,0,0,0,0,0,0,0,0,0,0,0,0,0,0,0,0,0,0,0,0
MOTU6080,0,0,0,0,0,0,0,0,0,0,0,0,0,0,0,0,0,0,0,0,0,0,0,0,0,0,0,0,0,0,0,0,0,0,0,0,0,0,0,0,0,0,0,0,0,0,0,0,0,0,0,0,0,0,0,0,0,0,0,0,0,0,0,0,0,0,0,0,0,0,0,0,0,0,0,0,0,0,0,0,0,0,0,0,0,0,0,0,0,0,0,0,0,0.47797139569291475,0,0,0,0.05971605350311931,0,0,0.057522999307547736,0,0,0,0,0,0,0,0,0,0.030074604672812612,0,0,0,0,0,0,0,0,0,0,0,0,0,0,0,0,0,0,0,0,0,1,0,0,0,0,0,0,0,0,0,0,0,0,0,0,0,0,0,0,0,0,0,0,0,0,0,0,0,0,0,0,0,0,0,0,0,0,0,0,0,0,0,0,0,0,0,0,0,0,0,0,0,0,0.16984300839722527,0.08485334889829273,0,0,0,0,0,0,0.06496299399525206,0,0,0,0,0,0,0,0,0
MOTU662,0,0,0,0,0,0,0,0,0,0,0,0,0,0,0,0,0,0,0,0,0,0,0,0,0,0,0,0,0,0,0,0,0,0,0,0,0,0,0,0,0,0,0,0,0,0,0,0,0,0,0,0,0,0,0,0,0,0,0,0,0,0,0,0.5632241467342209,0,0,0,0,0,0,0,0,0,0,0,0,0,0,0.003968222672628858,0,0,1,0,0.005511920280726354,0.013404909065075304,0,0,0,0,0,0.002712898263170002,0,0,0,0,0,0,0,0,0,0,0.002380372296850324,0,0.04940771903553481,0,0,0,0,0,0,0,0,0,0,0,0,0,0,0,0,0,0,0,0,0,0,0,0,0,0,0,0,0,0,0,0,0.0025382076336237266,0,0,0,0,0,0,0,0,0,0,0,0,0,0,0,0,0.0011520174615167402,0,0,0,0,0,0,0,0,0,0,0,0,0,0,0,0,0,0,0,0,0,0,0,0,0,0,0,0,0,0,0,0,0,0,0,0,0,0,0,0,0,0,0,0,0,0,0,0,0
MOTU8401,0,0,0,0,0,0,0,0,0,0,0,0,0,0,0,0,0,0,0,0,0,0,0,0,0,0,0,0,0,0,0,0,0,0,0,0,0,0,0,0,0,0,0,0,0,0,0,0,0,0,0,0,0,0,0,0,0,0,0,0,0,0,0,0,0,0,0,0,0,0,0,0,0,0,0,0,0,0,0,0,0,0,0,0,0,0,0,0,0,0,0,0,0,0,1,0,0,0,0,0,0,0,0,0,0,0,0,0,0,0,0,0,0,0,0,0,0,0,0,0,0,0,0,0,0,0,0,0,0,0,0,0,0,0,0,0,0,0,0,0,0,0,0,0,0,0,0,0,0,0,0,0,0,0,0,0,0,0,0,0,0,0,0,0,0,0,0,0,0,0,0,0,0,0,0,0,0,0,0,0,0,0,0,0,0,0,0,0,0,0,0,0,0,0,0,0,0,0,0,0,0,0,0
MOTU10276,0,0,0,0,0,0,0,0,0,0,0,0,0.07751119158996027,0,0,0,0.08356379805867362,0,0,0,0,0,0,0,0,0,0,0,0,0,0,0,0,0,0,0,0,0,0,0,0,0,0,0,0,0,0,0,0,0,0,0,0,0,0,0,0,0,0,0,0,0,0,0,0,0,0,0,0,0,0,0,0,0,0,0,0,0,0,0,0,0,0,0,0,0,0,0,0,0,0,0,0,0,0,0,0,0,0,0.4881216344630979,0,0,0,0,0,0,0,0,0,0,0.32875835585265256,0,0,0,0,0,0,0,0,0,0,0,0,0,0,0,0,0,0,0,0,0,0,0,0,0,0,0,0,0,0,0,0,0,0,0,0,0,0,0,0,0,0,0,0,1,0,0,0,0,0.2708260105448155,0,0,0,0,0,0,0,0,0,0,0,0,0,0,0,0,0,0,0,0,0.44053744997141225,0,0,0,0,0,0,0,0,0,0,0,0,0,0,0,0,0,0,0,0,0
MOTU10358,0,0,0,0,0,0,0,0,0,0,0,0,0,0,0,0,0,0,0,0,0,0,0,0,0,0,0,0,0,0,0,0,0,0,0,0,0,0,0,0,0,0,0,0,0,1,0.4806973848069738,0,0,0,0,0,0,0,0,0,0,0,0,0,0,0,0,0,0,0,0,0,0,0,0,0,0,0,0,0,0.24430379746835443,0,0,0,0,0,0,0,0,0,0,0,0,0,0,0,0,0,0,0,0,0,0,0,0,0,0,0,0,0,0,0,0,0,0,0,0,0,0,0,0,0,0,0,0,0,0,0,0,0,0,0,0,0,0,0,0,0,0,0,0,0,0,0,0,0,0,0,0,0,0,0,0,0,0,0,0.4942381562099872,0,0,0,0,0,0,0,0,0,0,0,0,0,0,0,0,0,0,0,0,0,0,0,0,0,0,0,0,0,0,0,0,0,0,0,0,0,0,0,0,0,0,0,0,0,0,0,0,0,0
MOTU11184,0,0,0,0,0,0,0,0,0,0,0,0,0,0,0,0,0,0,0,0,0,0,0,0,0,0,0,0,0,0,0,0,0,0,0,0,0,0,0,0,0,0,0,0,0,0,0,0,0,0,0,0,0,0,0,0,0,0,0,0,1,0,0,0,0,0,0,0,0,0,0.12992586812329301,0,0,0,0,0.11435439560439561,0.6322784810126582,0,0,0,0,0,0,0,0,0,0,0,0,0,0,0,0,0,0,0,0,0,0,0,0,0,0,0,0,0,0,0.06670673076923077,0,0,0,0,0,0,0,0,0,0,0,0,0,0,0,0,0,0,0,0,0,0,0,0,0,0,0,0,0,0,0,0,0,0,0,0,0,0,0,0,0,0,0,0,0,0.10521327014218008,0,0,0,0,0,0,0,0,0,0,0,0,0,0,0,0,0,0,0,0,0.44223107569721115,0,0,0,0,0,0,0,0,0,0,0,0,0,0,0,0,0,0,0,0,0,0,0,0,0,0,0,0
MOTU1570,0,0,0,0,0,0,0,0,0,0,0,0,0,0,0,0,0,0,0,0,0,0,0,0,0,0,0,0,0,0,0,0,0,0,0,0,0,0,0,0,0,0,0,0,0,0,0,0,0,0,0,0,0,0,0,0,0,0,0,0,0,0,0,0,0,0,0,0,0,0,0,0,0,0,0,0,0,0,0,0,0,0,0,0,0,0,0,0,0,0,0,0,0,0,0,0,0,0,0,0,0,0,0,0,0,0,0,0,0,0,0,0,0,0,0,0,0,0,0,0,0,0,0,0,0,0,0,0,0,0,0,0,0,0,0,0,0,0,0,0,0,0,0,0,0,0,0,0,0,0,0,0,0,0,0,0,0,0,0,0,0,0,0,0,0,0,0,0,0,0,0,0,0,0,0,0,0,0,0,0,0,0,0,1,0,0,0,0,0,0,0,0,0,0,0,0,0,0,0,0,0,0,0
MOTU16158,0,0,0,0,0,0,0,0,0,0,0,0,0,0,0,0,0,0,0,0,0,0,0,0,0,0,0,0,0,0,0,0,0,0,0,0,0,0,0,0,0,0,0,0,0,0,0,0,0,0,0,0,0,0,0,0,0,0,0,0,0,0,0,0,0,0,0,0,0,0,0,0,0,0,0,0,0,0,0,0,0.008425831554358866,0.06290320036593637,0,0,0.05818160597572362,0,0.009394714648499154,0.0023549697656840515,0,0,0.02354969765684051,0.002642851841248635,0,0,0.03106064146299671,0.1876128428515484,0,0.013407565793897338,0,0.005012795953562504,0,0.02582894862966676,0.01194069176966561,0.0234549603594702,0,0,0,0.03170151607651607,0,0,0.029260440723959426,0.008037729764592067,0.017797342358745867,0,0,0,0,0,0,0,0,1,0.02238387104016524,0,0,0.02329833908781277,0.03193823779091186,0.039905539545308996,0.008320397910303272,0.03683180021426724,0,0.009762737091546469,0,0.08171461355626589,0,0.017108537108537106,0,0,0,0.04618306466555493,0,0.02747464726631393,0.06530425099888648,0,0,0.04810151010758913,0,0.02605718467408917,0,0,0.03604873992117728,0,0.020262992093978006,0.007500188068908448,0,0,0,0,0,0,0,0,0,0,0,0,0,0,0,0,0,0,0,0,0,0,0,0,0,0.011066711066711065,0.015334686846314753,0,0,0.007256027888765165,0.00447550815197874,0,0,0,0,0,0,0.027894353981310502,0.005932299197324812,0,0.044391014937999504,0,0.005748418752414394,0.01409207197274873,0,0.0064805064805064806,8.96724661457209e-4,0,0
MOTU178,0,0,0,0,0,0,0,0,0,0,0,0,0,0,0,0,7.350435446936499e-5,0,0,0,0,0,0,0,6.493383476740406e-4,2.501372579386528e-4,0.01044938175123003,0,1,0.0034453364580199408,0,0,0,0,0,0,0,0,0,0,0,0,0,0,0,0.0011705473236351981,0.0033760742235854537,0,7.401003553205349e-4,0.004942548042915441,0.0022308982896141537,0,0,0,0,0,0,0,0,0,0,0,0,0.005510137401502275,0.006393838682875281,0,0.0032428081358123434,0.004344531412722947,0.005825904587834783,0,0,0,0.002293559730574551,0.002911909346443737,0,4.654855085060301e-4,0,0,0,0,0,0,0,0,0,0,0,0,0,0,0,0,4.629418718475272e-4,0,0,0,0,0,0,0,0,0,0,0,0,0,0,0,0,0,0,0,0,0,0,0,0,0,0,0,0,0,0,0.0059713383293813205,0,0.0029933613561344712,0,0.002441451370262175,7.126676134435119e-4,0,0,0.002508625171072596,0,0,0,0,4.718043163138043e-4,0,0.0035189351006478706,0,0.001342073070068871,0,0.0018645031647449239,0,0,0,0,0,0.0013719572882282991,9.647642710103628e-4,0,0,0,0.00214138041195823,0.0018645031647449239,0,0,0,0,0,0,0,0,0,0,0,0,0,0,0,0.0011665179008343888,0,0,0,0,0,0.002908784980192188,0.021792504835523464,0.03581589310976479,0,0,0,0,0,0,0,0,0,0,0,0,0,0,0.0016657373895785678,0,0,0,0,0,0.0011101505329808024,0,7.783484356988571e-5,0
MOTU2017,0,0,0,0,0,0,0,0,0,0,0,0,0,0,0,0.004277854902565685,0,0,0,0.013027683828134786,0,0,0,0,0,0,0,0,0,0,0,0,0,0,0,0,0,0.009339709481152196,0,0,0,0,0.24761904761904763,0.16747181964573268,0,0.03991556323162541,0.46049536460495366,0.0996168582375479,0.07571207571207572,0.04213511597285526,0.015214688025747934,0,0,0.37579042457091244,0,0,0,0.6603174603174603,0,0,0,0,0,0,0,0,0,0.07407407407407407,0.06622094874243871,0.15533151970982026,0.07213768587159146,0,0.19552547471329199,0.09929585869435494,0,1,0.4973277074542897,0.5956471935853379,0,0,0,0,0.009712591347388574,0,0,0,0,0,0,0,0,0,0,0,0,0,0,0,0,0,0,0,0,0,0,0,0,0,0,0,0,0,0,0,0,0,0,0,0,0,0,0,0,0,0,0,0,0,0.024301904428087395,0,0,0,0,0,0,0,0,0,0,0.04496325118893212,0.02288228822882288,0,0,0,0,0,0,0,0,0.3618821668643733,0.386062600185607,0.10890052356020942,0,0,0,0,0.004386242382067016,0.051655434770338765,0,0,0,0,0,0,0,0,0,0.10850286906624936,0.09350415823780625,0,0.07955632052017594,0,0,0,0.06138409325660321,0,0,0,0.09394760614272811,0,0,0,0,0,0,0,0,0,0,0,0,0,0,0,0,0,0,0,0,0,0,0,0
MOTU20461,0,0,0,0,0,0,0,0,0,0,0.15819477434679335,0,0,0,0,0,0,0,0,0,0,0,0,0,0,0,0,0,0.0525153761236398,0,0,0,0,0,0,0,0,0,0,0,0,0,0,0,0,0,0,0,0,0,0,0,0,0,0,0,0,0,0,0,1,0,0,0,0,0,0,0,0,0,0,0,0.2817258883248731,0,0,0,0,0,0,0,0,0,0,0,0,0,0,0,0,0,0,0,0,0,0,0,0,0,0,0,0,0,0,0,0,0,0,0,0,0,0,0,0,0,0,0,0,0,0,0,0,0,0,0,0,0,0,0,0,0,0,0,0,0,0,0,0,0,0,0.1619649805447471,0,0,0,0,0,0,0,0,0,0,0,0,0,0,0,0,0,0,0,0,0,0,0,0,0,0,0,0,0,0,0,0,0,0,0,0,0,0,0,0,0,0,0,0,0,0,0,0,0,0,0,0,0,0,0,0,0,0,0,0,0,0,0
MOTU21463,0,0,0,0,0,0,0,0,0,0,0,0,0,0,0,0,0,0,0,0,0,0,0,0,0,0,0,0,0,0,0,0,0,0,0,0,0,0,0,0,0,0,0,0,0,0,0,0,0,0.8486782133090246,0,0,0,0,0,0,0,0,0,0,0,0,0,0,0,0,0,0,0,0,0,0,0,1,0,0,0,0,0,0,0,0,0,0,0,0,0,0,0,0,0,0,0,0,0,0,0,0,0,0,0,0,0,0,0,0,0,0,0,0,0,0,0,0,0,0,0,0,0,0,0,0,0,0,0,0,0,0,0,0,0,0,0,0,0,0,0,0,0,0,0,0,0,0,0,0,0,0,0,0,0,0,0,0,0,0,0,0,0,0,0,0,0,0,0,0,0,0,0,0,0,0,0,0,0,0,0,0,0.946138211382114,0,0,0,0,0,0,0,0,0,0,0,0,0,0,0,0,0,0,0,0,0,0,0,0
MOTU2435,0,0,0,0,0,0,0,0,0,0,0,0,0.0017288915559205177,0,0,0.0047716926917985856,0,0.0011735094920879417,0,0,0,0,0,0,0,0,0,0,0,0,0,0,0,0,0,0,0,0,0,0,0,0,0,0,0,0,0,0,0,0,0,0,0,0,0,0,0,0,0,0,0,0,0,0,0,0,0,0,0,0,0,0,0,0,0,0,0,0,0,0,0,0,0.007222545287509101,0,0,0,0,0,0,0,0,0,0,0,0.10119360065727913,0.011013166620716377,0.03510939021783025,0.09706888738564196,0.040193443410550554,0.032662742815890856,0,0,0.017289785222965703,0.02911039002604769,0,0,0,0.0275417412045319,0,0.005479370799179948,0,0,0,0,0,0,0,0,0,0,0.15436568723019076,0,0,0,0,0,0,0,0.03614310517692514,0,0,0.021204252327733382,0.07388670039392908,0,1,0.7060213702074166,0.9451428293899091,0.059467288967570614,0,0.0334358881549181,0.017015887635275156,0.02983688630490956,0,0,0,0,0,0,0,0.04892824629644956,0,0.008997930110799952,0,0,0,0,0.003261728318775461,0,0,0,0,0,0,0,0,0,0,0,0,0,0,0,0,0,0,0,0,0,0,0,0,0,0,0,0,0,0,0,0,0.04522643818849449,0,0,0,0.08447826242274854,0,0.005667286566076804,0,0,0,0,0,0,0
MOTU25792,0,0,0,0,0,0,0,0,0,0,0,0,0,0,0,0,0,0,0,1,0,0,0,0,0,0,0,0,0.06217035518407542,0,0,0,0,0,0,0,0,0,0,0,0,0,0,0,0,0,0,0,0,0,0,0,0,0,0,0,0,0,0,0,0,0,0,0,0,0,0,0,0,0,0,0,0,0,0,0,0,0,0,0,0,0,0,0,0,0,0,0,0,0,0,0,0,0,0,0,0,0,0,0,0,0,0,0,0,0,0,0,0,0,0,0,0,0,0,0,0,0,0,0,0,0,0,0,0,0,0,0.1420108869676593,0,0,0,0,0,0,0,0,0,0,0,0,0,0,0,0,0,0,0,0,0,0,0,0,0,0,0,0,0,0,0,0,0,0,0,0,0,0,0,0,0,0,0,0,0,0,0,0,0,0,0,0,0,0,0,0,0,0,0,0,0,0,0,0,0,0,0,0,0,0,0,0,0,0,0
MOTU29373,0,0,0,0,0,0,0,0,0,0,0,0,0,0,0,0,0,0,0,0,0,0,0,0,0,0,0,0,0,0,0,0,0,0,0,0,0,0,0,0,0,0,0,0,0,0,0,0,0,1,0.06018213737107746,0,0,0,0,0,0,0,0,0,0,0,0,0,0,0,0,0,0,0,0,0,0,0,0,0.06278617216117216,0,0,0,0,0,0,0,0,0,0,0,0,0,0,0,0,0,0,0,0,0,0,0,0,0,0,0,0,0,0,0,0,0,0,0,0,0,0,0,0,0,0,0,0,0.27370259481037923,0,0,0,0,0,0,0,0,0,0,0,0,0,0,0,0,0,0,0.0889267185473411,0,0,0,0,0,0,0,0,0.7402159244264507,0,0.27765122753733235,0.23931064572425828,0,0,0,0,0,0,0,0,0,0,0,0,0,0,0,0,0,0,0,0,0,0,0,0,0.784692417739628,0.5878885316184351,0.7432249322493225,0,0,0,0,0,0,0,0,0.07511640646398246,0,0,0,0,0,0.22467997951868918,0,0,0,0,0,0,0,0,0
MOTU3560,0,0,0,0,0,0,0,0,0,0,0,0,0,0,0.010725415779567404,0,0,0,0,0.03768103373514873,0,0,0,0,0,0,0,0,0,0,0,1,0,0,0,0,0,0,0,0,0,0,0,0,0,0,0,0,0,0,0,0,0,0,0,0,0,0,0,0,0,0,0,0,0,0,0,0,0,0,0,0,0,0,0.10021912120862646,0,0,0,0,0,0,0,0,0,0,0,0,0,0,0.015161295950590575,0,0,0,0,0,0,0,0,0,0,0,0,0,0,0,0,0,0,0,0,0,0,0,0,0,0,0,0,0,0,0,0,0,0,0,0,0,0,0,0,0,0,0,0,0,0,0,0,0,0,0,0,0,0,0,0,0,0,0,0,0,0,0.256771397616468,0,0,0,0.025373374016380276,0,0.009925681129403164,0,0.017622008922536164,0,0,0,0,0,0,0,0.090149904040666,0,0,0,0,0,0,0,0,0,0,0,0,0,0,0,0,0.05369168983626815,0,0.027463497882561153,0,0,0,0,0,0,0,0,0,0,0,0,0,0,0
MOTU5145,0,0,0,0,0,0,0,0,0,0,0,0.8208643815201192,0,0,0,0,0,0,0,0,0,0,0,0,0,0,0,0,0,1,0,0,0,0,0,0,0,0.22259042230753687,0.2403665721143356,0,0,0,0,0,0,0,0,0,0,0,0,0,0,0,0,0,0,0,0,0,0,0,0,0,0,0,0,0,0,0,0,0,0,0,0,0,0,0,0,0,0,0,0,0,0,0,0,0,0,0,0,0,0,0,0,0,0,0,0,0,0,0,0,0,0,0,0,0,0,0,0,0,0,0,0,0,0,0,0,0,0,0,0,0,0,0,0,0,0,0,0,0,0,0,0,0,0,0,0,0,0,0,0,0,0,0,0,0,0,0,0,0,0,0,0,0,0,0,0,0,0,0,0,0,0,0,0,0,0,0,0,0,0,0,0,0,0,0,0,0,0,0,0,0,0,0,0,0,0,0,0,0,0,0,0,0,0,0,0,0,0,0,0
MOTU653,0,0,0,0,0,0,0,0,0,0,0,0,0,0,0,0,0,0,0,0,0,0,0,0,0,0,0,0,0,0,0,0,0,0,0,0,0,0,0,0,0,0,0,0,0,0,0,0,0,0,0,0,0,0,0,0,0,0,0,0,0,0,0,0,0.023126946327166147,0,0,0,0.007024230116560492,0,0,0,0,0.010532572763392532,0,0,0,0,0.0062253561308751254,0,0.0036546042327243707,0.004872056265014134,0.0010302400969445732,0,0,0,0,0,0,0.001112023729044959,0.005472000693481276,0.004912738097554332,0,0,0,0.015709428456774185,0,0,0.0019110943758952343,0.0015530290216532227,0.002667525909335813,0.003200856942294254,0,0,0,0,0,0,0,0,0,0,0,0,0,0,0,0,0,0.03721375803688216,0.00733968955293297,0.004917665618213865,0,0,0,0,0,0,0.0025777668882014846,0,0,0,0,0,0.009951784752420615,0.0026502230385725533,0,0,0.010182580729718014,0.002384685127120245,1,0,0,0,0,0,0,0,0.004962462167367635,0,0.0037227886266964494,0,0,0,0,0,0,0,0,0,0,0,0,0,0,0,0,0,0,0,0,0,0,0,0,0,0,0,0,0,0,0,0.0026865274637584784,7.493370963410093e-4,0.0027731406229407375,0,0,0,0.001388140606273846,0,0,0,0,0,0,0,0,0,0,0,0,0,0
MOTU728,0,0,0,0,0,0,0,0,0,0,0,0,0,0,0,0,0,0,0,0,0,0,0,0,0,0,0,0,0,0,0,0,0,0,0,0,0,0.008602026383396357,0.009288987251020854,0,0,0,0,0,0,0,0,0,0,0,0,0,0,0,0,0,0,0,0,0,0,0,0,0,0,0,0.05092276144907724,0,0,0.010218777861600713,0,0,0,0,0,0.014619309262166405,0,0,1,0,0,0,0,0,0,0,0.018954331509986006,0,0,0,0,0.0035547285046283045,0,0.009622836476362697,0,0,0,0.006011215556541736,0,0,0,0,0,0,0,0,0,0,0,0,0.009082227685555803,0.001201225411157691,0.002393805025383973,0,0,0,0,0,0,0,0,0.021349763576443616,0,0,0,0.1331826068668174,0.0751765893037336,0.02300329353643475,0.07833859095688749,0,0.11240655647760785,0,0,0,0,0.02301158301158301,0.08149768783252946,0.012275498434667985,0,0.03105892162312396,0.1159123055162659,0,0,0,0.026278659611992945,0.043132146475611526,0.02780628907343473,0,0.06463273568536726,0,0.12929818852370106,0,0.02725443570513993,0,0,0,0,0,0,0,0,0,0,0,0,0,0,0,0,0,0.018318170641750675,0,0,0,0,0,0,0,0,0,0.0051564230343300104,0,0,0,0,0,0,0,0,0,0,0.012506295114990766,0,0,0.022390302544580243,0,0,0,0,0.008716508716508716,0,0,0
MOTU8067,0,0,0,0,0,0,0,0,0,0,0,0,0,0,0,0,0,0,0,0,0,0,0,0,0,0,0,0,0,0,0,0,0,0,0,0,0,0,0,0,0,0,0,0,0,0,0,0,0,0,0,0,0,0,0,0,0,0,0,0,0,0,0,0,0,0,0,0,0,0,0,0,0,0,0,0,0,0,0.3203337565753673,0,0,0,0,0,0,0,0,0,0,0,0,0,0,0,0,0.5658442806792694,0,0,0,0,0,0,0,0,0,0,0,0,0,0.14076199585525265,0,0,0,0,0,0,0,0,0,0,0,0,0,0,0,0,0,0,0,0,0,0.5447254780999383,0,0,0,0,0,0,0,0,0,0,0,0,0,0,0,0,0,0,0,0,0,0,0,0,0,0,0,0,0,0,0,0,0,0,0,0,0,0,0,0,0,0,0,0,0,0,0,0,0,0,0,0,0,0,0,0,1,0,0,0,0,0,0,0,0,0,0,0.3615888615888616,0,0,0
MOTU1309,0.31460674157303375,0,0,0.11517893870835048,0.2512644803393702,0.21597246944345558,0,0,0,0,0.4655581947743468,0,0.028167597203359995,0.014370765756518168,0.06738868832731648,0.16196205460434984,0.015183558375359256,0.11949470809149881,0.623608017817372,0.15783540022547915,0.20937188434695914,0.2537764350453172,0.44035048303751967,0.12750455373406194,0.033532934131736525,0.03875253736851818,0.6043786617329634,0,0,0,0.10050251256281408,0.1611047180667434,0,0.154015401540154,0.10137581462708183,0.085995085995086,0,0,0,0,0,0,0,0,0,0,0,0,0,0,0,0,0,0,0,0,0,1,0.6471494607087828,0,0,0,0,0,0,0,0,0,0,0,0,0,0,0,0,0,0,0,0,0,0,0,0,0,0,0,0,0,0,0,0,0,0,0,0,0,0,0,0,0,0,0,0,0,0,0,0,0,0,0,0,0,0,0,0.10189228529839885,0,0,0,0,0,0,0,0,0,0,0,0,0,0,0,0,0,0,0,0,0,0,0,0,0,0,0,0,0,0,0,0,0,0,0,0,0,0,0,0,0,0.07971152021256406,0.1422330590267195,0,0.026415094339622643,0.03690685413005273,0.19021739130434784,0.08701056556867619,0,0,0,0,0,0,0,0,0,0,0,0,0,0,0,0,0,0,0,0,0,0.03959276018099548,0,0,0,0.039637599093997736,0,0,0,0,0,0,0,0,0,0,0,0,0,0
MOTU3834,0,0,0,0,0,0,0,0,0,0,0,0,0,0,0,0,0,0,0,0,0,0,0,0,0,0,0,0,0,0,0,0,0,0,0,0,0,0,0,0,0.2852603706972639,0,0,0.5855072463768116,0,0,0,0,0,0,0,0,0,0,0,0,1,0,0,0,0,0,0,0,0,0,0,0,0,0,0,0,0,0,0,0,0,0,0,0,0,0,0,0,0,0,0,0,0,0,0,0,0,0,0,0,0,0,0,0,0,0,0,0,0,0,0,0,0,0,0,0,0,0,0,0,0,0,0,0,0,0,0,0,0,0,0,0,0,0,0,0,0,0,0,0,0,0,0,0,0,0,0,0,0,0,0,0,0,0,0,0,0,0,0,0,0,0,0,0,0,0,0,0,0,0,0,0,0,0,0,0,0,0,0,0,0,0,0,0,0,0,0,0,0,0,0,0,0,0,0,0,0,0,0,0,0,0,0,0,0,0,0
MOTU6104,0,0,0,0.08720691073632252,0,0.050314465408805034,0,0.34811165845648606,0,0,0.0503562945368171,0.157973174366617,0,0,0.017007621339751304,0.07848218417399352,0.057480613849574314,0.039808808467053605,0,0,0,0.03202416918429003,0.07144461918669963,0,0.10155688622754491,0.02934120686473519,0.06537156953438174,0,0,0,0,0,0,0,0.07675597393193338,0,0,0.02141846837744999,0.27754745799694525,0,0,0.02892223738062756,0,0,0,0,0,0,0,0.09662716499544212,0,0,0,0,0.06847545219638243,0,0,0.7571428571428571,0,0,0,0,0.4435146443514644,0,1,0.2782152230971129,0,0,0,0,0,0,0,0,0,0.036401098901098904,0,0,0,0,0,0,0,0,0,0,0,0,0,0,0,0,0,0,0,0,0,0,0,0,0,0,0,0.02244336226974381,0,0,0,0,0,0,0,0,0,0,0,0,0,0,0,0,0,0.21263791374122368,0.4497878359264498,0,0,0.07802723592197276,0,0,0.05573080967402734,0,0.10177628420547287,0,0.09114359415305245,0,0.14343707713125847,0.2291891891891892,0.07379046293073444,0.12226066897347175,0.3852544132917965,0.05155642023346304,0.05247524752475248,0,0,0,0,0,0,0,0,0,0,0,0,0,0,0,0,0.03230722340749771,0.0104929716887745,0.01,0.009314586994727593,0,0,0,0,0,0,0,0,0,0,0,0,0,0,0,0,0,0,0,0,0,0.01936073059360731,0,0,0,0,0,0,0,0,0.06227967097532315,0.013245033112582783,0,0,0,0,0,0,0,0,0,0
MOTU7857,0,0,0,0,0,0,0,0,0,0,0,0,0,0,0,0,0,0,0,0,0,0,0,0,0,0,0,0,0,0,0,0,0,0.10267693436010267,0.1351677528361091,0,0,0,0,0,0,0,0,0,0,0,0,0,0,0,0,0,0,0,0,0,0,1,0.0719054956343092,0.6027060270602707,0,0,0,0,0,0,0,0,0,0,0,0,0,0,0,0,0,0,0,0,0,0,0,0,0,0,0,0,0,0,0,0,0,0,0,0,0,0,0,0,0,0,0,0,0,0,0,0,0,0,0,0,0,0,0,0,0,0,0,0,0,0,0,0,0,0,0,0,0,0,0,0,0,0,0,0,0,0,0,0,0,0,0,0,0,0,0,0,0,0,0,0,0,0,0,0,0,0,0,0,0,0,0,0,0,0,0,0,0,0,0,0,0,0,0,0,0,0,0,0,0,0,0,0,0,0,0,0,0,0,0,0,0,0,0,0,0,0,0,0,0,0,0
MOTU11088,0,0,0,0,0,0,0,0,0,0,0,0,0,0,0,0,0,0,0,0,0,0,0,0,0,0,0,0,0,0,0,0,0,0,0,0,0,0,0,0,0,0,0,0,0,0,0,0,0,0,0,0,0,0,0,0,0,0,0,0,0,0,0,0,0,0,0,0,0,0,0,0,0,0,0,0,0,0,0,0,0,0,0,0,0,0,0,0,0,0,0,0,0,0,0,0,0,0,0,0,0,0,0,0,0,0,0,0,0,0,0,0,0,0,0,0,0,0,0,0,0,0,0,0,0,0,0,1,0,0,0.4442310769723155,0,0,0,0,0,0,0,0,0,0,0,0,0,0,0,0,0,0,0,0,0.24223385689354276,0,0.4385466034755134,0,0,0,0,0,0,0,0,0,0,0,0,0,0,0,0,0,0,0,0,0,0,0,0,0,0,0,0,0,0,0,0,0,0,0,0,0,0,0,0,0,0,0,0,0,0,0,0,0
MOTU1900,0,0,0,0,0,0.002089455694464804,0,0,0,0,0,0,0,0,0,0.00570360490332181,9.548204076381381e-4,0,1,0,0,0.010639180143356436,0.003955929709560751,0.008018143505125183,0.008434894916050253,0,0,0,0,0,0,0,0,0,0,0,0,0.010673576361237565,0,0,0,0,0,0,0,0,0,0,0,0,0,0,0,0,0,0,0,0,0,0,0,0,0,0,0,0,0,0,0,0,0,0,0,0,0,0,0,0,0,0,0,0,0,0,0,0,0,0,0,0,0,0,0,0,0,0,0,0,0,0,0,0,0,0,0,0,0,0,0,0,0,0,0,0,0,0,0,0,0,0,0,0,0,0,0,0,0,0,0,0,0,0,0,0,0,0,0,0,0,0,0,0,0,0,0,0,0,0,0,0,0,0,0,0,0,0,0.005012671229053398,0.01073321739546169,0,0,0,0,0,0,0,0,0,0,0,0,0,0,0,0,0,0,0,0,0,0,0,0,0,0,0,0,0,0,0,0,0,0,0,0,0,0,0,0,0,0,0,0,0
MOTU1973,0,0,0,0,0,0,0,0,0,0,0,0,0.002314681445509875,0,0,0,0,0,0,0,0,0,0,0,0,0,0,0,0,0,0,0,0,0,0,0,0,0.009298480868495012,0,0,0,0,0,0,0,0,0,0,0,0,0,0,0,0,0,0,0,0,0,0,0,0,0,0,0,0,0,0,0,0,0,0,0,0,0,0,0,0,0,0,0.004900242979254799,0,0,0,0,0,0,0,0,0,0,0,0,0,0,0,0.015668430990187884,0,0.008968657536188232,0,0.012518547828667525,0,0,0,1,0,0,0,0,0,0,0,0,0,0,0,0,0,0,0,0,0,0,0,0,0,0,0,0,0,0,0.05677752229263642,0,0,0,0,0,0,0,0.044764768305624335,0,0,0,0,0.05681257014590348,0,0,0,0,0.03275315431899062,0,0,0,0,0,0,0,0,0,0,0,0,0,0,0,0,0,0,0,0,0,0,0,0,0,0,0,0.1479684302835428,0,0,0,0,0,0,0,0,0,0,0,0.04036682615629984,0,0,0,0,0,0,0,0,0,0,0,0,0.0024981370076641776
MOTU2063,0,0,0,0,0,0,0,0,0,0,0,0,0,0,0,0.06072585443247174,0,0,0,0.061644387179900145,0,0,0.04913823538851623,0.19919333853760085,0.10477331052181352,0,0,0,0,0,0.15700953748333507,0,0,0,0,0,0.0779730073847721,0.04419363219120746,0,0,0,0,0,0,0,0,0,0,0,0.3987498372183878,0,0,0,0,0,0,0,0,0.3370019810697777,0,0,0,0.45756126718469814,0,0,0,0.5232399179767601,0,0,0,0,0,0,0,0,0.4506475667189953,0,0,0.07934492498250888,0,0,0,0,0.9919015225137675,0,0,0,0,0,0,0,0,0.5975800156128025,0,0,0,0.0744686025584902,0,0.08525210902915055,0,0,0,0,0,0,0,0,0.08762591575091576,0.10816730252932033,0.03486597891188996,0,0.061713963237665266,0,0,0,0.17248760703019378,0,0,0,0,0.32741659538066725,0,0,0,0.3156050298907442,0.08049844891950156,0.11035029551679401,0.15757513379991767,0.11499173802012919,0,0.3149989712639737,0,0.18806043483601526,0,0.443939686835492,0.3546718146718147,0,0.12613280606360192,0.1135588191662958,0,0.10827439886845829,0.18985615079365079,0.6016899194340736,0.21505829470431242,0,0,1,0.12004077152265957,0,0.4670055922724963,0.8303503633799761,0,0.2800438997622096,0,0.1504224798585184,0.14193010104755724,0,0,0,0,0,0,0,0,0,0,0.037732128994097426,0,0,0.35390661118816463,0,0,0,0,0,0.07733885633461306,0,0,0,0,0,0,0.039947814742335296,0,0,0,0,0,0.18577091085584857,0,0,0,0,0,0,0,0,0,0,0,0,0,0
MOTU30143,0,0,0,0,0,0,0,0,0,0,0,0,0,0,0,0,0,0,0,0,0,0,0,0,0,0,0,0,0,0,0,0,0,0,0,0,0,0,0,0,0,0,0,0,0,0,0.6830635118306352,0,0,1,0,0,0,0,0,0,0,0,0,0,0,0,0,0,0,0,0,0,0,0,0,0,0,0,0,0,0,0,0,0,0,0,0,0,0,0,0,0,0,0,0,0,0,0,0,0,0,0,0,0,0,0,0,0,0,0,0,0,0,0,0,0,0,0,0,0,0,0,0,0,0,0,0,0,0,0,0,0,0,0,0,0,0,0,0,0,0,0,0,0,0,0.4761284722222222,0,0,0,0,0,0,0,0,0,0,0,0,0,0,0,0,0,0,0,0,0,0,0,0,0,0,0,0,0,0,0,0,0,0,0,0,0,0,0,0,0,0,0,0,0,0,0,0,0,0,0,0,0,0,0,0,0,0,0,0,0
MOTU30927,0,0,0,0,0,0,0,0,0,0,0,0,0,0,0,0,0,0,0,0,0,0,0,0,0,0,0,0,0,0,0,0,0,0,0,0,0.1756387403446227,0,0,0,0,0,0,0,0,0,0,0,0,0,0,0,0,0,0,0,0,0,0,0,0,0,0,0,0,0,0,0,0,0,0,0,0,0,0,0,0,0,0,0,0,0,0,0,0,0,0,0,0,0,0,0,0,0,0,0,0,0,0,0,0,0,0,0,0,0,0,0,0,0,0,0,0,0,0,0,0,0,0,0,0,0,0,0,0,0,0,0,0,0,0,0,0,0,1,0,0,0,0.25579785392869503,0,0,0,0,0,0,0,0,0,0,0,0,0,0,0,0,0,0,0,0,0,0,0,0,0,0,0,0,0,0,0,0,0,0,0,0,0,0,0,0,0,0,0,0,0,0,0,0,0,0,0,0,0,0,0,0,0,0,0,0,0,0,0,0
MOTU6056,0,0,0,0,0,0,0,0,0,0,0,0,0,0,0,0,0,0,0,0,0,0,0,0,0,0,0,0,0,0,0,0,0,0,0,0,0,0,0,0,0,0,0,0,0,0.4680483592400691,0,0,0,0,0,0,0,0,0,0,0,0,0,1,0,0,0,0,0,0,0,0,0,0,0,0,0,0,0,0.7445054945054946,0.6860759493670886,0,0.09831307817884999,0,0,0,0,0,0,0,0,0,0,0,0,0,0,0,0,0,0.18454204971058902,0,0,0,0,0,0,0.11475756934152022,0,0,0,0.10857371794871795,0,0,0,0,0,0,0,0,0,0,0,0,0,0,0,0,0,0,0,0,0,0,0,0.6687230104873535,0,0,0,0.585945945945946,0.3773059519665855,0,0,0.26361867704280156,0.5366336633663367,0,0,0,0,0,0,0,0,0.38576512455516015,0.8230827638572514,0,0,0,0,0,0,0,0,0,0,0,0,0,0,0,0,0,0,0,0,0,0.4143730886850153,0,0,0,0,0,0,0,0,0,0.09899543378995435,0,0.45984162895927605,0,0,0,0,0.7131578947368421,0,0,0,0,0,0,0,0,0,0,0,0,0
MOTU7958,0,0,0,0,0,0,0,0,0,0,0,0,0,0,0,0,0,0,0,0,0,0,0.41563693552010783,0,0,0,0,0,0,0,0,0,0,0,0,0,0,0,0.8073314422867118,0,0,0,0,0,0,0,0,0,0,0,0,0,0,0,0,0,0,0,0,0,0,0,0,0,0,0,0,0,0,0,0,0,0,0,0,0,0,0,0,0,0,0,0,0,0,0,0,0,0,0,0,0,0,0.8363471971066907,0,0,0,0.522451284947755,0,0,0,0,0,0,0,0,0,0,0,0,0,0,0,0,0,0,0,0,0,0,0,0,0,0,0,0,0,0,0,0,0,0,0,0,0,1,0,0,0,0,0,0,0,0,0,0,0,0,0,0,0,0,0,0,0,0,0,0.18795082799959362,0,0,0,0,0,0,0,0,0,0,0,0,0,0,0,0,0,0,0,0,0,0,0.44815891472868213,0,0,0,0,0,0,0,0,0,0,0,0,0,0,0,0,0,0,0,0,0,0
MOTU8244,0,0,0,0,0,0,0,0,0,0,0,0,0,0,0,0,0,0,0,0,0,0,0,0,0,0,0,0,0,0,0,0,0,0,0,0,0,0,0,0,0,0,0,0,0,0,0,0,0,0,0,0,0,0,0,0,0,0,0,0,0,0,0,0,0,0,0,0,0,0,0,0,0,0,0,0,0,0,0,0,0,0,0,0,0,0,0,0,0,0,0,0,0,0,0,0,0,0,0,0,0.9699984455153117,0,0,0,0,0,0,1,0,0.34105349456855916,0,0,0,0,0,0,0,0,0,0,0,0,0,0,0,0,0,0,0,0,0,0,0,0,0,0,0,0,0,0,0,0,0,0,0,0,0,0,0,0,0,0,0,0,0,0,0,0,0,0,0,0,0,0,0,0,0,0,0,0,0,0,0,0,0,0,0,0,0,0,0,0,0,0,0,0,0,0,0,0,0,0,0,0,0,0,0,0,0,0,0,0,0
MOTU9363,0,0,0,0,0,0,0,0,0,0,0,0,0.07751119158996027,0,0,0,0,0,0,0,0,0,0,0,0,0,0,0,0,0,0,0,0,0,0,0,0,0,0,0,0,0,0,0,0,0,0,0,0,0,0,0,0,0,0,0,0,0,0,0,0,0,0,0,0,0,0,0,0,0,0,0,0,0,0,0,0,0,0,0,0,0,0,0,0,0,0,0,0,0,0,0,0,0,0,0,0,0,0,0,0,0,0,0,0,0,0,0,0,0,0,0,0,0,0,0,0,0,0,0,0,0,0,0,0,0,0,0,0,0,0,0,0,0,0,0,0,0,0,0,0,0,0,0,0,0,0,0,0,0,0,0,0,0,0,1,0.4386980451698615,0.9393477598293203,0,0,0,0,0,0,0,0,0,0,0,0,0,0,0,0,0,0,0,0,0,0,0,0,0,0,0,0,0,0,0,0,0,0,0,0,0,0,0,0,0,0,0,0,0
MOTU8274,0,0,0,0,0,0,0,0,0,0,0,0,0,0,0,0,0,0,0,0,0,0,0,0,0,0,0,0,0,0,0,0,0,0,0,0,0,0,0,0,0,0,0,0,0,0,0,0,0,0,0,0,0,0,0,0,0,0,0,0,0,0,0,0,0,0,0,0,0,0,0,0,0,0,0,0,0,0,0,0,0,0,0,0,0,0,0,0,0,0,0,0,0,0,0,0,0,0,0,0,0,0,0,0,0,0,0,1,0,0,0,0,0,0,0,0,0,0,0,0,0,0,0,0,0,0,0,0,0,0,0,0,0,0,0,0,0,0,0,0,0,0,0,0,0,0,0,0,0,0,0,0,0,0,0,0,0,0,0,0,0,0,0,0,0,0,0,0,0,0,0,0,0,0,0,0,0,0,0,0,0,0,0,0,0,0,0,0,0,0,0,0,0.06237660877171062,0,0,0,0,0,0,0,0,0,0
MOTU8763,0,0,0,0,0,0,0,0,0,0,0,0,0.05909159499019164,0,0,0,0,0,0,0,0,0,0,0,0,0,0,0,0,0,0,0,0,0,0,0,0,0,0,0,0,0,0,0,0,0,0,0,0,0,0,0,0,0,0,0,0,0,0,0,0,0,0,0,0,0,0,0,0,0,0,0,0.4969543147208122,0,0,0,0,0,0,0,0,0,0,0,0,0,0,0,0,0,0,0,0,0,0,0,1,0,0,0,0,0,0,0,0,0,0,0,0,0,0,0,0,0,0,0,0,0,0,0,0,0,0,0,0,0.8647773279352227,0,0,0,0,0,0,0,0,0,0,0,0,0,0,0,0,0,0,0,0,0,0,0,0,0,0,0,0,0,0,0,0,0,0,0,0,0,0,0,0,0,0,0,0,0,0,0,0,0,0,0,0,0,0,0,0,0,0,0,0,0,0,0,0,0.15564387917329095,0,0,0,0,0,0,0,0,0,0,0,0
MOTU10417,0,0,0,0,0,0,0,0,0,0,0,0,0,0,0,0,0,0,0,0,0,0,0,0,0,0,0,0,0,0,0,0,0,0,0,0,0,0,0,0,0,0,0,0,0,0,0,0,0,0,0,0,0,0,0,0,0,0,0,0,0,0,0,0,0,0,0,0,0,0,0,0,0,0,0,0,0,0,0,0,0,0,0,0,0,0,0,0,0,0,0,0,0,0,1,0.32649791733418776,0,0,0,0,0,0.3326260812795822,0,0.4315053991107347,0,0,0,0,0,0,0,0,0,0,0,0,0,0,0,0,0,0,0,0,0,0,0,0,0,0,0,0,0,0,0,0,0,0,0,0,0.5044554455445545,0,0,0,0,0,0,0,0,0,0,0,0,0,0,0,0,0,0,0,0,0,0,0,0,0,0,0,0,0,0,0,0,0,0,0,0,0,0,0,0,0,0,0,0,0,0,0,0,0,0,0,0,0,0,0,0,0,0,0,0,0,0
MOTU10844,0,0,0,0,0,0,0,0,0,0,0,0,0,0,0,0,0,0,0,0,0,0,0,0,0,0,0,0,0,0,0,0,0,0,0,0,0,0,0,0,0,0,0,0,0,0,0,0,0,0,0,0,0,0,0,0,0,0,0,0,0,0,0,0,0,0,0,0,0,0,0,0,0,0,0,0,0,0,0,0,0,0,0,0,0,0,0,0,0,0,0,0,0,0,0,0,0,0,0,0,0,0,0,0.20897734490789752,0,0,0,0,0,0,0,0,0,0,0,0,0,0,0,0,0,0,0,0,0,0,0,0,0,0,0,0,0,0,0,0.5335135135135135,0.6870866689871215,0,0,0,0,0,0,0.9705014749262537,0.6092592592592592,1,0,0,0,0,0,0,0,0,0,0,0,0,0,0,0,0,0,0,0,0,0,0,0,0,0,0,0,0,0,0,0,0,0,0,0,0,0,0,0,0,0,0,0,0,0,0,0,0,0,0,0,0,0,0,0,0,0.053580153086151674
MOTU11217,0,0,0,0,0,0,0,0,0,0,0,0,0,0,0,0,0,0,0,0,0,0,0,0,0,0,0,0,0,0,0,0,0,0,0,0,0,0,0,0,0,0,0,0,0,0,0,0,0,0,0,0,0,0,0,0,0,0,0,0,0,0,0,0,0,0,0,0,0,0,0,0,0,0,0,0,0,0,0,0,0,0,0,0,0,0,0,0,0,0,0,0,0,0,0,0,0,0,0,0,0,0,0,0,0,0,0,0.09984546703296704,0.04108379256747209,0,0,0,0,0,0,0,0,0,0,0,0,0,0,0,0,0,0,0.059849732400164675,0,0,0.15952266648378027,0.10249405129109017,1,0.5719203343988198,0,0,0.11565809755855005,0,0.08626316570241804,0.16161756531406338,0,0,0,0,0,0.5049934867564047,0.32555752542689187,0.7294966285087032,0.6726431463273569,0.5912557193695983,0.8830675778283978,0,0,0,0.11426606405973669,0,0,0,0,0,0,0,0,0,0,0,0,0,0,0,0,0,0,0,0,0,0,0,0,0,0,0,0,0,0,0,0,0,0,0,0,0,0,0,0,0,0,0,0,0,0,0,0
MOTU11260,0,0,0,0,0,0,0,0,0,0,0,0,0,0,0,0,0,0,0,0,0,0,0,0,0,0,0,0,0,0,0,0,0,0,0,0,0,0,0,0,0,0,0,0,0,0,0,0,0,0,0,0,0,0,0,0,0,0,0,0,0,0,0,0,0,0,0,0,0,0,0,0,0,0,0,0,0,0,0,0,0,0,0,0,0,0,0,0,0,0,0,0,0.09467213114754099,0,0,0,0.04719101123595505,0,0,0,0,0.022621184919210054,0,0,0,0,0,0,0,0,0,0,0,0,0,0,0,0,0,0,0,0,0,0,1,0.1020242914979757,0,0,0,0,0,0,0,0,0,0.07491891891891891,0,0.15986159169550174,0,0.1348249027237354,0,0,0,0,0,0,0,0,0,0,0,0,0,0,0,0,0,0,0,0,0,0,0,0,0,0,0,0,0,0,0,0,0,0,0,0,0,0,0,0,0,0,0,0,0,0,0,0,0,0,0,0,0,0,0,0,0,0,0,0,0,0,0
MOTU11794,0,0,0,0,0,0,0,0,0,0,0,0,0,0,0,0,0.08828154655387452,0,0,0,0,0.9836858006042296,0,0,0,0,0,0,0,0,0,0,0,0,0,1,0,0,0,0,0,0,0,0,0,0,0,0,0,0,0,0,0,0,0,0,0,0,0,0,0,0,0,0,0,0,0,0,0,0,0,0,0,0,0,0,0,0,0,0,0,0,0,0,0,0,0,0,0,0,0,0,0,0,0,0,0,0,0,0,0,0,0,0,0,0,0,0,0,0,0,0,0,0,0,0,0,0,0,0,0,0,0,0,0,0,0,0,0,0,0,0,0,0,0,0,0,0,0,0,0,0,0,0,0,0,0,0,0,0,0,0,0,0,0,0,0.3089770354906054,0,0,0,0,0,0,0,0,0,0,0,0,0,0,0,0,0,0,0,0,0,0,0,0,0,0,0,0,0,0,0,0,0,0,0,0,0,0,0,0,0,0,0,0,0,0
MOTU1287,0,0,0,0,0,0.12068351726593093,0,0,0,0,0.04392139926581732,0,0.013951191407053788,0,0.03708565802428618,0,0,0,0,0,0,0.02793188684427355,0,0,0,0,0,0,0,0,0,0,0,0,0,0,0.0329606222654351,0,0.020173367980481225,0,0,0,0,0,0,0,0,0,0,0.08427943979448081,0,0,0,0,0,0,0,0,0,0,0.2776412776412776,0,0,0,0,0,0,0,0,0,0,0,0,0.09930670832926472,0,0.380994005994006,0.05851553509781358,0,0.016770278515244957,0,0,0.7656057092956728,0.019427305201627536,0,0,0,0.027442726463207317,0,0,0,0.3783482142857143,0,0,0,0,0,0,0,0,0,0,0,0.06975946588622645,0,0,0,0,0,0,0.014738489630885612,0,0.02608762569259183,0.13516746411483252,0,0,0,0,0,0,0,0,0,0,0,0,0.06805634556830728,0,0.033304951532617234,0.43748207628333813,0,0.2663117007812159,0.28517749985979474,0,0,0.18766145897404354,0,0,0.37323057565272094,0,0.0899363282631765,0,0,0.1271726897586595,1,0,0.09367228516164687,0,0,0,0.06580394694273697,0,0.024202760590195146,0,0,0,0,0,0,0,0,0.016248602013101136,0,0,0,0,0,0,0,0,0,0.07956501329995305,0,0,0,0,0,0,0.2972814966384098,0.5637472283813747,0,0.06719080338266384,0.10572275066271636,0.050660024906600244,0.028260597724146554,0,0.22278203723986859,0.07420107981905734,0,0,0.08110047846889952,0,0,0.15018231799438847,0,0,0,0,0,0,0,0.026194057529052996,0,0.010037950757781385
MOTU13715,0,0,0,0,0,0,0,0,0,0,0,0,0,0,0,0,0,0,0,0,0,0,0,0,0,0,0,0,0,0,0,0,0,0,0,0,0,0,0,0,0,0,0,0,0,0,0,0,0,0,0,0,0,0,0,0,0,0,0,0,0,0,0,0,0,0,0,0,0,0,0,0,0,0,0,0,0,0,0,0,0,0,0,0,0,0,0,0,0,0,0,0,0,0,0,0,0,0,0,0,0,0,0,0,0,0,0,0,0,0,0,0,0,0,0,0,0,0,0,0,0,0,0,0,0,0,0,0.829971181556196,0,0,0.5530484877580413,0,0,0,0,0,0,0,0,0,0,1,0,0,0,0,0,0,0,0,0,0,0,0,0,0,0,0,0,0,0,0,0,0,0,0,0,0,0,0,0,0,0,0,0,0,0,0,0,0,0,0,0,0,0,0,0,0,0,0,0,0,0,0,0,0,0,0,0,0,0,0,0
MOTU1436,0,0,0,0,0,0,0,0,0,0,0,0,0,0,0,0,0,0,0,0,0,0,0,0,0,0,0,0,0,0,0,0,0,0,0,0,0,0,0,0,0,0,0,0,0,0,0,0,0,0,0,0,0,0,0,0,0,0,0,0,0,0,0,0,0,0,0,0,0,0,0,0,0,0,0,0,0,0,0,0,0,0,0,0,0,0,0,0,0,0,0,0,0,0.008656075616547777,0,1,0,0,0,0,0,0,0,0,0,0,0,0,0,0,0,0,0,0,0,0,0,0,0,0,0,0,0,0,0,0,0,0,0,0,0,0,0,0.010985220461161033,0,0.041399436246062016,0,0.044168948705429485,0,0,0.018957662637429387,0,0,0,0,0,0,0,0,0,0,0,0,0,0,0,0,0,0,0,0,0,0,0,0,0,0,0,0,0,0,0,0,0,0,0,0,0,0,0,0,0,0,0,0,0,0,0,0,0,0,0,0,0,0,0,0,0,0,0,0,0,0
MOTU14668,0,0,0,0,0,0,0,0,0,0,0,0,0,0,0,0,0,0,0,0,0,0,0,0,0,0,0,0,0,0,0,0,0,0,0,0,0,0,0,0,0,0,0,0,0,0,0,0,0,0,0,0,0,0,0,0,0,0,0,0,0,0,0,0,0,0,0,0,0,0,0,0,0,0,0,0,0,0,0,0,0,0,0,0,0,0,0,0,0,0,0,0.1124471164551325,0,0,0,0,0,0,0,0,0,0,0,0,0,0,0,0,0,0,0,0,0,0,0,0,0,0,0,0,0,0,0,0,0,0,0,0,0,0,0,0,0,0,0,0,0,0,0,0,1,0,0,0,0,0,0,0,0,0,0,0,0,0,0,0,0,0,0,0,0,0,0,0,0,0,0,0,0,0,0,0,0,0,0,0,0,0,0,0,0,0,0,0,0,0,0,0,0.1906379765949415,0,0,0,0,0,0,0,0,0,0,0,0,0,0
MOTU16901,0,0,0,0,0,0,0,0,0,0,0,0,0,0,0,0,0,0,0,0,0,0,0,0,0,0,0,0,0,0,0,0,0,0,0,0,0,0,0,0,0,0,0,0,0,0,0,0,0,0,0,0,0,0,0,0,0,0,0,0,0,0,0,0,0,0,0,0,0,0,0,0,0,0,0,0,0,0,0,0,0,0,0,0,0,0,0,0,0,0,0,0,0.23198428961748635,0,0,0,0,0,0,0.21515679442508712,0,0,0,0,0,0,0,0,0,0,0,0,0,0,0,0,0,0,0,0,0,0,0,0,0,1,0,0,0,0,0,0,0,0.3897016637980493,0,0,0,0,0,0,0,0,0,0,0,0,0,0,0,0,0,0,0,0,0,0,0,0,0,0,0,0,0,0,0,0,0,0,0,0,0,0,0,0,0,0,0,0,0,0,0,0,0,0,0,0,0,0,0,0,0,0,0,0,0,0,0,0,0,0,0,0,0
MOTU17131,0,0,0,0,0,0,0,0,0,0,0,0,0,0,1,0.05243784443229145,0,0,0,0,0,0,0,0,0,0,0,0,0,0,0,0,0,0,0,0,0,0,0,0,0,0,0,0,0,0,0,0,0,0,0,0,0,0,0,0,0,0,0,0,0,0,0,0,0,0,0,0,0,0,0,0,0,0,0,0,0,0,0,0,0,0,0,0,0,0,0,0,0,0,0,0,0,0,0,0,0,0,0,0,0,0,0,0,0,0,0,0.11349978146853147,0,0,0,0,0,0,0,0,0,0,0,0,0,0,0,0,0,0,0,0,0,0,0,0,0,0,0.7666994710296471,0,0,0,0,0,0,0,0,0,0,0,0,0,0,0,0,0,0,0,0,0,0.26883227798961334,0,0.02804350173682979,0,0,0,0,0,0,0,0,0,0,0,0,0,0,0,0,0,0,0,0,0,0,0,0,0,0,0,0,0,0,0,0,0,0,0,0,0,0,0,0,0,0,0,0
MOTU18835,0,0,0,0,0,0,0,0,0,0,0,0,0,0,0,0,0,0,0,0,0,0,0,0,0,0,0,0,0,0,0,0,0,0,0,0,0,0,0,0,0,0,0,0,0,0,0,0,0,0,0,0,0,0,0,0,0,0,0,0,0,0,0,0,0,0,0,0,0,0,0,0,0,0,0,0,0,0,0.04480319245419916,0,0,0,0,0,0,0,0,0,0,0,0,0,0,0,0,0,0,0,0,0,0,0,0,0,0,0,0,0,0.2443125618199802,0.19687549816674638,0,0,0,0,0,0,0,0,0,0,0,0,0,0,0,0,0,0.08897694524495676,0,0,0,0,0.3185726569217541,0.14170969592656338,0,0.1335135135135135,0.5158371040723982,0,0.12824506749740394,0,0,0,0,0,0,0.7507598784194529,0.6453298497713913,0.2711306256860593,1,0.35160142348754453,0.7501898253606682,0,0,0,0,0,0,0,0,0,0,0,0,0,0,0,0,0,0,0,0,0,0,0,0,0,0,0,0,0,0,0,0,0,0,0,0,0,0,0,0,0,0,0,0,0,0,0,0,0,0,0,0
MOTU19500,0,0,0,0,0,0,0,0,0,0,0,0,0,0,0,0,0,0,0,0,0,0,0,0,0,0,0,0,0,0,0,0,0,0,0,0,0,0,0,0,0,0,0,0,0,0,0,0,0,0,0,0,0,0,0,0,0,0,0,0,0,0,0,0,0,0,0,0,0,0,0,0,0,0,0,0,0,0,0,0,0,0,0,0,0,0,0,0,0,0,0,0,0,0,0,0,0,0,0,0,0,0,0,0,0,0,0,0,0,0,0,0,0,0,0,0,0,0,0,0,0,0,0,0,0,0,0,0,0.2431650893796004,0,0.4440710513682189,0,0.19883920894239038,0.26534710269650025,0,1,0.16098155238426734,0,0,0,0,0,0,0,0.2854938271604938,0,0,0,0,0,0,0.12107329842931938,0,0,0,0,0,0,0,0,0,0,0,0,0,0,0,0,0,0,0,0,0,0,0,0,0,0,0,0,0,0,0,0,0,0,0,0,0,0,0,0,0,0.7104454685099846,0,0,0,0,0.48126951092611864,0,0,0,0
MOTU20161,0,0,0,0,0,0,0,0,0,0,0,0,0,0,0,0,0,0,0,0,0,0,0,0,0,0,0,0,0.09115281501340482,0,0,0,0,0,0,0,0,0,0,0,0,0,0,0,0,0,0,0,0,0,0,0,0,0,0,0,0,0,0,0,0,0,0,0,0,0,0,0,0,0,0,0,0,0,0,0,0,0,0,0,0,0,0,0,0,0,0,0,0,0,0,0,0,0,0,0,0,0,0,0,0,0,0,0,0,0,0,0,0,0,0,0,0,0,0,0,0,0,0,0,0,0,0,0,0,0,0,0,0,0,0,0,0,0,0,0,0,1,0,0,0,0,0,0,0,0,0,0,0,0,0,0,0,0.18262243285939966,0,0,0,0,0,0,0,0,0,0,0,0,0,0,0,0,0,0,0,0,0,0,0,0,0,0,0,0,0,0,0,0,0,0,0,0,0,0,0,0,0,0,0,0,0,0,0,0,0
MOTU20327,0,0,0,0,0,0,0,0,0,0,0,0,0,0,0,0,0,0,0,0,0,0,0,0,0,0,0,0,0,0,0,0,0,0,0,0,0,0,0,0,0,0,0,0,0,0,0,0,0,0,0,0,0,0,0,0,0,0,0,0,0,0,0,0,1,0,0,0,0,0,0,0,0,0,0,0,0,0,0,0,0,0,0,0,0,0,0,0,0,0,0,0,0,0,0,0,0,0,0,0,0,0,0,0,0,0,0,0,0,0,0,0,0,0,0,0,0,0,0,0,0,0,0,0,0,0,0,0,0,0,0,0,0,0,0,0,0,0,0,0,0,0,0,0,0,0,0,0,0,0,0,0,0,0,0,0,0,0,0,0,0,0,0,0,0,0,0,0,0,0,0,0,0,0,0,0,0,0,0,0,0,0,0,0,0,0,0,0,0,0,0,0,0,0,0,0,0,0,0,0,0,0,0
MOTU21033,0,0,0,0,0,0,0,0,0,0,0,0,0,0,0,0,0,0,0,0,0,1,0,0,0,0,0,0,0,0,0,0,0,0,0,0,0,0,0,0,0,0,0,0,0,0,0,0,0,0,0,0,0,0,0,0,0,0,0,0,0,0,0,0,0,0,0,0,0,0,0,0,0,0,0,0,0,0,0,0,0,0,0,0,0,0,0,0,0,0,0,0,0,0,0,0,0,0,0,0,0,0,0,0,0,0,0,0,0,0,0,0,0.744489428699955,0,0,0,0,0,0,0,0,0,0,0,0,0,0,0,0,0,0,0,0,0,0,0,0,0,0,0,0,0,0,0,0,0,0,0,0,0,0,0,0,0,0,0,0,0,0,0,0,0,0,0,0,0,0,0,0,0,0,0,0,0,0,0,0,0,0,0,0,0,0,0,0.9360859728506788,0,0,0,0,0,0,0,0,0,0,0,0,0,0,0,0,0,0
MOTU2258,0,0,0,0,0,0,0,0,0,0,0.023907042434358348,0,0,0,0,0,0,0.001718140127153442,0,0,0,0,0,0,0,0.016251627157698387,0,0,0,0,0,0,0,0,0,0,0,0,0,0,0,0,0,0,0,0.02172898286887924,0,0,0,0,0,0,0,0,0,0,0,0,0,0,0,0,0,0,0,0,0,0,0,0,0,0,0,1,0,0.008640852390852391,0,0.06485093340763444,0,0,0,0,0,0,0,0,0,0,0,0,0,0.02941468522630847,0,0,0,0,0,0,0,0,0,0,0,0,0,0,0,0,0,0,0,0,0.01131901131901132,0,0,0,0,0,0,0,0,0,0,0,0,0,0,0.018128358906456886,0,0,0.012079770601134018,0,0,0,0,0,0,0,0,0,0,0,0,0,0,0,0,0,0,0,0,0,0,0,0,0,0,0,0,0,0,0,0,0,0,0,0,0,0,0,0,0,0,0,0,0,0,0,0,0.017595917595917596,0.006095485019903624,0,0,0,0,0,0,0,0,0,0,0,0.003144091236056749,0,0,0,0,0,0,0,0,0,0
MOTU2311,0,0,0,0,0,0,0,0,0,0,0,0,0,0,0,0,0,0,0,0,0,0,0,0,0,0,0,0,0,0,0,0,0,0,0,0,0,0,0,0,0,0,0,0,0,0,0,0,0,0,0,0,0,0,0,0,0,0,0,0,0,0,0,0,0,0,0,1,0,0,0,0,0,0,0.015336593998082926,0,0,0,0,0,0,0,0,0,0.018804243008678882,0,0,0,0,0,0,0,0,0,0,0,0,0,0,0,0,0,0,0,0,0,0,0,0.002529551977428613,0,0,0,0,0,0,0,0,0,0,0,0,0,0,0,0,0,0,0,0,0,0,0,0,0,0,0,0,0,0,0,0,0,0,0,0,0,0,0,0,0,0,0,0,0,0,0,0,0.001039267316541838,0.0010126220745121076,0,0,0,0,0,0,0,0,0,0,0,0,0,0,0,0,0,0,0,0,0,0,0,0,0,0,0,0,0,0,0,0,0,0,0,0,0,0,0,0,0,0,0,0
MOTU23809,0,0,0,0,0,0.07321704046517148,0,0,0,0,0,0,0,0,0,0.08565478944932903,0,0,0,0,0,0,0,0.5619307832422586,0,0,0,0,0,0,0,0,0,0,0,0,0,0,0.2692559458869736,0,0,0,0,0,0,0,0,0,0,0,0,0,0,0,0,0,0,0,0,0,0,0,0,0,0,0,0,0,0,0,0,0,0,0,0,0,0,0,0,0,0,0,0,0,0,0,0,0,1,0,0,0,0.210724043715847,0,0,0,0,0,0,0,0,0,0,0,0,0,0,0,0,0,0,0,0,0,0,0,0,0,0,0,0,0,0.8727015558698727,0,0,0,0,0,0.3243953732912723,0,0,0,0,0,0,0,0,0,0.32035306334371755,0,0,0,0,0,0,0,0,0.33863885839736557,0,0,0,0,0,0,0,0,0.05855000948946669,0.25073656405567407,0,0,0,0,0,0,0,0,0,0,0,0,0,0,0,0,0,0,0,0,0,0,0,0,0,0,0,0,0,0,0,0,0,0,0,0,0,0,0,0,0,0,0,0,0
MOTU23874,0,0,0,0,0,0,0,0,0,0,0,0,0,0,0,0,0,0,0,0,0,0,0,0,0,0,0,0,0,0,0,0,0,0,0,0,0,0,0,0,0,0,0,0,0,0,0,0,0,0,0,0,0,0,0,0,0,0,0,0,0,0,0,0,0,0,0,0,0,0,0,0,0,0,0,0,0,0,0,0,0,0,0,0,0,0,0,0,0,0,0,0,0,0,0,0,0,0,0,0,0,0,0,0,0,0,0,0,0,0,0,0,0,0,0,0,0,0,0,0,0,0,0,0,0,0,1,0,0,0,0,0,0,0,0,0,0,0,0,0,0,0,0,0,0,0,0,0,0,0,0,0,0,0,0,0,0,0,0,0,0,0,0,0,0,0,0,0,0,0,0,0,0,0,0,0,0,0,0,0,0,0,0,0,0,0,0,0,0,0,0,0,0,0,0,0,0,0,0,0,0,0,0
MOTU25616,0,0,0,0,0,0,0,0,0,0,0,0,0.0024919700791135833,0,0.007949114663916108,0,0,0,0,0,0,0,0,0,0,0.004571217673266022,0,0,0,0.01798941798941799,0,0,0,0,0,0,0,0,0,0,0,0,0,0,0,0,0,0,0,0,0,0,0,0,0,0,0,0,0,0,0,0,0,0,0,0,0,0,0,0,0,0,0,0,0,0,0,0,0,0,0,0,0,0,0,0,0,0,0,0,0,0,0.016920374707259954,0.044794626711444074,0,0.015874033048015747,0,0,0,0,0,0,0.012460477148605922,0,0,0,0.021672290963629548,0,0,0,0,0,0,0,0,0,0,0,0,0,0,0,0,0,0,0,0,0,0,0,0,0,0,0,0,0.02677992277992278,0.10346576500422655,1,0,0,0,0,0,0,0,0,0.03235980218344686,0,0,0,0,0,0,0,0.03407349184515622,0,0,0,0,0,0,0,0,0,0,0,0,0,0,0,0,0,0,0,0,0,0,0,0,0,0,0,0,0,0,0,0,0,0,0,0.013127413127413128,0,0,0,0,0,0,0,0,0,0,0,0
MOTU2595,0,0,0,0,0,0,1,0,0,0,0,0,0,0,0.09177697553148816,0.2911614993058769,0,0,0,0,0,0.172809667673716,0,0,0,0,0,0,0,0,0,0,0,0,0,0,0,0,0,0,0,0,0,0,0,0,0,0,0,0,0,0,0,0,0,0,0,0,0,0,0,0,0,0,0,0,0,0,0,0,0,0,0,0,0,0,0,0,0,0,0,0,0.7211599075436016,0,0,0,0,0,0,0,0,0,0.1953551912568306,0.2585895117540687,0,0.3665491829541813,0,0,0,0,0,0,0,0,0,0,0,0,0,0,0,0,0,0,0,0,0,0,0,0,0,0,0,0,0,0,0,0,0,0,0,0,0,0,0,0,0,0,0,0,0,0,0,0,0,0,0,0,0,0,0,0,0,0,0,0,0.488517745302714,0.8135730976328356,0,0,0,0,0,0,0,0,0,0,0,0,0,0,0,0,0,0,0,0,0,0,0,0,0,0,0,0,0,0,0.9716874292185731,0,0,0,0,0,0,0,0,0,0,0,0,0,0
MOTU2679,0,0,0,0,0,0,0,0,0,0,0,0,0,0,0,0,0,0,0,0,0,0,0,0,0,0,0,0,0,0,0,0,0,0,0,0,0,0,0,0,0,0,0,0,0,0,0,0,0,0,0,0,0,0,0,0,0,0,0,0,0,0,0,0,0,0,0,0,0,0,0,0,0,0,0,0,0,0,0,0,0,0,0,0,0,0,0,0,0,0,0.035379464285714285,0,0,0,0,0,0,0,0,0,0,0,0,0,0,0,0,0,0,0,0,0,0,0,0,0,0,0,0,0,0,0,0,0,0,0,0,0,1,0.7377812257564003,0.913106096975516,0,0,0,0,0,0,0,0,0,0,0,0,0,0,0,0.06211626387981711,0.10439077936333699,0.19251012145748986,0,0,0,0,0,0,0,0,0,0,0,0,0,0,0,0,0,0,0,0,0,0,0,0,0,0,0,0,0,0,0,0,0,0,0,0,0,0,0,0,0,0,0,0,0,0,0,0,0,0,0,0,0,0
MOTU28152,0,0,0,0,0,0,0,0,0,0,0,0,0,0,0.07725631768953069,0,0,0,0,0,0,0,0,0,0,0,0.29694727104532836,0,0,0,0,0,0,0,0,0,0,0,0,0,0,0,0,0,0,0,0,0,0,0,0,0,0,0,0,0,0,0,0,0,0,0,0,0,0,0,0,0,0,0,0,0,0,0,0,0,0,0,0,0,0,0,0,0,0,0,0,0,0,0,0,0,0,0,0,0,0,0,0,0,0,0,0,0,0,0,0,0.19290865384615385,0,0,0,0,0,0,0,0,0,0,0,0,0,0,0,0,0,0,0,0,0,0,0,0,0,0,0,0,0,0,1,0,0,0,0,0,0,0,0,0,0,0,0,0,0,0,0,0,0,0,0,0,0,0,0,0,0,0,0,0,0,0,0,0,0,0,0,0,0,0,0,0,0,0,0,0,0,0,0,0,0,0,0,0,0,0,0,0,0,0,0,0,0,0,0
MOTU2830,0,0,0,0,0,0,0,0,0,0,0,0,0,0,1,0,0,0,0,0,0,0,0.22706710305002822,0,0,0,0,0,0,0,0,0,0,0,0,0,0,0,0.07350903161507569,0,0,0,0,0,0,0,0,0,0,0,0,0,0,0,0,0,0,0,0,0,0,0,0,0,0,0,0,0,0,0,0,0,0,0,0,0,0,0,0,0,0,0,0,0,0,0,0,0,0,0,0,0,0,0,0,0,0,0,0,0,0.45823162662118044,0,0,0,0,0,0,0,0,0,0,0,0,0,0,0,0,0,0,0,0,0,0,0,0,0,0,0,0,0,0,0,0,0,0,0,0,0,0,0,0,0,0,0,0,0,0,0,0,0,0,0.26457478420829206,0.43135965671176935,0,0,0,0,0,0,0,0,0,0,0,0,0,0,0,0,0,0,0,0,0,0,0,0,0,0,0,0,0,0,0,0,0,0,0,0,0,0,0,0,0,0,0,0,0,0,0,0,0,0
MOTU29462,0,0,0,0,0,0.058383766464934136,0,0,0,0,0,0,0,0,0,0,0,0,0,0,0,0,0,0,0,0,0,0,0.07759028544393627,0,0,0,0,0,0,0,0,0,0,0,0,0,0,0,0,0,0,0,0,0,0,0,0,0,0,0,0,0,0,0,0,0,0,0,0,0,0,0.7884615384615383,0,0,0,0,0,0,0,0,0,0,0,0,0,0,0,0,0,0,0,0,0,0,0,0,0,0,0,0,0,0,0,0,0,0,0,0,0,0,0,0,0,0,0,0,0,0,0,0,0,0,0,0,0,0,0,0,0,0,0,0,0,0,0,0,0,0,0,0,0,0,0,0,0,0,0,0,0,0,0,0,0,0,0,0,0,0,0,0,0,0,0,0,0,0,0,0,0,0,0,0,0,0,0,0,0.37614678899082565,0,0,0,0,0,1,0,0,0,0,0,0,0,0,0,0.1392978482446206,0,0,0,0,0,0,0,0,0,0,0,0,0,0
MOTU29959,0,0,0,0,0,0.011154622048178475,0,0,0,0,0,0,0,0,0,0,0,0,0,0,0,0,0,0,0,0,0,0,0,0,0,0,0,0,0,0,0,0,0,0,0,0,0,0,0,0,0,0,0,0,0,0,1,0,0,0,0,0,0,0,0,0,0,0,0,0,0,0,0,0,0,0,0,0,0,0,0,0,0,0,0,0,0,0,0,0,0,0,0,0,0,0,0,0,0,0,0,0,0,0.014887551472917327,0,0,0,0,0,0,0,0,0,0,0,0,0,0,0,0,0,0,0,0,0,0,0,0,0,0,0,0,0,0,0,0,0,0,0,0.025405405405405406,0,0,0,0,0,0,0,0,0,0,0,0,0,0,0,0,0,0,0,0,0,0,0,0,0,0,0,0,0,0,0,0,0,0,0,0,0,0,0,0,0,0,0,0,0,0,0,0,0,0,0,0,0,0,0,0,0,0,0,0,0,0,0,0,0,0,0
MOTU30199,0,0,0,0,0,0,0,0,0,0,0,0,0,0,0,0,0.026788135133669542,0,0,0,0,0,0,0,0,0,0,0,0,0,0,0,0,0,0,0,0,0,0,0,0,0,0,0,0,0,0,0,0,0,0,0,0,0,0,0,0,0,0,0,0,0,0,0,0,0,0,0,0,0,0,0,0,0,0,0,0,0,0,0,0,0,0,0,0,0,0,0,0,0,0,0,0,0,0,0,0,0,0,0,0,0,0,0,0,0,0,0,0,0,0,0,0,0,0,0,0,0,0,0,0,0,0,0,0,0,0,0,0,0,0,0,0,0,0,0,0,0,0,0,0,0,0,0,0,0,0,0,1,0,0,0,0,0,0,0,0,0,0,0,0,0,0,0,0,0,0,0,0,0,0,0,0,0,0,0,0,0,0,0,0,0,0,0,0,0,0,0,0,0,0,0,0,0,0,0,0,0,0,0,0,0,0
MOTU31142,0,0,0,0,0,0,0,0,1,0,0,0,0,0,0,0,0,0,0,0,0,0,0,0,0,0,0,0,0,0,0,0,0,0,0,0,0,0,0,0,0,0,0,0,0,0,0,0,0,0,0,0,0,0,0,0,0,0,0,0,0,0,0,0,0,0,0,0,0,0,0,0,0,0,0,0,0,0,0,0,0,0,0,0,0,0,0,0,0,0,0,0,0,0,0,0,0,0,0,0,0,0,0,0,0,0,0,0,0,0,0,0,0,0,0,0,0,0,0,0,0,0,0,0,0,0,0,0,0,0,0,0,0,0,0,0,0,0,0,0,0,0,0,0,0,0,0,0,0,0,0,0,0,0,0,0,0,0,0,0,0,0,0,0,0,0,0,0,0,0,0,0,0,0,0,0,0,0,0,0,0,0,0,0,0,0,0,0,0,0,0,0,0,0,0,0,0,0,0,0,0,0,0
MOTU3175,0,0,0,0,0,0,0,0,0,0,0,0,0,0,0,0,0,0.02339820188915443,0,0.06438682199674307,0,0,0,0,0,0,0,0,0,0,0.16399457605487758,0,0,0,0,0,0,0,0,0,0,0,0,0,0,0,0,0,0,0,0,0,0,0,0,0,0.09424275760909424,0,0,0,0,0,0,0,0,0,0,0,0,0,0,0,0,0,0,0,0,0,0,0,0,0,0,0,0,0,0,0,0,0,0,0,0.07802064359441409,0,0,0,0,0.06451410461577081,0,0,0,0,0,0,0,0,0,0.04576210826210826,0,0,0,0,0,0,0,0,0,0,0,0,0,0,0,0,0,0,0.9220764659715215,0,0,0,0,0.28185619302214,0.294640298079679,0,0.1545632235754022,0.4939339339339339,0.07951425145995282,0.1317442009483532,0.3558324679820007,1,0,0,0,0,0,0,0,0,0,0.9755634638196916,0,0.23920884235020362,0,0,0,0,0,0,0,0,0,0,0,0,0,0,0,0,0,0,0,0,0,0,0,0,0,0,0,0,0,0,0,0,0,0,0,0,0,0,0,0,0,0,0,0,0,0,0,0,0,0,0
MOTU33031,0,0,0,0,0,0,0,0,0,0,0,0,0,0,0,0,0,0,0,0,0,0,0,0,0,0,0,0,0,0,0,0,0,0,0,0,0,0,0,0,0,0,0,0,0,0,0,0,0,0,0,0,0,0,0,0,0,0,0,0,0,0,0,0,0,0,0,0,0,0,0,0,0,0,0,0,0,0,0,0,0,0,0,0,0,0,0,0,0,0,0,0,0,0,0,0,0,0,0,0,0,0,0,0,0,0,0,0,0,0,0,0,0,0,0,0,0,0,0,0,0,0,0,0,0,0,0.6281533804238143,0,0,0,0,0,0,0.7142857142857142,0,0,0,0,0,0,0,0,0,0,0,0,0,0,0,0,0,0,0,0,0,0,0,0,0,0,0,0,0,0,0,0,0,0,0,0,0,0,0,0,0,0,0,0,0,0,0,0,0,0,0,1,0,0,0,0,0,0,0,0,0,0,0,0,0,0,0,0,0
MOTU33165,0,0,0,0,0,0,0,0,0,0,0,0,0,0,0.06955475330926594,0,0,0,0,0,0,0,0,0,0,0,0,0,0,0,0,0,0,0,0,0,0,0,0,0,0,0,0,0,0,0,0,0,0,0,0,0,0,0,0,0,0,0,0,0,0,0,0,0,0,0,0,0,0,0,0,0,0,0,0,0,0,0,0,0,0,0,0,0,0,0,0,0,0,0,0,0,0,0,0,0,0,0,0,0,0,0,0,0,0,0,0,0,0,0,0,0,0,0,0,0,0,0,0,0,0,0,0,0,0,0,0,0,0,0,0,0,0,0,0,0,0,1,0,0,0,0,0,0,0,0,0,0,0,0,0,0,0,0,0,0,0,0,0,0,0,0,0,0,0,0,0,0,0,0,0,0,0,0,0,0,0,0,0,0,0,0,0,0,0,0,0,0,0,0,0,0,0,0,0,0,0,0,0,0,0,0,0
MOTU3628,0,0,0,0,0,0,0,0,0,0,0,0,0,0,0,0,0,0,0,0,0,0,0,0,0,0,0,0,0,0,0,0,0,0,0,0,0,0,0,0,0,0,0,0,0,0,0,0,0,0,0,0,0,0,0,0,0,0,0.6064714946070878,0,0,0,0,0,0.4641509433962264,0,0,0,0,0.33067690830532886,0,0,0,0,0.14752623688155922,0.033791208791208796,0,0.1268041237113402,0,0,0,0,0,0,0,0,0,0,0,0,0,0,0,0,0,0,0,0,0,0,0,0,0,0,0,0,0,0,0,0,0,0,0,0,0,0,0,0,0,0,0,0,0,0,0,0,0,0,0,0,0,0,0,0,0,0.21275675675675676,0,0,0,0,0,0,0,0,0,0,0,0.16201975850713501,0,0.07003558718861211,0.07471526195899773,0,0,0,0,0,0,0,0,0,0,0,0,0,0,0,0,0,0,0.1592233009708738,0,0,0,0,0,0,0,0.6327974276527332,1,0,0,0,0,0,0,0,0,0,0,0,0,0,0,0,0,0,0,0,0,0,0,0,0
MOTU3714,0,0,0,0,0,0,0,0,0,0,0,0,0.01776570595040491,0,0,0,0,0,0,0,0,0,0.0793529543922714,0,0,0,0,0,0,0.1282498184458969,0,0,0,0,0,0,0,0,0,0,0,0,0,0,0,0,0,0,0,0,0,0,0,0,0,0,0,0,0,0,0,0,0,0,0,0,0,0,0,0,0,0,0,0,0,0,0,0,0,0,0,0,0,0,0,0,0,0,0,0.1602177364481742,0,0,0,0,0,0.1131688561358539,0,0,0.0688364841161567,0,0.1921653971708379,0,0,0.2243489307643447,0,0,0,0,0,0,0,0,0.1986054880791723,0,0,0,0,0,0,0,0,0,0,0,0,0,0,0,0,0,0,0,0,0,0,0,0,0,0,0,0,0,0,0,0,0,0,0.19385290889132822,0,0,0,0,0.4522407170294494,0,0,0,0,0,0,0,0,0,0,0,0,0,0,0,0,0,0,0,0,0,0,0,0,0,0,0,0,0,0,0,0,0,0,0,1,0,0,0,0,0,0,0,0,0,0,0,0,0,0
MOTU3894,0,0,0,0,0,0,0,0,0,0,0,0,0,0,0,0,0,0,0,0,0,0,0,0,0,0,0,0,0,0,0,0,0,0,0,0,0,0,0,0,0,0,0,0,0,0,0,0,0,0,0,0,0,0,0,0,0,0,0,0,0,0,0,0,0,0,0,0,0,0,0,0,0,0,0,0,0,0,0,0,0,0,0.07753729775162849,0,0,0,0,0,0,0,0,0,0,0,0,0,0,0,0,0,0,0,0,0,0,0,0,0,0,1,0,0,0,0,0,0,0,0,0,0,0,0,0,0,0,0,0,0,0,0,0,0,0,0,0,0,0,0,0,0,0,0,0,0,0,0,0,0,0,0,0.28018223234624146,0,0,0,0,0,0,0,0,0,0,0,0,0,0,0,0,0,0,0,0,0,0,0,0,0,0,0,0,0,0,0,0,0,0,0,0,0,0,0,0,0,0,0,0,0,0,0,0,0,0,0,0
MOTU5196,0,0,0,0,0,0,0,0,0.05406494238981549,0,0,1,0,0,0,0,0.015594134188570499,0,0,0,0,0,0,0,0,0,0,0,0,0,0,0,0,0,0,0.11776061776061775,0,0,0,0,0,0,0,0,0,0,0,0,0,0,0,0,0,0,0,0,0,0,0,0,0,0,0,0,0,0,0,0,0,0,0,0,0,0,0,0,0,0,0,0,0.010207341375481082,0,0,0,0,0,0,0,0,0,0,0,0,0,0,0,0,0,0,0,0,0,0,0,0,0,0,0,0,0,0,0,0,0,0,0,0,0,0,0,0,0,0,0,0,0,0,0,0,0,0.27611274946848635,0,0,0,0,0,0,0,0,0,0,0,0,0,0,0,0,0,0,0,0,0,0,0,0,0,0,0.029215831410284318,0,0,0,0,0,0,0,0,0,0,0,0,0,0,0,0,0,0,0,0,0,0,0,0,0,0,0,0,0,0,0,0,0,0,0,0,0,0,0,0,0,0,0,0,0
MOTU523,0,0,0,0,0,0,0,0,0,0,0,0,0,0,0,0,0,0,0,0,0,0,0,0,0,0,0,0,0,0,0,0,0,0,0,0.0019497503368471108,0,0,0,0,0,0,0,0,0,0.027410997827177,0.07905836982284176,0.2667964404894327,0.022530448336899947,0.031828741141529684,0.018806940049693133,0,0.033768016472203156,0,0.0020505126281570394,0,0.007856914723730438,0,0,0,0,0,0,0.05161290322580645,0.3443700547778454,0.0333248666497333,0.13668776045686062,0.4629032258064516,0.1182364358998059,0.018286280643612655,0,0.02333965844402277,0.12890126084820697,0.13978725615883025,0.08090148474150022,0.054501949663239985,0.03415271539403838,0.0654472896574659,0,0,0,0,0,0,0,0,0,0,0,0,0,0,0,0,0,0,0,0,0,0,0,0,0,0,0,0,0,0,0,0,0,0,0,0,0,0,0,0,0,0,0,0,0,0,0,0,0,0,0,0,0,0,0,0,0,0,0,0,0,0,0,0,0,0,0,0,0,0,0,0,0,0,0.004064268307793977,0,0,0,0,0,0,0,0,0,0,0,0,0,0,0.00745115856428896,0,0.0025681177575947386,0.01912164788184998,0.005856445661230805,0,0,0,0.0011224163891043481,0.20434722414509204,0.4184628150606783,1,0,0,0,0,0,0,0,0,0,0,0,0,0,0,0,0,0,0,0,0,0,5.395841254057848e-4,1.8226778916951458e-4,0
MOTU5644,0,0,0,0,0,0,0,0,0,0,0,0,0.038755595794980134,0,0,0.08913697362332254,0,0,0,0.21716459977452085,0,0.2327794561933535,0,0,0,0,0,0,0,0,0,0,0,0,0,0,0,0,0,0,0,0,0,0,0,0,0,0,0,0,0,0,0,0,0,0,0,0,0,0,0,0,0,0,0,0,0,0,0,0,0,0,0,0,0,0,0,0,0,0,0,0,0,0,0,0,0,0,0,0,0,0,0,0,0,0,0,0,0,0,0,0,0,0,0,0,0,0,0,0,0,0,0,0,0,0,0,0,0,0,0,0,0,0,0,0,0,0,0,0,0,0,0,0,0,0,0,0,0,0,0,0,0,0,0,0,0,0,0,0,0,0,0,0,0,1,0.6580470677547923,0.6653713298791019,0,0,0,0,0.2394344313238036,0,0,0,0,0,0,0,0,0,0,0,0,0,0,0,0,0,0,0,0,0,0,0,0,0,0,0,0,0,0,0,0,0,0,0,0,0,0,0,0
MOTU5657,0,0,0,0,0,0,0,0,0,0,0,0,0,0,0,0,0,0,0,0,0,0,0,0,0,0,0,0,0,0,0,0,0,0,0,0,0,0,0,0,0,0,0,0,0,0,0,0,0,0,0.47860434496379195,0,0,0,0,0,0,0,0,0,0,0,0,0,0,0,0,0,0,0,0.5673039406944986,0,0,0,0,0,0,0,0.13187012515871577,0,0,0,0,0,0,0,0,0,0,0.32977999546382397,0,0,0,0,0,0,0,0,0,0,0,0,0,0,0,0,0,0,0,0,0,0,0.1635177687809267,0,0,0,0,0,0,0,0,0,0,0,0,0.8027235921972765,0,0.2618876080691642,0,0.5640031031807603,0,0,0,0,0,0,0,0.41926182237600923,0.37746625129802697,0,0,0,1,0,0,0,0,0,0,0,0,0,0,0,0,0,0,0,0,0,0,0,0,0,0,0,0,0,0,0,0,0,0,0,0,0,0,0,0,0,0,0,0,0,0,0,0,0,0,0,0,0,0,0,0,0,0,0,0,0,0,0,0
MOTU5726,0,0,0,0,0,0,0,0,0,0,0,0,0,0,0,0,0,0,0,0,0,0,0,0,0,0,0,0,0,0,0,0,0,0,0,0,0,0,0,0,0,0,0,0,0,0,0.04145169898594556,0.2869458128078818,0.018174018174018175,0.4247948951686418,0.021912912630489983,0,0,0,0,0,0,0,0.05128769535549197,0,0,0,0,0,0,0,0,0,0.047687269750307,0,0,0,0.6195310611554267,0.035752646923431025,0.29942171771257226,0.08001373626373627,0.14746835443037976,0.1286818851251841,0,0,0,0,0,0,0,0,0,0,0,0,0,0,0,0,0,0,0,0,0,0,0,0,0,0,0,0,0,0,0,0,0,0,0,0,0,0,0,0,0,0,0,0,0,0,0,0.012250906987749093,0,0,0,0,0,0,0.014310281292224543,0,0,0,0,0,0.0172823023290313,0,0,0,0,0,0,0,0.043482317812820755,0.018268778422455702,0,0,0.12636945438767763,0.06970830216903516,0,0,0,0,0,0,0,0,0,0,0,0,0,0,0,0.07813547954393026,0,0,0,0.030706378492356353,0.02544779379641765,0.06774568714867221,0,0,1,0.3210840606338999,0.2706155632984902,0,0,0,0,0,0,0,0,0,0,0,0,0,0,0,0,0,0,0,0,0,0,0,0
MOTU7058,0,0,0,0,0,0,0,0,0,0,0,0,0,0,0,0,0,0,0,0,0,0,0,0,0,0,0,0,0,0,0,0,0,0,0,0,0,0,0,0,0,0,0,0,0,0,0,0,0,0,0,0,0,0,0,0,0,0,0,0,0,0,0.4372384937238494,0,0,0,1,0.3349358974358974,0.2994269340974212,0,0,0,0,0.4489795918367347,0.31334332833583206,0,0,0,0,0,0,0,0,0,0,0,0,0,0,0,0,0,0,0,0,0,0,0,0,0,0,0,0,0,0,0,0,0,0,0,0,0,0,0,0,0,0,0,0,0,0,0,0,0,0,0,0,0,0,0,0,0,0,0,0,0,0,0,0,0,0,0,0,0,0,0,0,0,0,0,0,0,0,0,0,0,0,0,0,0,0,0,0,0,0,0,0,0,0,0,0.17986230636833048,0,0,0,0,0,0.44849785407725323,0,0.8495934959349595,0,0,0,0,0,0,0,0,0,0,0,0,0,0,0,0,0,0,0,0,0,0,0,0
MOTU796,0,0,0.013712780773724266,0,0,0,0,0,0,0.060017333525928064,0.14712087458137235,0.11538354731512251,0.011682867096491203,0,1,0.017913549340223787,0,0,0.08621643680227974,0,0,0.023390441162672873,0.03478874870745774,0,0.01854427790381969,0.014287204327080126,0,0,0,0,0,0,0,0,0.05606253457526952,0,0.05520310891154881,0,0.10136027961830313,0,0,0,0,0,0,0,0,0,0,0,0,0,0,0,0,0,0,0,0,0,0,0,0,0,0,0,0,0,0,0,0,0.11385641213006942,0,0,0,0,0,0,0,0,0,0,0,0,0,0,0,0,0,0.01756007263516607,0,0,0,0,0,0,0,0,0,0,0,0,0.03894484921954085,0,0,0,0,0.03101857381748686,0.038289990231675175,0,0,0,0,0,0,0,0,0,0,0,0,0,0,0,0,0,0,0,0,0,0,0,0,0,0.15714958101849905,0,0,0,0.08039705114065131,0,0,0,0,0,0,0,0.05056979768023985,0,0,0,0,0,0,0,0,0,0.47755299071446844,0.04719436772230856,0.0076640625864627995,0,0.006803370847842462,0.052596712125303806,0,0,0,0,0,0,0,0,0,0,0,0,0,0,0,0,0,0,0,0,0,0,0,0,0,0.0318086936107014,0.10960130272996489,0,0,0,0,0,0,0,0,0,0,0,0,0,0
MOTU9748,0,0,0,0,0,0,0,0,0,0,0,0,0,0,0,0,0,0,0,0,0,0,0,0,0,0,0,0,0.23087841034537138,0,0,0,0,0,0,0,0,0,0,0,0,0,0,0,0,0,0,0,0,0,0,0,0,0,0,0,0,0,0,0,0,0,0,0,0,0,0,0,0,0,0,0,0,0,0,0,0,0,0,0,0,0,0,0,0,0,0,0,0,0,0,0,1,0,0,0,0,0,0,0,0,0,0,0,0,0,0,0.2932692307692308,0,0,0,0,0,0,0,0,0,0,0,0,0,0,0,0,0,0,0,0,0,0,0,0,0,0,0,0,0,0,0,0,0,0,0,0,0,0,0,0,0,0,0,0,0,0,0,0,0.2778515847409375,0,0,0,0,0,0,0,0,0,0,0,0,0,0,0,0,0,0,0,0,0,0,0,0,0,0,0,0,0,0,0,0,0,0,0,0,0,0,0,0,0,0,0,0,0,0
MOTU16083,0,0,0,0,0,0,0,0,0,0,0,0,0,0,0,0,0,0,0,0,0,0,0,0,0,0,0,0,0,0,0,0,0,0,0,0,0,0,0,0,0,0,0,0,0,0,0,0,0,0,0,0,0,0,0,0,0,0,0,0,0,0,0,0,0,0,0,0,0,0,0,0,0,0,0,0,0,0,0,0,0,0,0,0,0,0,0,0,0,0,0,0,0,0,0,0,0,0,0,0,0,0,0,1,0,0,0,0,0,0.7529092937988203,0,0.26653498871331827,0,0,0,0,0,0,0,0,0,0,0,0,0,0,0,0,0,0,0,0,0,0,0,0,0,0,0,0,0,0,0,0,0,0,0,0,0,0,0,0,0,0,0,0,0,0,0,0,0,0,0,0,0,0,0,0,0,0,0,0,0,0,0,0,0,0,0,0,0,0,0,0,0,0,0,0,0,0,0,0,0,0,0,0,0,0,0,0,0,0,0
MOTU22401,0,0,0,0,0,0,0,0,0,0,0,0,0,0,0,0,0,0,0,0,0,0,0,0,0,0,0,0,0,0,0,0,0,0,0,0,0,0,0,0,0,0,0,0,0,0,0,0,0,0,0,0,0,0,0,0,0.13758250825082508,0,0,0,0,0,0,0,0,0,0,0,0,0,0,0,0,0,1,0,0,0,0,0,0,0,0,0,0,0,0,0,0,0,0,0,0,0,0,0,0,0,0,0,0,0,0,0,0,0,0,0,0,0,0,0,0,0,0,0,0,0,0,0,0,0,0,0,0,0,0,0,0,0,0,0,0,0,0,0,0,0,0,0,0,0,0,0,0,0,0,0,0,0,0,0,0,0,0,0,0,0,0,0,0,0,0,0,0,0,0,0,0,0,0,0,0,0,0,0,0,0,0,0,0,0,0,0,0,0,0,0,0,0,0,0,0,0,0,0,0,0,0,0,0,0,0
MOTU14981,0,0,0,0,0,0,0,0,0,0,0,0,0,0,0,0,0,0,0,0,0,0,0,0,0,0,0,0,0,0,0,0,0,0,0,0,0,0,0,0,0,0,0,0,0,0,0,0,0,0,0,0,0,0,0,0,0,0,0,0,0,0,0,0,0,0,0,0,1,0,0,0,0,0,0,0.11984890109890112,0,0,0,0,0,0,0,0,0,0,0,0,0,0,0.12983630952380953,0,0,0,0,0,0,0,0,0,0,0,0,0,0,0,0,0,0,0,0,0,0,0,0,0,0,0,0,0,0,0,0,0,0,0,0,0,0,0,0,0,0,0,0,0,0.1214758092586147,0,0,0,0,0,0,0,0,0,0,0,0,0,0,0,0,0,0,0,0,0,0,0.032924528301886795,0,0,0,0,0,0,0,0,0,0,0,0,0,0,0,0,0,0,0,0,0,0,0,0,0,0,0,0,0,0,0,0,0,0,0,0,0,0,0,0,0,0,0
MOTU15001,0,0,0,0,0,0,0,0,0,0,0,0,0,0,0,0,0,0,0,0,0,0,0,0,3.193612774451098e-4,0,0,0,0,0,0,0,0,0,0,0,0,0,0,0,0,0,0,0,0,0,0,0,0,0,0,0,0,0,0,0,0,0,0,0,0,0,0,0,0,0,0,0,0,0,0,0,0,0,0,0,0,0,0,1,0,0,0,0,0,0,0,0,0,0,0,0,0,0,0,0,0,0,0,0,0,0,0,0,0,0,0,0,0,0,0,0,0,0,0,0,0,0,0,0,0,0,0,0,0,0,0,0,0,0,0,0,0,0,9.021199819576005e-4,0,0,0,0,0,0,0,0,0,0,0,0,0,0,0,0,0,0,0,0,0,0,0,0,0,0,0,0,0,0,0,0,0,0,0,0,0,0,0,0,0,0,0,0,0,0,0,0,0,0,0,0,0,0,0,0,0,0,0,0,0,0,0,0,0,0,0,0
MOTU23982,0,0,0,0,0,0,0,0,0,0,0,0,0,0,0,0,0,0,0,0,0,0,0,0,0,0,0,0,0,0,0,0,0,0,0,0,0,0,0,0,0,0,0,0,0,0,0,0,0,0,0,0,0,0,0,0,0,0,0,0,0,0,0,0,0,0,0,0,0,0,0,0,0,0,0,0,0,0,0,0,0,0,0,0,0,0,0,0,0,0,0,0,0,0,0,0,0,0,0,0,0,0,0,0,0,0,0,0,0,0,0,0,0,0,0,0,0,0,0,0,0,0,0,0,0,0,0,0,0,0,0,0,0,0,0,0,0,0,1,0,0,0,0,0,0,0,0,0,0,0,0,0,0,0,0,0,0,0,0,0,0,0,0,0,0,0,0,0,0,0,0,0,0,0,0,0,0,0,0,0,0,0,0,0,0,0,0,0,0,0,0,0,0,0,0,0,0,0,0,0,0,0,0
MOTU26028,0,0,0,0,0,0,0,0,0,0,0,0,0,0,0,0,0,0,0,0,0,0,0,0,0,0,0,0,0,0,0,0,0,0,0,0,0,0,0,0,0,0,0,0,0,0,0,0,0,0,0,0,0,0,0,0,0,0,0,0,0,0,0,0,0,0,0,0,0,0,0,0,0,0,0,0,0,0,0,0,0,0,0,0,0,0,0,0,0,0,0,0,0,0,0,0,0,0,0,0,0,0,0,0,0,0,0,0,0,0,0,0,0,0,0,0,0,0,0,0,1,0,0,0,0,0,0,0,0,0,0,0.20604565083281923,0.14359415305245055,0,0,0,0,0,0,0,0,0,0,0,0,0,0,0,0,0,0,0,0,0,0,0,0,0,0,0,0,0,0,0,0,0,0,0,0,0,0,0,0,0,0,0,0,0,0,0,0,0,0,0,0,0,0,0,0,0,0,0,0,0,0,0,0,0,0,0,0,0,0
MOTU28559,0,0,0,0,0,0,0,0,0,0,0,0,0,0,0,0,0,0,0,0,0,0,0,0,0,0,0,0,0,0,0,0,0,0,0,0,0,0,0,0,0,0,0,0,0,0,0,0,0,0,0,0,0,0,0,0,0,0,0,0,0,0,0,0,0,0,0,0,0,0,0,0,0,0,0,0,0,0,1,0,0.5870514322223406,0,0,0,0,0,0,0,0,0,0,0,0,0,0,0,0,0,0,0,0,0,0,0,0,0,0,0,0,0,0,0,0,0,0,0,0,0,0,0,0,0,0,0,0,0,0,0,0,0,0,0,0,0,0,0,0,0,0,0,0,0,0,0,0,0,0,0,0,0,0,0,0,0,0,0,0,0,0,0,0,0,0,0,0,0,0,0,0,0,0,0,0,0,0,0,0,0,0,0,0,0,0,0,0,0,0,0,0,0,0,0,0,0,0,0,0,0,0,0,0,0,0
MOTU6082,0,0,0,0,0,0,0,0,0,0,0,0,0.0877470952165384,0,0,0,0,0,0,0,0.2898803589232303,0,0,0,0,0,0,0,0,0,0,0,0,0,0,0,0,0,0,0,0,0,0,0,0,0,0,0,0,0,0,0,0,0,0,0,0,0,0,0,0,0,0,0,0,0,0,0,0,0,0,0,0,0,0,0,0.7360759493670886,0,0,0,0,0,0,0,0,0,0,0,0,0,0,0,0,0,0,0,0,0,0,0,0,0,0,0,0,0,0,0,0,0,0,0,0,0,0,0,0,0,0,0,0,0,0,0,0,0,0,0,0,0,0,0,1,0,0,0,0,0.3353517877739331,0,0,0,0,0,0,0,0,0,0,0,0,0,0,0,0,0,0,0,0,0,0,0,0,0,0,0,0,0,0,0,0,0,0,0,0,0,0,0,0,0,0,0,0,0,0,0,0,0,0,0,0,0,0,0,0,0,0,0,0,0,0,0,0,0
MOTU6645,0,0,0,0,0,0,0,0,0,0,0,0,0,0,0,0,0,0,0,0,0,0,0,0,0,0,0,0,0,0,0,0,0,0,0,0,0,0,0,0,0,0,0,0,0,0,0,0,0,0,0,0,0,0,0,0,0,0,0,0,0,0,0,0,0,0,0,0,0,0,0,0,0,0,0,0,0,0,0.26374025031743153,0,0,0.24080821464060947,0,0,0,0,0,0,0,0,0,0,0,0,0,0,0,0,0.5667511206392516,0,0,0,0,0,0,0,0,0,0,0,0,0,0,0,0,0,0,0,0,0,0,0,0,0,0,0,0,0,0,0,0,0,0,0,0,0,0,0,0,0,0,0,1,0,0,0,0,0,0,0,0,0,0,0,0,0,0,0,0,0,0,0,0,0,0,0,0,0,0,0,0,0,0,0,0,0,0,0,0,0,0,0,0.3983561643835616,0,0,0,0,0,0,0,0,0,0,0,0,0,0,0,0,0,0,0,0
MOTU16675,0,0,0,0,0,0,0,0,0,0,0,0,0,0,0,0,0,0,0,0,0,0,0,0,0,0,0,0,0,0,0,0,0,0,0,0,0,0,0,0,0,0,0,0,0,0,0,0,0,0,0,0,0,0,0,0,0,0,0,0,0,0,0,0,0,0,0,0,0,0,0,0,0,0,0,1,0,0,0,0,0,0,0,0,0,0,0,0,0,0,0,0,0,0,0,0,0,0,0,0,0,0,0,0,0,0,0,0,0,0,0,0,0,0,0,0,0,0,0,0,0,0,0,0,0,0,0,0,0,0,0,0,0,0,0,0,0,0,0,0,0,0,0,0,0,0,0,0,0,0,0,0,0,0,0,0,0,0,0,0,0,0,0,0,0,0,0,0,0,0,0,0,0,0,0,0,0,0,0,0,0,0,0,0,0,0,0,0,0,0,0,0,0,0,0,0,0,0,0,0,0,0,0
MOTU2254,0,0,0,0,0,0,0,0,0,0,0,0,0,0,0,0,0,0,0,0,0,0,0,0,0,0,0,0,0,0,0,0,0,0,0,0,0,0,0,0,0,0,0,0,0,0,0,0,0,0,0,0,0,0,0,0,0,0,0,0,0,0,0,0,0,0,0,0,0,0,0,0,0,0,0,0,0.028676639815880325,0,0,0,0,0,0,0,0,0,0,0,0,0,0,0,0,0,0,0,0,0.012795563656902263,0,0,0,0,0,0,0,0,0,0,0,0,0.006444188722669736,0,0,0,0,0,0,0,0,0,0,0,0,0,0,0,0,0,0,0,0,0,0,0,0,0,0,0,0,0,0,0,0,0,0,0,0,0,0,0,0,0,0,0,0.031161685632112045,0,0,0,0,0,0,0,0,0,0,0,0,0,0,0,0,0,0,0,0,0,0,0,0,0,0,0,0,0,0,0,1,0,0,0,0,0,0,0.013919843597262952,0,0,0,0,0,0,0,0,0
MOTU32939,0,0,0,0,0,0,0,0,0,0,0,0,0,0,0,0,0,0,0,0,0,0,0,0,0,0,0,0,0,0,0,0,0,0,0,0,0,0,0,0,0,0,0,0,0,0,0,0,0,0,0,0,0,0,0,0,0,0,0,0,0,0,0,0,0,0,0,0,0,0,0,0,0,0,0,0,0,0,0,0,0,1,0,0,0,0,0.22402790145443752,0,0,0,0,0,0,0,0,0.2418295418135213,0,0,0.14709608263496393,0,0,0,0,0,0,0,0,0,0,0,0,0,0.08487966711650922,0,0,0,0,0,0,0,0,0,0,0,0,0,0,0,0,0,0,0,0,0,0,0,0,0,0,0,0,0,0,0,0,0,0,0,0,0,0,0,0,0,0,0,0,0,0,0,0,0,0,0,0,0,0,0,0,0,0,0,0,0,0,0,0,0,0,0,0,0,0,0,0,0,0,0,0,0,0,0,0,0,0,0,0,0,0,0,0,0,0
MOTU356,0,0,0,0,0,0,0,0,0,0,0,0,0,0,0,0,0,0,0,0,0,0,0,0,0,0,0,0,0,0,0,0,0,0,0,0,0,0,0,0,0,0,0,0,0,0,0,0,0,0,0,0,0,0,0,0,0,0,0,0,0,0,0,0,0,0,0,0,0,0,0,0,0,0,0,0,0,0,0,0,0,0,0,0,0,0,0,0,0,0,0,0,0,0,0,0,0,0,0,0,0,0,0,0,0,0,0,0,0,0,0,0,0,0,0,0,0,0,0,0,0,0,0,0,0,0,0,0,0,0,0,0,0,0,0,0,0,0,0,0,0,0,0,0,0,0,0,0,0,0,0,0,0,1,0,0,0,0,0,0,0,0,0,0,0,0,0,0,0,0,0,0,0,0,0,0,0,0,0,0,0,0,0,0,0,0,0,0,0,0,0,0,0,0,0,0,0,0,0,0,0,0,0
MOTU543,0,0,0,0,0,0,0,0,0,0,0,0,0,0,0,0,0,0,0,0,0,0,0,0,0,0,0,0,0,0,0,0,0,0,0,0,0,0,0,0,0,0,0,0,0,0,0,0,0,0,0,0,0,0.6060423567198635,0,0,0,0,0,0,0,0,0,0,0,0,0,0,0.010679542962255475,0,0,0,0.006306532138455433,0,0,0.00767958892958893,0,0,0,0,0,1,0.006265451555078228,0.005634407398075829,0,0.07551865922486438,0.013275727493596299,0.003327821869488536,0,0.003381411198754512,0.002773184891240447,0.003734629753333828,0,0.0033699461969504164,0,0,0,0,0.010169605713034545,0,0,0.0024332694590025535,0,0.004734906407572087,0,0,0,0,0.0018433039039699114,0,0.0026505194807475187,0.0012620182259008444,0.0025149530997484217,0.027608596250571563,0.005425270005570831,0,0,0,0,0,0,0,0,0,0,0.002743585199725551,0,0,0,0,0,0,0,0,0.005043518936166659,0,0.005189224495408509,0,0,0,0,0,0,0,0,0,0,0,0,0.005305566539255745,0,0.00195139292870532,0.009544585131439591,0.0011776178495504458,0.010253536434187513,0,0,0,0,0,0,0,0,0,0,0,0,0,0,0,0,0,0.005699022161815231,0,0,0,0,0,0,0,0,0,0,0,0,0,0,0,0,0.006538878059345897,0,0,0,0,0,0,0,0,0,0,0,0,0
MOTU8795,0,0,0,0,0,0,0,0,0,0,0,0,0,0,0,0,0,0,0,0,0,0,0,0,0,0,0,0,0,0,0,0,0,0,0,0,0,0,0,0,0,0,0,0,0,0,0,0,0,0,0,0,0,0,0,0,0,0,0,0,0,0,0,0,0,0,0,0,0,0,0,0,0,0,0,0,0,0,0,0,0,0,0,0,0,0,0.2255862273671713,0,0,0,0,0,0,0,0,0,0,0,0,0,0,0,0,0.16091467287740843,0,0,0,0,0,0,0,0,0,0,0,0,0,0,0,0,0,0,0,0,0,0,0,0,0,0,0,0.4688463911165947,0,0,0,0,0,0,0,0,0,0,0,0,0,0,0,0,0,0,0,0,0,0,0,0,0,0,0,0,0,0,0,0,0,0,0,0,0,0,0,0,0,0,0,0,0,0,0,0,0.18410852713178294,0,0,0,0.4298642533936652,0,0,0,0,1,0,0,0,0,0,0,0,0,0,0,0,0,0
MOTU34285,0,0,0,0,0,0,0,0,0,0,0,0,0,0,0,0,0,0,0,0,0,0,0,0,0,0,0,0,0,0,0,0,0,0,0,0,0,0,0,0,0,0,0,0,0,0,0,0,0,0,0,0,0,0,0,0,0,0,0,0,0,0,0,0,0,0,0,0,0,0,0,0,0,0,0,0,0,0,0,0,0,0,0,0,0,0,0,0,0,0,0,0,0,0,0,0,0,0,0,0,0,0,0,0,0,0,0,0,0,0,0,0,0,0,0,0,0,0,0,0,0,0,0,0,0,0,0,0,0,0,0,0,0,0,0,0,0,0,0,0,0,0,0,0,0,0,0,0,0,0,0,0,0,0,0,0,0,0,0,0,0,0,0,0,0,0,0,0,0,0,0,0,0,0,0,0,0,0,0,0,0,0,0,0,0,0,0,0,0,0,0,0,0,0,0,0,0,0,1,0,0,0,0
MOTU15232,0,0,0,0,0,0,0,0,0,0,0,0,0,0,0,0,0,0,0,0,0,0,0,0,0,0,0,0,0,0,0,0,0,0,0,0,0,0,0,0,0,0,0,0,0,0,0,0,0,0,0,0,0,0,0,0,0,0,0,0,0,0,0,0,0,0,0,0,0,0,0,0,0,0,0,0,0,0,0,0,0,0,0,0,0,0,0,0,0,0,0,0,0,0,0,0,0,0,0,0,0,0,0,0,0,0,0,0.18629807692307693,0,0,0,0,0,0,0,0,0,0,0,0,0,0,0,0,0,0,0,0,0,0,0,0,0,0,0,0,0,0,0,0,0,0,0,0,0,0,0,0,0,0,0,0,0,0,0,0,0,0,0,0,0,0,0,0,0,0,0,0,0,0,0,0,0,0,0,0,0,0,0,0,0,0,0,0,0.13150452488687783,0,0,0,0,0,0,0,0,1,0,0,0,0,0,0,0,0,0
MOTU25112,0,0,0,0,0,0,0,0,0,0,0,0,0,0,0,0,0,0,0,0,0,0,0,0,0,0,0,0,0,0,0,0,0,0,0,0,0,0,0,0,0,0,0,0,0,0,0,0,0,0,0,0,0,0,0,0,0,0,0,0,0,0,0,0,0,0,0,0,0,0,0,0,0,0,0,0,0,0,0,0,0,0,0,0,0,0,0,0,0,0,0,0,0,0,0,0,0,0,0,0,0,0,0,0,0,0,0,0,0,0,0,0,0,0,0,0,0,0,0,0,0,0,0,0,0,0,0,0,0,0,0,0,0,0,0.3897158322056834,0,0,0,0,0.2801556420233463,0,1,0,0,0,0,0,0,0,0,0,0,0,0,0,0,0,0,0,0,0,0,0,0,0,0,0,0,0,0,0,0,0,0,0,0,0,0,0,0,0,0,0,0,0,0,0,0,0,0,0,0,0,0,0,0,0,0,0,0,0,0,0
MOTU9490,0,0,0,0,0,0,0,0,0,0,0,0,0,0,0,0,0,0,0,0,0,0,0,0,0,0,0,0,0,0,0,0,0,0,0,0,0,0,0,0,0,0,0,0,0,0,0,0,0,0,0,0,0,0,0,0,0,0,0,0,0,0,0,0,0,0,0,0,0,0,0,0,0,0,0,0,0,0,0,0,0,0,0,0,0,0,0,0,0,0,0.18303571428571425,0,0,0,0,0,0,0,0,0,0,0,0,0,0,0,0,0.09855769230769229,0,0,0,0,0,0,0,0,0,0,0,0,0,0,0,0,0,0,0,0,0,0,0,0,0,0,0,0,0,0,0,0,0,0,0,0,0,0,0,0,0,0,0,0,0,0,0.6767537826685006,0,0,0,0,0,0,0,0,0,0,0,0,0,0,0,0,0,0,0,0,0,0,0,1,0,0,0,0,0,0,0,0,0,0,0,0,0,0,0,0,0,0.3574282600799128,0,0,0,0,0,0
MOTU418,0,0,0,0,0,0,0,0,0,0,0,0,0,0,0,0,0,0,0,0,0,0,0,0,0,0,0,0,0,0,0,0,0,0,0.22574565135810823,0.0013298301619469502,0,0,0,0,0,0,0,0,0,0,0,0,0,0,0,0,0,0,0,0,0,0,0,0,0,0,0,0,0,0,0,0,0,0,0,0,0,0,0,0,0,0,0,0,6.916079768873288e-4,0,0,0,0,0,0,0,0,0,0,0,0,0,0,0,0,0,0,0.08366346133837678,0,0,0,0,0,0,0,0,0,0,0,0,0,0,0,0,0,0,0,0,0,0,0,0,0,7.968213116119378e-4,0,0,0,0,0,0,0,0,0,0.29490313671335566,0,0,0,0,0,0,0,0,0,0,0,0,0,0,0,0,0,0,0,0,0,0,0,0,0,0,0,0,0,0,0,0,1,0,0,0,0,0,0,7.655457933697437e-4,0,0.006961297439387894,0.030802326271437894,0,0,0,0,0,0,0,0.006081358156319199,0,0,0,0,0,0,0,0,0,0.0023592046897743936,0,0,0,0,0,0
MOTU452,0,0,0,0,0,0,0,0,0,0,0,0,0,0,0.014697883295748202,0,0,0,0,0,0,0,0,0,0,0,0,0,0,0,0,0,0,0,0,0,0,0,0,0,0,0,0,0,0,0,0,0,0,0,0,0,0,0,0,0,0,0,0,0,0,0,0,0,0,0,0,0,0,0,0,0,0,0,0,0,0,0,0,0,0,0,0,0,0,0,0,0,0,0,0,0,0,0,0,0,0,0,0,0,0,0,0,0,1,0,0,0,0,0,0,0,0,0,0,0,0,0,0,0,0,0,0,0,0,0,0,0,0,0,0,0,0,0,0,0,0,0,0,0,0,0,0,0,0,0,0,0,0,0,0,0,0,0,0,0,0,0,0,0.00256057463705802,0,0,0,0,0,0,0,0,0,0,0,0,0,0,0,0,0,0,0,0,0,0,0,0,0,0,0,0.48507845733256083,0,0,0,0,0,0,0,0,0,0,0,0,0,0,0
MOTU9444,0,0,0,0,0,0,0,0,0,0,0,0,0,0,0,0,0,0,0,0,0,0,0,0,0,0,0,0,0,0,0,0,0,0,0,0,0,0,0,0,0,0,0,0,0,0,0,0,0,0,0,0,0,0,0,0,0,0,0,0,0,0,0,0,0,0,0,0,0,0,0,0,0,0,0,0,0,0,0,0,0,0,0,0,0,0,0,0,0,0,0,0,0,0,0,0,0,0,0,0,0,0,0,0,0,0,0,0,0,0,0,0,0,0,0,0,0,0,0,0,0,0,0,0,0,0,0,0,0,0,0,0,0,0,0,0.14574938574938576,0,0,0,0,0,0,0,0,0,0,0,0,0,0,0,0,0,0,0,0,0,0,0,0,0,0,0,0,0,0,0,0.3164746052069996,1,0,0,0,0,0,0,0,0,0,0.5480413895048042,0,0,0,0,0,0,0,0,0,0,0,0,0,0,0,0,0,0,0,0,0,0,0,0
MOTU2836,0,0,0,0,0,0,0,0,0,0,0,0,0,0,0,0,0,0,0,0,0,0,0,0,0.304814371257485,0.3858091898874331,0.6727104532839963,0,0,0,0,0,0,1,0.13164373642288196,0,0,0,0,0,0,0,0,0,0,0,0,0,0,0,0,0,0,0,0,0,0,0,0,0,0,0,0,0,0,0,0,0,0,0,0,0,0,0,0,0,0,0,0,0,0,0,0,0,0,0,0,0,0,0,0,0,0,0,0,0,0,0,0,0,0,0,0,0,0,0,0,0,0,0,0,0,0,0,0,0,0,0,0,0,0,0,0,0,0,0,0,0,0,0,0,0,0,0,0,0,0,0,0,0,0,0,0,0,0,0,0,0,0,0,0,0,0,0,0,0,0,0,0,0,0,0,0,0,0,0,0,0,0,0,0,0,0,0,0,0,0,0,0,0,0,0,0,0,0,0,0,0,0,0,0,0,0,0,0,0,0,0,0,0,0,0,0
MOTU10551,0,0,0,0,0,0,0,0,0,0,0,0,0,0,0,0,0,0,0,0,0,0,0,0,0,0,0,0,0,0,0,0,0,0,0,0,0,0,0,0,0,0,0,0,0,0.4248704663212435,0,0.5301724137931034,0,0,0,0,0,0,0,0,0,0,0,0,0,0,0,0,0,0,0,0,0,0,0,0,0,0,0,0.08447802197802197,0,0,0,0,0,0,0,0,0,0,0,0,0,0,0,0,0,0,0,0,0,0,0,0,0,0,0,0,0,0,0,0,0,0,0,0,0,0,0,0,0,0,0,0,0,0,0,0,0,0,0,0,0,0,0,0,0,0,0,0,0,0,0,0,0,0,0,0,0,0,0,0,0,0,0,0,0,0,0,0,0,0,0,0,0,0,0,0,0,0,0,0,0,0,0,0,0,0,0,0,0,0,1,0,0,0,0,0,0,0,0,0,0,0,0,0,0,0,0,0,0,0,0,0,0,0,0
MOTU11510,0,0,0,0,0,0,0,0,0,0,0,0,0,0,0,0,0,0,0,0,0,0,0,0,0,0,0,0,0,0,0,0,0,0,0,0,0,0,0,0,0,0,0,0,0,0,0,0,0,0,0,0,0,0,0,0,0,0,0,0,0,0,0,0,0,0,0,0,0,0,0,0,0,0,0,0,0,0,0,0,0,0,0,0,0,0,0,0,0,0,0,0,0,0,0,0,0,0,0,0,0,0,0,0,0,0,0,0,0,0,0,0,0,0,0,0,0,0,0,0,0,0,0,0,0,0,0,0,0,0,0,0,0,0,0,0,0,0,0,0,0,0,0,0,0,0,0,0,0,0,0,0,0,0,0,0,0,0,0,0,0,0,0,0,0,0,0,0,0,0,0,0,0,0,0,0,0,0,0,0,0,0,0,0,0,0,0,0,0,0,0,0,0,0,0,0,0,0,0,0,1,0,0.09580370229629227
MOTU13129,0,0,0,0,0,0,0,0,0,0,0,0,0,0,0,0,0,0,0,0,0,0,0,0,0,0,0,0,0,0,0,0,0,0,0,0,0,0,0,0,0,0,0,0,0,0,0,0,0,0,0,0,0,0,0,0,0,0,0,0,0,0,0,0,0,0,0,0,0,0,0,0,0,0,0,0,0,0,0,0,0,0,0,0,0,0,0,0.1866964285714286,0,0,0,0,0,0,0,0,0,0,0,0,0,0,0,0,0,0,0,0.25132211538461535,0,1,0,0,0,0,0,0,0,0,0,0,0,0,0,0,0,0,0,0,0,0,0,0,0,0,0,0,0,0,0,0,0,0,0,0,0,0,0,0,0,0,0,0,0,0,0,0,0,0,0,0,0,0,0,0,0,0,0,0,0,0,0,0,0,0,0,0,0,0,0,0,0,0,0,0,0,0,0,0,0,0,0,0,0,0,0,0,0,0,0,0,0,0,0
MOTU21927,0,0,0,0,0,0,0,0,0,0,0,0,0,0,0,0,0,0,0,0,0,0,0,0,0,0,0,0,0,0,0,0,0,0,0,0,0,0,0,0,0,0,0,0,0,0,0,0,0,0,0,0,0,0,0,0,0,0,0,0,0,0,0,0,0,0,0,0,0,0,0,0,0,0,0,0,0,0,0,0,0,0,0,0,0,0,0,0,0,0,0,0,0,0,0,0,0,0,0,0,0,0,0,0,0,0,0,0,0,0,0,0,0,0,0,0,0,0,0,0,0,0,0,0,0,0,0,1,0,0,0,0,0,0,0,0,0,0,0,0,0,0,0,0,0,0,0,0,0,0,0,0,0,0.21927330173775672,0,0,0,0,0,0,0,0,0,0,0,0,0,0,0,0,0,0,0,0,0,0,0,0,0,0,0,0,0,0,0,0,0,0,0,0,0,0,0,0,0,0,0,0,0,0,0,0,0
MOTU29052,0,0,0,0,0,0,0,0,0,0,0,0,0,0,0,0,0,0,0,0,0,0,0,0,0,0,0,0,0,0,0,0,0,0,0,0,0,0,0,0,0,0,0,0,0,0,0,0,0,0,0,0,0,0,0,0,0,0,0,0,0,0,0,0,0,0,0,0,0,0,0,0,0,0,0,0,0,0,0,0,0,0,0,0,0,0,0,0,0,0,0,0,0,0,0,0,0,0,0,0,0,0,0,0,0,0,0,0,0,0,0,0,0,0,0,0,0,0,0,0,0,0,0,0,0,0,0,0,0,0,0,0,0,0,0,0,0,0,0,0,0,0,0,0,0,1,0,0,0,0,0,0,0,0,0,0,0,0,0,0,0,0,0,0,0,0,0,0,0,0,0,0,0,0,0,0,0,0,0,0,0,0,0,0,0,0,0,0,0,0,0,0,0,0,0,0,0,0,0,0,0,0,0
MOTU31754,0,0,0,0,0,0,0,0,0,0,0,0,0,0,0,0,0,0,0,0,0,0,0,0,0,0,0,0,0,0,0,0,0,0,0,0,0,0,1,0,0,0,0,0,0,0,0,0,0,0,0,0,0,0,0,0,0,0,0,0,0,0,0,0,0,0,0,0,0,0,0,0,0,0,0,0,0,0,0,0,0,0,0,0,0,0,0,0,0,0,0,0,0,0,0,0,0,0,0,0,0,0,0,0,0,0,0,0,0,0,0,0,0,0,0,0,0,0,0,0,0,0,0,0,0,0,0,0,0,0,0,0,0,0,0,0,0,0,0,0,0,0,0,0,0,0,0,0,0,0,0,0,0,0,0,0,0,0,0,0,0,0,0,0,0,0,0,0,0,0,0,0,0,0,0,0,0,0,0,0,0,0,0,0,0,0,0,0,0,0,0,0,0,0,0,0,0,0,0,0,0,0,0
MOTU3266,0,0,0,0,0,0,0,0,0,0,0,0,0,0,0,0,0,0,0,0,0,0,0,0,0,0,0,0,0,0,0,0,0,0,0,0,0,0,0,0,0,0,0,0,0,0,0,0,0,0,0,0,0,0,0,0,0,0,0,0,0,0,0,0,0,0,0,0,0,0,0,0,0,0,0,0,0,0,0,0,0,0,0.8623660432864048,0,0.8382352941176471,0,0,0,0,0,0,0,0,0,0,0,0,0,0,0,0,0,0,0,0,0,0,0,0,0,0,0.5404063205417607,0,0,0,0,0,0,0,0,0,0,0,0,0,0,0,0,0,0,0,0,0,0,0,0,0,0,0,0,0,0,0,0,0,0,0,0,0.46153846153846156,0,0,0,0,0,0,0,0,0,0,0,0,0,0,0,0,0,0,0,0,0,0,0,0,0,0,0,0,0,0,0,0,0.13036020583190394,0.16657534246575345,0,0,0,0.18298555377207062,0,0,1,0,0,0,0,0,0,0,0,0,0,0,0,0
MOTU18019,0,0,0,0,0,0,0,0,0,0,0,0,0,0,0,0,0,0,0,0,0,0,0,0,0,0,0,0,0,0,0,0,0,0,0,0,0,0,0,0,0,0,0,0,0,0,0,0,0,0,0,0,0,0,0,0,0,0,0,0,0,0,0,0,0,0,0,0,0,0,0,0,0,0,0,0,0,0,0,0,0,0,0,0,0,0,0,0,0,0,0,0,0,0,0,0,0,0,0,0,0,0,0,0,0,0,0,0,0,1,0,0,0,0,0,0,0,0,0,0,0,0,0,0,0,0,0,0,0,0,0,0,0,0,0,0,0,0,0,0,0,0,0,0,0,0,0,0,0,0,0,0,0,0,0,0,0,0,0,0,0,0,0,0,0,0,0,0,0,0,0,0,0,0,0,0,0,0,0,0,0,0,0,0,0,0,0,0,0,0,0,0,0,0,0,0,0,0,0,0,0,0,0
MOTU2530,0,0,0,0,0,0,0,0,0,0,0.0581353919239905,0,0,0,0,0,0,0,0,0,0,0,0,0,0,0,0,0,0,0,0,0,0,0,0,0,0,0,0,0,0,0,0,0,0,0,0,0,0,0,0.04028143515470704,0,0,0,0,0,0,0,0,0,0,0,0,0,0,0,0,0,0,0,0,0,0,0,0,0,0,0,0,0,0,0,0,0,0,0,0,0.018210565476190477,0,0,0,0.020436706746826988,0.041794740437158466,0,0,0.5489426465876321,1,0.656629483196837,0,0,0,0,0,0,0,0,0,0,0,0,0,0,0,0.15108024691358024,0,0,0,0,0,0,0,0,0,0,0,0,0.18522956609485366,0.08816642651296829,0,0,0,0,0,0,0,0,0,0,0,0,0,0,0.33665749656121047,0,0,0,0,0,0,0.17419928825622777,0.18583902809415337,0.12814136125654452,0,0.019332543443917848,0,0,0,0,0,0,0,0,0,0,0.3620732165500399,0.03944717543718269,0,0,0,0,0,0,0,0,0,0.4327263083451202,0,0,0,0,0,0,0,0,0,0,0,0,0.03464750849377123,0.16101973684210524,0.03242580816110228,0,0,0,0,0,0,0,0,0,0,0,0
MOTU6020,0,0,0,0,0,0,0,0,0,0,0,0,0,0,0,0.05454265000771248,0,0,0,0,0,0,0,0,0,0,0,0,0,0,0,0,0,0,0,0,0.8404040404040404,0,0,0,0,0,0,0,0,0,0,0,0,0,0,0,0,0,0,0,0,0,0,0,0,0,0,0,0,0,0,0,0,0,0,0,0,0,0,0,0,0,0,0,0,0,0,0,0,0,0,0.1753968253968254,0,0,0,0,0,0,0,0,0,0,0.4594296108620801,0.7467004540175272,0.6412767500906783,0,0,0.24955889618180535,0,0,0,0.4722222222222222,0,0,0,0,0,0,0,0,0,0,0,0,0,0,0,0,0,0,0,0,0,0,0,0,0,0,0,0,0,0,0,0,0,0,0,0,0,0,0,0,0,0,0,0,0,0,0,0,0,0,0,0,0,0,0,0,0,0,0,0,0,0,0,0,0,0,0,0,0,0,0,0,0,0,0,0.3602832543685363,1,0,0,0,0,0,0,0,0,0,0,0,0,0,0,0,0,0,0
MOTU674,0,0,0,0.02740807579517257,0.04348443939178628,0.15286119500683287,0.1553124295059779,0.328221833783569,0,0.034433608402100524,0.08440732510918704,0.5957886640065382,0.008937046393784957,0.018238289812650247,0.02138115756375917,0.02055499992536311,0.016861096679733623,0.013648828731593959,0,0.02503909517401898,0,0.24155540395672936,0.0997963487726571,0.16181914331041777,0.12767239714120146,0.11065903124609348,0.3835158604637284,0,0,1,0.4783132251117338,0.971194179442444,0.14215709890775446,0.09773235388054934,0.12865852234238861,0.027284615994293413,0.06334310850439882,0.05385252152601698,0.24230501221203185,0,0,0,0,0,0,0,0,0,0,0,0,0,0,0,0,0,0,0,0,0,0,0,0,0,0,0.11658623317246634,0,0,0.06363804418153249,0.10662351137472317,0.08665500358702628,0,0,0,0,0,0.05622703144140465,0,0,0,0,0,0,0,0,0,0,0,0,0,0,0,0,0,0,0.042697233103533815,0.015124056805825561,0.0250885935265234,0,0,0,0,0,0,0,0,0,0,0,0,0,0,0,0,0,0,0,0,0,0,0,0,0,0,0,0,0,0,0.046708049252060645,0,0,0,0,0.076453278551996,0,0,0,0,0,0,0,0,0,0,0,0,0,0,0,0,0.10118304063487397,0,0,0,0,0,0.059012238350914355,0,0.03297813911010915,0.06285757760194766,0.08196893247916548,0.060352384291725104,0,0,0,0.1038086300525893,0,0,0.029952363343701736,0,0,0,0,0,0,0,0,0,0.18056648308418569,0,0,0,0,0,0,0,0,0,0,0,0,0.02609832834236761,0.011100675956193847,0.013646499182399286,0,0,0,0,0,0,0,0,0
MOTU20084,0,0,0,0,0,0,0,0,0,0,0,0,0,0,0,0,0,0,0,0,0,0,0,0,0,0,0,0,0,0,0,0,0,0,0,0,0,0,0,0,0,0,0,0,0,0,0,0,0,0,0,0,0,0,0,0,0,0,0,0,0,0,0,0,0,0,0,0,0,0,0,0,0,0,0,0,0,0,0,0,0,0,0,0,0,0,0,0,0,0,0,0.08800935203740816,0,0,0,0,0,0,0,0,0,0,0,0,0,0,0,0,0,0,0,0,0,0,0,0,0,0,0,1,0,0,0,0,0,0,0,0,0,0,0,0,0,0,0,0,0,0,0,0,0,0,0,0,0,0,0,0,0,0,0,0,0,0,0,0,0,0,0,0,0,0,0,0,0,0,0,0,0,0,0,0,0,0,0,0,0,0,0,0,0,0,0,0,0,0,0,0,0,0,0,0,0,0,0,0,0,0,0,0,0,0,0
MOTU3456,0,0,0,0,0,0,0,0,0,0,0,0,0,0,0,0,0,0,0,0,0,0,0,0,0,0,0,0,0,0,0,0,0,0,0,0,0,0,0.08520619681431378,0,0,0,0,0,0,0,0,0,0,0,0,0,0,0,0,0,0,0,0,0,0,0,0,0,0,0,0,0,0,0,0.6094420600858369,0,0,0,0,0,0,0,0.6374931978958825,0,0,0,0.08205505358268544,0,0,0,0,0.40677083333333336,0.63290113452188,0,0,0,0,0,0,0,0,0.11027958203897205,0.22831806665367377,0.12369337979094078,0,0,0,0.1653609993648105,0,0,0,0.07822516025641026,0,0,0.027769876262267106,0,0,0,0,0,0,0,0,0,0,0,0,0,0,0,0,0,0,0,0.18746999519923188,0,0,0,0,0,0,0,0,0,0,0,0,0,0,0,0.25506205094709344,0,0,0,0,0,1,0,0,0,0,0,0,0,0,0,0,0,0,0,0,0,0,0,0,0,0,0,0,0,0,0,0,0,0,0,0.21397260273972601,0,0,0,0,0.3208709942481512,0.3316817667044168,0,0.5173555908850027,0,0,0,0,0,0,0,0,0.15990990990990991,0,0,0
MOTU1279,0,0,0,0,0,0,0,0,0,0,0,0,0.001710175544489714,0,0.002727637384677096,0,0,0.0011608057357459882,0,0,0,0,0,0,0,0.003137110167927662,0,0,0,0,0,0,0,0,0.049239681390296886,0,0,0,0,0,0,0,0,0,0,0,0,0,0,0,0,0,0,0,0.021963824289405687,0,0,0,0,0,0,0,0,0,0,0,0,0,0,0,0,0,0,0,0,0,0,0,0.06167241066569926,0,0,0,0,0.35978835978835977,1,0.2583368509919797,0,0.00505952380952381,0,0.007711499206169199,0,0,0,0,0,0,0,0.00960180739903982,0.07289027480023387,0,0,0.005549208421739841,0,0.02879525725174677,0,0,0,0.17708333333333331,0.1513353115727003,0.0921409214092141,0,0,0,0,0.024745269286754003,0,0,0,0,0,0,0,0,0,0,0,0,0,0,0,0,0,0,0,0,0,0,0,0,0,0,0,0,0,0,0,0,0,0,0,0.025816249050873197,0.008900523560209424,0,0,0,0,0,0,0,0,0,0,0,0,0,0,0.005865608556887777,0,0,0,0,0,0,0,0,0,0,0,0.06910569105691058,0,0.016472868217054265,0,0.012420091324200914,0,0.009615384615384616,0,0.013643659711075442,0,0,0,0,0,0,0,0,0,0,0,0,0,0,0,0
MOTU1946,0,0,0,0,0,0,0,0,0,0,0,0,0,0,0,0,0,0,0,0,0,0,0,0,0,0,0,0,0,0,0,0,0,0,0,0,0,0,0,0,0,0,0,0,0,0,0,0,0,0,0,0,0,0,0,0,0,0,0,0,0,0,0,0,0,0,0,0,0,0,0,0,0,0,0,0,0,0,0.0724577289061236,0,0,0,0,0,0,0,0,0,0,0,0,0,0.02728548220351499,0.01805874590684717,0,0,0.013600934949249556,0.022561957608554617,0,0,0,0,0,0,0,0,0,0,0,0,0,0,0,0,0,0,0,0,0.13967113967113967,0,0,0,0,0,0,0,0,0,0,0,0,0,0,0,1,0,0.20855871534604567,0.046073755416315976,0.04148073306951812,0,0,0,0,0,0,0,0,0,0,0,0,0,0,0,0,0,0,0,0,0,0,0,0,0,0,0,0,0,0,0,0,0,0,0,0,0,0,0,0,0,0,0,0.007296063186474145,0.024420569124833223,0.0790785129020423,0,0,0,0,0,0,0,0,0,0,0.026345224036897576,0,0,0,0,0,0,0
MOTU10595,0,0,0,0,0,0,0,0,0,0.3222374221006232,0,0,0,0,0,0,0,0,0,0,0,0,0,0,0,0.03835451877743162,0,0,0,0,0,0,0,0,0,0,0,0,0.04535089182956622,0,0,0.056710269373779536,0,0,0,0,0,0,0,0,0.06841446255921724,0,0,0,0,0,0,0,0,0,0,0,0,0,0,0,0.49723238577727746,0,0,0,0,0,0,0,0,0,0.5261851576073467,0.5356781888012937,0,0,0,0,0,0,0,0,0,0,0,0,0,0,0,0,0,0,0,0,0,0,0,0,0,0,0,0,0,0,0,0.06626594524307411,0,0,0,0.25659646574679257,0,0,0,0,0,0,0,0,0,0,0,0.07649729011958115,0,0,0,0,0,0,0,0,0,0,0,0,0,0,0,0,0,0,0,0,0.13575645803716654,0,0,0,0,0,0,0,0,0,0,0,0,1,0,0,0,0,0,0,0,0,0,0,0,0,0,0,0,0,0,0,0,0,0,0,0,0,0,0,0,0,0,0,0,0,0,0,0,0,0,0,0,0,0,0,0
MOTU11579,0,0,0,0,0,0,0,0,0,0,0,0,0,0,0,0,0,0,0,0,0,0,0,0,0,0,0,0,0,0,0,0,0,0,0,0,0,0,0,0,0,0,0,0,0,0,0,0,0,0,0,0,0,0,0,0,0,0,0,0,0,0,0,0,0,0,0,0,0,0,0,0,1,0,0,0,0,0,0,0,0,0,0,0,0,0,0,0,0,0,0,0,0,0,0,0,0,0,0,0,0,0,0,0,0,0,0,0,0,0,0,0,0,0,0,0,0,0,0,0,0,0,0,0,0,0,0,0,0,0,0,0,0,0,0,0,0,0,0,0,0,0,0,0,0,0,0,0,0,0,0,0,0,0,0,0,0,0,0,0,0,0,0,0,0,0,0,0,0,0,0,0,0,0,0,0,0,0,0,0,0,0,0,0,0,0,0,0,0,0,0,0,0,0,0,0,0,0,0,0,0.8037171350861287,0.3393626184323859,0.25666359046740134
MOTU1960,0,0,0,0,0,0,0,0,0,0,0,0,0,0,0,0,0,0,0,0,0,0,0.00886192865523353,0,0.03779108449767132,0,0,0,0,0.37238763818284515,0,0,0.01683142498162767,0,0,0,0,0,0.017213373093800763,0,0,0,0.07043650793650794,0.571658615136876,1,0,0,0,0,0,0,0,0,0,0,0,0,0,0,0,0,0,0.08251975825197581,0,0,0,0,0,0,0,0,0,0,0,0,0,0,0,0,0,0.008400477999029803,0.06532700305472747,0.016576778501552612,0,0,0,0,0,0,0,0,0,0,0,0.03870897393959219,0,0,0,0,0,0,0,0,0,0,0.2423960273122284,0,0,0,0,0,0,0.03105163192882491,0,0,0,0,0,0,0.1496942863166772,0.05904856952761144,0.11868940153794716,0,0,0,0,0,0,0,0,0,0,0,0,0,0,0,0,0,0.019185041072200607,0,0,0.05425645728259208,0,0,0,0,0,0.03992352676563203,0,0,0,0,0,0,0,0,0,0,0,0,0,0,0,0,0,0,0,0,0,0,0,0,0,0,0,0,0,0,0,0,0,0,0,0,0,0,0,0,0,0,0,0,0,0,0,0,0,0,0,0.006705197944998489,0,0
MOTU24,0.002293280484071149,2.4034616472248265e-4,3.614983405638191e-4,0,0,0,0,0,0,0,0,0,0,0,0,0,0,0,0,0,0,0,0,0,0,0,0,0,0,0,0,0,0,0,0,0,0,0,0,0,0,0,0,0,0,0,0,0,5.571989164136835e-4,9.302733048419884e-4,0,0,0,0,0,0,0,0,0,0,0,0,0,0,0,0,0,0,0,0,0,0,0.0025901264350549776,0,0.0045899991697675915,0,0,0,0,0,0,0,0,0,0,0,0,0,0,0,0,0,0,0,0,0,0,0,0,0,0,0,0,0,0,0,0,0,0,0,0,0,0,0,0,0,0,0,0,0,0,0,0,0,0,0.0018780084935805324,0.0010297778157534422,0.005146663334208666,0,0,0,0,0,0,0,5.516269272495466e-4,0,0,0,0,0,0,0,0,0,0,0,5.601041796990458e-4,0,0,0,5.342983326762625e-4,0.01698671907855518,6.448719212711919e-4,0.012633546545673936,0,0,0,0,0,0,0,0,0,0,0,8.802810449509715e-5,0,0,0,0,0,7.802062808957655e-4,0,0,7.217183984523771e-4,0,0,0.0020742069418936207,0,0,0,0,0,0,0,0,0,0,0,0,0.001199188972281623,2.5503181692156974e-4,0,0,0,3.7069008914335683e-4,0,0.0010619248859642678,0,0.9705483194622235,1,0.9934749752878411
MOTU249,0,0,0,0,0,7.600372418248495e-4,0,0,0,0.20356448628773507,0.0030426764070584354,0,0,0,0,0,0,0,0.007132331666879739,0,0,0.017414956051879777,0,0.002916591000390713,0,0,0.003949943778512492,0,0,0,0,0,0,0,0,0,0,0.001294167273561933,0.025155358730840956,0,0,0,0.03431160984031075,0.02320591969876089,0.018041785455938045,0,0.023928395405447098,0.013803521200125013,0.047210077421557785,0.029192496977474957,0.014757681651746558,0,0,0,0,0,0,0,0,0,0,0.026576074011858946,0,0.026035909905926857,0.030211480362537766,0,0.015322568987698579,0,0,0.021523685481519946,0.0049979194981334425,0.028256619868491203,0,0.0068795207699871175,0.009602449530521749,0.3541134092493609,0.2634899996175762,0.8006042296072508,0,0,6.820182980362056e-4,0,0,0,0,0,0,0,0,0,0,0,0.002187443250293035,0,0.006285411027338573,0,0,0.0018087641448342295,0,0,0,0,0,0,0,0,0,0,0,0.003063048224226689,0,3.614466047888265e-4,0,0.015814404535451868,0,0,0,0,0,0.012153384889673637,0.01917614921214972,0,0,0,0,0.037717092892796504,0.02262050295560345,0.0553732032005015,0,0,0,0,0,0,0,0,0,0,0,0,0.022194968741587152,0.027798757972473987,0.052859701542156856,0,0,0,0.00418343163739909,0.014061106118239311,0.0064826253409493995,0.00911720119125695,0.014589598717216415,0.003353316144951836,0.00820081157088093,0.0010118220911308066,0,0,0,0.0039041961821749504,0,1,0,0,0.0039806301037029245,0,0,0,0,0,0,0.057000948386276756,0,0,0,0,0,0,0,0,0,0,0,0,0,0,0,0,0,0,0,0,0,0.015052488453250308,0.0056021288089474,0.015741527095196328,0,0.0010560319599106358,0.002326492494318201,0,0,0,0,3.677768496616713e-4,0
MOTU26736,0,0,0,0,0,0,0,0,0,0,0.17364239495454173,0,0,0,0,0,0,0,0,0,0,0,0.08212025193873519,0,0,0,0,0,0,0,0,0,0,0,0,0,0,0,0,0,0,0,0,0,0,0,0,0,0,0,0,0,0,0,0,0,0,0,0,0,0,0,0,0,0,0,0,0,0,0.1754763520784015,0,0,0,0,0,0,0,0,0,0,0,0,0,0,0,0,0,0,0,0,0,0,0.24967024684379122,0,0,0,0,0,0,0,0,0,0,0,0,0,0,0,0,0,0,0,0,0,0,0,0,0,0,0,0,0,0,0,0,0,0,0,0,0,0,0,0,0,0,0,0,0,0,0,0,0,0,0,0,0,0,0,0,0,0,0,0,0,0,0,0,0,0,1,0,0,0,0,0,0,0,0,0,0,0,0,0,0,0,0,0,0,0,0,0,0,0,0,0,0,0,0,0,0,0,0,0.04567252797442339,0,0,0,0,0,0,0,0,0,0
MOTU29468,0,0,0,0,0,0,0,0,0,0,0,0,0,0,0,0,0,0,0,0,0,0,0,0,0,0,0,0,0,0,0,0,0,1,0,0,0,0,0,0,0,0,0,0,0,0,0,0,0,0,0,0,0,0,0,0,0,0,0,0,0,0,0,0,0,0,0,0,0,0,0,0,0,0,0,0,0,0,0,0,0,0,0,0,0,0,0,0,0,0,0,0,0,0,0,0,0,0,0,0,0,0,0,0,0,0,0,0,0,0,0,0,0,0,0,0,0,0,0,0,0,0,0,0,0,0,0,0,0,0,0,0,0,0,0,0,0,0,0,0,0,0,0,0,0,0,0,0,0,0,0,0,0,0,0,0,0,0,0,0,0,0,0,0,0,0,0,0,0,0,0,0,0,0,0,0,0,0,0,0,0,0,0,0,0,0,0,0,0,0,0,0,0,0,0,0,0,0,0,0,0,0,0
MOTU4458,0,0,0,0,0,0,0,0,0,0,0,0,0,0,0,0,0,0,0,0,0,0,0,0,0,0,0,0,0,0,0,0,0,0,0,0,0,0,0,0,0,0,0,0,0,0,0,0,0,0.6994570171614284,0,0,0,0,0,0,0,0,0,0,0,0,0,0,0,0,0,0,0,0,0,0,0,0,0,0,0,0,0,0,0,0,0,0,0,0,0,0,0,0,0,0,0,0,0,0,0,0,0,0,0,0,0,0,0,0,0,0,0,0,0,0,0,0,0,0,0,0,0,0,0,0,0,0,0,0,0,0,0,0,0,0,0,0,0,0,0,0,0,0,0,0,0,0,0,0,0,0,0,0,0,0,0,0,0,0,0,0,0,0,0,0,0,0,0,0,0,0,0,0,0,0,0,0,0,0,0,0,0,0,0,0,0,0,0,0,0,0,0,0,0,0,0.09587708956967225,0,0,0,0,0,0,0,1,0,0
MOTU6242,0,0,0,0,0,0,0,0,0,0,0,0,0,0,0,0,0.023263380510818287,0,0,0,0,0,0,0,0,0,0,0,0,0,0,0,0,0,0,0,0,0,0,0,0,0,0,0,0,0,0,0,0.03903903903903904,0,0.04707044107965767,0,0,0,0,0,0,0,0,0,0,0,0,0,0,0,0,0,0,0,0,0,0,0.15359828141783027,0,0.04910714285714286,0.09050632911392405,0.3685567010309278,0,0,0,0,0.0600966589619668,0.054043839758125475,0,0,0,0,0,0,0,0,0,0,0,0,0.04868913857677902,0,0,0,0,0,0,0,0,0,0,0,0,0,0.010169250462238658,0,0,0,0,0,0,0,1,0,0,0,0,0,0,0,0,0,0,0,0,0,0,0,0,0,0,0,0,0.06955252918287938,0,0,0,0,0,0,0,0,0,0.101779359430605,0,0,0,0,0,0,0.013569937369519832,0.014528091029157777,0,0,0,0,0,0,0,0,0,0,0,0,0,0,0,0,0,0,0,0,0,0,0,0,0,0,0,0,0,0,0,0,0,0,0,0,0,0,0,0,0,0,0,0,0
MOTU6441,0,0,0,0,0,0,0,0,0,0,0,0,0,0,0,0,0.11496122769914864,0,0,0,0,0,0,0,0,0,0,0,0,0,0,0,0,0,0,0,0,0,0,0,0,0,0,0,0,0,0,0,0,0,0,0,0,0,0,0,0,0,0,0,0,0,0,0,0,0,0,0,0,0,0,0,0,0,0,0,0,0,0,0,0,0,0,0,0,0,0,0,0,0,0,0,0,0,0,0,0,0,0,0,0,0,0,0,0,0,0,0,0,0,0,0,0,0,0,0,0,0,0,0,0,0,0,0,0,0,0,0,0,0,0,0,0,0,0,0,0,0,0,0,0,0,0,0,0,0,0,0,0,0,0,0,0,0,0,0,0,0,0,1,0,0,0,0,0,0,0,0,0,0,0,0,0,0,0,0,0,0,0,0,0,0,0,0,0,0,0,0,0,0,0,0,0,0,0,0,0,0,0,0,0,0,0
MOTU8050,0,0,0,0,0,0,0,0,0,0,0,0,0,0,0,0,0,0,0,0,0,0,0,0,0,0,0,0,0,0,0,0,0,0,0,0,0,0,0,0,0,0,0,0,0,0,0,0,0,0,0,0,0,0,0,0,0,0,0,0,0,0,0,0,0,0,0,0,0,0,0,0,0,0,0,0,0,0,0,0,0,0,0.2659172094977937,0,0,0,0,0.1883184523809524,0,0,0,0,0,0,0,0,0,0,0,0,0,0,0,0,1,0,0,0,0,0,0,0,0.28463787674313995,0,0,0,0,0,0,0,0,0,0,0,0,0,0,0,0,0,0,0,0,0,0,0,0,0,0,0,0,0,0,0,0,0,0,0,0,0,0,0,0,0,0,0,0,0,0,0,0,0,0,0,0,0,0,0,0,0,0,0,0,0,0,0,0,0,0,0,0,0,0.6934246575342465,0,0,0,0,0,0,0,0,0,0,0,0,0,0,0,0,0,0,0,0
MOTU9871,0,0,0,0,0,0,0,0,0,0,0,0,0,0,0,0,0,0,0,0,0,0,0,0,0,0,0,0,0,0,0,0,0,0,0,0,0,0,0.08842461269910538,0,0,0,0,0,0,0,0,0,0,0,0,0,0,0,0,0,0,0,0,0,0,0,0,0,0,0,0,0,0,0,0,0,0,0,0,0,0,0,0,0,0,0,0,0,0,0,0,0,0,0,0,0,0,0,0,0,0,0,0,0,0,0,0,0,0,0,0,0,0,0,0,0,0,0,0,0,0,0,0,0,0,0,0,0,0,0,0,0,0,0,0,1,0,0,0,0,0,0,0,0,0,0,0,0,0,0,0,0,0,0,0,0,0,0,0,0,0,0,0,0,0,0,0,0,0,0,0,0,0,0,0,0,0,0,0,0,0,0,0,0,0,0,0,0,0,0,0,0,0,0,0,0,0,0,0,0,0,0,0,0,0,0,0
MOTU2065,0,0,0,0,0,0,0,0,0,0.033047735618115054,0.04050506313289161,0,0,0,0,0,0,0,0,0,0,0,0,0,0,0.007867056458270606,0,0,0,0,0,0,0,0,0,0,0.015198423867154516,0,0,0,0,0,0,0,0,0,0,0,0.01163843269106427,0,0.07016388898513565,0,0,0,0,0,0,0,0,0.07865604971839191,0,0,0,0,0,0,0,0,0,0,0,0,0.03606732567459257,0,0,0,0,0,0,0,0,0,0,0,0,0,0,0,0,0,0,0,0,0,0,0.013659589537766234,0.014515348637170043,0,0,0,0,0,0,0,0,0,0,0.00853997975708502,0,0.006796043192630068,0.009095060222024267,0,0,1,0,0,0,0,0,0,0,0,0.06029926300900767,0,0,0.2667415686806269,0.06452812151468479,0.09214318216290004,0.04482815872488793,0.033073373892450283,0,0,0,0,0,0,0,0,0,0,0,0,0,0,0,0,0,0.02339823213357213,0.043149371404219046,0.18205656489979397,0.19422131638892218,0.022320198401763573,0,0,0,0,0,0,0,0,0,0,0,0,0,0,0,0,0,0.17245784363822175,0,0,0.032592950265572185,0,0,0,0,0,0,0,0.010327417380660954,0.012187415365171074,0,0,0,0,0,0,0,0,0,0.025047931226420926,0,0,0,0,0,0,0,0,0,0,0
MOTU3100,0,0,0,0,0,0,0,0,0,0,0,0,0,0,0,0,0,0,0,0,0,0,0,0,0,0,0,0,0,0,0,0,0,0,0,0,0,0,0,0,0,0,0,0,0,0,0,0,0,0,0,0,0,0,0,0,0,0,0,0,0,0,0,0,0,0,0,0,0,0,0,0,0,0,0,0,0,0,0,0,0,0,0,0,0,0,0.45013357079252003,0,0,0,0,0,0,0.45705244122965644,0,0,0,0,0,0,0,0,0,0.10702943044674995,0,0,0,0.3037860576923077,1,0.40291726446676235,0.1437917792632627,0,0.11369770580296897,0,0,0,0,0,0,0,0,0,0,0,0,0,0,0,0,0,0,0,0,0,0,0,0,0,0,0,0,0,0,0,0,0,0,0,0,0,0,0,0,0,0,0,0,0,0,0,0,0,0,0,0,0,0,0,0,0,0,0,0,0,0,0,0,0,0,0,0,0,0,0,0,0,0,0,0,0,0.8036565977742449,0,0,0,0,0,0,0,0,0,0,0,0
MOTU7726,0,0,0,0,0,0,0,0,0,0.05478036175710594,0.10071258907363421,0,0,0,0,0,0,0,0,0,0,0,0,0,0,0,0,0,0,0,0,0,0,0,0,0,0,0,0.015419303222052512,0,0,0,0,0,0,0,0,0,0,0,0,0,0,0,0,0,0,0,0,0,0,0,0,0,1,0,0,0,0,0,0,0,0,0,0,0.024267399267399268,0,0,0,0,0,0,0,0.7210884353741496,0,0,0,0,0,0,0,0,0,0,0,0,0,0,0,0,0,0,0,0,0,0.019739292364990686,0,0,0,0,0.020101455459157067,0,0,0.34897119341563787,0,0,0,0,0,0,0,0.07087930458040789,0,0,0,0,0,0,0,0,0,0,0,0,0,0,0,0,0.07338179300796123,0.10311284046692606,0,0,0,0,0,0,0,0,0,0,0,0.018499127399650962,0,0,0,0,0,0,0,0,0,0,0,0,0,0,0,0,0,0,0,0,0,0,0,0,0,0,0,0,0,0,0,0,0,0,0,0,0,0,0,0,0,0,0,0,0,0,0,0,0,0,0
MOTU9005,0,0,0,0,0,0,0,0,0,1,0.6128266033254157,0,0.45420250490417985,0,0,0,0,0,0,0,0,0,0.2898225117951022,0,0,0,0.7955596669750231,0,0,0,0,0,0,0,0,0,0,0,0,0,0,0,0,0,0,0,0,0,0,0,0,0,0,0,0,0,0,0,0,0,0,0,0,0,0,0,0,0,0,0,0,0,0,0,0,0,0,0,0,0,0,0,0,0,0,0,0.7658058771148709,0,0,0,0,0,0,0,0,0,0,0,0,0,0,0,0,0,0,0,0,0,0,0,0,0,0,0,0,0,0,0,0,0,0,0,0,0,0,0,0,0,0,0,0,0,0,0,0,0,0,0,0,0,0,0,0,0,0,0,0,0,0,0,0,0,0,0,0,0,0.12241412032643764,0,0,0,0,0,0,0,0,0,0,0,0,0,0,0,0,0,0,0,0,0,0,0,0,0,0,0,0,0,0,0,0,0,0,0,0,0,0,0,0,0,0,0,0,0,0
MOTU12944,0,0,0,0,0,0,0,0,0,0,0,0,0,0,0,0,0,0,0,0,0,0,0,0,0,0,0,0,0,0,0,0,0,0,0,0,0,0,0,0,0,0,0,0,0,0,0,0,0,0,1,0,0,0,0,0,0,0,0,0,0,0,0,0,0,0,0,0,0,0,0,0,0,0,0,0,0,0,0,0,0,0,0,0,0,0,0,0,0,0,0,0,0,0,0,0,0,0,0,0,0,0,0,0,0,0,0,0,0,0,0.21604323709287443,0.3428893905191874,0.6833108412055781,0,0,0,0,0,0,0,0,0,0,0,0,0,0,0,0,0,0,0,0,0,0,0,0,0,0,0,0,0,0,0,0,0,0,0,0,0,0,0,0,0,0,0,0,0,0,0,0,0,0,0,0,0,0,0,0,0,0,0,0,0,0,0,0,0,0,0,0,0,0,0.4643130062662387,0,0,0,0,0,0,0,0,0,0,0,0,0,0,0,0,0,0,0
MOTU14514,0,0,0,0,0,0,0,0,0,0,1,0,0,0,0,0,0,0,0,0,0,0,0,0,0,0,0,0,0,0,0,0,0,0,0,0,0,0,0,0,0,0,0,0,0,0,0,0,0,0,0,0,0,0,0,0,0,0,0,0,0,0,0,0,0,0,0,0,0,0,0,0,0,0,0,0,0,0,0,0,0,0,0,0,0,0,0,0,0,0,0,0,0,0,0,0,0,0,0,0,0,0,0,0,0,0,0,0,0,0,0,0,0,0,0,0,0,0,0,0,0,0,0,0,0,0,0,0,0,0,0,0,0,0,0,0,0,0,0,0,0,0,0,0,0,0,0,0,0,0,0,0,0.8984208279982927,0,0.4825767996331958,0,0,0,0,0,0,0,0,0,0,0,0,0,0,0,0,0,0,0,0,0,0,0,0,0,0,0,0,0,0,0,0,0,0,0,0,0,0,0,0,0,0,0,0,0,0,0,0
MOTU12919,0,0,0,0,0,0,0,0,0,0,0,0,0,0,0,0,0,0,0,0,0,0,0,0,0,0,0,0,0,0,0,0,0,0,0,0,0,0,0,0,0,0,0,0,0,0,0,0,0,0,0,0,0,0,0,0,0,0,0,0,0,0,0,0,0,0,0,0,0,0,0,0,0,0,0,0,0,0,0,0,0.03577893728037483,0.2225902616760517,0,0,0,0,0.09973285841495994,0,0,0,1,0,0,0,0,0,0,0.09488844959051117,0,0,0.09140369967355823,0.10967847233556391,0.2535211267605634,0,0,0,0.07349081364829398,0,0,0,0.11947091452140521,0,0.037786774628879895,0,0.24454148471615722,0,0,0,0,0,0,0,0,0,0,0,0,0,0,0,0,0,0,0,0,0,0,0,0,0,0,0,0,0,0,0,0,0,0,0,0,0,0,0,0,0,0,0,0,0,0,0,0,0,0,0,0,0,0,0,0,0,0,0,0,0,0,0,0,0,0.08139534883720931,0,0,0,0,0.26987951807228916,0,0,0,0,0,0,0,0,0,0,0,0,0,0,0,0,0
MOTU4184,0,0,0,0,0,0,0,0,0,0,0,0,0,0,0,0.09116149930587691,0,0,0,0,0,0,0,0,0,0,0,0,0,0,0,0,0,0,0,0,0,0,0,0,0,0,0.7035714285714286,0,0,0,0,0,0.10756210756210757,0,0,0,0,0,0,0,0,0,0,0,0,0,0,0,0,0,0,0,0,0,0,0,1,0.8464017185821697,0,0,0,0,0.21440232178487212,0,0,0,0,0,0,0,0,0,0,0,0,0.13159652638610556,0.13456284153005466,0,0,0,0,0,0,0,0,0,0,0,0,0,0,0,0,0,0,0,0,0,0,0,0,0,0,0,0,0,0,0,0,0,0.9939455095862766,0.1419308357348703,0.2071503680336488,0.6113266097750194,0,0,0,0,0.26657645466847096,0,0,0,0,0,0,0,0,0,0,0,0,0,0,0,0,0,0,0,0.2709766162310867,0,0,0,0,0,0,0,0,0,0,0,0,0,0,0,0,0,0,0,0,0,0,0,0,0,0,0,0,0,0,0,0.15810593900481543,0,0,0,0,0,0,0,0,0,0.2862332001452961,0,0.4099895941727368,0,0.02232547597461469,0,0
MOTU10638,0,0,0,0,0,0,0,0,0,0,0,0,0,0,0,0,0,0,0,0,0,0,0,0,0,0,0,0,0,0,0,0,0,0,0,0,0,0,0,0,0,0,0,0,0,0.13402417962003454,0,0,0.04236964236964237,0,0,0,0,0,0,0,0,0,0,0,0,0,0,0,0,0,0,0,0,0,0,0,0,0,0,0.9593406593406594,0.29468354430379745,1,0,0,0,0,0,0,0,0,0,0,0,0,0,0,0,0,0,0.049727651393784045,0,0,0,0,0,0,0,0,0,0,0,0,0,0,0,0,0,0,0,0,0,0,0,0,0,0,0,0,0,0,0,0,0,0,0,0,0,0,0,0,0,0,0,0,0,0,0,0,0,0,0,0,0,0,0,0.08125654450261781,0,0,0,0,0,0,0,0,0,0,0,0,0,0,0,0,0,0,0.13356282271944925,0,0,0,0,0.054879773691654886,0,0,0,0,0,0,0,0,0,0,0,0,0,0,0,0,0,0,0,0,0,0,0,0,0,0,0
MOTU1137,0,0,0,0,0,0,0,0,0,0,0,0,4.273836973303257e-4,0,3.4082692686017663e-4,9.829726152966456e-4,4.6075675324679815e-4,1.4504635176893486e-4,0,0,0,0,0,0,0,0,0,0,0,0,0,0,0,0,0,0,0,0,0.002780978164943554,0,0,0,0,0,0,0,0,0,0,0,0,0,0,0,0,0,0,0,0,0,0,0,0,0,0,0,0,0,0,0,0,0,0,0.009126547031819768,1,0.0058357247847693715,0.01344432798516488,0.010949504235340468,0,0,0,0,0,0,0,0,0,0,0,0,0,0.0014189738287615572,0,0,0,0,0.0014465126466844064,0,0,0,0,6.933911609779831e-4,0,0,0,0,0,0,0,0,0,0,0,0,0,0,0,0,0,0,0,0,0,0,0,0.00625455670712124,0,0.00153040621156776,0.0022336528093123563,0,0,0,0,0,0,0,0,0,0,0,0,0,0,0,0,0,0,0,0,0,0,0,0,0,0.008765627874784254,0,0,0,0,0,0,0,0,0,0,0,0,0,0,0,0,0,0,0,0,0,0,0,0,0,0,0,0,0,0,0,0,0,0,0,0,0,0,0,0,0,0,0,0,0,0,0,0
MOTU11634,0,0,0,0,0,0,0,0,0,0,0,0,0,0,0,0,0,0,0,0,0,0,0,0,0,0,0,0,0,0,0,0,0,0,0,0,0,0,0,0,0,0,0,0,0,0,0,0,0,0,0,0,0,0,0,0,0,0,0,0,0,0,0,0,0,0,0,0,0,0,0,0,0,0,0,0.10123626373626374,0,0,0,0,0,0,0,0,0,0,0,0,0,0,0,0,0,0,0,0,0,0,0,0,0,0,0,0,0.05823785065191623,0,0,0,0,0,0,0,0,0,0,0,0,0,0,0,0,0,0,0,0,0,0,0,0,0,0,0,0,0,0,0,0,0,0,0,0,0,0,0,0,0,0,0,0,0,0,0,0,0,0,0,0,0,0,0,0,0,0,0,0,0,0,0,0.1987862440997977,0,0,0,0,1,0.7830013280212482,0.6254596888260254,0,0,0,0,0,0,0,0,0,0,0,0,0,0,0,0,0,0,0,0,0,0,0,0,0,0,0
MOTU11919,0,0,0,0.10823735088440971,0,0,0,0,0,0,1,0,0,0,0,0,0,0,0,0,0,0,0,0,0,0,0,0,0,0,0,0,0,0,0,0,0,0.10633461305314204,0.22965306567750382,0,0,0,0,0,0,0,0,0,0,0,0,0,0,0,0,0,0,0,0,0,0,0,0,0,0,0,0,0,0,0,0,0,0,0,0,0,0,0,0,0,0,0,0,0,0,0,0,0,0,0,0,0,0,0,0,0,0,0,0,0,0,0,0,0,0,0,0,0,0,0,0,0,0,0,0,0,0,0,0,0,0,0,0,0,0,0,0,0,0,0,0,0,0,0,0,0,0,0,0,0,0,0,0,0,0,0,0,0,0,0,0,0,0,0,0,0,0,0,0,0,0,0,0,0,0,0,0,0,0,0,0,0,0,0,0,0,0,0,0,0,0,0,0,0,0,0,0,0,0,0,0,0,0,0,0,0,0,0,0,0,0,0,0
MOTU14142,0,0,0,0,0,0,0,0,0,0,0,0,0,0,0,0,0,0,0,0,0,0,0,0,0,0,0,0,0,0,0,0,0,0,0,0,0,0,0,0,0,0,0,0,0,0,0,0,0,0,0,0,0,0,0,0,0,0,0,0,0,0,0,0,0,0,0,0,0,0,0,0,0,0,0,0,0,0,0,0,0,0,0,0,0,0,0,0,0,0,0,0,0,0,0,0,0,0,0,0,0,0,0,0,0,0,0,0,0,0,0,0,0,0,0,0,0,0,0,0,0,0,0,0,0,0,0,0,0,0,0,0,0,0,0,0,0,0,0,0,0,0,0,0,0,0,0,0.8572996706915478,0,0,0.5930144267274108,0,1,0.12338072669826224,0.5371389270976616,0,0,0,0,0,0,0,0,0,0,0,0,0,0,0,0,0,0,0,0,0,0,0,0,0,0,0,0,0,0,0,0,0,0,0,0,0,0,0,0,0,0,0,0,0,0,0,0
MOTU1827,0,0,0,0,0,0,0,0,0,0,0,0,0,0,0,0,0,0,0,0,0,0,0,0,0,0,0,0,0,0,0,0,0,0,0,0,0,0,0,0,0,0,0,0,0,0,0,0,0,0,0,0,0,0,0,0,0,0,0,0,0,0,0,0,0,0,0,0,0,0,0,0,0,0,0,0,0,0,0,0,0.01315088914918539,0,0,0,0,0,0,0,0,0,0,0,0,0,0,0,0,0,0,0,0,0,0,0,0,0,0,0.22265625,0.45808605341246295,0.3346883468834688,0,0,0,0,0,0,0,0,0,0,0,0,0.3493635077793494,0.5440528634361234,0,0.40909090909090906,0.12462159434914229,0.04448847262247838,0,0,0,0,0,0,0.1671177266576455,0,0.042986425339366516,0.07122260668973472,0,0,0.24455445544554455,0.2144097222222222,0,0,0,0,0.16133246244284782,0.3389132821075741,1,0.6153024911032028,0.8439635535307517,0.1293193717277487,0,0,0,0,0,0,0,0,0,0,0,0,0,0,0,0,0,0,0,0,0,0,0,0,0,0,0,0,0,0,0,0,0,0,0,0,0,0,0,0,0,0,0,0,0,0,0,0,0,0,0
MOTU2396,0,0,0,0,0,0,0,0,0,0,0,0,0,0,0,0,0,0,0,0,0,0.14662638469284994,0.02180783344566764,0,0.04649900199600798,0,0,0,0,0,0,0,0,0,0,0,0,0,0.021179722161611753,0,0,0,0,0,0,0,0,0,0,0,0.12780337941628264,0,0,0,0,0,0,0,0,0,0,0,0,0,0,0,0,0,0,0.04659945591294607,0,0,0,0,0,1,0.6757805907172996,0.3752577319587629,0,0,0,0,0,0,0,0,0,0,0,0,0,0,0,0,0,0,0,0,0,0,0,0,0,0,0,0,0,0,0,0.015473723364684626,0,0,0.03274853801169591,0.11983539094650206,0,0,0,0,0,0,0,0,0,0,0,0,0,0,0,0,0,0,0,0,0,0,0,0,0,0,0,0,0,0,0,0,0,0,0,0,0,0,0,0,0,0,0,0,0,0,0,0,0,0,0,0,0,0.22785602503912364,0,0.07853290183387271,0,0,0,0.32926277702397105,0.38671978751660024,0.20594059405940593,0,0,0,0,0,0,0,0,0,0,0,0,0,0.04257309941520468,0,0,0,0,0,0,0,0,0,0,0,0,0
MOTU2552,0,0,0,0,0,0,0,0,0,0,0,0,0,0,0,0,0,0,0,0,0,0,0,0,0,0,0,0,0,0,0,0,0,0,0,0,0,0,0,0,0,0,0,0,0,0,0,0,0,0,0,0,0,0,0,0,0,0,0,0,0,0,0,0,0,0,0,0,0,0,0,0,0,0,0,0,0,0,0,0,0,0,0,0,0,0,0,0,0,0,0,0,0,0,1,0,0,0,0,0,0,0,0,0,0,0,0,0,0,0,0,0,0,0,0,0,0,0,0,0,0,0,0,0,0,0,0,0,0,0,0,0,0,0,0,0,0,0,0,0,0,0,0,0,0,0,0,0,0,0,0,0,0,0,0,0,0,0,0,0,0,0,0,0,0,0,0,0,0,0,0,0,0,0,0,0,0,0,0,0,0,0,0,0,0,0,0,0,0.05969070957160152,0,0.08379474809495094,0,0,0,0,0,0,0,0,0,0,0,0
MOTU28898,0,0,0,0,0,0,0,0,0,0,0,0,0,0,0,0,0,0,0,0,0,0,0,0,0,0,0,0,0,0,0,0,0,0,0,0,0,0,0,0,0,0,0,0,0,0,0,0,0,0,0,0,0,0,0,0,0,0,0,0,0,0,0,0,0,0,0,0,0,0,0,0,0,0,0,0,0,1,0,0,0,0,0,0,0,0,0,0,0,0,0,0,0,0,0,0,0,0,0,0,0,0,0,0,0,0,0,0,0,0,0,0,0,0,0,0,0,0,0,0,0,0,0,0,0,0,0.19576185671039353,0,0,0,0,0,0,0,0,0,0,0,0,0,0,0,0.5337001375515819,0,0,0,0,0,0,0,0,0,0,0,0,0,0,0,0,0,0,0,0,0,0,0,0,0,0,0,0,0,0,0,0,0,0,0,0,0,0,0,0,0,0,0,0,0,0,0,0,0,0,0,0,0,0,0,0,0,0,0,0
MOTU3078,0,0,0,0,0,0,0,0.19348659003831417,0,0.548062015503876,0.7836896278701504,0.351217088922007,0,0,0.05671881267549137,0.010905445010026223,0.012779494965927373,0,0,0,0.23496178132269854,0.213595166163142,0.05294690331760653,0.10731633272616879,0,0,0,0,0,0,0,0,0.10056183770713321,0,0.17064928795558773,0.14475839475839475,0,0.2380952380952381,0,0,0,0,0,0,0,0,0,0,0,0,0,0,0,0,0,0,0,0,0,0,0,0,0,0,0,0,0,0.7553418803418803,0,0,0,0,0,0.2531328320802005,0,0,0.14915611814345991,0,0,0,0,0,0.0990404146529383,0,0,0,0,0,0,0,0,0,0,0,0.46254497873732414,0.07550998611556126,0,0,0,0,0.06410953935437069,0,0,0,0,0,0,0.18883547008547008,0,0,0,0,0,0,0,0,0,0,0,0,0,0,1,0,0,0,0,0.08489433237271854,0,0,0,0,0,0,0,0,0.16405615500638127,0,0,0,0,0,0,0,0,0,0.15392989331591553,0,0.23852901484480432,0,0,0,0,0.07446024223275408,0,0,0.0447270196748276,0.07182769480849334,0,0.02223270440251572,0,0,0,0,0,0,0,0,0,0,0,0,0,0,0,0,0,0,0.4789972899728998,0,0,0,0,0,0,0,0,0,0,0,0.12488959547783078,0,0,0,0,0,0,0,0,0,0,0,0
MOTU30959,0,0,0,0.03316536404771699,0,0,0,0,0,1,0,0.48062593144560356,0,0,0,0,0,0,0,0,0,0,0,0,0,0.014878206311127514,0,0,0,0,0,0,0,0.17739273927392737,0,0,0,0.03258233986663973,0,0,0,0,0,0,0,0,0,0,0,0,0,0,0,0,0,0,0,0,0,0,0,0,0,0,0,0,0,0,0,0,0,0,0,0,0,0,0.5102848101265822,0,0,0,0,0,0,0,0,0,0,0,0,0,0,0,0,0,0,0,0,0,0,0,0,0,0,0,0,0,0,0,0,0,0,0,0,0,0,0,0,0,0,0,0,0,0,0,0,0,0,0,0,0,0,0,0,0,0,0,0,0,0,0,0,0,0,0,0,0,0,0,0,0,0,0,0,0,0,0,0,0,0,0,0,0,0,0,0,0,0,0,0,0,0,0,0,0,0,0,0,0,0,0,0,0,0,0,0,0,0,0,0,0,0,0,0,0,0,0,0,0,0,0,0,0,0
MOTU31070,0,0,0,0,0,0,0,0,0,0,0,0,0,0,0,0,0,0,0,0,0,0,0,0,0,0,0,0,0,0,0,0,0,0,0,0,0,0,0,0,0,0,0,0,0,0,0,0,0,0,0,0,0,0,0,0,0,0,0,0,0,0,0,0,0,0,0,0,0,0,0,0,0,0,0,0,0,0,0,0,1,0,0,0,0,0,0,0,0,0,0,0,0,0,0,0,0,0,0,0,0,0,0,0,0,0,0,0,0,0,0,0,0,0,0,0,0,0,0,0,0,0,0,0,0,0,0,0,0,0,0,0,0,0,0,0,0,0,0,0,0,0,0,0,0,0,0,0,0,0,0,0,0,0,0,0,0,0,0,0,0,0,0,0,0,0,0,0,0,0,0,0,0,0,0,0,0,0,0,0,0,0,0,0,0,0,0,0,0,0,0,0,0,0,0,0,0,0,0,0,0,0,0
MOTU31162,0,0,0,0,0,0,0,0,0,0,0,0,0,0,0,0,0,0,0,0,0,0,0,0,0,0,0,0,0,0,0,0,0,0,0,0,0,0,0,0,0,0,0,0,0,0,0,0,0,0,0,0,0,0,0,0,0,0,0,0,0,0,0,1,0,0,0,0,0,0,0,0,0,0,0,0,0,0,0,0,0,0,0,0,0,0,0,0,0,0,0,0,0,0,0,0,0,0,0,0,0,0,0,0,0,0,0,0,0,0,0,0,0,0,0,0,0,0,0,0,0,0,0,0,0,0,0,0,0,0,0,0,0,0,0,0,0,0,0,0,0,0,0,0,0,0,0,0,0,0,0,0,0,0,0,0,0,0,0,0,0,0,0,0,0,0,0,0,0,0,0,0,0,0,0,0,0,0,0,0,0,0,0,0,0,0,0,0,0,0,0,0,0,0,0,0,0,0,0,0,0,0,0
MOTU3609,0,0,0,0,0,0,0,0,0,0,0,0,0,0,0,0,0,0,0,0,0,0,0,0,0,0,0,0,0,0,0,0,0,0,0,0,0,0,0,0,0,0,0,0,0,0,0,0,0,0,0,0,0,0,0,0,0,0,0,0,0,0,0,0,0,0,0,0,0,0,0,0,0,0,0,0.16002747252747254,0,0,0,0,0,0,0,0,0,0,0,0,0,0,0,0,0.10610200364298725,0.1404460518384569,0,0,0,0.5264049703473596,0,0,0,0,0,0,0,0,0,0,0,0,0,0,0.017468885889938522,0,0,0,0,0,0,0,0,0,0,0,0,0,0,0,0,0,0,0,0,0,0,0,0,0,0.08065074420214607,0,0,0,0,0,0,0,0,0,0,0,0,0,0,0,0,0,0,0,0,0,0,0,0,0,0,0,0,0,0,0,0,0,0.11875637104994903,0,0,0,1,0,0,0,0,0,0.08511415525114155,0.023740384125528553,0,0,0.062332798287854464,0,0,0,0,0,0,0,0,0,0,0,0,0,0,0,0
MOTU5154,0,0,0,0,0,0,0,0,0,0,0,0,0,0,0,0,0,0,0,0,0,0,0,0,0,0,0,0,0,0,0.12742282842785355,0,0,0,0,0,0,0,0,0,0,0,0.3169642857142857,0,1,0.15328151986183072,0,0,0,0,0,0,0,0,0,0,0,0,0,0,0,0,0,0,0,0,0,0,0.5085959885386819,0,0,0,0.3003384094754653,0,0,0,0,0,0,0,0,0,0,0,0,0,0,0.07924107142857142,0,0,0,0,0.06062158469945355,0,0,0,0,0,0,0,0,0,0,0,0,0,0,0.035556891025641024,0.04389218595450049,0,0.012622671028303228,0.010016930022573362,0,0,0,0,0,0,0,0,0,0,0,0,0,0,0,0,0,0,0,0,0,0,0,0,0,0,0,0,0,0,0,0,0,0,0,0,0,0.12633451957295375,0.13477600607441154,0,0,0.02804107424960505,0,0,0,0,0,0,0,0,0,0,0,0,0,0,0,0.1436084142394822,0,0,0,0,0,0,0,0,0,0,0,0,0,0,0,0,0,0,0,0,0,0.10428907168037602,0,0,0,0,0,0,0,0,0,0,0
MOTU5270,0,0,0,0,0,0,0,0,0,0,0,0,0,0,0,0,0,0,0,0,0,0,0,0,0,0,0,0,0,0,0,0,0,0,0,0,0,0,0,0,0,0,0,0,0,0,0,0,0,0,0,0,0,0,0,0,0,0,0,0,0,0,0,0,0,0,0,0,0,0,0,0,0,0,0,0,0,0,0,0,0,0,0,0,0,0,0,0,0,0,0,0,0,0,0,0,0,0,0,0,0,0,0,0,0,0,0,0,0,0,0,0,0,0,0.4614264919941776,1,0,0,0,0,0,0,0,0,0,0,0,0,0,0,0,0,0,0,0,0,0,0,0,0,0,0,0,0,0,0,0,0,0,0,0,0,0,0,0,0,0,0,0,0,0,0,0,0,0,0,0,0,0,0,0,0,0,0,0,0,0,0,0,0,0,0,0,0,0,0,0,0,0,0,0,0,0,0,0,0,0,0,0,0,0,0,0
MOTU530,0,0,0,0,0,0,0,0,0.0034684750700578674,0,0.0029214281706473155,0,0,0,0,0,0,0,0,0,0,0,0,0,0.001472959592625772,0,0,0,0,0,0,0,0,0,0,0,0,0.0012425957363533236,0,0,0,0,0,0,0.03464566929133859,0,0,0,0,0,0,0.6149606299212599,0.392528061651868,0.7499519877088535,0.011917841665140694,0.028252402599751605,0.015221797770328215,0.21962879640044994,0.07580408381155745,0,0,0,0,0.02499839959029512,0.11603030753231318,0,0,0,0,0,0,0,0.4058115831967705,0.3368742441029458,0.4609899774522188,0.0401244916500822,0.03892155885577594,0.01584950077116649,0,0,0,0,0,0,0,0,0,9.151199850018749e-4,0,0,0.0022877999625046867,0,0,0,0,0,0,0,0,0,0,0,0,0,0,0,0,0,0.0015206741590535605,9.803293956978476e-4,4.373208860199544e-4,0,0,0,0,0,0,0,0,0,0,0,0,0,0,0.25802543912780135,0.1954718450304711,0.09968742199732239,0,0,0,0.022762268843476614,0.0026438548147947544,0.003528173436151806,0.0041607620427690116,0.006648223026175783,0.0021404825267012178,0.017732428775122835,0.012771768014979435,0.008973160942430836,0.018266157324393857,0.021352799650043743,0.07612992667525913,0,0,0,0,0,0,0,0.009338809869723005,0,1,0.04566058389620729,0.5836627711769866,0,0,0,0,0,0,0.004177721670660732,0,0,0,0,0,0,0,0,0,0,0,0,0,0,0,0,0,0,0,0,0,0,0,0,0,0,0,0,0,0.010839494064417038,0,0,0,0,0,0,0,0,0,0,0
MOTU5357,0,0,0,0,0,0,0,0,0,0,0,0,0.02258437704340828,0,0,0.06233225358630264,0.02434792039477252,0,1,0.25310033821871475,0,0.27129909365558913,0,0,0.10754491017964073,0,0,0,0,0,0,0,0,0,0,0,0,0,0.097970761509928,0,0,0,0,0,0,0,0,0,0.1225771225771226,0,0,0,0,0,0,0,0,0,0,0,0,0,0,0,0,0,0,0,0,0,0,0,0,0,0,0,0,0,0,0,0,0,0,0,0,0,0,0,0,0,0,0,0.15334699453551914,0,0,0,0,0,0,0,0,0,0,0,0,0,0,0,0,0,0,0,0,0,0,0,0,0,0,0,0,0,0,0,0,0,0,0,0,0,0,0,0,0,0,0,0,0,0,0,0,0,0,0,0,0,0,0,0,0,0,0,0,0,0,0,0.34086164357563103,0,0,0,0,0,0.2790553138595401,0,0,0,0,0,0,0,0,0,0,0,0,0,0,0,0,0,0,0,0,0,0,0,0,0,0,0,0,0,0,0,0,0,0,0,0,0,0,0,0
MOTU6158,0,0,0,0,0,0,0,0,0,0,0,0,0,0,0,0,0,0,0,0,0,0,0,0,0,0,0,0,0,0,0,0,0,0,0,0,0,0,0,0,0,0,0,0,0,0,0,0,0,0,0,0,0,0,0,0,0,0,0,0,0,0,0,0,0,0,0,0,0,0,0,0,0,0,0,0.6217948717948718,0.49113924050632907,1,0,0,0,0,0,0,0,0,0,0.038492063492063494,0,0,0,0,0,0,0,0,0,0,0,0,0,0,0,0,0,0,0,0,0,0,0,0,0,0,0,0,0,0,0,0,0,0,0,0,0,0,0,0,0,0,0,0,0,0,0,0,0,0,0,0,0,0,0,0,0,0,0,0,0,0,0.19640597317134903,0,0,0,0,0,0,0,0,0,0,0,0,0,0,0,0,0,0,0,0,0,0,0.17548620533695158,0,0,0,0,0,0,0,0,0,0,0,0,0,0,0,0,0,0,0,0,0,0,0,0,0,0,0,0,0
MOTU6569,0,0,0,0,0,0,0.008525425192091858,0,0,0.007560532108335726,0.023166476056420634,0.04360545344151901,0,0,0,4.5132283293628346e-4,0,0,0,0,0,0,0,0,0,0.0017997945044755648,0.006014854406261539,0,0,0,0,0,0,0,0,0,0,0,0,0,0,0,0,0,0,0.06737883536962408,0.14574973479083067,0,0,0.008890689534870634,0,0,0,0,0,0,0,0,0,0,0,0,0.02040394648483909,0,0,0,0,0,0,0,0,0,0,0,0,0.6698548365215032,1,0.980336006109202,0.0035382138290415695,0,0.003115670243771617,0,0.002049398281099619,0,0,0,0,0.0014513521457965902,0,0,0.0036283803644914753,0.0016287719471865542,0.0033309721378938133,0.004409171075837742,0,0,0,0,0,0,0,0.0015918208617191263,0,0,0.0057801776490042,0,0.0021332210016957757,0.003907486546375435,0,0,0.0020807324178110692,0.0016511997324638408,0.0021936766576142793,0,0,0,0,0,0,0,0,0,0,0,0,0,0,0,0,0.00756639753277974,0,0,0.004193072407460485,0.0111911490760219,0,0,0,0,0,0,0,0,0,0,0,0,0,0.01070591264517353,0,0,0.0074055325890304375,0,0,0,0,0,9.255158872417048e-4,0.0069360565821671855,0,0,0,0.006625738056897476,0,0,0,0,0,0,0.006576592326198979,0.007890846617923209,0,0,0,0.033083739551401245,0.11657075402095321,0.055180121186721845,0,0,0.019823346381611966,0,0,0.002788189370998595,0,0.0014906138498782036,0,0.023501413059645992,0.0039137585954065355,0,0,0,0,0,0,0,0,0.0016080933915503853,0,0.004342424942009388,0,0,0,5.60039415432276e-4,0
MOTU7849,0,0,0,0,0,0,0,0,0,0,0,0,0,0,0,0,0,0,0,0,0,0,0,0,0,0,0,0,0,0,0,0,0,0,0,0,0,0,0,0,0,0,0,0,0,0,0,0,0,0.7087511394712853,0,0,0,0,0,0,0,0,0,0,0,0,0,0,0,0,0,0,0,0,0,0,0,0,0,0,0,0,0,0,0,0,0,0,0,0,0,0,0,0,0,0,0,0,0,0,0,0,0,0,0,0,0,0,0,0,0,0,0,0,0,0,0,0,0,0,0,0,0,0,0,0,0,0,0,0,0,0,0,0,0,0,0,0,0,0,0,0,0,0,0,0,0,0,0,0,0,0,0,0,0,0,0,0,0,0,0,0,0,0,0,0,0,0,0,0,0,0,0,0,0,0,0,0,0,0.05498585572842999,0.6673819742489271,1,0.6321138211382115,0,0,0,0,0,0,0,0,0,0,0,0,0,0,0,0,0,0,0,0,0,0,0,0.008441452689864829
MOTU911,0,0,0,0,0,0.019386308419678602,0,0,0,0,0,0,0,0,0,0,0,0,0,0,0,0,0,0,0,0.007536834335330853,0,0,0,0,0,0,0,0,0,0,0,0,0,0,0,0,0.07293233082706767,0,0.2300963676797628,0,0,0,0,0.037230724943626156,0,0.4538011695906433,0.43449048152295633,0,0,0.031272668654791655,0,0,0,0,0,0,0,0,0,0,0,0,0,0,0,0,0,0.043869071174176044,0,0.6030942741469058,0.7754830113257828,1,0.007408326730121149,0,0.004349068817288669,0,0,0,0,0,0,0,0,0.01852669778324241,0.045582706766917294,0.020461976584748444,0.027897612884670693,0.055391643666127345,0.12024172305149528,0.0130862240509958,0.02781212479615791,0.011534059662004489,0,0,0,0,0,0,0,0,0,0.008181511470985154,0.0908948930188974,0.05208621745660181,0,0.002304859213496495,0,0,0,0,0,0,0,0.07749925097373415,0,0.08193000052789949,0,0,0,0.30064118706777987,0.18545860109405704,0.2501137570150159,0.02147324146327965,0.09505532644644972,0.09803673850974051,0.25195623234520603,0.07023577861248133,0.18745659329045503,0,0.22076813655761027,0.028431677872020812,0.11776846961694895,0.021205662130403893,0.09932418595125947,0.020218863991662325,0.10635964912280702,0.05617896184753493,0,0,0,0,0.022416084118088857,0,0.11627645626521821,0.18606881668864644,0.021383301184899423,0.20917851607251162,0.006452149330672652,0.19662636646637227,0,0,0,0,0,0,0,0,0,0,0,0,0,0,0.09913132345426673,0,0,0,0,0.05423918361641154,0.05776818283332093,0,0,0,0,0,0.011675844843670067,0,0,0,0.03280490382582964,0.01638928782630734,0.01677982960688492,0,0.01791320406278855,0.06493180486988537,0,0.005103349401869036,0,0.028641027533771315,0.013468130342343907,0.02967098093945361,0,0,0,0.002314262537576943,0,0
MOTU9172,0,0,0,0,0,0,0,0,0,0,0,0,0,0,0,0,0,0,0,0,0,0,0,0,0,0,0,0,0,0,0,0,0,0,0,0,0,0,0,0,0,0,0,0,0,0,0,0,0,0,0,0,0,0,0,0,0,0,0,0,0,0,0,0,0,0,0,0,0,0,0,0,0,0,0,0,0,0,0,0,0,0,0,0,0,0,0,0,0,0,0,0,0.4965846994535519,0.32866184448462926,0,0,0,0,0,0,0,0,0,0,0,0,0,0,0,0,0,0,0,0,0,0,0,0,0,0,0,0.7291875626880642,0,0,0,0,0,0,0,0,0,0,0,0,0,0,0,0,0,0,0,0,0,0,0,0,0,0,0,0,0,0,0,0,1,0,0,0,0,0,0,0,0,0,0,0,0,0,0,0,0,0,0,0,0,0,0,0,0,0,0,0,0,0,0,0,0,0,0,0,0,0,0,0,0,0,0,0,0,0,0,0,0
MOTU9763,0,0,0,0,0,0,0,0,0,0,0,0,0,0,0,0,0,0,0,0,0,0,0,0,0,0,0,0,0,0,0,0,0,0,0,0,0,0,0,0,0,0,0,0,0,0,0,0,0,0,0,0,0,0,0,0,0,0,0,0,0,0,0,1,0,0,0,0,0,0,0,0,0,0.5284640171858216,0,0,0.15569620253164557,0,0,0,0,0,0,0,0,0,0,0,0,0,0,0,0,0,0,0,0,0,0,0,0,0,0,0,0,0,0,0,0.06083086053412462,0,0,0,0,0,0,0,0,0,0,0,0,0,0,0,0,0,0.12411705348133198,0,0,0,0,0,0,0,0,0,0,0,0,0,0,0.21354166666666663,0,0,0,0.4984802431610942,0,0,0,0,0,0,0,0,0,0,0,0,0.012175806770936447,0,0,0,0,0,0,0,0,0,0,0,0,0,0,0,0.3266932270916334,0,0,0,0,0,0.05959302325581395,0.07032590051457975,0,0,0,0,0.0987158908507223,0,0,0,0,0,0,0,0,0,0,0,0,0,0,0,0
MOTU1006,0,0,0,0,0,0,0,0,0,0,0,0,0,0,0,0,0,0,0,0,0.010881751632262742,0,0,0,0,0,0,0,0,0,0,0,0,0,0,0,1,0,0.014288976941513681,0,0,0,0,0,0,0,0,0,0,0,0,0,0,0,0,0,0,0,0,0,0,0,0,0,0,0,0,0,0,0,0,0,0,0,0,0,0,0,0,0,0,0,0,0,0,0,0,0,0,0,0,0,0,0,0,0,0,0,0,0,0,0,0,0,0,0,0,0,0,0,0,0,0,0,0,0,0,0,0,0,0,0,0,0,0,0,0,0,0,0,0,0,0,0,0,0,0,0,0,0,0,0,0,0,0,0,0,0,0,0,0,0,0,0,0,0,0,0,0,0,0,0,0,0,0,0,0,0,0,0,0,0,0,0,0,0,0,0,0,0,0,0,0,0,0,0,0,0,0,0,0,0,0,0,0,0,0,0,0,0,0,0,0
MOTU6131,0,0,0,0,0,0,0,0,0,0,0.07289522301398786,0,0,0,0,0,0,0,0,0,0,0,0,0,0,0,0.04731558570596498,0,0,0,0.6609236659487916,0,0.1636915345044212,0,1,0.09425334425334425,0,0,0,0,0,0,0,0,0,0,0,0,0,0,0,0,0,0,0,0,0,0,0,0,0,0,0,0,0,0,0,0,0,0,0,0,0,0,0,0,0,0,0,0,0,0,0,0,0,0,0,0,0,0,0,0,0,0,0,0,0,0,0,0,0,0,0,0,0,0,0,0,0,0,0,0,0,0,0,0,0,0,0,0,0,0,0,0,0,0,0,0,0,0,0,0,0,0,0,0,0,0,0,0,0,0,0,0,0,0,0,0,0,0,0,0,0,0,0,0,0,0,0,0,0,0,0,0,0,0,0,0,0,0,0,0,0,0,0,0,0,0,0,0,0,0,0,0,0,0,0,0,0,0,0,0,0,0,0,0,0,0,0,0,0,0,0
MOTU989,0,0,0,0,0,0,0,0,0,0,0,0,0,0,0,0,0,0,0,0,0,0,0,0,0,0,0,0,0,0,0,0,0,0,0,0,0,0,0,0,0,0,0,0,0,0,0,0,0,0,0,0,0,0,0,0,0,0,0,0,0,0,0,0,0,0,0,0,0,0,0,0,0,0,0,0,0,0,0,0,0,0,0,0,0,0,0,0,0,0,0,0,0,0,0,0,0,0,0,0,0,0,0,0,0,0,0,0,0,0,0,0,0,0,0,0,0,0,0,0,0,0,0,0,0,0.007674210058624133,0,0,0,0,0,0,0,0,0,0,0,0,0,0,0,0,0,0,0,0,0,0,0,0,0,0,0,0,0,0,0,0,0,0,0,0,0,0,0,0,0,0,0,0,0,0,0,0,0,0.309665773207155,0,0,0,0,0,0,0,0,0,0,0,0,0,0,1,0,0,0,0,0,0,0,0,0,0,0,0
MOTU10793,0,0,0,0,0,0,0,0,0,0,0,0,0,0,0,0,0,0,0,0,0,0,0,0,0,0,0,0,0,0,0,0,0,0,0,0,0,0,0,0,0,0,0,0,0,0,0,0,0,0,0,0,0,0,0,0,0,0,0,0,0,0,0,0,0,0,0,0,0,0,0,0,0,0,0,0,0,0,0,0,0,0,0,0,0,0,0,0,0,0,0.5053943452380952,0,0,0,0,0,0.4625468164794007,0,0,0,0,0,0,0,0,0,0,0,0,0,0,0,0,0,0,0,0,0,0,0,0,0,0,0,0,1,0,0,0,0,0,0,0.5840498710232158,0,0,0,0,0,0,0,0,0,0,0,0,0,0,0.745609220636663,0,0,0,0,0,0,0,0,0,0,0,0,0,0,0,0,0,0,0,0,0,0,0,0,0,0,0,0,0,0,0,0,0,0,0,0,0,0,0,0,0,0,0,0,0.16974884418343122,0,0,0,0.4934616781692699,0,0,0,0,0,0
MOTU1212,0,0,0,0,0,0,0,0,0,0,0,0,0,0,0.016710790212595267,0,0,0,0,0,0,0,0,0,0,0,0,0,0,0,0,0,0.0222210369106038,0,0,0,0,0,0.022725289111935415,0,0,0,0,0,0,0,0,0,0,0,0,0,0,0,0,0,0,0,0,0,0,0,0,0,0,0,0,0,0,0.049999999999999996,0,0,0,0,0.31229385307346325,0,0,0,0,0,0,0,0,0,0,0,0,0,0,0,0,0,0,0,0,0,0,0,0,0,0,0,0,0,0,0,0,0,0,0,0,0,0,0,0,0,0,0,0,0.3952561669829222,0,0.41785356068204615,0.1473125884016973,0,0,0.1533308796466691,0.31528758829465187,0.30014409221902016,0.876130389064143,0.969588828549263,1,0.7067550894509562,0.94030524505589,0.4780263912794033,0.6342016238159675,0.4503783783783784,0.4712669683257919,0.3003171856978085,0.7029854620976116,0.15196984435797667,0.2577970297029703,0.1808159722222222,0,0,0,0.42208713272543064,0.06802743305029393,0,0,0.07412811387900356,0.15816249050873196,0,0,0,0,0,0,0,0,0,0,0,0,0,0,0,0,0,0,0,0,0,0,0,0,0,0,0,0,0,0,0,0,0,0,0,0,0,0,0,0,0.06119271445358402,0.03904160939647632,0.09599078341013825,0.219109396914446,0,0.18915728296403925,0.1391139804096171,0,0.04264946764946765,0.005901518585675431,0.0299023830031582,0.005653873296780848
MOTU12952,0,0,0,0,0,0,0,0,0,0,0,0,0,0,0,0,0,0,0,0,0,0,0,0,0,0,0,0,0,0,0,0,0,0,0,0,0,0,0,0,0,0,0,0,0,0,0,0,0,0,0,0,0,0,0,0,0,0,0,0,0,0,0,0,0,0,0,0,0,0,0,0,0,0,0,0,0,0,0,0,0,0,0,0,0,0,0,0.16458333333333336,0,0,0,0,0,1,0,0.7087471964114066,0,0.31234114656876594,0,0,0,0,0,0,0,0,0,0,0.2734915924826904,0,0,0,0,0,0,0,0,0,0,0,0,0,0,0,0,0,0,0,0,0,0,0,0,0,0,0,0,0,0,0,0,0,0,0,0,0,0,0,0,0,0,0,0,0,0,0,0,0,0,0,0,0,0,0,0,0,0,0,0,0,0,0,0,0,0,0,0,0,0,0,0,0,0,0,0,0,0,0,0,0,0,0,0,0,0,0,0,0,0,0,0,0,0
MOTU13870,0,0,0,0,0,0,0,0,0,0,0.48408551068883615,0,0,0,0,0,0,0,0,0,0,0,0,0,0,0,0,0,0,0,0,0,0,0,0,0,0,0,0,0,0,0,0,0,0,0,0,0,0,0,0,0,0,0,0,0,0,0,0,0,0,0,0,0,0,0,0,0,0,0,0,0,0,0,0,0,0,0,0,0,0,0,0,0,0,0,0,0,0,0,0,0,0,0,1,0,0,0.28777181587122286,0,0,0,0,0.25628772635814895,0.21575269955536736,0,0,0,0,0.2519782393669634,0,0,0,0,0,0,0,0,0,0,0,0,0,0,0,0,0,0,0,0,0,0,0,0,0,0,0,0,0,0,0,0,0,0,0,0,0,0,0,0,0,0,0,0,0,0,0,0.09669766559119378,0,0.20174222926153237,0.2883962264150944,0,0,0,0,0,0,0,0,0,0,0,0,0,0,0,0,0,0,0,0,0,0,0,0.31147791532935964,0,0,0,0,0,0,0,0,0,0,0,0,0,0,0,0,0,0,0
MOTU1810,0,0,0,0,0,0,0,0,0,0,0,0,0,0,0,0,0,0,0,0,0,0,0,0,0,0,0,0,0,0,0,0,0,0,0,0,0,0,0,0,0,0,0.16785714285714284,0,0,0.3246977547495682,0.5853051058530511,0,0,0.08568824065633546,0,0,1,0,0,0,0,0,0,0,0,0.7800829875518672,0,0,0,0.49343832020997375,0,0.30128205128205127,0,0.09025444071051368,0.036675770581349985,0,0,0.10096670247046187,0,0,0,0,0,0,0,0,0,0,0,0,0,0,0,0,0,0,0,0,0,0.03011855174623518,0,0,0,0,0,0,0,0,0,0,0,0,0,0,0,0,0,0,0,0,0,0,0,0,0,0,0.26591230551626593,0,0,0.03459698196540302,0.28456104944500504,0.23703170028818443,0,0,0,0,0,0.05393000573723465,0,0.10162162162162162,0.03271841280891055,0.05420991926182238,0.29283489096573206,0.13715953307392997,0.09306930693069307,0,0.38789546079779913,0,0,0,0.30698889614630964,0.10318331503841932,0,0.13380782918149467,0,0,0.1203585147247119,0,0,0,0,0,0,0,0,0,0,0,0,0,0,0,0.0633850303438975,0,0,0,0.07186544342507646,0,0.1248339973439575,0,0.2017167381974249,0,0,0,0,0,0,0,0,0,0,0,0,0,0,0,0.14094714482069223,0,0,0,0.06828913912095896,0,0,0,0.010652765185856755,0.010795291415446454,0.005102871722490636
MOTU21917,0,0,0,0,0,0,0,0,0,0,0,0,0,0,0,0,0,0,0,0,0,0,0,0,0,0,0,0,0,0,0,0,0,0,0,0,0,0,0,0,0,0,0,0,0,0,0,0,0,0,0,0,0,0,0,0,0,0,0,0,0,0,0,0,0,0,0,0,0,0,0,0,0,0,0,0,0,0,0,0,0,0,0,0,0,0,0,0,0,0,1,0,0,0,0,0,0,0,0,0,0,0,0,0,0,0,0,0,0,0,0,0,0,0,0,0,0,0,0,0,0,0,0,0,0,0,0,0,0,0,0,0,0,0,0,0,0,0,0,0,0,0,0,0,0,0,0,0,0,0,0,0,0,0,0,0,0,0,0,0,0,0,0,0,0,0,0,0,0,0,0,0,0,0,0,0,0,0,0,0,0,0,0,0,0,0,0,0,0,0,0,0,0,0,0,0,0,0,0,0,0,0,0
MOTU2617,0,0,0,0,0,0,0,0,0,0,0,0,0,0,0,0,0,0,0,0,0,0,0,0,0,0,0,0,0,0,0,0,0,0,0,0,0,0,0,0,0,0,0,0,0,0,0,0,0,0,0,0,0,0,0,0,0,0,0,0,0,0,0,0,0,0,0,0,0,0,0,0,0,0,0,0,0,0,0,0,0,0,0,0,0,0,0,0,0,0,0,0,0,0,0,0,0,0,0.1001754044045995,0,0.09321726514327168,0,0,0,0,0,0,0,0,0,0,0,0,0,0,0.13512092534174552,0,0,0,0,0,0,0,0,0,0,0,0,0.09008061689449702,0.13291957589862943,0.1645063210113618,0,0,0,0,0.4630630630630631,0,0,0.4447905849775009,1,0,0,0.2356717102246676,0.5054080629301868,0.21152263374485597,0,0,0,0,0,0,0,0.2193768672641912,0,0,0,0,0,0,0,0,0,0,0,0,0,0,0,0,0,0,0,0,0,0,0,0,0,0,0,0,0,0.03129375951293759,0,0,0,0,0,0,0,0.13619501854795973,0,0.021408638427256446,0.15791090629800306,0,0,0.06223513742583848,0,0,0,0,0,0
MOTU2829,0,0,0,0,0,0,0,0,0,0,0,0,0,0,0,0,0,0,0,0,0,0,0,0,0,0,0,0,0,0,0,0,0.17292511201194793,0,0.29344677769732075,0,0,0,0,0,0,0,0,0,0,0,0,0,0,0,0,0,0,0,0,0,0,0,0,0,0,0,0,0,0,0,0,0,0,0,0,0,0,0,0,0,0,0,0,0,0,0,0,0,0,0,0,0,0,0,0,0,0,0,0,0,0,0,0,0,0,0,0,0,0,0,0,0,0,0,0,0,0,0,0,0,0,0,0,0,0,0,0,0,0,0.44746043430253957,0,0.14598342939481265,0,0,0,1,0,0,0,0,0,0,0.8416407061266874,0.591318093385214,0.4012376237623762,0.35177951388888884,0.5574277854195323,0.39847590953785644,0,0,0.5293925538863488,0.6672612513721186,0,0,0,0,0,0,0,0,0,0,0,0,0,0,0,0,0,0,0,0,0,0,0,0,0,0,0,0,0,0,0,0,0,0,0,0,0,0,0,0,0,0,0,0,0,0,0,0,0,0,0,0,0.11481470988213961,0.1396210163652024,0.06599804570870202
MOTU2841,0,0,0,0,0,0,0,0,0,0,0,0,0,0,0,0,0,0,0,0,0,0,0,0,0,0,0,0,0,0,0,0,0,0,0,0,0,0,0,0,0,0,0,0,0,0,0,0,0,0,0,0,0,0,0,0,0,0,0,0,0,0,0,0,0,0,0,0,0,0,0,0,0,0,0,0,0,0,0.03296753128967894,0,0,0,0.03819079638579533,0,0,0,0,0,0,0,0,0,0,0,0,0,0,0,0,0,0,0,0,0,0,0,0,0.182041266025641,0,0.23178702375259044,0,0,0,0,0,0,0,0,0,0,0,0,0,0,0,0.2675745307324255,0,0.3273595100864553,0.09555730809674028,0,0,0.1121221468229488,0,0.10427423981640849,0,0.19648648648648648,0.06326139923424992,0,0.09436656282450674,0.08839980544747082,0.08997524752475247,0.1577690972222222,1,0,0.11219135802469135,0,0,0.29925905598243685,0,0,0,0,0,0,0,0,0,0,0,0,0,0,0,0,0,0,0,0,0,0,0,0,0,0,0,0,0,0,0,0,0,0,0,0,0,0,0,0.07467132292522596,0,0,0,0,0.09084093464950643,0,0,0,0,0.08092163846838825,0,0,0.020597234814143245,0,0.009866456761305032
MOTU4785,0,0,0,0,0,0,0,0,0,0,0,0,0.06979025199939641,0,0,0,0,0,0,0,0,0,0,0,0,0,0,0,0,0,0,0,0,0,0,0,0,0,0,0,0,0,0,0,0,0,0,0,0,0,0,0,0,0,0,0,0,0,0,0,0,0,0,0,0,0,0,0,0,0,0.3609051892313695,0,0,0,0.6934032983508246,0,0,0,0,0,0,0,0,0,0,0,0,0,0,0,0,0.23171342685370738,0,0,0,0,0,0,0,0,0,0,0,0,0,0,0,0.09264823717948717,0,0,0,0,0,0,0,0,0,0,0,0,0,0,0,0,0,0,0,0.16660662824207492,0,0.35880527540729246,0.6661065770523283,0.5706354102405923,0.19883920894239038,0.26534710269650025,0.3129228687415426,1,0.16098155238426734,0,0.480269989615784,0.22495136186770429,0.22896039603960397,0,0,0,0,0,0.6041802743305029,0,0,0,0,0,0,0,0,0,0,0,0,0,0,0,0,0,0,0,0,0,0,0,0,0,0,0,0,0,0,0,0,0,0,0,0,0,0,0,0,0,0,0,0,0,0,0,0.16216690042075735,0,0,0,0,0.1893939393939394,0.026206935630099727,0,0.050214429184083385
MOTU5576,0,0,0,0,0.0593082068852994,0,0.31774475524475526,0.298440065681445,0,0,0,0,0,0,0,0.016820916242480333,0,0,0,0,0,0,0,0.16552823315118398,0,0.03353939841299133,0.11208757323465926,0,0,0,0,0,0.15510987838702794,0,0,0,0,0,0.07931485926249182,0,0,0,0,0,0,0,0,0,0,0,0,0,0,0,0,0,0,0,0,0,0,0,0,0,0,0,0,0,0,0,0.2836519703472493,0,0,0,0,0,0,0,0,0,0,0,0,0,0,0,0,0,0,0,0,0,0,0,0,0,0,0,0,0,0,0,0,0,0,0,0,0,0,0,0,0,0,0,0,0,0,0,0,0,0,0,0,0,0,0,0.18340060544904138,0,0,0,0,0,0,0,0,0,0,0,0,0,0,0,1,0,0,0,0,0,0,0,0,0,0,0,0,0,0,0.0369297978258661,0,0,0,0,0,0,0,0,0,0,0,0,0,0,0,0,0,0,0,0,0,0,0,0.10391652372784448,0,0,0,0,0,0,0,0,0,0,0,0,0,0,0,0,0,0,0,0,0
MOTU6510,0,0,0,0,0,0,0,0,0,0,0,0,1,0.5830718245006892,0,0,0,0,0,0.8004912224190691,0,0,0,0,0,0,0,0,0,0,0,0,0,0,0,0,0,0,0,0,0,0,0,0,0,0,0,0,0,0,0,0,0,0,0,0,0,0,0,0,0,0,0,0,0,0,0,0,0,0,0,0,0,0,0,0,0,0,0,0,0,0,0,0,0,0,0,0,0,0,0,0,0,0,0,0,0,0,0,0,0,0,0,0,0,0,0,0,0,0,0,0,0,0,0,0,0,0,0,0,0,0,0,0,0,0,0,0,0,0,0,0,0,0,0,0,0,0,0,0,0,0,0,0,0,0,0,0,0,0,0,0,0,0,0,0,0,0,0,0,0,0,0,0,0,0,0,0,0,0,0,0,0,0,0,0,0,0,0,0,0,0,0,0,0,0,0,0,0,0,0,0,0,0,0,0,0,0,0,0,0,0,0
MOTU9904,0,0,0,0,0,0,0,0,0,0,0,0,0,0,0,0,0,0,0,0,0,0,0,0,0,0,0,0,0,0,0,0,0,0,0,0,0,0,0,0,0,0,0,0,0,0,0,0,0,0,0,0,0,0,0,0,0,0,0,0,0,0,0,0,0,0,0,0,0,0,0,0,0,0,0,0,0,0,0,0,0,0,0,0,0,0,0,0,0,0,0,0,0,0.8598553345388789,0,0,0,0,0,0,0,0,0,0,0,0,0,0,0,0,0,0,0.3208502024291498,0,0,0,0,0,0,0,0,0,0,0,0,0,0,0,1,0,0,0,0,0,0,0,0,0,0,0,0,0,0,0,0,0,0,0,0,0,0,0,0,0,0,0,0,0,0,0,0,0,0,0,0,0,0,0,0,0,0,0,0,0,0,0,0,0,0,0,0,0,0,0,0,0,0,0,0,0,0,0,0,0,0,0,0,0,0,0,0,0,0
MOTU278,0,0,0,0,0,0,0,0,0,0,0,0,0,0,0,0,0,0,0,0,0,0,0,0,0,0,0,0,0,0,0,0,0,0,0,0,0,0,0,0,0,0,0,0,0,0,0,0,4.5764361117058217e-4,0,5.517934653449119e-4,0,0,0,0,0,0,0,0,0,0,0,0,0,0,0,0,0,0,0,0,0,0,0,0.0050265323769650445,0,0,0,0,0,0,0,0,0,0,0,0,0,0,0,0,0,0,0,0,0,0,0,0,0,0,0,0,0,0,0,3.666554128866672e-4,0,0,0,0,0,0,0,0,0,0,0,0,0,0,0,0,0,0,0.012956687339740407,0.0016915727020361678,6.038719552297702e-4,0,0.002601006280400066,0.002414328201225889,0.02275118325095159,0,0.0019235209956601747,0,0,0,0,0,0,0,0,0,0,0.019660878028789512,0,0,0,0,0,0,0,0.006439238979710021,5.296519898002661e-4,0.30783016660293255,0,0,0,0,0,0,0,0,0,0,0,0,0,0,0,0,0,0,0,0,1,0,0,0,0.011722717116907989,0,0,0,0,0,0,0,0,0,0,0,0,0,0,0,0,0,0,0,0,0,0,5.460122298630396e-4
MOTU113,0,0,0,0,0,0,0,0,0,0,0,0,0,0,0,0,0,0,0,0,0,0,0,0,0,0,0,0,0,0,0,0,0,0,0,0,0,0,0,0,0,1,0.5413524353924488,0,0,0,0,0,0,0,0,0,0,0,0,0,0,0.008802478624267461,0,0.34332914781736923,0,0,0,0.005009540680477417,0,0,0,0.0019749150759574433,0.0017655401252112384,0,4.808220863821477e-4,0,0,0,0,0.3394032623395435,7.799664603781295e-4,0,0,0,0,0,0,0,0,0,7.315802952789816e-4,0.009169248566945272,0,0,0,0,0,5.571189002700924e-4,0,3.9485645863423407e-4,0,0,0,0,0,0,0,0,0,0,0,0,0,0,0,0,0,0,0,0.62880797617204,0,0,0,0.014030516213253637,0,0.001236055172916193,0,0,0,4.5356901266008264e-4,0.0012435388571114476,0.36535359765421355,6.479216652983409e-4,9.560488808358763e-4,0,0.017485491159865037,0.039206224654948794,0.44471960278427575,0.0025013809351774924,0.003996801105072793,0,0,0,0,0,0,0,0,0,0,0,6.7637047606885e-4,0,8.771153077561883e-4,0,3.226039286380745e-4,0.0015779091003808507,0.22622231004673468,0,0,0,0,0,0,0,0,0,0,0,0,0,0,0,0.485560673626663,0,0,0,0,0,4.3576626852809215e-4,0,0.007925061140819579,0.0025047703402387086,0,0,0,0,0,0,0,0,0,0,0,0,7.240581712088393e-4,0.4019024977267687,0,0,0.03901246915421424,0,0,0,0,0,0,0
MOTU1328,0,0,0,0,0,0,0,0,0,0,0,0,0,0,0,0,0,0,0,0,0,0,0,0,0,0,0,0,0,0,0,0,0,0,0,0,0,0,0,0,0,0,0,0,0,0,0,0,0,0,0,0,0,0,0,0,0,0,0,0,0,0,0,0,0,0,0,0,0,0,0,0,0,1,0,0,0,0,0,0,0,0,0,0,0,0,0,0,0,0,0,9.366121801836606e-4,0,0,0,0,0,0,0,0,0,0,0,0,0,0,0,0,0,0,0,0,0,0,0,0,0,0,0,0,0,0,0,0,0,0,0,0,0,0,0,0,0,0,0,0,0,0,0,0,0,0,0,0,0,0,0,0,0,0,0,0,0,0,0,0,0,0,0,0,0,0,0,0,0,0,0,0,0,0,0,0,0,0,0,0,0,0,0,0,0,0,0,0,0,0,0,0,0,0,0,0,0,0,0,0,0,0,0,0,0,0,0
MOTU15377,0,0,0,0,0,0,0,0,0,0,1,0,0,0,0,0,0,0,0,0,0,0,0,0.9585610200364298,0,0,0,0,0,0,0,0,0,0,0,0,0,0,0,0,0,0,0,0,0,0,0,0,0,0,0,0,0,0,0,0,0,0,0,0,0,0,0,0,0,0,0,0,0,0,0,0,0,0,0,0,0,0,0,0,0,0,0,0,0,0,0,0,0,0,0,0,0,0,0,0,0,0,0,0,0,0.6871225722213156,0,0,0,0,0,0,0,0,0,0,0,0,0,0,0,0,0,0,0,0,0,0,0,0,0,0,0,0,0,0,0,0,0,0,0,0,0,0,0,0,0,0,0,0,0,0,0,0,0,0,0,0,0,0,0,0,0,0,0,0,0,0,0,0,0,0,0,0,0,0,0,0,0,0,0,0,0,0,0,0,0,0,0,0,0,0,0,0,0,0,0,0,0,0,0,0,0,0,0,0,0
MOTU16174,0,0,0,0,0,0,0,0,0,0,0,0,0,0,0,0,0,0,0,0,0,0,0,0,0.29892215568862274,0,0,0,0,0,0,0,0,0,0,0,0,0,0,0,0,0,0,0,0,0,0,0,0,0,0,0,0,0,0,0,0,0,0,0,0,0,0,0,0,0,0,0,0,0,0,0,0,0,0,0,0,0,0,0,0,0,0,0,0,0,0,0,0,0,0,0,0,0,0,0,0,0,0,0,0,0,0,0,0,0,0,1,0,0.1989478718316595,0,0,0,0,0,0,0,0,0,0,0,0,0,0,0,0,0,0,0,0,0,0,0,0,0,0,0,0,0,0,0,0,0,0,0,0,0,0,0,0,0,0,0,0,0,0,0,0,0,0,0,0,0,0,0,0,0,0,0,0,0,0,0,0,0,0,0,0,0,0,0,0,0,0,0,0,0,0,0,0,0,0,0,0,0,0,0,0,0,0,0,0,0
MOTU1719,0,0,0,0,0,0.0010723907721653064,0,0,0,0,0,0,0,0,0,0,0,0,0,0,0,0,0,1,0,0,0,0,0,0,0,0,0,0,0,0,0.0032217600845051825,0,0,0,0,0,0,0,0,0,0,0,0,0,0,0,0,0,0,0,0,0,0,0,0,0,0,0,0,0,0,0,0,0,0,0,0,0,0,0,0,0,0,0,0,0,0,0,0,0,0,0,0,0,0,0,0,0,0,0,0,0,0,0,0,0,0,0,0,0,0,0,0,0,0,0,0,0,0,0,0,0,0,0,0,0,0,0,0,0,0,0,0,0,0,0,0,0,0,0,0,0,0,0,0,0,0,0,0,0,0,0,0,0,0,0,0,0,0,0,0,0,0,0,0,0,0,0,0,0,0,0,0,0,0,0,0,0,0,0,0,0,0,0,0,0,0,0,0,0,0,0,0,0,0,0,0,0,0,0,0,0,0,0,0,0,0
MOTU18656,0,0,0,0,0,0.013656500929551839,0,0,0,0,0,0,0.005788608889559546,0,0.009232517716272228,0.11716026530927039,0.012481246497839958,0.003929099806532377,0,0.06487222848553174,0.4015869059488202,0,0.02585561297086797,0.05240588949605343,0,0,0,0,0,0,0,0,0,0,1,0,0.1230837789661319,0,0,0,0,0,0,0,0,0,0,0,0,0,0,0,0,0,0,0,0,0,0,0,0,0,0,0,0,0,0,0,0,0,0,0,0,0,0,0,0,0,0,0,0,0,0,0,0,0,0,0,0,0,0,0,0,0,0,0,0,0,0,0,0,0,0,0,0,0,0,0,0,0,0,0,0,0,0,0,0,0,0,0,0,0,0,0,0,0,0,0,0,0,0,0,0,0,0,0,0,0,0,0,0,0,0,0,0,0,0,0,0,0,0,0,0,0,0,0,0,0.023383792204273765,0.0227842671418201,0,0,0,0,0,0,0,0,0,0,0,0,0,0,0,0,0,0,0,0,0,0,0,0,0,0,0,0,0,0,0,0,0,0,0,0,0,0,0,0,0,0,0,0
MOTU19342,0,0,0,0,0,0,0,0,0,0,0,0,0,0,0,0,0,0,0,0,0,0,0,0,0,0,0,0,0,0,0,0,0,0,0,0,0,0,0,0,0,1,0.1699907235621521,0,0,0,0,0,0,0,0,0,0,0,0,0,0,0,0,0.13172712895960126,0,0,0,0,0,0,0,0,0,0,0,0,0,0,0,0.04086315470244042,0,0,0,0,0,0,0,0,0,0,0,0.0035414734075448363,0,0,0,0,0,0,0,0,0,0,0,0,0,0,0,0,0,0,0,0,0,0,0,0,0,0,0,0.35660514564300055,0,0,0,0,0,0,0,0,0,0,0,0.07715717279838318,0,0,0,0.014681493706786735,0.010231599870464875,0.1775003539203195,0,0,0,0,0,0,0,0,0,0,0,0,0,0,0,0,0,0,0,0.08271270593545475,0,0,0,0,0,0,0,0,0,0,0,0,0,0,0,0.15403690160971714,0,0,0,0.016145658954342806,0,0,0,0,0,0,0,0,0,0,0,0,0,0,0,0,0,0,0.029737225163940145,0,0,0.00392394085716427,0,0,0,0,0,0,0
MOTU2067,0,0,0,0.3574660633484163,0.7798172621961169,0.8249673667971995,0,0,0.49012972363226176,0,0,0,0.021855037472964137,0,0,0.2010643220731143,0.11780814489452848,0.1780129737111642,0,0,0,0,0.6833295888564368,0.3957194899817851,0,0.04009042258719321,0.4019426456984274,0,0,0,0,1,0,0,0,0.5337837837837838,0,0.08779551424530208,0,0,0,0,0,0,0,0,0,0,0.11861861861861862,0,0,0,0,0,0,0,0,0,0,0,0,0,0,0,0,0,0,0,0,0,0,0,0,0,0,0,0,0,0,0,0,0,0,0,0,0,0,0,0,0,0,0,0,0,0,0,0,0,0,0,0,0,0,0,0,0,0,0,0,0,0,0,0,0,0,0,0,0,0,0,0,0,0,0,0,0,0,0,0,0,0,0,0,0,0,0,0,0,0,0,0,0,0,0,0,0,0,0,0,0,0,0,0,0,0,0,0,0.22071522909682006,0,0,0.03818101933216169,0,0,0,0,0,0,0,0,0,0,0,0,0,0,0,0,0,0,0,0,0,0,0,0,0,0,0,0,0,0,0,0,0,0,0,0,0,0,0,0,0,0
MOTU20980,0,0,0,0,0,0,0,0,0,0,0,0,0,0,0,0,0,0,0,0,0,0,0,0,0,0,0,0,0,0,0,0,0,0,0,0,0,0,0,0,0,0.8873124147339699,0,0,0,0,0,0,0,0,0,0,0,0,0,0,0,0,0,1,0,0,0,0,0,0,0,0,0,0,0,0,0,0,0,0,0,0,0,0,0,0,0,0,0,0,0,0,0,0,0,0,0,0,0,0,0,0,0,0,0,0,0,0,0,0,0,0,0,0,0,0,0,0,0,0,0,0,0,0,0,0,0,0,0,0,0,0.19524495677233428,0,0,0,0,0,0,0,0,0,0,0,0,0,0,0,0,0,0,0,0,0,0,0,0,0,0.3424960505529226,0,0,0,0,0,0,0,0,0,0,0,0,0,0,0,0.8770226537216829,0,0,0,0,0,0,0,0,0,0,0,0,0,0,0,0,0,0,0,0,0,0,0.33862301636886166,0,0,0.08936521022258863,0,0,0,0,0,0,0
MOTU22610,0,0,0,0,0,0.4959060163759345,0,0,0,0,0,0,0,0.14298911927735578,0,0,0,0,0,0,0,0,0,0,0,0.5141169957556745,0,0,0,0,1,0,0,0,0,0,0.9932263814616755,0,0.6078987562731835,0,0,0,0,0,0,0,0,0,0,0,0,0,0,0,0,0,0,0,0,0,0,0,0,0,0,0,0,0,0,0,0,0,0,0,0,0,0,0,0,0,0,0,0,0,0,0,0,0,0,0,0,0,0,0,0,0,0,0,0,0,0,0,0,0,0,0,0,0,0,0,0,0,0,0,0,0,0,0,0,0,0,0,0,0,0,0,0,0,0,0,0,0,0,0,0,0,0,0,0,0,0,0,0,0,0,0,0,0,0,0,0,0,0,0,0,0,0,0,0,0,0,0,0,0,0,0,0,0,0,0,0,0,0,0,0,0,0,0,0,0,0,0,0,0,0,0,0,0,0,0,0,0,0,0,0,0,0,0,0,0,0,0,0
MOTU2639,0,0,0,0,0,0,0,0,0,0,0,0,0,0,0,0,0,0,0,0,0,0.024291090263422906,0,0,0,0,0,0,0,0,0,0,0,0,0,0,0.17198611502017075,0,1,0,0,0,0,0,0,0,0,0,0,0,0,0,0,0,0,0,0,0,0,0,0,0,0,0,0,0,0,0,0,0,0,0,0,0,0,0,0,0,0,0,0,0,0,0,0,0,0,0,0,0,0,0,0,0,0,0,0,0,0,0,0,0,0,0,0,0,0,0,0,0.012817393395812181,0,0,0.009042229956357381,0,0,0,0,0,0,0,0,0,0,0,0,0.029592752584442335,0,0,0,0,0,0,0,0,0,0,0,0,0,0,0,0,0,0,0,0,0,0,0,0,0,0,0,0,0,0,0,0,0,0,0,0,0,0,0,0,0,0,0,0,0,0,0,0,0,0,0,0,0,0,0,0,0,0,0,0,0,0,0,0,0,0,0,0,0,0,0,0,0,0,0,0,0
MOTU27612,0,0,0,0,0,0,0,0,0,0,0,0,0,0,0,0.09639055992596021,0,0,0,0.5870913190529876,0,0,0,0,0,0,0,0,0,0,0,0,0,0,0,0,0,0,0,0,0,0,0,0,0,0,0,0,0,0,0,0,0,0,0,0,0,0,0,0,0,0,0,0,0,0,0,0,0,0,0,0,0,0,0,0,0,0,0,0,0,0,0,0,0,0,0,0,0,0,0,0,0,0,0,0,0,0,0,0,0,0,0,0,0.4114974318451205,0,0,0,0,0,0,0,0,0,0,0,0,0,0,0,0,0,0,0,0,0,0,0,0,0,1,0,0,0,0,0,0,0,0,0,0,0,0,0,0,0,0,0,0,0,0,0,0,0,0,0,0,0,0,0,0,0,0,0,0,0,0,0,0,0,0,0,0,0,0,0,0,0,0,0,0,0,0,0,0,0,0,0,0,0,0,0,0,0,0,0,0,0,0,0,0,0,0
MOTU2797,0,0,0,0,0,0,0,0,0,0,0,0,0,0,0,0,0,0,0,0,0,0,0,0,0,0,0,0,0,0,0,0,0,0,0,0,0,0,0,0,0,0,0,0,0,0,0.17434620174346202,0,0,0,0,0,0,0,0,0,0,1,0,0,0,0,0,0,0,0,0,0,0,0,0,0,0,0,0,0,0,0,0,0,0,0,0,0,0,0,0,0,0,0,0,0,0,0,0,0,0,0,0,0,0,0,0,0,0,0,0,0,0,0,0,0,0,0,0,0,0,0,0,0,0,0,0,0,0,0.15458225984541776,0,0.6051873198847263,0.14721345951629863,0,0,0.2590993214065392,0,0,0,0.15135135135135136,0,0,0,0.06809338521400779,0,0,0.1925722145804677,0.1376597836774828,0.08641975308641975,0,0.457217504898759,0,0.2834008097165992,0.498220640569395,0,0.18324607329842935,0,0,0.1925722145804677,0,0,0,0,0,0,0,0,0,0,0,0,0,0,0,0,0,0,0,0,0,0,0,0,0,0,0,0,0,0,0,0,0,0,0,0,0.08225616921269095,0.13994751968011998,0,0,0,0,0,0,0,0.01586582048957389,0,0
MOTU3126,0,0,0,0.13698066639243112,0.21732745961820854,0.31612673549305803,0,0,0,0,0.15819477434679335,0,0.11724762335898596,0.13672757134058713,0.08014440433212996,0.2003239241092087,0.07223035627135188,0.011369067941276885,0,0,0,0,0.14962929678723882,0.15163934426229508,0,0,0,0,0,0,0,0.3831990794016111,0.14209515681672713,0,0,0,0,0,0.2179794894174122,0,0,0,0,0,0,0,0,0,0,0,0,0,0,0,0,0,0,0,0,0,1,0,0,0,0,0,0,0,0,0,0,0,0.2817258883248731,0,0,0,0,0,0,0,0,0,0,0,0,0,0,0.04955357142857143,0,0.15105466092084371,0,0,0,0,0,0,0,0,0,0.2109597719353817,0.09058759521218716,0,0,0,0.3289213749506124,0,0,0.2668269230769231,0.2470326409495549,0,0.02368084198549282,0.03758465011286682,0,0,0,0,0,0,0,0,0,0,0,0,0,0,0,0,0.3501577287066246,0,0,0,0,0,0,0,0,0,0.17289719626168223,0,0,0,0,0,0,0,0,0.18276619099890232,0,0.23701067615658364,0.2528473804100228,0,0,0,0,0,0.06319984816853293,0,0,0.09424528301886793,0.029261862917398948,0,0,0,0,0,0,0,0,0,0,0,0,0,0,0,0,0,0,0,0,0,0,0.05089408528198074,0,0,0,0,0,0,0,0,0.041609396476321385,0.20460829493087557,0,0,0,0,0,0,0,0,0
MOTU4229,0,0,0,0,0,0,0,0,0,0,0,0,0,0,0,0,0,0,0,0,0,0,0,0,0,0,0,0,0,0,0,0,0,0,0,0,0,0,0,0,0,0,0,0,0,0,0,0,0,0,0,0,0,0,0,1,0,0,0,0,0,0,0,0,0,0,0,0,0,0,0,0,0,0,0,0,0,0,0,0,0,0,0,0,0,0,0,0,0,0,0,0,0,0,0,0,0,0,0,0,0,0,0,0,0,0,0,0,0,0,0,0,0,0,0,0,0,0,0,0,0,0,0,0,0,0,0,0,0,0,0,0,0,0,0,0,0,0,0,0,0,0,0,0,0,0,0,0,0,0,0,0,0,0,0,0,0,0,0,0,0,0,0,0,0,0,0,0,0,0,0,0,0,0,0,0,0,0,0,0,0,0,0,0,0,0,0,0,0,0,0,0,0,0,0,0,0,0,0,0,0,0,0
MOTU4594,0,0,0,0,0.026431718061674013,0,0.14160839160839161,0,0,0,0,0,0,0,0,0,0,0,0,0,0,0,0.18198157717366883,0,0,0.014947407270714155,0,0,0,1,0.11629576453697058,0,0,0,0,0,0,0,0,0,0,0,0,0,0,0,0,0,0,0,0,0,0,0,0,0,0,0,0,0,0,0,0,0,0,0,0,0,0,0,0,0,0,0,0,0,0,0,0,0,0,0,0,0,0,0,0,0,0,0,0,0,0,0,0,0,0,0,0,0,0,0,0,0,0,0,0,0,0,0,0,0,0,0,0,0,0,0,0,0,0,0,0,0,0,0,0,0,0,0,0,0,0,0,0,0,0,0,0,0,0,0,0,0,0,0,0,0,0,0,0,0,0,0,0,0,0,0,0,0,0.042706502636203875,0,0,0,0,0,0,0,0,0,0,0,0,0,0,0,0,0,0,0,0,0,0,0,0,0,0,0,0,0,0,0,0,0,0,0,0,0,0,0,0,0,0
MOTU6761,0,0,0,0,0.8100832109642683,0.1963925477631423,0,0,0,0,0,0,0.16649061918414568,0,0,0,0.08974567539721273,0,0,0,0,1,0.3718265558301505,0,0,0,0,0,0,0,0,0,0,0,0,0,0,0,0,0,0,0,0,0,0,0,0,0,0,0,0,0,0,0,0,0,0,0,0,0,0,0,0,0,0,0,0,0,0,0,0,0,0,0,0,0,0,0,0,0,0,0,0,0,0,0,0,0,0,0,0,0,0,0,0,0,0,0,0,0,0,0,0,0,0,0,0,0,0,0,0,0,0,0,0,0,0,0,0,0,0,0,0,0,0,0,0,0,0,0,0,0,0,0,0,0,0,0,0,0,0,0,0,0,0,0,0,0,0,0,0,0,0,0,0,0,0,0,0,0,0,0,0,0,0,0,0,0,0,0,0,0,0,0,0,0,0,0,0,0,0,0,0,0,0,0,0,0,0,0,0,0,0,0,0,0,0,0,0,0,0,0,0
MOTU7440,0,0,0,0,0,0,0,0,0,0,0,0,0,0,0,0,0,0,0,0,0,0,0,0,0,0,0,0,0,0,0,0,0,0,0,0,0,0,0,0,0,0,0,0,0,0,0,0,0,0,0,0,0,0,0,0,0,0,0,0,0,0,0,0,0,0,0,0,0,0,0,0,0,0,0,0,0,0,0,0,0,0,0,0,0,0,0,0,0,0,0,0,0,0,0,0,0,0,0.14093604699724366,0,0,0,0,0,1,0,0.15816772903387077,0.144860347985348,0,0,0,0.16323766526926797,0,0,0,0,0,0,0,0,0,0,0,0,0,0,0,0,0,0,0,0,0,0,0,0,0,0,0,0,0,0,0,0,0,0,0,0,0,0,0,0,0,0,0,0,0,0,0,0,0,0,0,0,0,0,0,0,0,0,0,0,0,0,0,0,0,0,0,0,0,0,0,0,0,0,0.2901857372162348,0,0,0,0,0,0,0,0,0,0,0,0,0,0,0,0
MOTU920,0,0,0,0,0,0,0,0,0,0,0,0,0,0,0,0,0,0,0,0,0,0,0,0,0,0,0,0,0,0,0,0,0,0,0,0,0,0,0,0,0,0,0,0,0,0,0,0,0,0,0,0,0,0,0,0,0,0,0,0,0,0,0,0,0,0,0,0,0,0,0,0,0,0,0,0.005053800366300367,0.027943037974683546,0,0,0,0,0,0,0,0,0,0,0,0,0,0,0,0,0,0,0,0,0,0,0,0,0,0,0,0,0,0,0,0,0,0,0,0,0,0,0,0,0,0,0,0,0,0,0,0,0,0,0,0,0,0,0,0,0,0,0,0,0,0,0,0,0,0,0,0,0,0,0,0,0,0,0,0,0,0,0,0,0,0,0,0,0,0,0,0,0,0,0,0,0,0,0,0,0,0,0,0,0,0,0,0,0,0,0,0,0,0,0,1,0,0.02339692633810281,0,0,0,0,0,0,0,0,0,0,0,0
MOTU9701,0,0,0,0,0,0,0,0,0,0,0,0,0,0,0,0.2260064784821842,0,0.05558210993513144,0,0,0,0,0,0,0,0,0,0,0,0,0,0,0,0,0,1,0,0,0,0,0,0,0,0,0,0,0,0,0,0,0,0,0,0,0,0,0,0,0,0,0,0,0,0,0,0,0,0,0,0,0,0,0,0,0,0,0,0,0.8859060402684563,0,0,0,0,0,0,0,0,0,0,0,0,0,0,0,0,0,0,0,0,0,0,0,0,0,0,0,0,0.3261217948717949,0.4025717111770524,0,0,0,0,0,0,0,0,0,0,0,0,0,0,0,0,0,0,0,0,0,0,0,0,0,0,0,0,0,0,0,0,0,0,0,0,0,0,0,0,0,0,0,0,0,0,0,0.1544885177453027,0.49619018591892716,0,0,0,0,0,0,0,0,0,0,0,0,0,0,0,0,0,0,0,0,0,0,0,0,0.297351598173516,0,0,0,0,0,0,0,0,0,0,0,0,0,0,0,0,0,0,0,0
MOTU993,0,0,0,0,0,0,0,0,0.0036615394163075406,0,0,0,0,0,0,0,0,0,0.028917191025003425,0.0036594754143817747,1,0,0.0014585282824338954,0,0,0,0,0,0,0,0,0,0,0,0,0,0,0,0,0,0,0,0,0,0,0,0,0,0,0,0,0,0,0,0,0,0,0,0,0,0,0,0,0,0,0,0,0,0,0,0,0,0,0,0,0,0,0,0,0,0,0,0,0,0,0,0,0,0,0,0,0,0,0,0,0,0,0,0,0,0,0,0,0,0,0,0,0,0,0,0,0,0,0,0,0,0,0,0,0,0,0,0,0,0,0,0,0,0,0,0,0,0,0,0,0,0,0,0,0,0,0,0,0,0,0,0,0,0,0,0,0,0,0,0,0,0,0,0,0,0,0,0,0,0,0,0,0,0,0,0,0,0,0,0,0,0,0,0,0,0,0,0,0,0,0,0,0,0,0,0,0,0,0,0,0,0,0,0,0,0,0,0
MOTU1034,0,0,0,0.4377056766762649,1,0.11616678533285868,0,0.1747229064039409,0,0,0,0,0,0,0,0,0,0,0,0,0,0.025717522658610274,0.019124915749269826,0,0,0,0,0,0,0,0,0,0,0,0,0,0,0,0,0,0,0,0,0,0,0,0,0,0,0,0,0,0,0,0,0,0,0,0,0,0,0,0,0,0,0,0,0,0,0,0,0,0,0,0,0,0,0,0,0,0,0,0,0,0,0,0,0,0,0,0,0,0,0,0,0.027274911887215637,0,0,0,0,0,0,0,0,0,0,0,0,0,0,0,0,0,0,0,0,0,0,0,0,0,0,0,0,0,0,0,0,0,0,0,0,0,0,0,0,0,0,0,0,0,0,0,0,0,0,0,0,0,0,0,0,0,0,0,0,0,0,0,0,0,0.11565896739130435,0.5290553138595402,0.8416313559322035,0,0,0,0,0,0,0,0,0,0,0,0,0,0,0,0,0,0,0,0,0,0,0,0,0,0,0.011277821939586647,0,0,0,0,0,0,0,0,0,0,0,0
MOTU1175,0,0,0,0,0,0,0,0,0,0,0,0,0.003923343896182285,0,0,0,0,0,0,0,0,0,0,0,0,0,0,0,0,0,0,0,0,0,0,0,0.027807486631016044,0,0,0,0,0,0,0,0,0.2694300518134715,0.9713574097135741,0.5043103448275862,0,0,0,0,0,0,0,0,0,0,0,0,0,0,0.1631799163179916,0,0,0,0,0.125,0,0,0.06086617245415529,0,0,0.16756176154672395,0,0,0,0,0,0,0,0,0.016389997898718218,0,0,0,0.04630454140694568,0,0,0,0,0,0,0.0352622061482821,0.15309126594700687,0.024991989746876,0.026557711950970377,0,0,0.024707000316756416,0.23340587595212187,0.02546107393504162,0,0,0,0,0,1,0.983679525222552,0.7709230033476806,0,0,0,0,0,0,0,0,0,0,0,0,0,0,0,0,0,0,0,0,0,0.1443553362122147,0,0,0,0,0.02714932126696833,0,0,0,0,0,0,0,0,0,0,0.04281009879253568,0,0,0,0,0,0,0,0,0,0,0,0,0,0,0,0,0,0,0,0,0,0,0,0.07195571955719557,0.05963302752293578,0,0.10358565737051792,0.027581329561527583,0,0,0.1585365853658537,0,0,0,0,0,0,0,0,0,0.06625141562853908,0.34210526315789475,0.18600953895071543,0.09165687426556991,0,0,0,0,0,0,0,0,0,0,0
MOTU12025,0,0,0,0,0,0,0.7115384615384616,0.4455391351943076,0,0,0,0,0.04094361450631256,0.055703825360979946,0.5224227837946249,0,0,0,0,0,0,0,0.06096008387628248,0,0,0,0,0,0,0,0,0,0,0,0,1,0.09673202614379084,0,0,0,0,0,0,0,0,0,0,0,0,0,0,0,0,0,0,0,0,0,0,0,0,0,0,0,0,0,0,0,0,0,0,0,0,0,0,0,0,0,0,0,0,0,0,0,0,0,0,0,0,0,0,0,0,0,0,0,0,0,0,0,0,0,0,0,0,0,0,0,0,0,0,0,0,0,0,0,0,0,0,0,0,0,0,0,0,0,0,0,0,0,0,0,0,0,0,0,0,0,0,0,0,0,0,0,0,0,0,0,0,0,0,0,0,0,0,0,0,0,0,0,0,0,0,0,0,0,0,0,0,0,0,0,0,0,0,0,0,0,0,0,0,0,0,0,0,0,0,0,0,0,0,0,0,0,0,0,0,0,0,0,0,0,0
MOTU12136,0,0,0,0,0,0,0,0,0,0,0,0,0,0,0,0,0,0,0,0,0,0,0,0,0,0,0,0,0,0,0,0,0,0,0,0,0,0,0,0.009143471830038993,0,0.006184629376989541,0,0,0,0,0,0,0,0,0.007461048935703313,0,0,0,0,0,0,0,0,0,0.34034034034034033,0,0,0,0,0.0594925634295713,0.05422647527910685,0,0.03247373447946514,0.02176348215714514,0.24762647938613602,1,0.0191765369430344,0,0,0.007783882783882784,0,0,0,0,0,0,0,0,0,0,0,0,0,0,0,0,0,0,0,0,0,0,0,0,0,0,0,0,0,0,0,0,0,0,0,0,0,0,0,0,0,0,0,0,0,0,0,0.09985315712187959,0,0,0,0.008165225744476463,0.011917280056081317,0.017584690974915954,0,0,0.03897965032960734,0.013004398546567219,0.046008119079837616,0,0.015779092702169626,0.0784313725490196,0.02353755624783662,0,0.06732673267326732,0,0,0,0,0.20668693009118538,0,0,0,0,0.01721083270058213,0,0,0,0,0,0,0,0,0,0,0,0,0,0,0,0,0,0,0.018338727076591153,0,0.02091020910209102,0,0,0,0,0,0,0,0,0,0,0,0,0,0,0,0,0,0,0,0,0,0,0,0,0,0.02018403086969427,0.023586541796739507,0,0,0,0
MOTU13243,0,0,0,0,0,0,0,0,0,0,0,0,0,0,0,0,0,0,0,0,0,0,0,0,0,0,0,0,0,0,0,0,0,0,0,0,0,0,0,0,0,0,0,0,0,0,0,0,0.07644007644007644,0.1276207839562443,0,0,0,0,0,0,0,1,0,0,0,0,0,0,0,0,0,0,0,0.13442150744119058,0,0,0,0,0,0,0,0,0,0,0,0,0,0,0,0,0,0,0,0.03175323202540259,0,0,0,0,0,0,0,0,0,0,0,0,0,0,0,0,0,0,0,0,0,0,0,0,0,0,0,0,0,0,0,0,0,0,0,0,0,0,0,0,0,0,0,0,0,0,0,0.4036908881199539,0,0,0,0,0,0,0,0.425531914893617,0,0,0,0,0,0,0,0,0,0,0,0,0,0,0,0,0,0,0,0,0,0,0,0,0,0,0,0,0,0,0,0,0,0,0,0,0,0,0,0,0,0,0.039637599093997736,0,0,0,0,0,0,0,0,0,0,0,0,0,0
MOTU13726,0,0,0,0,0,0,0,0,0,0,0,0,0.08188722901262512,0,0.08707046396577081,0,0,0,0,0,0,0,0,0,0,0,0,0,0,0,0,0,0,0,0,1,0,0,0.23681722307076877,0,0,0,0,0,0,0,0,0,0,0,0,0,0,0,0,0,0,0,0,0,0,0,0,0,0,0,0,0,0,0,0,0,0,0,0,0,0,0,0,0,0,0,0,0,0,0,0,0,0,0,0,0,0,0,0,0,0,0,0,0,0,0,0,0,0,0,0,0,0,0,0,0,0,0,0,0,0,0,0,0,0,0,0,0,0,0,0,0,0,0,0,0,0,0,0,0,0,0,0,0,0,0,0,0,0,0,0,0,0,0,0,0,0,0,0,0,0,0,0,0,0,0,0,0,0,0,0,0,0,0,0,0,0,0,0,0,0,0,0,0,0,0,0,0,0,0,0,0,0,0,0,0,0,0,0,0,0,0,0,0,0,0,0
MOTU13782,0,0,0,0,0,0,0,0,0,0,0,0,0,0,0,0,0,0,0,0,0,0,0,0,0,0,0,0,0,0,0,0,0,0,0,0,0,0,0,0,0,0,0,0,0,0,0,0,0,0,0,0,0,0,0,0,0,0,0,0,0,0,0,0,0,0,0,0,0,0,0,0,0,0,0,0,0,0,0,0,0,0,0,0,0,0,0,0,0,0,0,0,0,0,0,0,0,0,0,0,0,0,0,0,0,0,0,0,0,0,0,0,0,0,0,0,0,0,0,0,0,0,0,0,0,0,0,0,0,0,0,0,0,0,0,0,0,0,0,0,1,0,0,0,0,0,0,0.3695572630808635,0,0,0,0,0,0,0,0,0,0,0,0,0,0,0,0,0,0,0,0,0,0,0,0,0,0,0,0,0,0,0,0,0,0,0,0,0,0,0,0,0,0,0,0,0,0,0,0,0,0,0,0,0,0,0
MOTU14027,0,0,0,0,0,0,0,0,0,0,0,0,0,0,0,0,0,0,0,0,0,0,0,0,0,0,0,0,0,0,0,0,0,0,0,0,0,0,0,0,0,0,0,0,0,0,0,0,0,0,0,0,0,0,0,0,0,0,0,0,0,0,0,0,0,0,0,0,0,0,0,0,0,0,0,0,0,0,0,0,0,0,0,0,0,0,0,0,0,0,0,0,0,0,0,0,0,0,0,0,0,0,0,0,0,0,0,0,0,0,0,0,0,0,0,0,0,0,0,0,0,0,0,0,0,0,0,0,0,0,0,0,1,0,0,0,0,0,0,0,0,0,0,0,0,0,0,0,0,0,0,0,0,0,0,0,0,0,0,0,0,0,0,0,0,0,0,0,0,0,0,0,0,0,0,0,0,0,0,0,0,0,0,0,0,0,0,0,0,0,0,0.6833137485311398,0,0,0,0,0,0,0,0,0,0,0
MOTU19952,0,0,0,0,0,0,0,1,0,0,0,0,0,0,0,0,0,0,0,0,0,0.36797583081571,0,0,0,0,0,0,0,0,0,0,0,0,0,0,0.8684491978609625,0,0,0,0,0,0,0,0,0,0,0,0,0,0,0,0,0,0,0,0,0,0,0,0,0,0,0,0,0,0,0,0,0,0,0,0,0,0,0,0,0,0,0,0,0,0,0,0,0,0,0,0,0,0,0,0,0,0,0,0,0,0,0,0,0,0,0,0,0,0,0,0,0,0,0,0,0,0,0,0,0,0,0,0,0,0,0,0,0,0,0,0,0,0,0,0,0,0,0,0,0,0,0,0,0,0,0,0,0,0,0,0,0,0,0,0,0,0,0,0,0,0,0,0,0,0,0,0,0,0,0,0,0,0,0,0,0,0,0,0,0,0,0,0,0,0,0,0,0,0,0,0,0,0,0,0,0,0,0,0,0,0,0,0,0,0
MOTU26135,0,0,0,0,0,0,0,0,0,0,0,0,0,0,0,0,0,0,0,0,0,0,0,0,0,0,0,0,0,0,0,0,0,0,0,0,0,0,0,0,0,0,0,0,0,0,0,0,0,0,0,0,0,0,0,0,0,0,0,0,0,0,0,0,0,0,0,0,0,0,0,0,0,0,0,0,0,0,0,0,0,0,0,0,0,0,0,1,0,0,0,0,0,0,0,0,0,0,0,0,0,0,0,0,0,0,0,0,0,0,0,0,0,0,0,0,0,0,0,0,0,0,0,0,0,0,0,0,0,0,0,0,0,0,0,0,0,0,0,0,0,0,0,0,0,0,0,0,0,0,0,0,0,0,0,0,0,0,0,0,0,0,0,0,0,0,0,0,0,0,0,0,0,0,0,0,0,0,0,0,0,0,0,0,0,0,0,0,0,0,0,0,0,0,0,0,0,0,0,0,0,0,0
MOTU2738,0,0,0,0,0,0,0,0,0,0,0,0,0.0252167060677699,0.0032163142407445424,0.0025137050407808533,0,0,0.01925571867531581,0,0,0,0,0,0,0,0,0,0,0,0,0,0,0,0,0,0,0,0,0,0,0,0,0,0.11352657004830918,0,0,0,0,0,0,0,0,1,0,0,0,0,0,0,0,0,0,0,0,0,0,0,0,0,0,0,0,0,0,0,0,0,0,0,0,0,0,0,0,0,0,0,0,0,0,0,0,0,0,0,0,0,0,0,0,0,0,0,0,0,0,0,0,0.007748104187273327,0,0,0,0,0,0,0,0,0,0,0,0,0,0,0,0,0,0,0,0,0,0,0,0,0,0,0,0,0.10841983852364476,0.08134302526825893,0.030479896238651105,0,0,0,0,0,0,0,0,0,0,0,0,0,0,0,0,0,0,0,0,0,0,0,0,0,0,0,0,0,0,0,0,0,0,0,0,0,0,0,0,0,0,0,0,0,0,0,0,0,0,0,0,0,0,0,0,0,0,0,0,0,0,0
MOTU31823,0,0,0,0,0,0,0,0,0,0,0,0,0,0,0,0,0,0,0,0,0,0,0,0,0,0,0,0,0,0,0,0,0,0,0,0,0,0,0,0,0,0,0,0,1,0,0,0,0,0,0,0,0,0,0,0,0,0,0,0,0,0,0,0,0,0,0,0,0,0,0,0,0,0,0,0,0,0,0,0,0,0,0,0,0,0,0,0,0,0,0,0,0,0,0,0,0,0,0.03459364646267784,0,0,0,0,0,0,0,0,0,0,0,0,0,0,0,0,0,0,0,0,0,0,0,0,0,0,0,0,0,0,0,0,0,0,0,0,0,0,0,0,0,0,0,0.4883081155433287,0,0,0,0,0,0,0,0,0,0,0,0,0,0,0,0,0,0,0,0,0,0,0,0,0,0,0,0,0,0,0,0,0,0,0,0,0,0,0,0,0,0,0,0,0,0,0,0,0.10428907168037602,0,0.05453149001536098,0,0,0,0,0,0,0,0,0
MOTU570,0,0,0,0,0,0,0,0,0,0,0,0,0,0,0,0,0,0,0,0,0,0,0,0,0,0,0,0,0,0,0,0,0,0,0,0,0,0,0,0.17291007172110132,0,0.02923902235993248,0.04252421307506053,0.0862810120363547,0.033540224397230846,0,0,0,0.003250554098011725,0,0,0,0,0,0,0,0,0,0,0,0,0,0.024909580880788595,0,0,0,0,0.019081377661886136,0.017058423583118838,0.005716168824300023,0.018582566774899646,0.5603190428713858,0,0,0,0,0,0,0.0021597641322359785,0,0,0,0,0.0134997501825589,0,0,0,0,0,0,0,0,0,0,0,0,0,0,0.020885015971380344,0,0,0,0,0,0,0,0,0,0,0,0,0,0,0,0,0,0,0,0,0.04518701958640208,0.07129808180249671,0.15525389728507555,0,0,0,0,0,0,0,0,0,0.0073453298340635095,0,0,0.008056007889727301,0,0,0.006866654937149336,0.012364257176549272,0.011582470487370574,0.029472226883705318,0.020671492467043313,0.06551185508124868,0,0.014699727976564134,0,0.054439880879894605,0.13070010604848464,0.01205139641803335,1,0.02712250492258986,0.012467832105776911,0,0,0.008188981885156085,0,0,0,0,0,0,0,0,0,0,0,0,0,0,0.009633316877845428,0.010246798331339887,0.02196822815685784,0.08192738298864874,0,0,0,0.1533061758929221,0.15314186059185786,0.048401543337467275,0,0,0,0,0,0,0.009563678442583896,0.00955600293821585,0,0,0,0,0.09794060825748373,0.0490970547061801,0.5523575203728293,0.016699550716713814,0.09619657104531418,0.017300079420293425,0,0,0,6.746815311093013e-4,0,0
MOTU6525,0,0,0,0,0,0,0,0,0,0,1,0,0,0,0,0.2922258213789912,0,0.21560259474223284,0,0,0,0,0,0,0,0,0,0,0,0,0,0,0,0,0,0,0,0,0,0,0,0,0,0,0,0,0,0,0,0,0,0,0,0,0,0,0,0,0,0,0,0,0,0,0,0,0,0,0,0,0,0,0,0,0,0,0,0,0,0,0,0,0,0,0,0,0,0,0,0,0,0,0,0,0,0,0,0,0,0,0,0,0,0,0,0,0,0,0,0,0,0,0,0,0,0,0,0,0,0,0,0,0,0,0,0,0,0,0,0,0,0,0,0,0,0,0,0,0,0,0,0,0,0,0,0,0,0,0,0,0,0,0,0,0,0,0,0.8554302550035559,0,0,0,0,0,0,0,0,0,0,0,0,0,0,0,0,0,0,0,0,0,0,0,0,0,0,0,0,0,0,0,0,0,0,0,0,0,0,0,0,0,0,0,0,0
MOTU7116,0,0,0,0,0,0,0,0,0,0,0,0,0,0,0,0,0,0,0,0,0,0,0,0,0,0,0,0,0,0,0,0,0,0,0,0,0,0,0,0,0,0,0,0,0,0,0,0,0,0,0,0,0,0,0,0,0,0,0,0,0.22882882882882882,0,0,0,0,1,0,0.12211538461538461,0,0,0,0.11205882352941177,0,0,0,0,0,0,0,0,0,0,0,0,0,0,0,0,0,0,0,0,0,0,0,0,0,0,0,0,0,0,0,0,0,0,0,0,0,0,0,0,0,0,0,0,0,0,0,0,0,0,0,0,0,0,0,0,0,0,0,0,0.1638005159071367,0,0.10311231393775373,0,0,0,0,0,0.03772277227722772,0,0,0,0,0,0,0,0,0,0,0,0,0,0,0,0,0,0,0,0,0,0,0,0,0,0,0,0,0,0,0,0,0,0,0,0,0,0,0,0,0,0,0,0,0,0,0,0,0,0,0,0,0,0,0,0,0,0,0,0,0,0
MOTU7119,0,0,0,0,0,0,0,0,0,0,0,0,0,0,0,0,0,0,0,0,0,0,0,0,0,0,0,0,0,0,0,0,0,0,0,0,0,0,0,0,0,0,0,0,0,0,0,0,0,0,0,0,0,0,0,0,0,0,0,0,0,0,0,0,0,0,0,0,0,0,0,0,0,0,0,0,0,0,0,0,0,0,0,0,0,0,0,0,0,0,0,0,0,0,0,0,0,0,0,0,0,0,0,0,0,0,0,0,0,0,0,0,0,0,0,0,0,0,0,0,0,0,0,0,0,0,0,0,0,0,0,0,0,0,0,0,0,0,0,0,0,0,0,0,0,0,0,0,0,0,0,0,0,0,0,0,0,0,0,1,0,0,0,0,0,0,0,0,0,0,0,0,0,0,0,0,0,0,0,0,0,0,0,0,0,0,0,0,0,0,0,0,0,0,0,0,0,0,0,0,0,0,0
MOTU7169,0,0,0,0,0,0,0,0,0,0,0,0,0,0,0,0,0,0,0,0,0,0,0,0,0,0,0,0,0,0,0,0,0,0,0,0,0,0,0,0,0,0,0,0,0,0,0,0,0,0,0,0,0,0,0,0,0,0,0,0,0.6806806806806807,0,0,0,0,0,0.5422647527910686,0,0,0.21763482157145142,0.3537521134087658,1,0,0,0,0,0,0,0,0,0,0,0,0,0,0,0,0,0,0,0,0,0,0,0,0,0,0,0,0,0,0,0,0,0,0,0,0,0,0,0,0,0,0,0,0,0,0,0,0,0,0,0,0,0,0,0,0,0,0,0,0,0,0,0.15336039693279208,0,0.15779092702169625,0.26143790849673204,0,0,0,0,0,0,0,0.22965214454576158,0.14805138253864578,0.12440541529454813,0.45883940620782726,0,0,0,0,0,0,0,0,0,0,0,0,0,0,0,0,0,0,0,0,0,0,0,0,0,0,0,0,0,0,0,0,0,0,0,0,0,0,0,0,0,0,0.13317665491578534,0,0,0.07947639083683965,0,0,0,0,0,0,0,0
MOTU8450,0,0,0,0,0,0,0,0,0,0,0,0,0,0,0,0,0,0,0,0,0,0,0,0.2069672131147541,0,0,0,0,0,0,0,0,0,1,0,0,0,0,0,0,0,0,0,0,0,0,0,0,0,0,0,0,0,0,0,0,0,0,0,0,0,0,0,0,0,0,0,0,0,0,0,0,0,0,0,0,0,0,0,0,0,0,0,0,0,0,0,0,0,0,0,0,0,0,0,0,0,0,0,0,0,0,0,0,0,0,0,0,0,0,0,0,0,0,0,0,0,0,0,0,0,0,0,0,0,0,0,0,0,0,0,0,0,0,0,0,0,0,0,0,0,0,0,0,0,0,0,0,0,0,0,0,0,0,0,0,0.08625925223002467,0.09234989332520574,0,0,0,0.30876358695652173,0,0,0,0,0,0,0,0,0,0,0,0,0,0,0,0,0,0,0,0,0,0,0,0,0,0,0,0,0,0,0,0,0,0,0,0,0,0,0,0,0
MOTU963,0,0,0,0,0,0,0,0,0,0,0,0,0,0,0,0,0,0,0,0,0,0,0,0,0,0,0,0,0,0,0,0,0,0,0,0,0,0,0,0,0,0,0,0,0,0,0,0,0,0,0,0,0,0,0,0,0,0,0,0,0,0,0,0,0,0,0,0,0,0,0,0,0,0,0,0,0.0035819115758576408,0.007293067383833856,0,0,0,0,0,0,0,0,0,0,0,0,0,0,0,0,0,0,0,0,0,0,0,0,0,0,0,0,0,0,0,0,0,0,0,0,0,0,0,0,0,0,0,0,0,0,0,0,0,0,0,0,0,0,0,0,0,0,0,0,0,0,0,0,0,0,0,0,0,0,0,0,0,0,1,0.044703161847196464,0.323061818471782,0,0,0,0,0,0,0,0,0,0,0,0,0,0,0,0,0,0,0,0,0,0,0,0,0,0,0,0,0,0,0,0,0,0,0,0,0,0.0014143247007010053,0,0,0,0,0,0,0,0,0,0
MOTU1232,0,0,0,0,0,0,0,0,0,0,0,0,0,0,0,0,0,0,0,0,0,0,0,0,0,0,0,0,0,0,0,0,0,0,0,0,0,0,0,0,0,0,0,0,0,0,0,0,0,0,0,0.5222222222222223,1,0,0.030361757105943153,0.08996937212863707,0.04847359735973597,0,0.0362095531587057,0,0,0,0,0,0.11084905660377359,0.06167979002624672,0.056220095693779906,0.03766025641025641,0,0.01128180508881421,0,0,0.27834179357022,0.3029001074113856,0.3523238380809595,0.04035027472527473,0.014873417721518989,0.06056701030927835,0.0511518229639035,0,0,0,0,0,0,0,0.006975363609379638,0,0,0,0,0,0,0.021247739602169982,0.023061825318940136,0,0.016002723867892407,0.006636543349336346,0,0.007443775736458664,0,0,0,0,0,0,0,0.05649038461538462,0.034866468842729974,0.044954567192730756,0,0.002652370203160271,0.002642825011246064,0,0,0,0,0,0,0,0.035179640718562874,0,0,0,0,0,0,0,0,0,0,0.014497223935842074,0.010103181427343079,0,0,0,0,0.013552479815455595,0,0,0.011633663366336634,0,0.06464924346629987,0,0,0,0,0,0,0.016725978647686834,0.017843583902809417,0.018455497382198954,0,0,0,0,0,0,0,0,0,0,0,0,0,0,0,0.055164319248826296,0,0.03802588996763754,0,0.10839483394833949,0.19762996941896024,0,0.031208499335989376,0.00830975954738331,0,0,0,0,0,0,0,0,0,0,0,0,0,0.030921052631578946,0.037360890302066775,0,0,0,0.03295932678821879,0.007749381698268756,0.03414456956047948,0,0,0.01924651924651925,0,0,0
MOTU13542,0,0,0,0,0,0,0,0,0,0,0,0,0,0,0,0,0,0,0,0,0,0,0,0,0,0,0,0,0,0,0,0,0,0,0,0,0,0,0,0,0,0,0,0,0,0,0,0,0,0,0,0,0,0,0,0,0,0,0,0,0,0,0,0,0,0,0,0,0,0,0,0,0,0,0,0,0,0,0,0,0,0,0,0,0,0,0,0,0,0,0,0,0,0.595388788426763,0,0,0,0,0,0,0,0,0,0,0,0,0,0,0.3256676557863501,0,0,0,0,0,0,0,0,0,0,0,0,0,0,0,0,0.9694516010305483,0,0,0,0,0,0,0,0,0,0,0,0,0,0,0,0,0,0,0,0,0,0,0,0.9373665480427047,1,0,0,0,0,0,0,0,0,0,0,0,0,0,0,0,0,0,0,0,0,0,0,0,0,0,0,0,0,0,0,0,0,0,0,0,0,0,0.745753114382786,0,0,0,0,0,0.46178120617110796,0,0,0,0,0,0,0,0
MOTU1826,0,0,0,0,0,0,0,0,0,0,0,0,0,0,0,0,0,0,0,0,0,0,0,0,0,0,0,0,0,0,0,0,0,0,0,0,0,0,0,0,0,0,0,0,0,0,0,0,0,0,0,0,0,0,0,0,0,0,0,0,0,0,0,0,0,0,0,0,0,0,0,0,0,0,0,0,0,0,0.14028659532015236,0,0,0,0.054171044337045594,0,0,0,0,0,0,0.11694261737355409,0.09590773809523809,0,0.0880464480874317,0.23309222423146472,0,0,0,0.6552386331544762,0.050243617228610406,0,0.07013057671381936,0.04207605679778032,0,0,0,0,0,0.1032852564102564,0.19124629080118696,0.04109676390881556,0.018333096287868014,0.07274266365688487,0,0,0,0,0,0,0,0,0,0,0,0,0,0.4744203165255797,0.6503531786074672,0,0.27108307045215563,1,0,0,0.22166809974204643,0,0,0.13935135135135135,0.44865993734772014,0.29734717416378315,0.13385254413291797,0,0.3828712871287129,0,0,0,0,0,0,0,0.26093117408906885,0.18348754448398577,0.587243735763098,0.067486910994764407,0.6601792573623559,0,0,0,0,0,0,0,0,0,0,0,0,0,0,0,0,0,0,0,0,0,0,0,0,0,0,0.18027972027972028,0,0,0,0,0,0.2070682730923695,0.10345104333868378,0.10591618734593261,0,0,0.06830948595654479,0.30293772032902466,0.1610646007747095,0.39600614439324117,0.09039270687237026,0.0850123660346249,0.374573192880494,0,0,0.21113841113841114,0,0,0
MOTU2162,0,0,0,0,0,0,0,0.6216369837059491,0,0,0,0,0.5712644078420447,0,0.06074238637415532,0.14014879151390025,0.04105817722215965,0.02585025080757412,0,0,0,0.22874738554496862,0,0.3447877259352669,0,0,0,0,0,0,0,0,0,0,0,0,0,0,0.49562765403917486,0,0,0,0,0,0,0,0,0,0,0,0,0,0,0,0,0,0,0,0,0,0,0,0,0,0,0,0,0,0,0,0,0,0,0,0,0,0,0,0,0,0,0,0,0,0,0,0,0.1126717032967033,0,0,0,0,0,0.34229378216719986,0,0.48519951692011926,0,0.42764972954185043,0,0,0.20597221059680254,0,0,0.16031205719962865,0,0,0,0,0,0,0.05384396573416627,0,0.34060002076196405,0,0,0,0,0,0,0,0,0,0,0,0,0,0,0,0,0,0,0,0,0,0,0,0,0,0,0,0,0,0,0,0,0,0,0,0,0,0,0,0,0,0,0.4913392901712174,0.7903484824152881,1,0,0,0,0,0,0,0,0,0,0,0,0,0,0,0,0,0,0,0,0,0,0.5294782140935986,0,0,0,0,0,0,0,0,0.21436971861660423,0,0,0,0,0,0,0,0,0,0,0,0,0,0
MOTU600,0,0,0,0,0,0,0,0,0,0,0,0,0,0,0,0,0,0,0,0,0,0,0,0,0,0,0,0,0,0,0,0,0,0,0,0,0,0,0,0,0,0,1,0.6941266209000764,0.7679762787249815,0,0,0,0,0,0,0,0,0,0,0,0,0,0,0,0,0,0,0,0,0,0,0,0,0,0,0,0,0,0,0.05313765182186236,0.023317788141239176,0.13293543136190994,0,0,0,0,0,0,0,0,0,0.002192982456140351,0.25078904717222555,0,0,0,0.0025165372447512224,0,0.007231031454986829,0,0,0,0,0,0,0,0,0,0,0,0,0.0014760458839406208,0,0,0,0,0,0,0,0,0,0,0,0,0,0,0,0,0,0,0,0,0,0,0,0,0,0,0,0,0,0,0,0,0,0,0,0,0,0,0,0,0,0,0,0,0,0,0,0,0,0,0,0,0,0,0,0,0,0,0,0.518902891030393,0,0.3457673309487311,0,0,0,0,0,0,0,0,0,0,0.06604447164422686,0,0,0,0,0,0,0,0.008344757703999525,0.14542936288088643,0.2772431874599058,0.05628053682973592,0.07826012613690919,0.09054895302773062,0.010334391378164907,0.0012149086649021566,0,0,0,0,0,0,0
MOTU880,0,0,0.003630889125044279,0,0,0,0,0,0,0.11124031007751937,0.10712589073634203,0.030551415797317436,0,0,0,0,0,0,0.3195991091314031,0,0.2759222333000997,0,0,0,0,0,0,0,0,0.014887436456063906,0,0,0.00874759974397269,0.5638063806380638,0.3562635771180304,0.5918304668304668,0.19001782531194297,0.01242675287936957,0,0,0,0,0,0,0,0.8320379965457686,0,0,0,0,0,0,0,0,0,0,0,0,0,0,0,0,0,1,0,0,0,0,0,0,0,0,0,0,0,0,0,0,0,0,0,0,0,0,0,0,0,0,0,0,0,0,0,0,0,0,0,0,0,0,0.005576713819368879,0,0.010311871227364185,0,0,0,0,0,0,0.00326797385620915,0,0.002313769751693002,0,0,0,0,0,0,0,0,0,0,0,0,0,0.6413323518586677,0,0,0,0,0,0,0.5464316423043852,0,0,0,0,0,0,0,0,0,0,0,0,0,0,0,0,0,0,0,0,0,0,0.013303049967553535,0,0,0,0,0,0.8355978260869565,0,0,0,0,0.0017683084620029326,0,0,0,0,0,0,0,0,0,0,0,0,0,0,0,0,0,0,0,0.5922953451043339,0,0,0,0,0,0,0,0,0,0.17871413003995643,0,0,0,0,0,0
MOTU1001,0,0,0,0,0,0,0,0,0,0,0,0,0,0,0,0,0,0,0,0.09511461856444946,0,0,0,0.07683667273831209,0,0,0,0,0,0,0,0,0,0,0,0,0,0,0.11045166921230637,0,0,0,0,0,0,0,0,0,0,0,0,0,0,0,0,0,0,0,0,0,0,0,0,0,0,0,0,0,0,0,0,0,0,0,0,0,0,0.21743986254295533,0.21424511760082232,0,0.07187023036240373,0.33534282875124216,0.2481893955312741,0.5739229024943311,0.620343137254902,0.4273533136344449,0.35058870090036615,0.25109126984126984,0,0,0,0.11271431752393678,0.05762750455373407,0,0,0,0.05745091363068891,0,0.09865523289807056,0,0.32130939426913313,0.02753930689298733,0.08487592219986588,0.14290352177288448,1,0,0.07381160688247303,0,0.04172436531486977,0.0806950422445401,0.08399469018157682,0.0571331828442438,0.9677687809266757,0,0,0.13307045215562566,0,0,0,0,0,0,0.23866100895803868,0,0,0,0,0,0.4435681738520856,0,0.081004960793727,0,0,0,0,0,0,0,0.17521633783316026,0.16413748378728923,0.08353135313531354,0.2929398148148148,0,0,0,0,0.11021119094273896,0.18521770947676547,0,0.12009489916963229,0.12811946342698052,0.044171029668411875,0,0,0.23209536909674464,0,0,0,0,0,0,0,0,0,0,0,0,0,0,0,0,0,0,0,0,0,0,0,0,0,0.04087532299741602,0,0.06163774733637748,0.051576748688165475,0.1431561085972851,0,0.20313001605136435,0.13864694604218022,0,0,0.044709415297650594,0,0.06325128076971136,0,0,0,0,0,0,0,0.00956104563312179,0,0.009159835694768652
MOTU10204,0,0,0,0,0,0,0,0,0,0,0,0,0,0,0,0,0,0,0,0,0,0,0,0,0,0,0,0,0,0,0,0,0,0,0,0,0,0,0,0,0,0,0,0,0,0,0,0,0,0,0,0,0,0,0,0,0,0,0,0,0,0,0,0,0,0,0,0,0,0,0,0,0,0,0,0,0,0,0,0,0,0,0,0,0,0,0,0,0,0,0,0,0,0,0,0,0.29519918283963226,0,0.1689729097641785,0,0,0,0,0,0,0,0,0.5210336538461539,0,0,0,0,0,0,0,0,0,0,0,0,0,0,0,0,0,0,0,0,0,0,0,0,0,0,0,0,0,1,0,0,0,0,0,0,0,0,0,0,0,0.6170818505338078,0.6583143507972665,0.680890052356021,0,0,0,0,0,0,0,0,0,0,0,0,0,0,0,0,0,0,0,0,0,0,0,0,0,0,0,0,0,0,0,0,0,0,0,0,0,0,0,0,0,0,0,0,0,0,0,0,0,0,0
MOTU10899,0,0,0,0,0,0,0,0,0,0,0,0,0,0,0,0.06811661267931514,0,0,0,0,0,0,0,0,0,0,0,0,0,0,0,0,0,0,0,0,0,0,0,0,0,0,0,0,0,0,0,0,0,0,0,0,0,0,0,0,0,0,0,0,0,0,0,0,0,0,0,0,0,0,0,0,0,0,0,0,0,0,0,0,0,0,0,0,0,0,0,0,0,0,0,0.24582498329993321,0,0,0,0,0.5011916922029281,0,0,0,0,0,0,0,0,0,0.6439195100612424,0,0,0,0,0,0,0,0,0,0,0,0,0,0,0,0,0,0,0,0,0,0,0,0,0,0,0,0,0,0,0,0,0,0,0,0,0,0,0,0,0,0,0,0,0,0,0,0,0,0,0,0,0,0,1,0.9148539465506526,0.8316384180790961,0,0,0,0,0,0,0,0,0,0,0,0,0,0,0,0,0,0,0,0,0,0,0,0,0,0,0,0,0,0,0,0,0,0,0,0,0,0,0
MOTU1162,0,0,0,0,0,0.007244571021715914,0.03557692307692308,0.016707717569786534,0,0.015775193798449612,0,0.2729508196721312,0.0051179518132890706,0.010444467255183741,0.0016325711993582029,0,0,0,0,0.0057356257046223226,0.010144566301096709,0.012296072507552871,0.050292069197933054,0.03706739526411658,0,0.005632958110352464,0.037650323774283075,0,0,0,0,0.02341772151898734,0,0,0.014735698769007965,1,0,0.004111941806425541,0.004440322932576915,0,0,0,0,0,0.05732394366197184,0,0.025342465753424658,0,0.005555555555555557,0,0.013396971691902567,0,0,0,0,0,0,0,0,0,0,0,0,0,0,0,0,0,0,0.029308689390302452,0,0,0,0.021858216970998927,0,0,0,0,0.01476510067114094,0,0,0.013481285193772773,0.01710443370455978,0,0,0,0,0,0,0,0,0.013593854375417503,0.0069501366120218585,0,0,0,0,0,0,0,0.022143634385201307,0.003321364452423699,0.0102364185110664,0,0.004020150138285263,0,0,0.004076522435897436,0,0,0.00434148769734035,0.002296839729119639,0.002288573999100315,0,0,0,0,0,0,0,0,0,0,0,0,0.029959514170040488,0,0,0,0,0,0.1255397902529303,0,0,0.05507442489851151,0,0.02833275321963105,0,0.04226375908618899,0,0,0,0.02799174690508941,0,0.01256172839506173,0,0,0.011169045005488475,0.020597165991902835,0,0,0.005327225130890053,0,0.0032148499210110583,0.05598349381017882,0,0,0.012404754647973179,0.003021678875470204,0,0,0,0,0,0,0,0,0,0,0,0,0,0,0,0,0,0,0,0.08272357723577237,0,0,0.011635220125786164,0,0.00311019410056549,0.011510180995475116,0,0.016332263242375602,0.008360723089564504,0,0,0,0.035869565217391305,0.043227539672622765,0,0,0,0,0,0,0,0,0.0011685328739592306,0
MOTU1165,0,0,0,0,0,0,0,0,0,0,0,0,0,0,0,0,0,0,0,0,0,0,0,0,0,0,0,0,0,0,0,0,0,0,0,0,0,0,0,0,0,0,0,0,0,0,0,0,0,0,0,0,0,0,0,0,0,0,0,0,0,0,0,0,0,0,0,0,0,0,0,0,0,0,0,0,0,0,0,0,0.0029349909487807473,0.1369451805233521,0,1,0,0,0.016362422083704364,0,0,0,0,0,0,0,0,0.026493912207625762,0.009384576098059243,0.007783818130471618,0.005371759890859481,0,0,0,0.01386443661971831,0,0.021779928881864873,0,0,0.05521334134615384,0.04770956973293768,0.030756814921090385,0,0,0,0.06805555555555555,0,0,0,0,0,0,0.041261227544910184,0.05529087261785356,0,0,0.03977272727272727,0.010144460802355539,0,0,0,0.021382854926299457,0,0,0,0,0,0,0,0,0,0,0,0,0,0,0,0,0,0,0,0,0,0,0,0,0,0,0,0,0,0,0,0,0,0,0,0,0,0,0,0,0,0,0,0,0,0,0,0,0,0.019274475524475525,0,0,0.18123287671232877,0.00842503438789546,0.007794824660633484,0,0.03318117977528089,0,0,0,0,0,0,0,0,0,0,0,0,0,0.0015617917044424296,0,0
MOTU1207,0,0,0,0,0,0,0,0,0,0.33606746281164884,0.647274828272453,0.46149353526402703,0,0,0,0,0,0,0,0,0,0,0,0,0,0,0,0,0,0,0,0,0,0,0,0,0.5740617622970564,0.4004521798015433,1,0,0,0,0,0,0,0.05348223871539933,0,0,0,0,0,0,0,0,0,0,0,0,0,0,0,0,0,0,0,0,0,0,0,0,0,0,0,0,0,0,0,0,0,0,0,0,0,0,0,0,0,0,0,0,0,0,0,0,0,0,0,0,0,0,0,0,0,0,0,0,0,0,0.030629293982409708,0,0,0,0,0.30583917250583914,0.22537275266532908,0,0,0,0,0,0,0,0.0875989143315876,0,0,0,0,0,0,0,0,0,0,0,0,0,0,0,0,0,0,0,0,0.12179436073241383,0,0,0,0,0,0.1322400692507454,0.047025385294178004,0,0,0,0,0,0,0,0,0,0,0,0,0,0,0,0,0,0,0,0,0,0,0,0,0,0,0,0,0,0,0,0,0,0,0,0,0,0,0.0543266951161688,0,0,0,0,0,0,0,0,0,0,0,0,0
MOTU1267,0,0,0,0,0,0,0,0,0,0,0,0,0,0,0,0,0,0,0,0,0,0,0,0,0,0,0.16049046815766083,0,0,0,0,0,0,0,0,0,0,0,0,0,0,0,0,0,0,0,0,0,0,0,0,0,0,0,0.25216598267213863,0,0,0,0,0,0,0,0,0.528933524629364,0,0,0,0,0,0,0,0,0,0,0.19507893112267397,0,0,0,0.04720393508391929,0,0.013855568848772605,0,0.05468276825334042,0,0.23918685121107267,0,0,0.03872549019607844,0,0.11804730964737903,0,0,0,1,0,0.041691011553612156,0,0.11023805173015268,0.05071824091164433,0.04121559932176862,0.03539653075593676,0,0,0.0826493629422974,0,0,0,0,0,0,0.08327825512227363,0.11748771743460364,0.20486359186049588,0,0,0,0,0,0,0.49380511217769846,0,0.2610183491651425,0,0,0,0.09578038061010198,0.7221463762094142,0,0.06841096059875054,0.20188928946287593,0.12493293044534184,0,0,0,0.2641088911884104,0.1406677265500795,0.04528981798079483,0.07503901214465025,0,0,0,0,0,0,0,0,0.424943328082376,0.2856589397559243,0.13169802333889022,0,0.19759703425789452,0,0,0,0.08948944089327616,0,0,0,0,0,0,0,0,0,0,0,0,0,0,0,0,0,0,0,0,0,0,0,0,0,0,0,0.02376578028471663,0.0596596272621841,0.0367979771093958,0.3135364989369242,0.052214144084600136,0.05345835951471797,0,0.057069143446852426,0.4137286075002338,0.8409483652450405,0.016258608904013937,0,0,0,0,0,0,0,0,0,0
MOTU13063,0,0,0,0,0,0,0,0,0,0,0,0,0,0,0,0,0,0,0,0,0,0,0,0,0,0,0,0,0,0,0,0,0,0,0,0,0,0,0,0,0,0,0,0,0,0,0,0,0,0,0,0,0,0,0,0,0,0,0,0,0,0,0,0,0,0,0,0,0,0,0,0,0,0,0,0,0,0,0,0,0,0,0,0,0,0,0,0,0,0,0,0,0,0,0,0,0,0,0.1395439485480413,0,0,0,0,0,0,1,0,0,0,0,0,0,0.08052181736392262,0,0,0,0,0,0,0,0,0,0,0,0,0,0,0,0,0,0,0,0,0,0,0,0,0,0,0,0,0,0,0,0,0,0,0,0,0,0,0,0,0,0,0,0,0,0,0,0,0,0,0,0,0,0,0,0,0,0,0,0,0,0,0,0,0,0,0,0,0,0,0,0,0,0,0,0,0,0,0,0,0,0,0,0,0,0,0,0,0,0
MOTU13599,0,0,0,0,0,0,0,0,0,0,0,0,0,0,0,0,0,0,0,0,0,0,0,0,0,0,0,0,0,0,0,0,0,0,0,0,0,0,0,0,0,0,0,0,0,0.6502590673575129,0,0,0,0,0,0,0,0,0,0,0,0,0,0,0,0,0,0,0,0,0,0,0,0,0,0,0,0,0,0,0,0,0,0,0,0,0,0,0,0,0,0,0,0,0,0,0,0,0,0,0,0,0,0,0,0,0,0,0,0,0,0,0,0,0,0,0,0,0,0,0,0,0,0,0,0,0,0,0,0,0,0,0,0,0,0.4645280690931524,0,0,0,0,0.2620953706926558,0.43425605536332185,0,0,0,0,0,0,0,0,0,0,0,0,0,0,0,0,0,0,0,0,0,0,0,0,0,0,0,0,0,0,0,0.6092233009708738,0,0,0,0,1,0,0,0,0,0,0,0,0,0,0,0,0,0,0,0,0,0,0.18817943271273274,0,0,0,0,0,0,0,0,0,0
MOTU1525,0,0,0,0,0,0,0,0,0,0,0,0,0,0,0,0,0,0,0,0,0,0,0,0,0,0,0,0,0,0,0,0,0,0,0,0,0,0,0,0,0,0,0,0,0,0,0,0,0,0,0,0,0,0,0,0,0,0,0,0,0,0,0,0,0,0,0,0,0,0,0,0,0,0,0,0,0,0,0,0,0,0.015525130960705655,0.019697571073910642,0.01771366983007195,0,0,0,0,0,0,0,0,0.01600764015381502,0,0.04599643804746847,0,0,0,0,0,0,0,0,0,1,0,0,0,0,0,0,0.005290109522615166,0,0,0,0,0,0,0,0,0,0,0,0,0,0,0,0,0,0,0,0,0,0,0,0,0,0,0,0,0,0,0,0,0,0,0,0,0,0,0,0,0,0,0,0,0,0,0,0,0,0,0,0,0,0,0,0,0,0,0,0,0,0,0,0,0,0,0,0,0,0,0,0,0,0,0,0,0,0,0,0,0.005856600071269571,0,0,0,0,0,0,0,0,0,0
MOTU15731,0,0,0,0,0,0,0,0,0,0,0,0,0,0,0,0,0,0,0,0,0,0,0,0,0,0,0,0,0,0,0,0,0,0,0,0,0,0,0,0,0,0,0,0,0,0,0,0,0,0,0,0,0,0,0,0,0,0,0,0,0,0,0,0,0,0,0,0,0,0,0,0,0,0,0,0,0,0,0,0,0,0,0,0,0,0,0,0,0,0,0,0,0,0,0,0,0,0,0,0,0,0,0,0,0,0,0,0,0,0,0,0,0,0,0,0,0,0,0,0,0,0,0,0,0,0,0,0,0,0,0,0,0,0,0,0,0,0,0,0,0,0,0,0,0,0,0,0,0,0,0,0,0,0,0,0,0,0,0,0,0,0,0,0,0,0,0,0,0,0,0,0,0,0,0,0,0,0,0,0,0,0,0,0,0,0,0,0,0,0,0,0,0,0,0,0,0,0,0,0,0.5219004986400725,0.5288831467126041,1
MOTU15912,0,0,0,0,0,0,0,0,0,0,0,0,0,0,0,0,0,0,0,0,0,0,0,0,0,0,0,0,0,0,0,0,0,0,0,0,0,0,0,0,0,0,0,0,0,0,0,0,0,0,0,0,0,0,0,0,0,0,0,0,0,0,0,0,0,0,0,0,0,0,0,0,0,0,0,0,0,0,0,0,0,0,0,1,0,0,0,0,0,0,0,0,0,0,0,0,0,0,0,0,0,0,0,0,0.5227182931647569,0,0,0,0,0,0,0,0.5951417004048583,0,0,0,0,0,0,0,0,0,0,0,0,0,0,0,0,0,0,0,0,0,0,0,0,0,0,0,0,0,0,0,0,0,0,0,0,0,0,0,0,0,0,0,0,0,0,0,0,0,0,0,0,0,0,0,0,0,0,0,0,0,0,0,0,0,0,0,0,0.7564322469982847,0,0,0,0,0,0,0,0,0,0,0,0,0,0,0,0,0,0,0,0,0
MOTU19106,0,0,0,0,0,0,0,0,0,0,0,0,0,0,0,0,0,0,0,0,0,0,0,0,0,0,0,0,0,0,0,0,0,0,0,0,0,0,0,0,0,0,0,0,0,0,0,0,0,0,0,0,0,0,0,0,0,0,0,0,0,0,0,0,0,0,0,0,0,0,0,0,0,0,0,0,0,0,0,0,0,0,0,0,0,0,0,0,0,0,0,0,0,0,0,0,0,0,0,0,0,0,0,0,0,0,0,0,0,0,0,0,0,0,0,0,0,0,0,0,0,0,0,0,0,0,0,0.1745917387127762,0,0,0,0,0,0,0,0,0,0,0,0,0,0,0,0,0,0,0,0,0,0,0,0,0,0.0765666140073723,1,0,0,0,0,0,0,0,0,0,0,0,0,0,0,0,0,0,0,0,0,0,0,0,0,0,0,0,0,0,0,0,0,0,0,0,0,0,0,0,0,0,0,0,0,0,0,0,0
MOTU19210,0,0,0,0,0,0,0,0,0,0,0,0,0,0,0,0,0,0,0,0,0,0,0,0,0,0,0,0,0,0,0,0,0,0,0,0,0,0,0,0,0,0,0.7329081632653062,0,0,0,0,0,0,0,0,0,0,0,0,0,0,0,0,0,0,0,0.8586371787208606,0,0,0,0,0,0,0,0,0,0,0,0,0,0,0,0,0,0,0,0,0,0,0,0,0,0,0,0,0,0,0,0,0,0,0,0,0,0,0,0,0,0,0,0,0,0,0,0,0,0,0,0,0,0,0,0,0,0,0,0,0,0,0,0,0,0,0,0,0,0,0,0,0,1,0,0,0,0,0,0,0,0,0,0,0,0,0,0,0,0,0,0,0,0,0,0,0,0,0,0,0,0,0,0,0,0,0,0,0,0,0,0,0,0,0,0,0,0,0,0,0,0,0.3296615031554791,0,0,0,0,0,0,0,0,0,0,0,0,0,0,0,0,0
MOTU19941,0,0,0,0,0,0,0,0,0,0,0,0,0,0,0,0,0,0,0,0,0,0,0,0,0,0,0,0,0,0,0,0,0,0,0,0,0,0,0,0,0,0,0,0,0,0,0,0,0,0,0,0,0,0,0,0,0,0,0,0,0,0,0,0,0,0,0,0,0,0,0,0,0,0,0,0,0,0,0,0,0,0,0,0,0,0,0,0,0,0,0,0,0,0,0,0,0,0,0,0,0,0,0,0,0,0,0,0,0,0,0,0,0,0,0,0,0,0,0,0,0,0,0,0,0,0,0,0,0,0,0,0,0,0,0,0,0,0,0,0,0,0,0,0,0,0,0,0,1,0,0,0,0,0,0,0,0,0,0,0,0,0,0,0,0,0,0,0,0,0,0,0,0,0,0,0,0,0,0,0,0,0,0,0,0,0,0,0,0,0,0,0,0,0,0,0,0,0,0,0,0,0,0
MOTU21692,0,0,0,0,0,0,0,0,0,0,0,0,0,0,0,0,0,0,0,0,0,0,0,0,0,0,0,0,0,0,0,0,0,0,0,0,0,0,0,0,0,0,0,0,0,0,0,0,0,0,0,0,0,0,0,0,0,0,0,0,0,0,0,0,0,0,0,0,0,0,0,0,0,0,0.9872563718140929,0,0,0,0,0,0,0,0,0,0,0,0,0,0,0,0,0,0,0,0,0,0,0,0,0,0,0,0,0,0,0,0,0,0,0,0,0.07432279909706545,0,0,0,0,0,0,0,0,0,0,0,0,0,0,0,0,0,0,0,0,0,0,0,0,0,0,0,0,0,0,0,0,0,0,0,0,0,0,1,0,0,0,0,0,0,0,0,0,0,0,0,0,0,0,0,0,0,0,0,0,0,0,0,0,0,0,0,0,0,0,0,0,0,0,0,0,0,0,0,0,0,0,0,0,0,0,0,0,0,0,0
MOTU2242,0,0,0,0,0.03857539099829849,0,0,0,0,0,0.11231761112996268,0,0.011892187084581833,0,0,0,0.02564162154206078,0.008071989464956348,0,0.1999114189080367,0,1,0.05311807940430722,0.21532656778558418,0,0.06544433606622202,0.07290427734461037,0,0,0,0,0,0.05044347587552196,0,0,0,0,0.04777299887423144,0,0,0,0,0,0,0,0,0,0,0,0,0,0,0,0,0,0,0,0,0,0,0,0,0,0,0,0,0.5656185919343814,0,0,0,0,0,0,0,0,0,0,0,0.08577129382498509,0,0,0.0783135380684238,0,0,0,0,0,0,0,0,0,0,0,0,0,0,0,0,0,0,0.25726721591792323,0.038587982932686705,0,0.050058981881975745,0,0,0,0,0,0,0,0,0,0,0,0,0,0,0,0,0,0,0,0,0,0.08701824491298175,0,0,0,0,0,0,0,0,0,0,0,0,0,0,0,0,0,0,0,0,0,0.12976321154147719,0,0,0.5385616661243084,0,0,0,0.1626056199646296,0,0,0,0,0.06691374663072777,0,0,0,0,0,0,0.020394080171532082,0,0,0,0.4069338578805016,0.43621507643647867,0.5422673656618611,0,0,0,0,0,0,0,0,0,0,0,0,0.18990246701090074,0,0.09713581406268341,0,0,0,0,0,0,0,0,0,0,0,0,0.3215257091050382,0.10860916287272876,0
MOTU23134,0,0,0,0,0,0,0,0,0,0,0,0,0,0,0,0,0,0,0,0,0,0,0,0,0,0,0,0,0,0,0,0,0,0,0,0,0,0,0,0,0,0,0,0,0,0,0,0,0,0,1,0,0,0,0,0,0,0,0,0,0,0,0,0,0,0,0,0,0,0,0,0,0,0,0,0,0,0,0,0,0,0,0,0,0,0,0,0,0,0,0,0,0,0,0,0,0,0,0,0,0,0,0,0,0,0,0,0,0,0,0,0,0,0,0,0,0,0,0,0,0,0,0,0,0,0,0,0,0,0,0,0,0,0,0,0,0,0,0,0,0,0,0,0,0,0,0,0,0,0,0,0,0,0,0,0,0,0,0,0,0,0,0,0,0,0,0,0,0,0,0,0,0,0,0,0,0,0,0,0,0,0,0,0.038692750522186556,0,0,0,0,0,0,0,0,0,0,0,0,0,0,0,0,0,0,0
MOTU240,0,0,0,0,0,0,0,0,0,0,0,0,0,0,0,0,0,0,0,0,0,0,0,0,0,0,0,0,0,0,0,0,0,0,0,0,0,0,0,0,0,0,0,0,0,0,0,0,0,0,0,0.06733981236063781,0,0,0,0,0,0,0,0,0,0,0,0,0,0,0,0,0,0,0,0,0,0,0,0,0,0,0,0,3.2268039146296463e-4,0,0.0019102489322727681,0.004580939616369919,0.022281555560505154,0.0012791437552674971,0,0,0,0.002061890376204605,0,0,0,0,0,0,0,0,0,0,0.006594758555448751,0,0,0.0012832062486676694,0,0,0,0.0012140591170788065,0,0,2.1549506160067566e-4,0.0013680774520219868,6.815770481845932e-4,0,0,0,0,0,0,0,0,0,0,0,0,0.003345923691088003,0.004586717794493492,0,0,0.0023508856138314206,0,0.0056081891848773,0,0.008692746862388702,0,0.0016379954357992979,0.001054748192213262,0.0017475729851376594,0.0015733601018840606,0.0014738772160645434,0.0030002886695333674,0,0,0.0029796377150724694,0,0,0.005937867190519989,0,0,0.0021567911432232747,0,0,0,0,0,0,0,0,0,0,0,0,0,0,0,0,0,0,0,0,0,0,0,0,0,0,0,0,0,0,0,0,0,0,0,0,0,0,0,0,0,0,1,0,0,0,0.0022014468261741383,0,0.0031532690491453707,0,1.717073637935574e-4,0,0
MOTU24178,0,0,0,0,0.6874694077337249,1,0,0,0,0,0,0,0.21193601931492378,0,0,0,0,0,0,0,0,0,0,0,0,0,0,0,0,0,0,0,0,0,0,0,0,0,0,0,0,0,0,0,0,0,0,0,0,0,0,0,0,0,0,0,0,0,0,0,0,0,0,0,0,0,0,0,0,0,0,0,0,0,0,0,0,0,0,0,0,0,0,0,0,0,0,0,0,0,0,0,0,0,0,0,0,0,0,0,0,0,0,0,0,0,0,0,0,0,0,0,0,0,0,0,0,0,0,0,0,0,0,0,0,0,0,0,0,0,0,0,0,0,0,0,0,0,0,0,0,0,0,0,0,0,0,0,0,0,0,0,0,0,0,0,0,0,0,0,0,0,0,0,0,0,0,0,0,0,0,0,0,0,0,0,0,0,0,0,0,0,0,0,0,0,0,0,0,0,0,0,0,0,0,0,0,0,0,0,0,0,0
MOTU24196,0,0,0,0,0,0,0,0,0,0,0.019334916864608077,0,0,0,0,0,0,0,0,0,0.030433698903290132,0,0,0,0,0,0,0,0,0.007389251997095135,0,0,0,0.04477447744774477,0.0442070963070239,1,0.029019607843137257,0,0,0,0,0,0,0,0,0,0,0,0,0,0,0,0,0,0,0,0,0,0,0,0,0,0,0,0,0,0,0,0,0,0,0,0,0,0,0,0,0,0,0,0,0,0,0.007690854119425549,0,0,0,0,0,0,0,0,0,0,0,0,0,0,0,0,0,0,0,0,0,0,0,0,0,0.00324406185238323,0,0,0,0,0,0,0,0,0,0,0,0,0,0,0,0,0,0,0,0,0,0,0,0,0,0,0,0,0,0,0,0,0,0,0,0,0,0,0,0,0,0,0,0,0,0,0,0,0,0,0,0.02764945652173913,0,0,0,0,0,0,0,0,0,0,0,0,0,0,0,0,0,0,0,0,0,0,0,0,0,0,0,0,0,0,0,0,0,0,0,0,0,0,0,0,0
MOTU24511,0,0,0,0,0,0,0,0,0,0,0,0,0,0,0,0,0,0,0,0,0,0,0,0,0,0,0,0,0,0,0,0,0,0,0,0,0,0,0,0,0,0,0,0,0,0,0,0,0,0,0,0,0,0,0,0,0,0,0,0,0,0,0,0,0,0,0,0,0,0,0,0,0,0,0,0,0,0,0,0,0,0,0,0,0,0,0,0,0,0,0,0,0,0,0,0,0,0,0,0,0,0,0,0,0,0,0,0,0,0,0,0,0,0,0,0,0,0,0,0,0,0,0,0,0,0,0,0,0,1,0,0,0,0,0,0,0,0,0,0,0,0,0,0,0,0,0,0,0,0,0,0,0,0,0,0,0,0,0,0,0,0,0,0,0,0,0,0,0,0,0,0,0,0,0,0,0,0,0,0,0,0,0,0,0,0,0,0,0,0,0,0,0,0,0,0,0,0,0,0,0,0,0
MOTU28017,0,0,0,0,0,0,0,0,0,0,0,0,0,0,0,0,0,0,0,0,0,0,0,0,0,0,0,0,0,0,0,0,0,0,0,0,0,0,0,0,0,0,0,0,0,0,0,0,0,0,0,0,0,0,0,0,0,0,0,0,0,0,0,0,0,0,0,0,0,0,0,0,0,0,0,0,0,0,0,0,0,0,0,0,0,0,0,0,0,0,0,0,0,0,0,0,0,0,0,0,0,0,0,0,0,0,0,0,0,0,0,0,0,0,0,0,0,0,0,0,0,0,0,0,0,0,0,0,0,0,0,0,0,0,0,0,0,0,1,0,0,0,0,0,0,0,0,0,0,0,0,0,0,0,0,0,0,0,0,0,0,0,0,0,0,0,0,0,0,0,0,0,0,0,0,0,0,0,0,0,0,0,0,0,0,0,0,0,0,0,0,0,0,0,0,0,0,0,0,0,0,0,0
MOTU286,0,0,0,0,0,0,0,0,8.76908893264774e-4,0,0.0014772061451386643,0,0,0,0,0,0,0,0,0,0,0,0,0,0,0,0,0,0,0,0,0,0,0,0,0,0,0,0,0,0,0,0,0,0,0,0.0038723772546910193,0,0.0038200478323303297,0.042518490458298384,1,0,0,0,0,0,0,0,0,0,0,0,0,0,0,0,0,0,0.0022274490942098056,0,0,0,0,0.003339977374346819,0,0,0,0,0,0,0,0,0,0.001762765836460821,0,0,0,0,0,0,0,0,0,0,0,0,0,0,0,0,0,0,0,0,0,0,0,0.0012458008555756765,0.0030756863852788212,0.0037177414341426217,0,0,0,0,0,0,0,0,0,0.0029502077187067255,0,0,0,0,0,0.0017167016574439946,0,0,0,0,0,0,0,0,0,0,0,0,0,0,0,0,0,0,0,0,0,0,0.0015736431859903282,0,0,0,0,0,0,0,0,0,0,0,0,0,0,0,0,0,0,0.003649670112109024,0,0.0012578960095133045,0.02676005968603174,0.0028685599036133657,0.0059432701366913,0,0,5.497735034506522e-4,0,0,0,0,0,0,0,0,0,0,0,0,0.0030813466235303255,0.0020457361417874267,4.119659427022905e-4,0,0,0,0,0,0,0,0,0,0,0,0
MOTU30968,0,0,0,0,0,0,0,0,0,0,0,0,0,0,0,0,0,0,0,0,0,0,0,0,0,0,0,0,0,0,0,0,0,0,0,0,0,0,0,0,0.04118858487790527,0,0,0,0,0,0,0,0.0637000637000637,0.5530233971437253,0,0,0,0,0,0,0,1,0,0,0,0,0,0.3794037940379404,0.220125786163522,0,0,0.07478632478632478,0,0,0,0,0,0.05012531328320802,0,0.04807692307692308,0,0,0.03385936271842312,0,0,0,0,0,0,0,0,0,0,0,0,0.007793364506791361,0,0,0,0,0,0,0.009095043201455207,0,0,0,0,0,0,0,0,0,0,0,0,0,0,0,0,0.22082018927444796,0,0,0,0,0,0.04680708793045804,0,0,0,0,0,0,0,0,0,0,0,0,0,0,0,0.18838908112264513,0,0.06809338521400778,0,0,0,0,0,0,0,0,0,0.033214709371293005,0.31890660592255127,0,0,0,0,0,0,0,0,0,0,0,0,0,0,0,0,0,0.03146774556080018,0,0,0,0,0.03165988240615106,0,0,0,0,0.0948509485094851,0,0,0,0,0,0,0.3373493975903615,0,0,0.039637599093997736,0,0,0,0.023324586613353328,0,0,0,0,0,0,0,0.010577213659715926,0,0
MOTU3233,0,0,0,0,0,0,0,0,0,0,0,0,0.18067501634726624,0.09217819749538082,0,0.3324386857936141,0,0.15329463980880847,1,0.5062006764374295,0,0,0.8070096607503932,0,0,0,0,0,0,0,0,0,0,0,0,0,0,0,0.195941523019856,0,0,0,0,0,0,0,0,0,0,0,0,0,0,0,0,0,0,0,0,0,0,0,0,0,0,0,0,0,0,0,0,0,0,0,0,0,0,0,0,0,0,0,0,0,0,0,0,0,0,0,0,0,0,0,0,0,0,0,0,0,0,0,0,0,0,0,0,0,0,0,0,0,0,0,0,0,0,0,0,0,0,0,0,0,0,0,0,0,0,0,0,0,0,0,0,0,0,0,0,0,0,0,0,0,0,0,0,0,0,0,0,0,0,0,0,0,0,0,0,0,0,0,0,0,0,0,0,0,0,0,0,0,0,0,0,0,0,0,0,0,0,0,0,0,0,0,0,0,0,0,0,0,0,0,0,0,0,0,0,0,0,0,0
MOTU34518,0,0,0,0,0,0,0,0,0,0,0,0,0,0,0,0,0,0,0,0,0,0,0,0,0,0,0,0,0,0,0,0,0,0,0,0,0,0,0,0,0,0,0,0,0,0,0,0,0,0,0,0,0,0,0,0,0,0,0,0,0,0,0,0,0,0,0,0,0,0,0,0,0,0,0,0,0,0,0,0,0,0,0,0,0,0,0,0,0,0,0,0,0,0,0,0,0,0,0,0,0,0,0,0,0,0,0,0,0,0,0,0,0,0,0,0,0,0,0,0,0,0,0,0,0,0,0,0,0,0,0,0,0,0,0,0,0,0,0,0,0,0,0,0,0,0,0,0,0,0,0,0,0,0,0,0,0,0,0,0,0,0,0,0,0,0,0,0,0,0,0,0,0,0,0,0,0,0,0,0,0,0,0,0,0,0,0,0,0,0,0,0,0,0,0,0,0,0,0,0,0,1,0.1890776830790945
MOTU35009,0,0,0,0,0,0,0,0,0,0,0,0,0,0,0,0,0,0,0,0,0,0,0,0,0,0,0,0,0,0,0,0,0,0,0,0,0,0,0,0,0,0,0,0,0,0,0,0,0,0,0,0,0,0,0,0,0,0,0,0,0,0,0,0,0,0,0,0,0,0,0,0,0,0,0,0,0,0,0,0,0,0,0,0,0,0,0,0,0,0,0,0,0,0,0,0,0,0,0,0,0,0,0,0,0,0,0,0,0,0,0,0,0,0,0,0,0,0,0,0,0,0,0,0,0,0,0,0,0,0,0,0,0,0,0,0,0,0,0,0,0,0,0,0,0,0,0,0,0,0,0,0,0,0,0,0,0,0,0,0,0,0,0,0,0,0,0,0,0,0,0,0,0,0,0,0,0,0,0,0,0,0,0,0,0,0,0,0,0,0,0,0,0,0,0,0,0,0,0,0,1,0.27637616474825777,0.08709427481481116
MOTU46,0,0,0,0.0010325537482219931,1.6382040541214983e-4,0.002859537955916173,0,0.0016486950160444437,0,0.01323173604737064,0.04960653089605268,0.058357906596231864,0,0,4.027498053634441e-4,4.646252960532467e-5,0,3.4279797363300314e-5,0.04584216687707541,0.04358075275500119,0.017518411897800255,0,0,0,0.008176737485560779,0,0,0,0,0.005468710592435001,0.01369493900262043,0.0138649748875176,0.005998196589202017,0,0.0021811482942166536,0,0,4.05760866749269e-4,0.0010954126824907987,0.06156369513723359,0.23882867948437983,0.019177044620456926,0,0,0.0028283246894959613,0.005202358884824177,0.012503801553811533,0,0.0038375030594580742,9.152737144676993e-4,0.0016524938524869425,0.03346850882570221,0.20294734075159848,0.09795661119717719,0,7.688018872672789e-4,0.0024852853088392726,0,0,0.05557501465522507,0,0,0,0.028570678265843346,0.004736109739486161,0.002635315655567103,0.002402046087969058,0.03218125848625212,0.018700169687713267,0.001446070952622755,0.016061750236290955,0.0073827592997872515,8.494545387234062e-4,0.02264786311513683,0,0.001723995990334935,0.00508382412542312,0,0.0043710006084719,0,0,0.0043235238297528525,6.32940910761336e-4,0,0.0018456898249468129,0,0.0014901384161042834,0.001494129858290277,0.003254636190505887,0.006148671387801947,0.001494129858290277,0.00150910109935531,0.002057490296662021,0.0027234772100481,0.003941335681142556,0.021232825208231453,0.016409483387474014,0.16445977225846325,0,0,2.7313799368092114e-4,0,0,0,3.96702988846727e-4,0,0,0.0014079300587735303,2.4828270642212317e-4,8.002991110880489e-4,8.568242908016494e-4,9.632584368571177e-4,9.033335715439193e-4,0.011156169608567402,0.09207493694407158,0.010293941988977809,0.012582146175076017,0,0,0,0,0,0,0.0044231509461280455,0,0.026976825295652495,0.012664672865427173,0.009042284444984386,0.00580683907070543,0.002336823734921023,0.005302260159616768,0.014246311591446343,0.0030216624477203196,0.0051844505926216845,0,0.0037991280288634938,6.989594603348878e-4,0.001737119835244059,0.009383694063280991,0.001953414912005965,0,0.0026147272520079846,0.001381093899272443,0.005923629880655258,0,0,0.0019674498983103844,0.0022042925681033288,0.0010162502679869091,0.00929019106193869,0.006861425499574484,0.0015770501540906799,0.006428010657945366,3.172370504805896e-4,0.006214922546725994,0,2.858384697583221e-4,0,0,0,0,0.0013642055227867747,0,0.0011345257229051595,1,0.9738745399939199,0.9478461845643533,0.007070811723739903,6.770433343028093e-4,0.003249369788903127,0,0,0,0.884168068977506,0.2613477183202244,0.2868729327917332,0.14435987712373696,0.145281308407389,0.12244576399647149,0.017553413719773887,0.009972448123937432,5.740739078165044e-4,1.833890894559025e-4,0,0,0,0.024577596770078265,4.125124341705284e-4,0,0.0061652516257872485,0,0.0070791205506773175,0.0016309781884323205,0.0018507931147853755,0.010913644182294197,0,0.006929549593407286,0,0.020896051295963915,0,0,0,0
MOTU4705,0,0,0,0.07224393253805018,0,0,0,0,0,0,0,0,0,0.03605522479983576,0.11271560369033291,0.048762147154095326,0,0,0,0,0,0,0.47348910357223095,0.15994990892531874,0,0,0.10831020659882823,0,0,0,0.25215362526920315,0,0,0,0,0,0,0,0,0,0,0,0,0,0,0,0,0,0,0,0.11561882817643185,0,0,0,0,0,0,0,0,0,0,0,0,0,0,0,0,0,0,0,0,0,0,0,0,0.12062156593406594,0,0,0.19113912570288408,0,0,0.46538588936734016,0.22142256776633745,0,0,0,0,0,0,0,0,0.11731796927187708,0,0.15879294755877033,0,0,0,0,0.06845644123952445,0,0,0,0.08834255533199195,0,0,0,0,0,0,0,0,0.17840011286681715,0.474021592442645,0,0,0,0,0,0,0,0,0,0,0,0,0,0,0.25306195965417866,0,0.2724980605120248,0.6745079212674027,0,0,0.4030407343660355,0,0,0,0,0.3647455867082035,0,0.17388613861386137,0,0,0,0,0,0,0,0,1,0.5334092634776006,0,0,0,0,0,0,0.0356852585593823,0,0,0,0,0.2183032939714108,0,0,0,0,0,0,0,0,0,0,0,0,0,0,0,0,0,0.08508963178294573,0.10041452258433389,0,0.10736665138315757,0,0,0,0,0,0,0,0,0,0,0,0,0,0,0,0,0,0,0
MOTU4880,0,0,0,0.15055532702591526,0.11943220753793442,0,0,0,0,0,0,0,0.14727629394899652,0,0.05872442839951865,0.06774641369736234,0.03969415975272491,0.09996585865483099,0,0,0.3649052841475573,0,0.3289148505953718,1,0,0.06754013655656026,0,0,0,0,0,0,0,0,0,0,0.5219251336898395,0.14790866841786218,0,0,0,0,0,0,0,0,0,0,0.19983619983619985,0,0,0,0,0,0,0,0,0,0,0,0,0,0,0,0,0,0,0,0,0,0,0,0,0,0,0,0,0,0,0,0,0,0,0,0,0,0,0,0,0,0,0,0,0,0,0,0,0,0,0,0,0,0,0,0,0,0,0,0,0,0,0,0,0,0,0,0,0,0,0,0,0,0,0,0,0,0,0,0,0,0,0,0,0,0,0,0,0,0,0,0,0,0,0,0,0,0,0,0,0,0,0,0,0,0,0,0,0.2231027125876257,0.03623044941595724,0,0.1929701230228471,0,0,0,0,0,0,0,0,0,0,0,0,0,0,0,0,0,0,0,0,0,0,0,0,0,0,0,0,0,0,0,0,0,0,0,0,0,0,0,0,0,0
MOTU5004,0,0,0,0,0,0,0,0,0,0,0,0,0,0,0,0,0,0,0,0,0,0,0,0,0,0,0,0,0,0,0,0,0,0,0,0,0,0,0,0,0,0,0,0,0,0,0,0,0,0.10914063147426867,0,0,0,0,0,0,0,0,0,0,0,0,0,0,0,0,0,0,0.3430580880437614,0,0,0,0,0,0,0,0,0.15428772258669166,0.021717263328001585,0,0,0,0,0,0,0,0,0,0,0,0,0,0,0,0,0,0,0,0,0,0,0,0,0,0,0,0,0,0,0,0,0,0,0,0,0,0,0,0,0,0,0,0,0,0,0.04406598186502493,0,0,0,0,0,0,0,0,0,0,0,0,0,0,0,0,0,0,0,0,0,0,0.2423629002576371,0.08521514073115498,1,0.09402665397429796,0,0.01891426109435588,0,0,0,0,0,0,0,0,0,0,0,0,0,0,0,0,0,0,0,0,0,0,0,0,0.24334811529933484,0,0,0,0,0,0,0,0,0,0,0.3150717703349282,0,0,0.014960298978792044,0,0,0,0,0,0,0,0,0,0
MOTU581,0,0,0,0,0,0,0,0,0,0,0,0,0,0,0,0,0,0,0,0,0,0,0,0,0,0.0013553843119038377,0,0,0,0,0,0,0,0,0.005318484856051337,0,0,0,0,0,0,0,0,0,0,0.006342683580489548,0,0,0,0,0,0,0,0,0,0,0,0,0,0,0,0,0.015365748088298947,0,0,0,0,0,0,0,0,0,0,0,0,0.002522262220538083,0.004648625054561327,0,0,0,0,0,0,0,0,0,0,0.0010929802955665026,0,0,0,0,0.0075254381006218205,0,0.0072078779059930285,0,0,0,0,0,0,0,0,0,0,0,0,0,0,0,5.223174218608233e-4,0,0,0,0,0,0,0,0,0,0,0,0,0,0,0.12164786211973146,0.4113399909530603,0.19049985093908378,0.003861633851843794,0.005698081913271448,0.010578244243216847,0.6207534727392627,0.009473122424170546,0.021069499673571135,0.004969436797162989,0.011910531220876049,0,0,0,0.007144773916543674,0,0,0,0,0,0,0.014392216040901823,0.004031189674098187,0,0.052276352926739475,0.033461629094336656,0.005768189203827406,0.018808777429467086,0,0,0,6.96984967375868e-4,0,0,0,0,0,0,0,0,0,0,1,0.11391168879484735,0.36248744559758955,0.00632084990207134,0,0.005615311610249921,0,0.009754087099876357,0.007791542701068137,0,0,0,0,0.001779270248596632,0.010498610043177382,0,0.0011225473920536294,0,0,0.002947362594786074,0,0,0,0,0.03883868876372625,0.04680572371567559,0.03836008263149531,0,0,0,0,0,0,0,0.0016870117912619917,3.98720351023663e-4
MOTU7198,0,0,0,0,0.07340660644625403,0,0,0,0,0,0,0,0,0,0,0,0,0,0,0,0,0,0,0.20487663520450408,0,0,0,0,0,0,0,0,0,0,0,0,0,1,0,0,0,0,0,0,0,0,0,0,0,0,0,0,0,0,0,0,0,0,0,0,0,0,0,0,0,0,0,0,0,0,0,0,0,0,0,0,0,0,0,0,0,0,0,0,0,0,0,0,0,0,0,0,0,0,0,0,0,0,0,0,0,0,0,0,0,0,0,0,0,0,0,0,0,0,0,0,0,0,0,0,0,0,0,0,0,0,0,0,0,0,0,0,0,0,0,0,0,0,0,0,0,0,0,0,0,0,0,0,0,0,0,0,0,0,0,0,0.08538794665194362,0,0.022268317704864926,0,0,0,0,0,0,0,0,0,0,0,0,0,0,0,0,0,0,0,0,0,0,0,0,0,0,0,0,0,0,0,0,0,0,0,0,0,0,0,0,0,0,0,0
MOTU7669,0,0,0,0.3356643356643357,0.08875836188611519,0,0,0,0,0.42170542635658914,0,0,0,0,0,0,0,0,0,0,0,0,0,0,0,0,0,0,0,0,0.7810480976310122,0,0,0,0,0,0,0,0,0,0,0,0,0,0,0,0,0,0,0,0,0,0,0,0,0,0,0,0,0,0,0,0,0,0,0,0,0,0,0,0,0,0,0,0,0,0,0,0.0986758570651188,0,0.05792780321584496,0.18019211659489898,0,0,1,0,0,0,0,0,0,0,0.37158469945355194,0,0,0,0,0,0,0,0,0.08878733474783745,0,0,0,0,0.47594050743657046,0,0.13452027695351138,0,0,0.06139954853273137,0,0,0,0,0,0,0,0,0.81437125748503,0,0,0,0,0,0,0.19596541786743515,0,0,0,0,0,0,0,0,0,0,0,0.26459143968871596,0,0,0,0,0,0,0,0,0,0,0,0,0,0,0,0,0,0.055267702936096716,0,0,0,0,0,0,0,0,0,0,0,0,0,0,0,0,0,0,0,0,0,0,0,0,0,0,0,0,0.21829855537720708,0,0,0,0,0,0.27189803823566167,0,0.19074333800841514,0,0,0,0,0.22276822276822278,0,0,0
MOTU7945,0,0,0,0,0,0,0,0,0,0,0,0,0,0,0,0,0,0,0,0,0,0,0,0,0,0,0,0,0,0,0,0,0,0,0,0,0,0,0,0,0,0,0,0.1853967084254483,0,0,0,0,0,0,0,0,0,0,0,0,0,0,0,0,0,0,0,0,0,0,0,0,0,0,0,0,0,0,0,0,0,0,0.018563211146535,0,0,1,0.010752152033079162,0.019338432171361955,0,0,0,0,0,0,0.19036269168684422,0,0,0.04626536304287859,0,0,0.017422366879613117,0,0,0,0,0,0,0,0,0,0,0,0.012653187815386678,0,0,0,0,0,0,0,0,0,0,0,0,0,0,0,0,0,0.025817099659648703,0.018432813950080593,0.026902992389812686,0.19848522701871113,0.09826114551209549,0,0.04399784310010639,0,0,0,0,0.02950951068363537,0.026567752609254272,0,0,0,0,0,0,0.05184345645939588,0.03342226748884633,0,0,0.10925870076602932,0,0,0,0,0,0,0,0,0,0,0,0,0,0,0,0,0,0,0,0,0,0,0,0,0,0,0,0,0,0,0,0,0.04673012924696231,0,0,0,0.020533503822401176,0.021022798490313774,0,0,0,0.42090063534426103,0.025575155079557033,0.4558879429300425,0,0.008436849385890146,0,0,0.1064921779925572,0.020953927733588753,0,0,0
MOTU7277,0,0,0,0,0,0,0,0,0,0,0,0,0,0,0,0,0,0,0,0,0,0,0,0,0,0,0,0,0,0,0,0,0,0,0,0,0,0,0,0,0,0,0,0,0,0,0,0,0,0,0.06978275181040158,0,0,0,0,0,0,0,0,0,0,0,0,0,1,0,0,0,0,0,0,0,0,0,0,0,0.13417721518987344,0,0,0,0,0,0,0.0801209372637944,0,0,0,0,0,0,0,0,0,0,0,0,0,0,0.041317481972325085,0,0.05767138193688792,0,0,0,0,0,0,0.04246794871794872,0,0.033795632073967796,0,0,0,0,0,0,0,0,0,0,0,0,0,0,0,0,0,0.07636887608069164,0.11146161934805468,0.16446858029480219,0,0,0,0,0,0,0,0,0,0,0,0.18402777777777776,0,0,0,0,0,0,0,0,0,0,0,0,0.14580467675378267,0,0,0,0,0,0,0,0,0,0,0,0,0,0,0.17152103559870552,0,0,0.16207951070336393,0,0,0,0,0,0,0.14825174825174825,0.10271317829457365,0.18181818181818182,0,0,0,0,0.17014446227929375,0,0,0,0,0,0,0,0,0,0,0,0,0,0,0,0
MOTU7611,0,0,0,0,0,0,0,0,0,0,0,0,0,0,0,0,0,0,0,0,0,0,0,0,0,0,0.04378661732963305,0,0,0,0,0,0,0,0,0,0,0,0,0,0,0,0,0,0,0.12262521588946458,0,0.30603448275862066,0.07753207753207754,0.5177757520510483,0.0934825543120474,0,0,0,0,0.10872894333843798,0,0,0,0,0,0.5892116182572614,0,0,0,0.7454068241469816,0,0,0.20343839541547276,0.06817090734517522,0.05540382364416699,0,0,0.45757250268528465,0.6386806596701649,0,0,0,0,0,0.21169204557555105,0,0.29838201302794704,0.05366591080876795,0,0.05994090333474039,0.12644701691896704,0.042261904761904764,0,0.06441369925153095,0.052827380952380945,0.165998663994656,0,0,0,0,0,0.04010166619598984,0,0.04497941083306937,0.11588683351468988,0,0.03571428571428572,0.030065636248147364,0.028052153299091265,0.039664804469273736,0.1552930883639545,0.02844551282051282,0,0.04527339391040969,0.05049068411321291,0.04006772009029345,0.04790823211875843,0,0,0,0,0,0,0,0,0,0,0,0,0.05226352594773647,0,0.20461095100864551,0.29863301787592006,0.991466252909232,0.06817090734517522,0.2628007402837754,0.061049011177987965,0,0,0,0,0,0,0.13813229571984437,0,0.12326388888888888,0,0,0,0,0.2782495101241019,0.07793633369923161,0.1437246963562753,0.20213523131672598,0,0,0.1818181818181818,0.022432859399684042,0.390646492434663,0,0,0,0,0,0,0,0,0,0,0,0,1,0,0,0,0,0,0,0,0,0,0,0,0.4965034965034965,0.24079457364341084,0.5683247570040023,0.025936073059360732,0.04340516582607366,0,0.570281124497992,0.45585874799357945,0.466721446179129,0,0,0,0,0,0,0.04978962131837307,0,0,0,0,0,0,0,0
MOTU98,0,0,0,0,8.904733957882314e-4,0,0.014312180356956477,0.004480879673880189,0.01385205949945703,0,0,0,0,0,2.189214377371067e-4,0,0,0.0014906688816076665,0.06077629669026804,0.07921988142713715,0.05985526009037564,0,0.0012261764643419612,0,0.0019608544105818213,0.0010071436506340781,0.00673168232227699,0,0,0,0,0,0,0,0,0,0,0,0,0,0,0,0.04872956645344705,0.13842021775182062,0.09992992782566043,0.11311319052406363,0.21749285948836145,0.11762309143935497,0.39930839930839934,1,0.32246846740622104,0,0.08709114004445856,0.02218581887311411,0.019391093627469887,0.020894760500712366,0.01463495230120027,0,0.01681883341382456,0.005034789153861688,0,0,0.028544515914153083,0.02218581887311411,0.012871960949967145,0.035811754873924344,0.05222690375871837,0.021865831100905727,0.05082396042709091,0.11921549238923006,0.1022123095020411,0.20466417910447762,0.19162015640915556,0.21397042713393294,0.22501808797093992,0.03842138893444864,0.06563070722337679,0.08088103297943273,0.04306374891369382,0,0.1598201093351261,0.09581275470939439,0.22821697354789405,0.27123547041812857,0.26084650278021654,0.07948123460368063,0.18467768016551261,0.12141783641317225,0.20344791439883242,0.10459891515432591,0.06091195806680882,0.15904653419608702,0.06710300954245167,0.049346396408553976,0.03749163895927624,0.04896376815059594,0.05296042768791386,0.021578074046598415,0.019677969536453378,0.09681084599177064,0.11654797286689512,0.009798404744678762,0.028139608797060973,0.023688986783212882,0.08733200846812952,0.24773131548959115,0.18443053760071035,0.03826520442658503,0.033064770115790974,0.05394199098561077,0.06248695365442734,0.043273614995002416,0.0843944358280572,0.02021374608439285,0.00794426702006706,0.008608377670009574,0,0,0,0.010356188695988748,0.004085113355378795,0.0027370669221595135,0.08105512043741687,0.012021390843141124,0,0.0994319898483292,0.13492828491247094,0.230026022624629,0.48350387913220444,0.4636302583282193,0.42314949496397036,0.10268982048425362,0.06335262637799824,0.07671481947691262,0.048004227845885594,0.02655102864058088,0.034193806463678825,0.044064567588814864,0.02266962177688918,0.03849066922198347,0.12293359933008226,0.08053914455500276,0.06381093158690729,0.021465925045372942,0.03705853448805356,0.17971187628221608,0.09446724574384771,0.0793794474389851,0.08838399097629263,0.009711230325242117,0.010360120430497475,0.00642924122841291,0.19566699154674771,0.031470216060298824,0.24022938950365094,0,0,0,0,0,0,0,0,0,0,0,0,0.3651285824399131,0.027601372772013168,0.10597497947157417,0.05166508250485952,0.07048704815406363,0.058415871711777506,0.0037026536246852573,0.025367848671648402,0.009649419099692485,0,0,0.005546454718278527,0.47516438785095505,0.31929198484322574,0.523459745298664,0.020435266589427292,0.013346077194647274,0.03704329033565206,0.36823113348918063,0.423782971179416,0.3800665938998516,0.008498701284066644,0.013165531989176924,0,0.04168639762410042,0.029324202429064226,0.024312385843440254,0.06697752471862288,0.0067490248674188826,0.08227207587200214,0.03158960318620611,0.008518800378958486,0.010057207818401848,0.02010149840101397,0.00626782824322259,0.005332978989748074
MOTU24534,0,0,0,0,0,0,0,0,0,0,0,0,0,0,0,0,0,0,0,0,0,0,0,0,0,0,0,0,0,0,0,0,0,0,0,0,0,0,0,0,0,0,0,0,0,0,0,0,0,0,0,0,0,0,0,0,0,0,0,0,0,0,0,0,0,0,0,0,0,0,0,0,0,0,0,0,0,0,0,0,0,0,0,0,0,0,0,0,0,0,0,0,0,0,0,0,0,0,0,0,0,0,0,0,0,0,0,0,0,0,0,0,0,0,0,0,0,0,0,0,0,0,0,0,0,0,0,0,0,0,0,0,0,0,0,0,0,0,0,0,0,0,0,0,0,0,0,0,0,0,0,0,0,0,1,0,0,0,0,0,0,0,0,0,0,0,0,0,0,0,0,0,0,0,0,0,0,0,0,0,0,0,0,0,0,0,0,0,0,0,0,0,0,0,0,0,0,0,0,0,0,0,0
MOTU372,0,0,0,0,0,0,0,0,0,0,0,0,0,0,0,0,0,0,0,0,0,0,0,0,0,0,0,0,0,0,0,0,0,0,0,0,0,0,0,0,0,0,0,0,0,0,0,0,0,0,0,0,0,0,0,0,0,0,0,0,0,0,0,0,0,0,0,0,0,0,0,0,0,0,0,0,0,0,0,0,0,0,0,0,0,0,0,0,0,0,0,0,0,0,0,0,0,0,0,0,0,0,0,0,0,0,0,0,0,0,1,0,0,0,0,0,0,0,0,0,0,0,0,0,0,0,0,0,0,0,0,0,0,0,0,0,0,0,0,0,0,0,0,0,0,0,0,0,0,0,0,0,0,0,0,0,0,0,0,0,0,0,0,0,0,0,0,0,0,0,0,0,0,0,0,0,0,0,0,0,0,0,0,0,0,0,0,0,0,0,0,0,0,0,0,0,0,0,0,0,0,0,0
MOTU34697,0,0,0,0,0,0,0,0,0,0,0,0,0,0,0,0,0,0,0,0,0,0,0,0,0,0,0,0,0,0,0,0,0,0,0,0,0,0,0,0,0,0,0,0,0,0,0,0,0,0,0,0,0,0,0,0,0,0,0,0,0,0,0,0,0,0,0,0,0,0,0,0,0,0,0,0,0,0,0,0,0,0,0,0,0,0,0,0,0,0,0,0,0,0,0,0,0,0,0,0,0,0,0,0,0,0,0,0,0,0,0,0,0,0,0,0,0,0,0,0,0,0,0,0,0,0,0,0,0,0,0,0,0,0,0,0,0,0,0,0,0,0,0,0,0,0,0,0,0,0,0,0,0,0,0,0,0,0,0,0,0,0,0,0,0,0,0,0,0,0,0,0,0,0,0,0,0,0,0,0,0,0,0,0,0,0,0,0,0,0,0,0,1,0,0,0,0,0,0,0,0,0,0
MOTU1158,0,0,0,0,0,0,0,0,0,0,0,0.05108461665838715,0.003448295133824031,0,0,0.011103398632320427,0,0,0,0.009661154954277839,0,0,0,0,0.00821024617431803,0,0,0,0,0,0,0,0,0,0,0,0,0,0.007479331830193711,0,0,0,0,0,0,0.029600844367683742,0,0,0,0,0,0,0,0,0,0,0,0,0,0,0.10293626960293627,0,0,0,0,0.08996792067658209,0,0,0.09821712830308818,0,0,0,0,0,0,0,0.3688115330520394,0,0.01865288106898845,0,0,0.04541606860255419,0,0,0.2520424836601307,0,0,0,1,0,0,0,0,0.015496282901346192,0,0,0,0,0.006680525780116503,0,0.009324749123443356,0.005594545091852094,0.0172423429465683,0.007257628155362646,0,0,0.007497326723048508,0,0,0.0054643356891085244,0.009750470140172886,0,0,0.04231824417009602,0,0,0,0,0,0.5853889943074004,0,0,0,0,0,0,0.2248290167059087,0,0.036043930365696926,0,0,0.04229213791212558,0,0,0.20872801082543976,0,0.22668909772982168,0,0.035594784815968616,0.016672070903588413,0,0,0,0,0,0,0,0,0,0,0,0.00897324025596277,0,0,0,0,0.013011113219881486,0,0,0,0.03915739113454403,0.02328653381642512,0,0,0,0,0,0,0,0,0,0,0,0,0,0,0,0,0,0,0.008303725236864772,0,0.0313039066463724,0,0.13571518350930115,0,0.013755127519172463,0.042248698986579014,0,0.0300682261208577,0,0,0.0042831160537020845,0,0,0.00565173582486031,0.012451063486297776,0,0,0.056147056147056146,0.0019423038178704543,0,0
MOTU17911,0,0,0,0,0,0,0,0,0,0,0,0,0,0,0,0,0,0,0,0,0,0,0,0,0,0,0,0,0,0,0,0,0,0,0,0,0,0,0,0,0,0,0,0,0,0,0,0,0,0,0,0,0,0,0,0,0,0,0,0,0,0,0,0,0,0,0,0,0,0,0,0,0,0,0,0,0,0,0,0,0,0,0,0,0,0,0,0,0,0,0,0,0,0,0,0,0,0,0,0,0,1,0,0,0,0,0,0,0,0,0,0,0,0,0,0,0,0,0,0,0,0,0,0,0,0,0,0,0,0,0,0,0,0,0,0,0,0,0,0,0,0,0,0,0,0,0,0,0,0,0,0,0,0,0,0,0,0,0,0,0,0,0,0,0,0,0,0,0,0,0,0,0,0,0,0,0,0,0,0,0,0,0,0,0,0,0,0,0,0,0,0,0,0,0,0,0,0,0,0,0,0,0
MOTU4237,0,0,0,0,0,0,0,0,0,0,0,0,0,0,0,0,0,0,0,0,0,0,0,0,0,0,0,0,0,0,0,0,0,0,0,0,0,0,0,0,0,0,0,0,0,0,0,0,0,0,0,0,0,0,0,0,0,0,0,0,0,0,0,0,0,0,0,0,0,0,0,0,0,0,0,0,0,0,0,0,0,0,0,0,0,0,0,0,0,0,0,0,0,0,0,0,0,0,0,0,0,1,0,0,0,0,0,0,0,0,0,0,0,0,0,0,0,0,0,0,0,0,0,0,0,0,0,0,0,0,0,0,0,0,0,0,0,0,0,0,0,0,0,0,0,0,0,0,0,0,0,0,0,0,0.2106946354883081,0,0,0,0,0,0,0,0,0,0,0,0,0,0,0,0,0,0,0,0,0,0,0,0,0,0,0,0,0,0,0,0,0,0,0,0,0,0,0,0,0,0,0,0,0,0,0,0
MOTU20653,0,0,0,0,0,0,0,0,0,0,0,0,0,0,0,0,0,0,0,0,0,0,0,0,0,0,0,0,0,0,0,0,0,0,0,0,0,0,0,0,0,0,0,0,0,0,0,0,0,0,0,0,0,0,0,0,0,0,0,0,0,0,0,0,0,0,0,0,0,0,0,0,0,0,0,0,0,0,0,0,0,0,0,0,0,0,0,0,0,0,0,0,0,0,0,0,0,0,0,0,0,0,0,0,0,0,0,0,0,0,0,0,0,0,0,0,0,0,0,0,0,0,0,0,0,0.5108575634891425,0,1,0,0,0,0,0,0,0,0,0,0,0,0,0,0,0,0,0,0,0,0,0,0,0,0,0,0,0,0,0,0,0,0,0,0,0,0,0,0,0,0,0,0,0,0,0,0,0,0,0,0,0,0,0,0,0,0,0,0,0.5569823434991975,0,0,0,0,0,0,0,0,0,0,0,0,0,0,0,0
MOTU2788,0,0,0,0,0,0,0,0,0,0,0,0,0,0,0,0,0,0,0,0,0,0,0,0,0,0,0,0,0,0,0,0,0,0,0,0,0,0,0,0,0,0,0,0,0,0,0.08306351183063512,0.14375,0,0.12160437556973563,0,0,0,0,0,0.05107197549770291,0,0,0,0,0,0,0.1395397489539749,0,0,0,0,0,0.19111747851002864,0,0,0,0.28214890016920474,0.07164339419978517,1,0.09162087912087913,0,0.08595360824742268,0,0,0,0,0,0,0,0,0,0.019851190476190477,0,0,0,0,0,0,0.1309126594700687,0,0,0,0,0,0.018144722524483136,0,0,0,0,0,0,0.04008413461538462,0.016493570722057368,0,0,0,0,0,0,0,0,0,0,0,0,0,0,0,0,0.04909827015090173,0.03365287588294652,0,0,0,0.03202112337974076,0,0,0,0,0,0,0,0,0,0,0,0,0,0,0,0,0,0,0,0.10129081245254366,0,0,0,0,0,0,0,0,0,0,0,0,0,0,0,0,0,0,0,0.2296041308089501,0.3691881918819188,0.1529816513761468,0,0,0.023585572842998587,0,0,0.13556910569105693,0,0,0,0,0,0,0,0,0,0,0,0,0,0,0,0,0,0,0,0,0,0,0,0
MOTU31758,0,0,0,0,0,0,0,0,0,0,0,0,0,0,0,0,0,0,0,0,0,0,0,0,0,0,0,0,0,0,0,0,0,0,0,0,0,0,0,0,0,0,0,0,0,0,0,0,0,0,0,0,0,0,0,0.17815211842776926,0.09598459845984599,0,0,0,0,0,0,0,0,0,0,0,1,0,0,0,0.19684151156232374,0.49982098102398853,0.3488255872063968,0,0,0,0,0,0,0,0,0,0,0,0,0,0,0,0,0,0.07946265938069216,0,0,0,0,0,0,0,0,0,0,0,0,0,0,0,0.057533794922518956,0,0,0,0,0,0,0,0,0,0,0,0,0,0,0,0,0.085633664581033,0.23477968382105616,0.08381364073006724,0,0.1805016808895785,0,0,0,0,0,0,0,0,0,0,0,0,0,0,0,0,0,0,0,0,0,0,0,0,0,0,0,0,0,0,0,0,0,0,0,0,0,0,0,0,0,0.8585485854858548,0.5336391437308868,0,0,0,0,0.74812433011789925,0.47289972899729,0,0,0,0,0,0,0,0,0,0,0,0,0,0,0,0,0,0,0,0,0.09527709527709528,0,0,0
MOTU3664,0,0,0,0,0,0,0,0,0,0,0,0,0,0,0,0,0,0,0,0,0,0,0,0,0,0,0,0,0,0,0,0,0,0,0,0,0,0,0,0,0,0,0,0,0,0,0,0,0,0,0,0,0,0,0,0,0,0,0,0,0,0,0,0,0,0,0,0,0,0.22371579452712434,0,0,0,0,0,0,0,0,0,0,0,0,0.29375919310779575,0,0,0,0,0,0,0.10569290088455432,0,0.07782231128924516,0,0,0,0,0.15866530473272045,0.2632024851736798,0.09082050282595985,0.14760848907190371,0.12676822633297063,0,0,0,0,0,0.6115485564304461,0.09334935897435898,0,0.07428662521919337,0.03313895605177073,0.026297968397291194,0.052406657669815566,0,0,0,0,0,0,0,0,0,0,0,0,0,0,0,0,0,0,0,0,0,0,0,0,0,0,0,0,0,0,0,0,0,0,0,0,0,0,0,0,0,0,0,0,0,0,0,0,0,0,0,0,0,0,0,0,0,0,0,0,0,0,0,1,0,0,0.3258741258741259,0.1128875968992248,0,0,0,0.26357466063348417,0,0,0,0,0.2043859649122807,0,0,0,0,0,0,0,0.20747996438112198,0,0,0,0,0
MOTU188,0,0,0,0,0,0,0,0,0,0,0,0,0,0,0,0,0,0,0,0,0,0,0,0,0,0,0,0,0,0,0,0,0,0,0,0,0,0,0,0,0,0,0,0,0,0,0,0,0,0,0,0,0,0,0,0,0,0,0,0,0,0,0,0,0,0,0,0,0,0,0,0,0,0,0,0,0,0,0.3847450410629397,0,0,0,0,0,0,1,0,0,0,0,0,0,0,0,0,0,0,0,3.0196427185248133e-4,0.5030450256087927,0,0,0.12236038862343453,0,0,0,0,0,0,0,0,0,0,0,0,0,0,0,0,0,0,0,0,0,0,0,0,0,0,0,0,0,0,0,0,0,0,0,8.044541427181109e-4,0,0,0,0,0,0,0,0,0,0,0,0,0,0,0,0,0,0,0,0,0,0,0,0,0,0,0,0,0,0,0,0,0,0,0,0,0,0,0,0,0,0,0,0,0,0,0,0,0,0,0,0,0,0,0,0,0,0,0,0,0,0,0,0
MOTU10744,0,0,0,0,1,0,0,0,0,0,0,0,0,0,0,0,0,0.20925230454079888,0,0,0,0,0,0,0,0,0,0,0,0,0,0,0,0,0,0,0,0,0,0,0,0,0,0,0,0,0,0,0,0,0,0,0,0,0,0,0,0,0,0,0,0,0,0,0,0,0,0,0,0,0,0,0,0,0,0,0,0,0,0,0,0,0,0,0,0,0,0,0,0,0,0,0,0,0,0,0,0,0,0,0,0,0,0,0,0,0,0,0,0,0,0,0,0,0,0,0,0,0,0,0,0,0,0,0,0,0,0,0,0,0,0,0,0,0,0,0,0,0,0,0,0,0,0,0,0,0,0,0,0,0,0,0,0,0,0,0,0.6226760134105456,0,0,0.5385764499121265,0,0,0,0,0,0,0,0,0,0,0,0,0,0,0,0,0,0,0,0,0,0,0,0,0,0,0,0,0,0,0,0,0,0,0,0,0,0,0,0,0,0
MOTU11478,0,0,0,0,0.7477565671398271,0,0,0,0,0,0,0,0,0,0,0,0.24852231440811237,0.15646978490952543,0,0,0,0.6922960725075529,0,0,0,0.21143199852371286,0,0,0,0,0,0,0,0,0,0,0,0,1,0,0,0,0,0,0,0,0,0,0,0,0,0,0,0,0,0,0,0,0,0,0,0,0,0,0,0,0,0,0,0,0,0,0,0,0,0,0,0,0,0,0,0,0,0,0,0,0,0,0,0,0,0,0,0,0,0,0,0,0,0,0,0,0,0,0,0,0,0,0,0,0,0,0,0,0,0,0,0,0,0,0,0,0,0,0,0,0,0,0,0,0,0,0,0,0,0,0,0,0,0,0,0,0,0,0,0,0,0,0,0,0,0,0,0,0,0,0,0,0.22683627004553553,0,0.20136203866432337,0,0,0,0,0,0,0,0,0,0,0,0,0,0,0,0,0,0,0,0,0,0,0,0,0,0,0,0,0,0,0,0,0,0,0,0,0,0,0,0,0,0
MOTU13195,0,0,0,0,0,0,0,0,0,0,0,0,0,0,0,0,0,0,0,0,0,0,0,0,0,0,0,0,0,0,0,0,0,0,0,0,0,0,0,0,0,0,0,0,0,0,0,0,0,0,0,0,0,0,0,0,0,0,0,0,0,0,0,0,0,0,0,0,0,0.4659945591294607,0,0,0,0,0,1,0,0,0,0,0,0,0,0,0,0,0,0,0,0,0,0,0,0,0,0,0,0,0,0,0,0,0,0,0,0,0,0,0,0,0,0,0,0,0,0,0,0,0,0,0,0,0,0,0,0,0,0,0,0,0,0,0,0,0,0,0,0,0,0,0,0,0,0,0,0,0,0,0,0,0,0,0,0.1533438651922064,0,0,0,0,0,0,0,0,0,0,0,0,0,0,0,0,0,0,0,0,0,0,0,0,0,0,0,0,0,0,0,0,0,0,0,0,0,0,0,0,0,0,0,0,0,0,0,0,0
MOTU14864,0,0,0,0,0,0,0,0,0,0,0,0,0,0,0,0,0,0,0,0,0,0,0,0,0,0,0,0,0,0,0,0,0,0,0,0,0,0,0,0,0,0,0,0,0,0,0,0,0.4146874146874147,0,1,0,0,0,0,0,0,0,0,0,0,0,0,0,0,0,0,0,0,0,0,0,0,0,0,0,0.9613924050632912,0,0,0,0,0,0,0,0,0,0,0,0,0,0,0,0,0,0,0,0,0,0,0,0,0,0,0,0,0,0,0,0,0,0,0,0.17082771030139451,0,0,0,0,0,0,0,0,0,0,0,0,0,0,0,0,0,0,0,0,0,0,0,0,0,0,0,0,0,0,0,0,0,0,0,0,0,0,0,0,0,0,0,0,0,0,0,0,0,0,0,0,0,0,0,0,0,0,0,0,0,0,0,0,0,0,0,0,0,0,0,0,0,0,0,0,0,0,0,0,0,0,0,0,0,0,0,0,0,0
MOTU15572,0,0,0,0,0,0,0,0,0,0,0,0,0,0,0,0,0,0,0,1,0,0,0,0,0,0,0,0,0,0,0,0,0,0,0,0,0,0,0,0,0,0,0,0,0,0,0,0,0.3228683228683229,0,0,0,0,0,0,0,0,0,0,0,0,0,0,0,0,0,0,0,0,0,0,0,0,0,0,0,0,0,0,0,0,0,0,0,0,0,0,0,0,0,0,0,0,0,0,0,0,0,0,0,0,0,0,0,0,0.3303538175046555,0,0,0,0,0.08410373109562415,0.2002257336343115,0,0,0,0,0,0,0,0,0,0,0,0,0,0,0,0,0,0,0,0,0,0,0,0,0,0,0,0,0,0,0,0,0,0,0,0,0,0,0,0,0,0,0,0,0,0,0,0,0,0,0,0,0,0,0.10201558411685212,0,0,0,0,0,0,0,0,0,0,0,0,0,0,0,0,0,0,0,0,0,0,0,0,0,0,0,0,0.1949986259961528,0,0,0,0,0,0,0
MOTU17770,0,0,0,0,0,0,0,0,0,0,0,0,0,0,0,0,0,0,0,0,0,0,0,0,0,0,0,0,0,0,0,0,0,0,0,0,0,0,0,0,0,0,0,0,0,0,0,0,0,0,0,0,0,0,0,0,0,0,0,0,0,0,0,0,0,0,0,0,0,0,0,0,0,0,0,0,1,0,0,0,0,0,0,0,0,0,0,0,0,0,0,0,0,0,0,0,0,0,0,0,0,0,0,0,0,0,0,0,0,0,0,0,0,0,0,0,0,0,0,0,0,0,0,0,0,0,0,0,0,0,0,0,0,0,0,0,0.5499477897667944,0,0,0,0,0,0,0,0,0,0,0,0,0,0,0,0,0,0,0,0,0,0,0,0,0,0,0,0,0,0,0,0,0,0,0,0,0,0,0,0,0,0,0,0,0,0,0,0,0,0,0,0,0,0,0,0,0,0,0,0,0,0,0,0,0,0
MOTU18449,0,0,0,0,0,0,0,0,0,0,0,0,0,0,0,0,0,0,0,0,0,0,0,0,0,0,0,0,0,0,0,0,0,0,0,0,0,0,0,0,0,0,0,0,0,0,0,0,0.29948129948129953,1,0,0,0,0,0,0,0,0,0,0,0,0,0,0,0,0,0,0,0,0,0,0,0,0,0,0,0,0,0,0,0,0,0,0,0,0,0.3256159097655091,0.16324404761904765,0,0,0,0,0,0,0,0,0,0,0,0,0,0,0,0,0,0,0,0,0.27126607319485657,0,0,0,0,0,0,0,0,0,0,0,0,0,0,0,0,0,0,0,0,0,0,0,0.4716251074806535,0,0.7422192151556157,0,0,0,0,0,0,0,0,0,0,0,0,0,0,0,0,0,0,0,0,0,0,0,0,0,0,0,0,0,0,0,0,0,0,0,0,0,0,0,0,0,0,0,0,0,0,0,0,0,0,0,0.44020866773675765,0,0,0,0,0,0,0,0,0,0,0,0,0,0,0,0
MOTU24617,0,0,0,0,0,0,0,0,0,0,0,0,0,0,0,0,0,0,0,0,0,0,0,0,0,0,0,0,0,0,0,0,0,0,0,0,0,0,0,0,0,0,0,0,0,0,0,0,0,0,0,0,0,0,0,0,0,0,0,0,0,0,0,0,0,0,0,0,0,0,0,0,0,0,0,0,0,0,0,0,0,0,0,0,0,0,0,0,0,0,0,0,0.5952868852459017,0,0,0,0,0,0,0,0.4741566920565833,0,0,0,0,0,0,0,0,0,0,0,0,0,0,0,0,0,0,0,0,0,0,0,0,0,0,0,0,0,0,0,0,1,0,0,0,0,0,0,0,0,0,0,0,0,0,0,0,0,0,0,0,0,0,0,0,0,0,0,0,0,0,0,0,0,0,0,0,0,0,0,0,0,0,0,0,0,0,0,0,0,0,0,0,0,0,0,0,0,0,0,0,0,0,0,0,0,0,0,0,0,0
MOTU2566,0,0,0,0.8457424928013163,0.3354543971284059,0.4391598433606266,0,0,0,0,0,0,0,0,0.03298836742880064,0,0,0,0,0,0,0,0,0,0,0,0.2535923527597903,0,0,0,0,0,0,0,0,0,0,0,0,0,0,0,0,0,0,0,0,0,0,0,0,0,0,0,0,0,0,0,0,0,0,0,0,0,0,0,0,0.658974358974359,0,0,0,0,0,0,0,0,0,0,0,0,0,0,0,0,0,0,0,0,0,0,0,0,0,0,0,0,0,0,0,0,0,0,0,0,0,0,0,0,0,0,0,0,0,0,0,0,0,0,0,0.7802656546489564,0.6155688622754492,0,0,0,0,0,0,0,0.21619348054679283,0,0,0,0,0,0,0,0,0,0.42699896157840084,1,0,0.3569444444444444,0,0,0,0,0,0,0,0,0,0,0,0,0,0,0,0,0,0,0,0,0,0,0,0,0,0,0,0,0,0,0,0,0,0,0,0,0,0,0,0,0,0,0,0,0,0,0,0,0,0,0,0,0,0,0,0,0,0,0,0,0
MOTU2924,0,0,0,0,0,0,0,0,0,0,0,0,0,0,0,0,0,0,0,0,0,0,0.0254998876656931,0,0.027185628742514966,0,0,0,0,0,0,0,0,0,0,0,0,0,0,0,0,0,0,0,0,0,0,0,0,0.10346399270738377,0,0,0,0,0,0,0,0,0,0,0,0,0,0,0,0,0,0.1818910256410256,0,0,0,0,0,0,0,0,0,0,0,0,0,0,0,0,0,0,0,0,0,0,0,0,0,0,0,0,0,0,0,0,0,0,0,0,0,0,0,0,0,0,0,0,0,0,0,0,0,0,0,0,0,0,0,1,0,0.2088700772911299,0,0.49063400576368876,0.05967402733964247,0.08805275407292473,0,0.14003701418877235,0.09759243336199483,0,0,0,0,0,0,0,0.11237623762376237,0.09852430555555554,0.46836313617606595,0,0,0,0,0.06229418221734358,0,0,0,0,0,0,0,0,0,0,0,0,0,0.07710597826086955,0,0,0,0,0,0.26643192488262907,0,0,0,0,0,0,0,0,0.24356223175965663,0,0,0,0,0,0,0,0,0,0,0,0,0,0,0.06668625146886016,0.0567287267274772,0.03486943164362519,0,0,0.04122775154377043,0,0,0,0,0,0
MOTU30692,0,0,0,0,0,0,0,0,0,0,0,0,0,0,0,0,0,0,0,0,0,0,0,0,0,0,0,0,0,0,0,0,0,0,0,0,0,0,0,0,0,0,0,0,0,0,0,0,0.1304941304941305,0,0,0,0,0,0,0,0,0,0,0,0,0,1,0,0,0,0,0,0,0,0,0,0,0,0,0,0.3025316455696203,0,0,0,0,0.15833057303742962,0,0,0,0,0,0,0,0,0,0,0,0,0,0,0,0,0,0,0,0,0,0,0,0,0,0,0,0,0,0,0,0,0,0,0,0,0,0,0,0,0,0,0,0,0,0,0,0,0,0,0,0,0,0,0,0,0,0,0,0,0,0,0,0,0,0,0,0,0,0,0,0,0,0,0,0,0,0,0,0,0,0,0,0,0,0,0,0.3867313915857606,0,0,0,0,0,0,0,0,0,0,0.11579457364341086,0,0,0,0,0,0,0,0,0,0,0,0,0,0,0,0,0,0,0,0,0,0
MOTU30902,0,0,0,0,0,0,0,0,0,0,0,0,0,0,0,0,0,0,0,0,0,0,0,0,0,0,0,0,0,0,0,0,0,0,0,0,0,0,0,0,0,0,0,0,0,0,0,0,0,0,0,0,0,0,0,0,0,0,0,0,0,0,0,0,0,0,0,0,0,0,0,0,0,0,0,0,0,0,0,0,0,0,0,0,0,0,0,0,0,0,0,0,0,0,0,0,0,0,0,0,0,0,0,0,0,0,0,0,0,0,0,0,0,0,0,0,0,0,0,0,0,0,0,0,0,0.35443503864556497,0,0,0,0,0,0,0,0,0,0,0,0,1,0,0,0,0,0,0,0,0,0,0,0,0,0,0,0,0,0,0,0,0,0,0,0,0,0,0,0,0,0,0,0,0,0,0,0,0,0,0,0,0,0,0,0,0,0,0,0,0,0,0,0,0,0,0,0,0,0,0,0,0,0,0,0,0
MOTU31532,0,0,0,0,0,0,0,0,0,0,0,0,0,0,0,0,0,0,0,0,0,0,0,0,0,0,0,0,0,0,0,0,0,0,0,0,0,0,0,0,0,0,0,0,0,0,0,0,0,0,0,0,0,0,0,0,0,0,0,0,0,0,0,0,0,0,0,0,0,0,0,0,0,0,0,0,0,0,0,0,0,0,0,0,0,0,0,0,0,0,0,0,0,0,0,0,0,0,0,0,1,0,0,0,0,0,0,0,0,0,0,0,0,0,0,0,0,0,0,0,0,0,0,0,0,0,0,0,0,0,0,0,0,0,0,0,0,0,0,0,0,0,0,0,0,0,0,0,0,0,0,0,0,0,0,0,0,0,0,0,0,0,0,0,0,0,0,0,0,0,0,0,0,0,0,0,0,0,0,0,0,0,0,0,0,0,0,0,0,0,0,0,0,0,0,0,0,0,0,0,0,0,0
MOTU3521,0,0,0,0,0,0,0,0,0,0,0,0,0,0,0,0,0,0,0,0,0,0,0,0,0,0,0,0,0,0,0,0,0,0,0,0,0,0,0,0,0,0,0,0,0,0,0,0,0,0,0,0,0,0,0,0,0,0,0,0,0,0,0,0,0,0,0,0,0,0,0,0,0,0,0,0,0,0,0,0,0.13848365456287934,0.28718118582312024,0,0,0,0,0,0,0,0,0,0,0,0,0,0,0,0,0.08448645488208925,0,0,0,0,0,0,0,0,0.2605168269230769,0.10719584569732937,0.20731707317073172,0.27744986488408474,0.24463882618510155,0,0,0.3155021834061135,0,0,0,0,0,0,0,0,0,0,0,0,0,0,0,0,0,0,0,0,0,0,1,0.2250778816199377,0.21084630350194553,0,0,0,0,0,0,0,0,0,0,0,0,0.5550576184379001,0,0,0,0,0,0,0,0,0,0,0,0,0,0,0,0,0,0,0,0,0,0,0,0,0,0,0,0,0,0,0,0,0,0,0,0,0.19013157894736843,0,0,0,0,0,0,0,0,0,0,0,0,0
MOTU3731,0,0,0,0,0,0.028068509948182434,0.20675990675990677,0,0,0,0,0,0.02379491306607649,0,0.037951597807193475,0.03283664969921333,0.012826491694232056,0.01615113235461477,0.526800296956199,1,0,0.07146022155085599,0.053141616116228564,0,0,0.021824444854524207,0.14587316270942544,0,0,0,0,0,0.05046582746604083,0,0,0,0,0.09558833434363845,0,0,0,0,0,0,0,0,0.2945620589456206,0,0,0,0.07785824007022164,0,0,0,0,0,0,0,0,0,0,0,0,0,0,0,0,0,0.33887297039159503,0,0,0,0,0,0,0,0,0,0,0,0,0,0,0,0,0,0,0,0,0,0,0,0,0,0,0,0,0,0,0,0,0,0,0,0,0,0,0,0,0,0,0,0,0,0,0,0,0,0,0,0,0,0,0,0,0,0,0,0,0,0,0,0,0,0,0.12785585585585588,0,0.1364090734332949,0.12281066112841814,0,0,0.20532407407407408,0,0,0,0,0,0,0,0,0,0,0,0,0,0,0.04489150376415512,0.024030613972704798,0,0,0,0,0,0,0,0,0,0,0,0,0,0,0,0,0,0,0,0,0,0,0,0,0,0,0,0,0,0,0,0,0,0,0,0,0,0,0,0,0,0,0,0,0
MOTU390,0.11908175125920185,0.037440918024266245,0.08447084906006082,0,0,0.012576570383373639,0,0,0,0,0,0,0.005330856527372348,0,0.0042512137433088504,0.9367286856340455,1,0.5481866825208085,0,0.02987112700695875,0,0.4002370038545682,0.9048179796868584,0.868711136235161,0,0,0.01634023413825002,0,0,0,0,0,0,0,0,0,0.018891757329891203,0.010707492283359227,0.01156259640199538,0,0,0,0,0,0,0,0,0,0,0,0,0,0,0,0,0,0,0,0,0,0,0,0,0,0,0,0,0,0,0,0,0,0,0,0,0,0,0,0,0,0,0,0,0,0,0,0,0,0,0,0,0,0,0,0,0,0,0,0,0,0,0,0,0,0,0,0,0,0,0,0,0,0,0,0,0,0,0,0,0,0,0,0,0,0,0,0,0,0,0,0,0,0,0,0,0,0,0,0,0,0,0,0,0,0,0,0,0,0,0,0,0,0,0,0,0,0,0,0.0026228162398705614,0,0,0,0,0,0,0,0,0,0,0,0,0,0,0,0,0,0,0,0,0,0,0,0,0,0,0,0,0,0,0,0,0,0,0,0,0,0,0,0,0,0,0,0
MOTU4218,0,0,0,0,0,0,0,0,0,0,0,0,0,0,0,0.12690883850069412,0.07435876579361206,0.04681631956299078,0,0,0,0,0.061615367333183554,0.12488615664845173,0,0,0,0,0,0,0,0,0,0,0,0,0,0.27707617700545567,0.11968143137682741,0,0,0,0,0,0,0.2368307426597582,0,0,0.29948129948129953,1,0.09027320605661619,0,0,0,0,0.20999234303215927,0,0,0,0,0,0,0,0,0,0,0,0,0.3929083094555874,0,0,0.8066176470588236,0,0,0,0.1883585164835165,0.34715189873417723,0.35341494845360827,0,0,0,0,0,0.10364701436130008,0,0.34729843815956096,0,0.12243303571428571,0,0,0.10202752976190475,0,0,0.24796564195298373,0,0.08787247677026594,0,0,0.10689923991424674,0,0.07460554951033732,0,0,0.05806690662714377,0,0,0,0,0,0.0874382273234497,0.01950291565922344,0.015476862302483069,0.03084233018443545,0,0.19959970887918488,0,0,0,0,0.5203984819734345,0.41055389221556887,0,0.38790664780763795,0,0.39574314574314573,0.10093853514906147,0,0,0,0.21276183087664857,0.26332213154104656,0.507557063541024,0,0.47203098106712565,0.18555480378890393,0.14824324324324326,0,0.316320645905421,0.2847871235721703,0.5335603112840467,0.13576732673267328,0,0.7544704264099037,0,0,0,0.17913128674069237,0.1505214050493963,0,0.39039145907473316,0,0,0,0.08665086887835702,0.18861760660247592,0,0,0,0,0,0,0,0,0,0,0,0.0236565168636246,0,0,0,0,0,0,0,0,0,0,0,0,0,0.06643653100775194,0.23520583190394512,0,0,0,0,0,0,0,0,0,0,0,0,0,0,0,0,0.2853798126951093,0,0,0.015747918461096754,0
MOTU4279,0,0,0,0.3335047305635541,0.2645619187469408,0,0,0,0,0,0,0,0.08156028368794327,0.16644426195853007,0,0.3001388246182323,0.26378721327476823,0.16608057357459885,0,0,0,0.9797583081570997,0.36430015726802967,0,0,0.14961247462631483,1,0,0,0,0,0,0,0,0,0.996007371007371,0,0,0,0,0,0,0,0,0,0,0,0,0,0,0,0,0,0,0,0,0,0,0,0,0,0,0,0,0,0,0,0,0,0,0,0,0,0,0,0,0,0,0,0,0,0,0,0,0,0,0,0,0,0,0,0,0,0,0,0,0,0,0,0,0,0,0,0,0,0,0,0,0,0,0,0,0,0,0,0,0,0,0,0,0,0,0,0,0,0,0,0,0,0,0,0,0,0,0,0,0,0,0,0,0,0,0,0,0,0,0,0,0,0,0,0,0,0,0,0,0,0.16473636086558976,0,0.15297169811320754,0,0,0,0,0,0,0,0,0,0,0,0,0,0,0,0,0,0,0,0,0,0,0,0,0,0,0,0,0,0,0,0,0,0,0,0,0,0,0,0,0,0,0
MOTU5742,0,0,0,0,0.027165932452276068,0.019757920968316127,0,0,0,0,0,0,0,0.017090946417573392,0,0,0.009028794533918985,0,0,0,0,0,0,0,0,0.030725226056467984,0,0,0,0,0,0,0,0,0,0,0,0,0,0,0,0,0,0,0,0,0,0,0.13636363636363638,0.30355515041020964,0.32883475971033577,0,0,0,0,0,0,0,0,0,1,0,0,0,0,0,0,0,0,0,0,0,0,0,0,0,0,0.21456185567010308,0,0,0,0,0,0,0,0,0,0,0,0,0,0,0,0,0,0,0,0,0,0,0,0,0,0,0,0,0,0,0,0,0,0,0,0,0,0,0,0,0,0,0,0,0,0,0,0,0,0,0,0,0,0,0,0,0,0,0,0,0,0,0,0,0,0,0,0,0,0,0,0,0,0,0,0,0,0,0,0,0,0,0,0,0,0,0,0,0,0,0,0,0,0,0,0,0,0,0,0,0,0,0,0,0,0,0,0,0,0,0,0,0,0,0,0,0,0,0,0,0,0,0,0,0
MOTU6197,0,0,0,0,0,0,0,0,0,0,0,0,0,0,0,0,0,0,0,0,0,0,0,0,0,0,0,0,0,0,0,0,0,0,0,0,0,0,0,0,0,0,0,0,0,0,0,0,0,0,0,0,0,0,0,0,0,0,0,0,0,0,0,0,0,0,0,0,0,0,0,0,0,0,0,0,0,0,0,0,0,0,0,0,0,0,0,0,0,0,0,0,0.32479508196721313,0,0,0,0,0,0.1853439875267979,0,0,0,0,0,0,0.796927374301676,0,0,0,0,0,0,0,0,0,0,0,0,0,0,0,0.9538615847542629,0,0,0,0,0,0,1,0.7377812257564004,0,0.5866748920419494,0,0,0.6434370771312585,0,0.33101287852419076,0.5484429065743945,0.4937694704049844,0,0,0,0,0,0,0,0,0,0,0,0,0,0,0,0,0,0,0,0,0.08971698113207548,0.0835676625659051,0,0,0,0,0,0,0,0,0,0,0,0,0,0,0,0,0,0,0,0,0,0,0,0,0,0,0,0,0,0,0,0,0,0,0,0,0,0,0,0,0,0
MOTU7075,0,0,0,0,0,0,0,0,0,0,0,0,0.007611957815669903,0,0,0.00350146537097023,0.004103175894293513,0.0051667235689086145,0,0,0,0,0,0.03445658773527626,0,0,0,0,0,0.16485112563543938,0,0,0,0,0,0,0,0,0,0,0,0,0,0.2741545893719807,0,0.06534254461715601,0,0,0,0,0,0,0,0,0,0,0,0,0,0,0,0,0,0,0,0,0.18102073365231258,0,0,0,0,0,0,0,0,0,0,0.0975085910652921,0,0,0,0,0,0,0,0,0,0,0,0,0,0,0.05168488160291439,0,0,0,0,0,0,0,0,0,0,0,0,0,0,0,0,0,0,0,0,0,0,0,0,0,0,0,0,0.0758943497158141,0.32107496463932106,1,0.10918710918710918,0.02784934363881732,0.03817692566431214,0.027257444764649374,0,0,0,0,0,0,0,0,0,0,0.03928695050190377,0.03680285343709468,0,0.06568287037037036,0,0,0,0,0,0,0,0,0,0,0.09688433632095603,0.011953659820958399,0,0,0,0.007687358190253649,0,0,0,0,0,0,0,0,0.006526927168693752,0,0,0,0,0,0,0,0,0,0,0,0,0,0,0,0,0,0,0,0,0,0,0,0,0,0,0,0,0,0,0,0,0,0,0,0
MOTU9158,0,0,0,0,0,0.03227720422451644,0,0.2233169129720854,0,0,0,0,0,0,0,0,0,0,0,0,0,0.08217522658610273,0,0.12386156648451731,0,0,0,0,0,0,0,0,0,0,0,0,0,0,0,0,0,0,0,0,0,0,0,0,0,0,0,0,0,0,0,0,0,0,0,0,0,0,0,0,0,0,0,0,0,0,0,0,0,0,0,0,0,0,0,0,0,0,0,0,1,0.22963275643731532,0,0,0,0,0,0,0,0,0,0,0,0,0,0,0,0,0,0,0,0,0,0,0,0,0,0,0,0,0,0,0,0,0,0,0,0,0,0,0,0,0,0,0,0,0.13058089294287087,0,0,0,0,0,0,0,0,0,0,0,0,0,0,0,0,0,0,0,0,0,0,0,0,0,0.0516226988043272,0,0.013462680657295585,0,0.023901581722319862,0,0,0,0,0,0,0,0,0,0,0,0,0,0,0,0,0,0,0,0,0,0,0,0,0,0,0,0,0,0,0,0,0,0,0,0,0,0,0,0,0,0
MOTU9235,0,0,0.06748140276301806,0,0,0,0,0.312807881773399,0,0,0,0,0.019164025954428853,0,0,0.017630726515502085,0.020660484789328127,0,0,0,0,0,0,0,0,0,0,0,0,0,0,0,0,0,0,0,0,0,0,0,0,0,0,0,0,0,0,0,0,0,0,0,0,0,0,0,0,0,0,0,0,0,0,0,0,1,0,0,0,0.18290926548247718,0.14865392118611004,0,0,0,0,0,0,0,0,0,0.04057075923756789,0,0,0,0,0,0,0,0,0,0,0,0,0,0,0,0,0,0,0.12068419385492557,0,0,0,0,0,0,0.25,0,0,0,0,0,0,0,0,0,0,0,0,0,0,0,0,0,0,0,0,0,0,0,0,0,0,0,0,0,0,0,0.19781931464174454,0,0,0,0,0,0,0,0,0,0,0,0,0,0,0,0,0,0.03615486809641298,0,0,0,0,0,0,0,0,0,0,0,0,0,0,0,0,0,0,0,0,0,0,0,0,0,0,0,0,0,0,0,0,0,0,0,0,0,0,0,0,0,0,0,0,0,0
MOTU1177,0,0,0,0,0,0,0,0,0,0,0,0,0,0,0,0,0,0,0,0,0,0,0.016999925110462066,0,0,0,0,0,0,0,0,0,0,0,0,0,0,0,0,0,0,0,0,0,0,0,0,0,0,0,0,0,0,0,0,0,0,0,0,0,0,0,0,0,0,0,0,0,0,0,0,0,0,0,0,0,0,0,0.30195295967108043,0,0.0322294395343059,0.02506348680578558,0.06359879526511171,0,0,0,0,0,0,0.2059423905647539,0.1688988095238095,0.08845468715208193,0.05168488160291439,0.17103676913803495,0.2970232253843637,0.9697746448787782,0.05152650096470321,0.23505601054316108,0.10322874033651659,0.04793580403336501,0.308759521218716,0,0,0,0,0,0,0,0,0,0.021523728251078556,0,0,0,0,0.05967402733964248,0,0,0,0,0.11327345309381238,0,0.10702498821310702,1,0,0,0,0.05451488952929875,0.27847879425166494,0.2935091802430825,0.2906064970395263,0.886901089862225,0.7482086557752937,0.5643526486899981,0.2047812359043753,0.409009009009009,0.4213945933402947,0.17454825067281815,0.07857390100380754,0,0.07491749174917492,0.13136574074074073,0.20816139385602933,0,0,0,0.04942303505334204,0.04152945481156239,0,0.1077105575326216,0.05745380916223741,0,0,0,0,0,0,0,0,0,0,0,0,0,0,0,0,0,0,0,0,0,0,0,0,0,0,0,0,0,0,0.021631408423861253,0.11056316590563166,0.03469356564267156,0.08559577677224736,0.0607764390896921,0.15181915462814338,0.15543686661188716,0.5141562853907135,0.2986842105263158,0.3007419183889772,0.31120250685468076,0.07563830230330293,0.20921658986175115,0.07959326788218793,0.024951909865347625,0.08245550308754086,0.06737904422677352,0,0,0.012862647325475974,0,0.008215261567414003
MOTU1763,0,0,0.026100537790229607,0,0.04808733443094677,0.017487081566825248,0.1288143674507311,0,0,0,0,0,0,0,0,0,0,0.010062385548899717,0,0,0,0.08904147212304313,0,0.06710548103990727,0,0,0,0,0,0,0,0,0,0,0,0,0,0,0,0,0,0,0,0.5339262187088274,0,0,0,0,0,0,0,0,0,0,0,0,0,0,0,0,0,0,0.30829212628375807,0,0,0,0.3525445846020009,0,0,0,0,0,0,0,0,0,0,0,0.10692083175304652,0,0.15692006853757468,0.3904965521394803,0.37158302928422704,0,0,0,0,0,0,0.3008103259861028,0.21929112554112554,0,0.05032911077993046,0.26648035508795004,0,0.3777344091346014,0.20069953879964095,0.3329311185848887,0.11488102620435499,0,0.08017608072015037,0.02405151564609701,0,0.062402556156526096,0,0.16465210766886745,0,0.029519959207459208,0,0,0,0,0,0,0,0,0,0,0,0,0,0.8868423452174706,0,0,0,0,0.07435097697458949,0.10616976683259104,0.852260778128286,0.685944001692644,0.14149172958582465,1,0.38012975846165875,0.5072758566734471,0.5982285643990651,0.15931203931203933,0.6668037844508433,0.16996959211492085,0.15302558293212498,0.14334984082065796,0,0.25583964646464646,0.6081030386394898,0,0.3638608305274972,0,0.5775191496941987,0,0,0.10488515043675187,0.22378684337682062,0,0,0,0,0,0,0,0,0,0,0,0,0,0,0,0,0,0,0,0,0,0,0,0,0,0,0,0,0,0,0,0.24224159402241596,0.1801786781154044,0.29172665569724393,0.4734574662285506,0.2365387421567197,0.18163143348024202,0.3755019046638526,0.3231658692185008,0.15618827383533268,0.6060784104262366,0.09206774732202697,0.4074570590699623,0.051670279229886526,0.07289215318893803,0.10705676452134862,0.32805796162875417,0.1533440544886955,0.12069093887275707,0.008350160718701063,0.008461879779709237,0.007999763116206307
MOTU5765,0,0,0,0.07301522007404361,0,0.21063249080337013,0,0,0,0,0,0,0,0,0,0,0,0.012120177534994878,0,0,0,0.21450151057401812,0.15951471579420354,0,0,0,0.10946654332408262,0,0,0,0,0,0,0,0,0,0,0,0,0,0,0,0,0,1,0,0,0,0,0,0,0,0,0,0,0,0,0,0,0,0,0,0,0,0,0,0,0,0,0.17042726836293806,0,0.5220588235294117,0,0,0,0,0,0,0.1287865046254308,0,0,0.11758860549850944,0.07459550325698676,0,0,0,0,0,0,0.16103424812882738,0.13206845238095236,0,0,0,0,0.11374559436078178,0,0,0,0,0,0,0,0,0,0,0,0.07111378205128205,0,0,0.025245342056606456,0,0,0,0,0,0,0,0,0,0.531437125748503,0,0,0,0,0,0,0,0.37329127234490006,0.2754072924747866,0,0,0,0.4073436603557085,0,0,0.12356421858684302,0.20472895040369088,0.3686396677050882,0,0,0,0,0,0.21913580246913578,0,0,0,0,0,0,0,0,0,0,0,0,0,0,0,0,0,0,0,0,0,0,0,0,0,0,0,0,0,0,0,0,0,0,0,0,0,0,0.16276937184777623,0.40158371040723984,0,0,0,0.10050962627406569,0,0,0.20857814336075203,0,0,0,0,0.1289502361060661,0.1580587711487088,0,0,0,0,0
MOTU7210,0,0,0,0,0.044080056561701206,0.03205964953917963,0,0,0,0,0,0,0,0,0,0,0,0.00922385341982474,0,0,0,0,0.060697970493522053,0,0,0,0,0,0,0,0,0,0,0,0,0,0,0,0,0,0,0,0,0,0,0,0,0,0,0,0,0,0,0,0,0,0,0,0,0,0,0,0.5652022315202231,0,0,0,0,0,0,0.12970075212033924,0.21082065288073873,0,0,0,0,0,0,0,0.09801076244029264,0,0,0.2684663795958927,0.1703088884219374,0,0.4966299019607843,0,0,0,0,0.06127617751568761,0,0.13535404141616567,0.184540072859745,0,0,0,0,0,0.052653803676996035,0,0,0,0,0.05720234314348225,0,0,0,0,0,0,0.019212534964206135,0,0,0,0,0,0,0,0,0,0.4044411177644711,0.270979605483116,0,0,0,0,0,0,0.142043463021381,0.4191880010343936,0.2594015042406785,1,0.34845227858985384,0.930005737234653,0,0,0.09403643114050354,0,0.14027345102111458,0.3942120622568094,0,0,0,0,0,0.2737250928740291,0.17646418462878294,0.29656055616538607,0,0.38457888493475684,0,0,0,0,0,0,0,0,0,0,0,0,0,0,0,0,0,0,0,0,0,0,0,0,0,0,0,0,0,0,0,0,0.09869101978691021,0.165163788272454,0.3820230015082956,0.6510040160642571,0.32524077046548955,0,0,0.11849415204678364,0.07158629217452747,0.15873482177830003,0.06751634803615311,0.0830005120327701,0.09472884525479196,0,0,0,0.28113076656260844,0.22126672126672128,0.04592588395285585,0,0
MOTU23965,0,0,0,0,0,0,0,0,0,0,0,0,0,0,0,0,0,0,0,0,0,0,0,0,0,0,0,0,0,0,0,0,0,0,0,0,0,0,0,0,0,0,0,0,0,0,0,0,0,0,0,0,0,0,0,0,0,0,0,0,0,0,0,0,0,0,0,0,0,0,0,0,0,0,0,0,0,0,0,0,0,0,0,0,0,0,0,1,0,0,0,0,0,0,0,0,0,0,0,0,0,0,0,0,0,0,0,0,0,0,0,0,0,0,0,0,0,0,0,0,0,0,0,0,0,0,0,0,0,0,0,0,0,0,0,0,0,0,0,0,0,0,0,0,0,0,0,0,0,0,0,0,0,0,0,0,0,0,0,0,0,0,0,0,0,0,0,0,0,0,0,0,0,0,0,0,0,0,0,0,0,0,0,0,0,0,0,0,0,0,0,0,0,0,0,0,0,0,0,0,0,0,0
MOTU25810,0,0,0,0,0,0,0,0,0,0,0,0,0,0,0,0,0,0,0,0,0,0,0,0,0,0,0,0,0,0,0,0,0,0,0,0,0,0,0,0,0,0,0,0,0,0,0,0,0,0,0,0,0,0,0,0,0,0,0,0,0,0,0,0,0,0,0,0,0,0.36749879980796923,0,0,0,0,0,0,0,0,0.27770723743878106,0,0,0,0.1608531204034461,0,0,0,0,0,0,0,0,0,0,0,0,0,0,0,0,0,0,0,0,0,0,0,0,0,0,0,0,0,0,0,0,0,0,0,0,0,0,0,0,0,0,0,0,0,0,0,0,0,0.32910576096302663,0,0,0,0,0,0,0,0,0,0,0,0.4725308641975308,0,1,0,0,0,0,0,0,0,0,0,0,0,0,0,0,0,0,0,0,0,0,0,0,0,0,0,0,0,0,0,0,0,0,0,0,0,0,0,0,0,0,0,0,0,0,0,0.09565163063851057,0,0,0,0,0,0,0,0,0,0
MOTU29448,0,0,0,0,0,0.11344487955381513,0,0,0,0,0,0,0,0,0,0,0,0,0,0,0,0,0,0,0,0,0,0,0,0,0,0,0,0,0,0,0,0,0,0,0,0,0,0,0,0,0,0,0,0,0,0,0,0,0,0,0,0,0,0,0,0,1,0,0,0,0,0,0,0,0,0,0,0,0,0,0,0,0,0,0,0,0,0,0,0,0,0,0,0,0,0,0,0,0,0,0,0,0,0,0,0,0,0,0,0,0,0,0,0,0,0,0,0,0,0,0,0,0,0,0,0,0,0,0,0,0,0,0,0,0,0,0,0,0,0,0,0,0,0,0,0,0,0,0,0,0,0,0,0,0,0,0,0,0,0,0,0,0,0,0,0,0,0,0,0,0,0,0,0,0,0,0,0,0,0,0,0,0,0,0,0,0,0,0,0,0,0,0,0,0,0,0,0,0,0,0,0,0,0,0,0,0
MOTU3019,0,0,0,0,0,0,0,0.10098522167487683,0,0,0,0,0,0,0,0,0,0,0,0,0,0,0,0,0,0,0.03792784458834412,0,0,0,0.0882986360373295,0,0.02624279923191807,0,0,0,0,0,0,0,0,0,0,0,0,0,0,0,0,0,0,0,0,1,0,0,0,0,0,0,0,0,0,0,0,0,0,0.19711538461538458,0.17621776504297992,0.11809889582333172,0,0,0,0,0,0,0,0,0,0,0.013097646682994355,0,0,0,0,0,0,0,0,0,0.09151785714285712,0.020541082164328657,0,0,0,0.03941044537007369,0,0,0,0,0,0,0,0,0,0,0.026902887139107608,0,0,0,0,0,0,0,0,0,0,0,0,0,0,0.24674022066198592,0,0,0,0,0.06205852674066599,0,0.06466876971608831,0.2862684251357641,0,0.07587908698334361,0.1586414445399828,0,0,0,0.1712495649147233,0,0,0.11964980544747081,0.06089108910891088,0,0.3383768913342503,0,0,0,0.32135858915741344,0,0,0,0,0,0,0,0,0,0,0,0,0,0,0,0,0,0,0,0,0,0,0,0,0,0,0,0,0,0,0,0,0,0,0,0.022465753424657533,0,0.03478506787330317,0,0,0.0505341002465078,0,0,0,0.3613396004700352,0.04610770960889666,0.03778801843317972,0,0.020280296784830995,0.1787141300399564,0,0.1279916753381894,0.05036855036855037,0,0,0
MOTU3065,0,0,0,0,0,0.16375934496262015,0,0,0,0,0,0,0,0,0,0,0,0,0,0,0,0,0.06200853740732419,0,0,0,0,0,0,0,0,0,0,0,0,0,0,0,0,0,0,0,0,1,0,0,0,0,0,0,0,0,0,0,0,0,0,0,0,0,0,0,0,0,0,0,0,0,0,0,0,0,0,0,0,0,0,0,0.2503174315254852,0,0.0587796826749015,0,0.17398613154023954,0,0,0,0,0,0,0.18779768655023815,0,0.09218436873747496,0,0,0,0,0,0,0.053790684077177936,0,0.2252448313384113,0,0,0,0,0,0,0,0,0,0,0,0,0,0,0,0,0,0,0,0,0,0.39038189533239037,0,0,0,0.13925327951564076,0,0.1451104100946372,0.6423584173778123,0.3975036005760922,0.8513263417643431,0.35597592433361996,0.15834767641996556,0.18673883626522328,0.5967567567567568,0.4803341454925165,0,0,0.13424124513618677,0,0,0,0,0,0,0,0.15148188803512624,0,0,0,0,0,0,0,0,0,0,0,0,0,0,0,0,0,0,0,0,0,0,0,0,0,0,0,0,0,0,0,0,0,0,0,0.08436497019715726,0,0,0.22150882825040127,0.1133935907970419,0.1562853907134768,0.12105263157894737,0.43879173290938,0,0.0689741346994877,0.1695852534562212,0.1935483870967742,0.04550700741962078,0,0.24577025823686552,0,0,0.015639165911151404,0.015848406546080964,0
MOTU31635,0,0,0,0,0,0,0,0,0,0,0,0,0,0,0,0,0,0,0,0,0,0,1,0,0,0,0,0,0,0,0,0,0,0,0,0,0,0,0,0,0,0,0,0,0,0,0,0,0,0,0,0,0,0,0,0,0,0,0,0,0,0,0,0,0,0,0,0,0,0,0,0,0,0,0,0,0,0,0,0,0,0,0,0,0,0,0,0,0,0,0,0,0,0,0,0,0,0,0,0,0,0,0,0,0,0,0,0,0,0,0,0,0,0,0,0,0,0,0,0,0,0,0,0,0,0,0,0,0,0,0,0,0,0,0,0,0,0,0,0,0,0,0,0,0,0,0,0,0,0,0,0,0,0,0,0,0,0,0,0,0,0,0,0,0,0,0,0,0,0,0,0,0,0,0,0,0,0,0,0,0,0,0,0,0,0,0,0,0,0,0,0,0,0,0,0,0,0,0,0,0,0,0.12081320232343522
MOTU3201,0,0,0,0.14448786507610037,0,0.41681499940666905,0,0,0,0,0,0,0,0,0,0,0,0,0,0,0,0.21223564954682778,0,0,0,0,0,0,0,0,0,0,0,0,0,0,0,0,0,0,0,0,0,0,0,0,0,0,0,0,0,0,0,0,0,0,0,0,0,0,0,0,0,0,0,0,0,0,0,0,0,0,0,0,0,0,0,0,0.12742608380192272,0,0.22441699499520815,0,0.2952300903551166,0,0,0,0,0,0,0,0,0.11731796927187708,0,0,0,0.45017622556872794,0,0,0,0,0,0,0,0.14874020749523606,0,0,0,0,0,0,0.04995733181624235,0,0,0,0,0,0,0,0,0,0,0,0,0,0,0,0,0,0,0,0,0.8667489204194941,0,0.806081468732071,0,0,0,0,0,0,0,0,0,0,0,0,0,0,0,1,0,0,0,0,0,0,0,0,0,0,0,0,0,0,0,0,0,0,0,0,0,0,0,0,0,0,0,0,0,0,0,0,0.51324200913242,0.5368332569157879,0.7946832579185521,0.5642570281124498,0.28190208667736755,0,0,0,0,0,0,0.21582181259600614,0,0,0.255176171449328,0,0,0.28767403767403765,0,0,0
MOTU5242,0,0,0,0,0,0,0,0,0,0,0,0,0,0,0,0,0,0,0,0,0,0,0,0,0,0,0,0,0,0,0,0,0,0,0,0,0,0,0,0,0,0,0,0,0,0,0,0,0,0,0,0,0,0,0,0,0,0,0,0,0,0,0,0,0,0,0,0,0,0,0,0,0,0,0,0,0,0,0,0,0.030667660526035565,0,0,0,0,0,0,0,0,0,0,0,0,0,0,0,0,0,0,0,0,0,0,0,0,0,0,0.057692307692307696,0,0,0,0,0,0,0,0,0,0,0,0,0.43113772455089827,0,0,0,0,0,0,0,0,0,0,0,0,0,0,0,0,0,0,0.14007782101167315,0,1,0,0,0,0,0.1881123448726323,0.15806805708013175,0,0,0,0,0,0,0,0,0,0,0,0,0,0,0,0,0,0,0,0,0,0,0,0,0,0,0,0,0,0,0,0,0,0,0,0.044016506189821183,0.16289592760181,0,0,0,0,0,0,0,0.035986505060602275,0,0,0,0,0,0,0,0,0,0
MOTU693,0,0,0,0,0,0,0,0.09805301430917193,0,0,0,0,0,0,0,0,0,0,0,0,0,0.018040569702201123,0,0,0.014302822925577417,0,0.09206642879168318,0,0,0,0.042867398215567634,0,0.03822121978725349,0,0,0,0,0,0,0,0,0,0,0,0,0,0,0,0,0,0,0,0,0,0,0,0,0,0,0,0.1793221793221793,0,0.4997011356843992,0,0,0,1,0,0.2566516577977896,0.5733488786777313,0.0931943592887799,0.2634453781512605,0.10103940053178631,0,0,0,0,0,0.06498924619729989,0,0.057228045088762794,0.0791179671603653,0.1129288866208387,0,0,0,0,0,0,0.0406311764896478,0.08886054421768706,0.08975093043229315,0.061182669789227165,0,0.058600869199495295,0.019133061747608367,0,0,0.04655177214132583,0,0.016244364993004818,0.009746088740702744,0.01501868352974993,0.02528659145216418,0.08257605689450809,0,0.026121734783152106,0.023923992673992672,0,0,0,0,0,0,0.08692035766271575,0.04709328526363226,0,0,0,0.3399295201951748,0.26817792985457656,0.17968190285141136,0,0,0,0.0879120879120879,0.060256595069914945,0,0.2825597115817936,0.6485647788983708,0.3153418832727522,0.5157310302282542,0.30807026163861934,0.4111138431276125,0.2828146143437077,0.4196138996138996,0.519616130475859,0.06887460866699621,0.21703011422637591,0.17426347971095052,0.11824611032531825,0.05183531746031746,0.08213794458636274,0.17614833544037084,0,0.12100159212621218,0.7410655967154988,0.42606241179237886,0.967032967032967,0.29750889679715303,0.09068228658205879,0.031264023934181005,0,0,0,0,0,0,0,0,0,0.0405667701863354,0,0.03373688458434221,0,0,0,0,0.08053174068008861,0,0,0,0,0,0,0.021115376843806828,0,0,0,0,0,0,0.04362687540769732,0.0730115062989891,0.05066257272139625,0.23981640849110725,0.07188718183902774,0.02453339593849043,0.016906649409480667,0.07857142857142857,0.11075781664016958,0.7016954843041799,0.11938380250263295,0.42194426157559795,0.12562612702865156,0.039382875986338474,0.21690623216231644,0.4253911716066658,0.3106882711461275,0.09781209781209782,0.006767258127185597,0.006857799105861121,0
MOTU3262,0,0,0,0,0,0.012637949448202207,0,0,0,0,0,0,0,0,0,0,0,0,0,0,0,0,0,0,0,0,0,0,0,0,0,0,0,0,0,0,0,0,0,0,0,0,0,0,0,0,0,0,0,0,0,0,0,0,0,0,0,0,0,0,0,0,0,0,0,0,0,0,0,0,0,0,0,0,0,0,0,0,0,0,0,0,0,0,0,0,0,0,0,0,0,0,0,0,0,0,0,0,0.0415123757552134,0,0.17383025027203483,0,0,0,0,0,0,0,0,0,0,0,0,0,0,0,0,0,0,0,0.3188622754491018,0,0,0,0,0.0783952889216047,0,0.6521974063400576,0,0,0.10225636101776284,0,0.04578675838349097,0,0,0.05756756756756757,0,0.061418685121107264,0.05529595015576324,0.05179961089494163,0.05272277227722772,0.09244791666666666,0.4394773039889958,0.10471976401179942,0.19722222222222222,0,0,0,0,0.4548042704626335,0,0.08363874345549738,0.5454545454545454,0,0.14649243466299863,0,0,0,0,0,0,0,0,0,0,0,0,1,0,0.08616504854368932,0,0,0,0,0,0,0,0,0.43292682926829273,0,0,0,0,0,0,0,0,0,0,0,0,0.12514688601645121,0.11976758715481695,0.09815668202764977,0,0,0,0,0,0,0,0,0
MOTU110,0,0,0,0.0012807542219306924,0.0010159939675358177,0.0029557503391608054,0.010886410886410885,0,0,0,0.011832830455158245,0,0.0034453647853376233,0.002556775621854661,4.995609327739291e-4,2.881548832497467e-4,0,0.0010629953955320975,0,0,0,0.0037625540948803787,0.005596070120896002,0.002835622507753655,0.004474510438582295,5.74554994189613e-4,0.007680576043203239,0,0,0,0.004470227585805475,0,0.0026571482940162265,0,0.031563496878486016,0.003824955176306527,0,0.0025164788955453735,0.001358722894834612,0,0,0.0016990523948231997,0,0,0.08770460601446517,0.05377398123512113,0.10081114738648984,0.09394221808014912,0.025499701175376848,0.20435093251866268,0.053292528868565725,0,0.06624496837262794,0.1012524719841793,0.008045254556882464,0.023840072844667024,0.005137811078405137,0.22239382239382235,0.019189605630283595,0.09191183803729928,0.29919649379108837,0.23254457777279353,0.32568132986543025,0.05062623599208965,0,0.19612683549691423,0.0446915815336868,0.1496881496881497,0.18734608534035466,0.2212193951032165,0.2016555767628729,0.15567567567567567,0.031609274248868155,0.0735738961302871,0.046679363021192105,0.17321057321057318,0.2995278823126924,0.22468654221231538,0.27447262245013015,0,0.1319538258309422,0.2928909698038548,0.3402031996274484,0.023533737819452102,0.16025437201907788,0.028914013211185013,0.40293615075449446,0.2937451737451737,0.19175609969775284,0.4222910140805355,0.5791505791505791,0.4929209770893137,0.1595037660611431,0.2139484873662089,0.11610747155398775,0.21348666834088173,0.20565938768185957,0.24092140714563756,0.1626235863616491,0.0788980301175423,0.21005205423050904,0.10468153807471581,0.09083691337212463,0.050101000852641756,0.1857528804980405,0.2417756303789823,0.15390508618855075,0.2869022869022869,0.15706151255112677,0.1389739811547559,0.41625696240971444,0.5921298273442742,0.40967283072546223,0.03843843843843844,0.04985247255989614,0.02455452297723591,0,0,0,0.2835837735268475,0.16779414144683605,0.1998644582395836,0.26423028403226423,0.16459102274080248,0.08985608985608985,0.506504590715117,0.48069381187443744,0.39031077186696783,0.11786171029073236,0.10627974755205165,0.11658860012196544,0.26122013438484754,0.0562199344658502,0.07859701353677256,0.10954174743078667,0.3971833455076698,0.22107788261634415,0.35911343869821377,0.569032583985855,0.6269428962035966,0.5918758362322718,1,0.873668166102829,0.14695049031332216,0.3267267267267267,0.3343793641665982,0.8744681977862905,0.8236627406770107,0.6302658934237881,0.9661863999230547,0.7565104968294034,0.16301117871798498,0.41460359206838077,0.03836556936083002,0.21841704152570726,0,0.0017727349668894552,0.0012652701467087324,9.246229004692675e-4,5.8745537990821e-4,0.002735952120837885,0,0,0.0035180943655519926,0,0,0,0.043852303007232585,0.025193635982577317,0.040304382051954864,0.03751221100618691,0.04595591901864964,0.05236796429456979,0,0.04961774523527511,0.004403838067204404,0.10690175153694466,0.04004518988441818,0.012656558998022413,0.4659383859383859,0.4812067881835323,0.26168466923183903,0.30253683820807103,0.039971746161567345,0.20075822428763607,0.5101660696841419,0.39481150492386446,0.36328588243132204,0.059943068776590856,0.07647226173541963,0.06929918790014178,0.0841490138787436,0.04590710915838993,0.10330551749906589,0.06768507638072854,0.0318281678215726,0.058809554196404906,0.08317489350436812,0.09719605141041145,0.0841490138787436,0.0031756144176815072,0.004290802430337313,0.0047325540621235744
MOTU1397,0,0,0,0.13374125874125875,0,0,0,0,0,0,0,0,0,0.06674707452268527,0,0.02006015733456733,0,0.01480027313076135,0,0,0,0,0.04869692203999101,0.09870218579234973,0.10383233532934132,0,0.06683626271970397,0,0,0,0,0,0,0,0,0,0,0,0,0,0,0,0,0,0,0,0,0,0,0.19758432087511393,0,0,0,0,0,0,0,0,0,0.39990774907749077,0,0,0,0,0,0,0,0.3473557692307692,0.31053008595988535,0.4162265962554008,0.16913772922356612,0.31875,0,0,0,0.2977335164835165,0.4115506329113924,0,0.07863232359876655,0,0.023080609093813223,0.07179529645578006,0.04554528262239966,0,0,0,0,0,0,0,0.564453125,0.03619739478957916,0,0,0,0.20834668375520665,0.07379979570990806,0.1224230443377577,0.2534593646462678,0,0,0.14150481475436594,0.054514587525150905,0.18356976497988567,0.6851047016989331,0,0.1422244094488189,0,0.16079376854599406,0.1382113821138211,0.09248328829469492,0.06115970654627539,0.07312753036437246,0,0,0,0,0,0,0,0,0.21740220661985957,0.3065770862800566,0.9548458149779736,0,0.31910195068089803,0,0.15615994236311237,0.569794952681388,0.6726144297905353,0.1040566490638502,0.26742751388032077,0.1863714531384351,0,0.733254397834912,0.11716216216216216,0.4526627218934911,1,0.5626947040498442,0.10542315175097276,0.2146039603960396,0.18815104166666666,0.2981430536451169,0,0,0,0.28314826910516,0.23792535675082327,0.8775303643724697,0.46281138790035586,0.6583143507972665,0.11348167539267016,0,0,0,0.4219662556781311,0.2468210286581894,0.17616580310880828,0,0,0,0,0,0,0,0,0,0,0,0.5260922330097086,0,0,0,0,0,0,0,0,0,0,0.15752180232558138,0.309819897084048,0.07917808219178082,0,0.06129807692307693,0,0,0,0.18410249150622876,0.19013157894736843,0.1722972972972973,0.25470035252643947,0.16250156191428214,0.4661290322580645,0.0759992987377279,0,0,0,0,0,0,0,0
MOTU14248,0,0,0,0.06499382969971206,0,0.01874925833629999,0,0,0,0,0,0,0,0,0,0.007311429893567793,0.017135730166476872,0,0,0,0,0,0,0,0,0,0.048720320690718466,0,0,0,0.11342426417803303,0,0.03371026242799232,0,0,0,0,0,0,0,0,0,0,0,0,0,0,0,0.043134043134043135,0,0,0,0,0,0,0,0,0,0,0,0,0,0,0,0,0,0,0.2532051282051282,0,0.30340854536725875,0.184939523995318,0,0,0,0,0,0,0,0.14329766007618358,0,0,0,0,0,0,0,0.5627782724844167,0.18809523809523812,0.5121555915721232,0,0,0.02638610554442218,0.3237704918032787,1,0.930323846908734,0.2024991989746876,0.05379639087504256,0.04462016379553799,0,0,0,0,0,0,0,0.3972067039106145,0,0.031650641025641024,0,0.025187310696636378,0.04494382022471911,0,0.017768780926675665,0,0,0,0,0,0,0.2998102466793169,0,0,0.22347949080622348,0,0.455988455988456,0.3489142436510858,0.31886982845610495,0.34149855907780985,0.08307045215562565,0,0,0.09747069710055521,0,0.18129661503155478,0,0,0,0,0.08203530633437175,0.15369649805447472,0.07821782178217822,0,0,0.3107177974434612,0.09753086419753086,0,0.10320052253429132,0.34687156970362243,0,0.22491103202846977,0.9597570235383448,0.1654450261780105,0,0.049921011058451814,0.2173314993122421,0,0,0,0,0,0,0,0,0.17853107344632768,0,0,0,0,0,0,0,0,0,0,0,0,0,0,0,0,0.03827519379844961,0,0,0,0,0,0,0,0,0,0.16746157922628513,0,0.019742596526302638,0.048540706605222736,0,0,0.11478387213948421,0,0,0.06470106470106471,0.017905711695376247,0,0
MOTU22162,0,0,0,0.06345125462772522,0,0,0,0,0,0,0,0,0,0,0,0,0,0,0,0,0,0,0,0,0,0,0,0,0,0,0,0,0.0658203541711116,0,0,0,0,0,0,0,0,0,0,0,0,0,0,0,0.16844116844116847,0,0.20309414088215932,0,0,0,0,0,0,0,0,0,0.9264264264264265,0,0.645397489539749,0,0,0,0,0,0.8839541547277937,0,0.12036675770581351,0,0,0,0,0.5297046703296704,0.5857594936708861,0,0,0,0.03285060163986796,0.2043723087114939,0,0,0,0,0.2747105966162066,0.5049851190476191,1,0.13994102971195282,0,0.05151970607882432,0.1053620218579235,0.13946654611211573,0,0,0,0,0.06012473202104853,0,0,0,0,0,0.5484986171473726,0,0,0,0,0,0.5704025032001139,0.15668735891647856,0.41632928475033737,0,0,0,0,0,0,0,0.4618263473053893,0.3094282848545637,0,0,0,0,0.3113017154389506,0.2222622478386167,0.3243953732912723,0,0,0,0.265262252794497,0,0.20872801082543982,0,0.42951618517229384,0,0,0.15004863813229574,0.30544554455445544,0,0.8486932599724898,0,0.1904320987654321,0.3125633232016211,0,0.16931942919868279,0,0,0.4684889901290813,0.08075916230366494,0.39500640204865556,0.04873617693522907,0.21217331499312245,0,0,0,0,0,0,0,0.19173399627097576,0,0,0,0,0,0,0,0,0,0,0,0,0,0,0,0,0,0,0,0.05634703196347032,0,0,0,0,0.12674609695973707,0,0,0,0,0,0,0,0,0,0,0,0,0,0,0
MOTU3124,0,0,0,0,0,0,0,0,0,0,0,0,0,0,0,0,0,0,0,0,0,0,0,0,0,0.025096881343421296,0,0,0,0,0,0,0,0,0,0,0,0,0,0,0,0,0,0,0,0,0,0,0,0,0,0,0,0,0,0,0,0,0,0,0,0,0,0,0,0,0,0,0,0,0.10612563402262973,0,0,0,0,0,0,0,0.6413930709232724,0,0,0,0,0,1,0,0,0,0,0,0,0,0.6502732240437159,0.12296564195298372,0.26692836113837093,0.4357577699455303,0.2778345250255363,0.30725783676927426,0.10602221789124927,0,0.4439608269858542,0.08878733474783745,0,0.05759051450349354,0,0,0,0,0.06726013847675569,0.04336043360433604,0.03868581994026454,0,0,0,0,0,0,0,0,0,0,0,0,0,0,0,0.2744702320887992,0,0,0,0,0,0,0,0,0,0,0,0,0,0,0,0,0,0,0,0,0,0,0,0,0,0,0,0,0,0,0,0,0,0,0,0,0,0,0,0,0,0,0,0,0,0,0,0,0,0,0,0,0,0,0,0.24840182648401826,0,0.23076923076923078,0,0,0,0,0,0,0,0,0,0,0,0,0,0,0,0,0,0
MOTU7354,0,0,0,0.013214726450020567,0.0034943166367542287,0.0025414342787073298,0,0.017583470169677064,0,0,0,0,0.0032317287862783563,0,0,0,0,0.001462387618072152,0,0,0,0.019410876132930514,0.028869916872612898,0,0.005129740518962075,0.003952143691948084,0.013207935039572412,0,0,0,0,0.0246451860375911,0.004569376289026385,0,0.031016171856142888,0,0,0.008654947127365798,0.004673067132155066,0,0,0,0.19122023809523808,0.15519323671497584,0.6636150234741784,0.09247265400115141,0.18669572436695725,0.1846264367816092,0,0,0,0,0,0,0,0,0,0.15297619047619046,0.0659989727786338,0,0,0,0,0,0,0,0,0,0.0306829035339064,0,0,0,0.0181190073322053,0.023003938417472253,0.03210894552723638,0,0,0,0.04273232964508132,0,0.006841656905547865,0.04965772330793861,0,0.01618795666414714,0,0.027121148163782183,0.038141881864054615,0.009561011904761904,0.03471096704484063,0.03885990776442126,0.01593501984126984,0.025036183478067246,0.00731443533697632,0,0.06305201177625122,0,0.007292021336965156,0,0.05008770220229975,0.08140639847956921,0.02330431628581792,0.07690005984440455,0.005386485580147552,0.06801820876561508,0.02538522323192414,0,0.02810586176727909,0.01287059294871795,0.010591823277283217,0.02731282214782932,0.009138102688095576,0.012086155003762226,0.04576210826210827,0.317283950617284,0.29615477923338185,0.13512092534174552,0,0,0,0,0.19236526946107785,0,0.4240924092409241,0,0.15452140452140453,0.14976689976689977,0.010805583585603767,0.07714937560038425,0.14638100245355765,0.06645978794931472,0.04112658025284045,0.3038762081019946,0.1473201490398395,0.0860107095046854,0.1304127198917456,0.24310810810810812,0.06709014966933519,0.13586120722798922,0.6115870543440637,1,0.06361386138613861,0.2044994212962963,0.7070151306740027,0.2527040314650934,0.18508230452674895,0.17359000337723743,0.503592423252776,0.19982619831686788,0.04335357624831309,0.2591340450771056,0.06504682358896482,0.028032286212914488,0.0274221084080239,0.006766719325961032,0.02945896377808345,0,0.002032327449863984,0.006527481458904805,0,0.004040880503144654,0.005645869947275923,0,0,0,0,0,0,0.15082159624413147,0,0.01732740021574973,0,0,0,0,0,0,0.1378755364806867,0.1377277599142551,0,0,0,0.012245092433771679,0.035205479452054794,0.009819654592694483,0.04239724736048265,0.017202141900937083,0,0,0,0,0,0.138415589502546,0.09098671331583989,0.1447516641065028,0,0.00706237977466337,0,0.038141881864054615,0.02228581338883108,0.06139093639093639,0.009708371109096404,0.008608479280313906,0.004650489477588984
MOTU9974,0,0,0,0,0,0,0,0,0,0,0,0,0,0,0,0,0,0,0,0,0,0,0,0,0,0,0,0,0,0,0,0,0,0,0,0,0,0,0,0,0,0,0,0,0,0,0,0,0,0,0,0,0,0,0,0,0,0,0,0,0,0,0,0,0,0,0,0,0,0,0,0,0,0,0,0,0,0,0,0,0,0,0,0,0,0,0,0,0,0,0,0,0,0,0,0.15764178148029476,0,0,0,0,0,0.08030031010282357,0,0,0,0,0,0,0,0,0.034987910681268664,0.05553047404063204,0.11066126855600539,0,0,0,0,0,0,0,0,0,0,0,0,0,0,0,0,0,0,0,0,0,0,0,0,0,0,0,0,0,0,0,0,0,0,0,0,0,0,0,0,0,0,0,0,0,0,0,0,0,0,0,0,0,0,0,0,0,0,0,0,0,0,0,0,0,1,0,0,0,0,0,0,0,0,0,0,0,0,0,0,0,0,0,0,0,0,0.20147420147420148,0,0,0.05341729547798708
MOTU10030,0,0,0,0,0.037037037037037035,0,0,0,0,0,0,0,0,0,0,0,0,0,0,0,0,0,0,0,0,0,0,0,0,0,0,0,0.09686366545764881,0,0,0,0,0,0,0,0,0,0,0,0,0,0,0,0,0,0,0,0,0,0,0,0,0,0,0,0,0,0,0,0,0,0,0,0,0,0,0,0,0,0,0.23385989010989008,0,0,0,0,0,0,0,0,0,0,0,0,0,0,0,0,0,0,0,0,0,0,0,0,0,0,0,0,0,0,0.04965004374453193,0,0,0,0,0,0,0,0,0,0,0,0,0,0.3398203592814371,0,0,1,0,0.08354803091645197,0,0.08177233429394812,0,0,0,0,0,0,0,0,0,0.1309111880046136,0,0.22081712062256809,0,0,0.31224209078404397,0,0,0.22998986828774062,0.14826910516002612,0.2491767288693743,0,0.16156583629893237,0.5170842824601366,0,0,0,0,0,0,0,0.01123539893090477,0.021415094339622638,0.019947275922671353,0.1542119565217391,0,0,0,0,0,0.5328638497652581,0,0,0,0,0,0,0,0,0,0,0,0,0,0,0,0,0,0,0,0,0.06426953567383918,0,0,0,0,0.13947772657450075,0,0,0,0,0,0,0,0,0
MOTU10422,0,0,0,0,0,0,0,0,0,0,0,0,0,0,0,0,0,0,0,0,0,0,0,0,0,0,0,0,0,0,0,0,0,0,0,0,0,0,0,0,0,0,0,0,0,0,0,0,0,0,0,0,1,0,0,0,0,0,0,0,0,0,0,0,0,0,0,0,0,0,0,0,0,0,0,0,0,0,0,0,0,0,0,0,0,0,0,0.02797619047619048,0,0,0,0,0,0,0,0,0,0,0,0,0,0,0,0,0,0,0,0,0,0,0,0.010609480812641084,0,0,0,0,0,0,0,0,0,0,0,0,0,0.03459698196540302,0,0,0,0,0.04512722035525684,0,0,0,0,0,0,0,0.04880581516095535,0.04571984435797666,0,0,0,0,0,0,0.06139777922926192,0,0,0,0.214123006833713,0,0.1203585147247119,0,0,0,0,0,0,0,0,0,0,0,0,0,0,0,0,0,0,0,0,0,0,0,0,0,0,0,0.022771317829457363,0,0,0,0,0,0,0,0,0,0,0,0,0,0,0,0,0,0,0,0,0,0
MOTU10584,0,0,0,0,0,0,0,0,0,0,0,0,0,0,0,0,0,0,0,0,0,0,0,0,0,0,0,0,0,0,0,0,0,0,0,0,0,0,0,0,0,0,0,0,0,0,0,0,0,0,0,0,0,0,0,0,0,0,0,0,0,0,0.5512552301255229,0,0,0,0,0.422275641025641,0,0.25300048007681225,0,0,0,0,0,0,0.16677215189873418,0,0.09559223653183384,0,0,0,0,0,0,0,0,0,0,0,0,0,0,0,0,0,0,0,0,0,0,0,0,0,0.05205452390359541,0,0,0,0,0,0,0.029740406320541757,0,0,0,0,0,0,0,1,0,0.5285857572718154,0,0,0,0,0,0,0,0,0,0,0.11328460877042132,0,0.1782814614343708,0,0,0,0,0,0,0,0,0.2590953785644051,0,0.2669706180344478,0,0,0,0,0,0,0,0,0,0,0,0,0,0,0,0,0,0,0,0,0,0,0,0.42637540453074435,0,0.2430811808118081,0.2014525993883792,0,0,0,0,0,0,0,0,0,0,0,0,0,0,0,0,0,0,0,0.032925153067599654,0,0,0,0,0.2346393588601959,0,0,0,0,0
MOTU10621,0,0,0,0,0,0,0,0,0,0,0,0,0,0,0,0,0,0.05530897917377944,0,0,0,0,0.36396315434733767,0.7377049180327869,0,0,0,0,0,0,0,0,0,0,0,0,0,0,0,0,0,0,0,0,0,0,0,0,0,0,0,0,0,0,0,0,0,0,0,0,0,0,0,0,0,0,0,0,0,0,0,0,0,0,0,0,0,0,0,0,0,0,0,0,0,0,0,0.2410714285714286,0,0,0,0,0,0.7323688969258589,0,0,0,0,0,0,0,0,0,0,0,0,0,0,0,0,0,0,0,0,0,0,0,0,0,0,0,0,0,0,0,0,0,0,0,0,0,0,0,0,0,0,0,0,0,0.7879377431906615,0,0,0,0,1,0,0,0,0,0,0,0,0,0,0,0,0,0,0,0,0.14235500878734622,0,0,0,0,0,0,0,0,0,0,0,0,0,0,0,0,0,0,0,0,0,0,0,0,0,0,0,0,0,0,0,0,0,0,0,0,0,0,0.6633906633906634,0,0,0
MOTU10851,0,0,0,0,0,0,0,0,0,0,0,0,0,0,0,0,0,0,0,0,0,0,0,0,0,0,0,0,0,0,0,0,0,0,0,0,0,0,0,0,0,0,0,0,0,0,0,0,0,0,0,0,0,0,0,0,0,0,0,0,0,0,0,0,0,0,0,0,0,0,0,0,0,0,0,0,0,0,0,0,0,0,0,0,0,0,0,0,0,0,0,0,0,0,0,0,0,0,0.6486065094523484,0,0,0,0,0,0,0,0,1,0,0,0,0.563431151241535,0,0,0,0,0,0,0,0,0,0,0,0,0,0,0,0,0,0,0,0,0,0,0,0,0,0,0,0,0,0,0,0,0,0,0,0,0,0,0,0,0,0,0,0,0,0,0,0,0,0,0,0,0,0,0,0,0,0,0,0,0,0,0,0,0,0,0,0,0,0,0,0,0,0,0,0,0,0,0,0,0,0,0,0,0,0,0,0,0,0,0
MOTU11481,0,0,0,0,0,0,0,0,0,0,0,0,0,0,0,0,0,0,0,0,0,0,0,0,0,0,0,0,0,0,0,0,0,0,0,0,0,0,0,0,0,0,0,0,0,0,0,0,0,0,0.23930217248189598,0,0,0,0,0,0,0,0,0,0,0,0,0,0,0,0,0,0,0,0.2836519703472493,0,0,0,0,0,0.460126582278481,0,0,0,0,0,0,0,0,0,0,0.10818452380952381,0,0,0,0,0.4965846994535519,0,0,0,0,0,0,0,0,0,0.18284708249496984,0,0,0,0,0,0,0,0,0,0,0,0,0,0,0,0,0,0,0,0,0,0,0,0,0,0,0,0,0,0,0,0,0,0.5060911938739994,0,0,0,0,0,1,0,0,0,0,0,0,0.5174377224199288,0.5520121488230828,0,0,0,0,0,0,0,0,0,0,0,0,0,0,0,0,0,0,0,0,0,0,0,0,0,0,0,0,0,0,0,0,0,0,0,0,0,0,0,0,0,0,0,0,0,0,0,0,0,0,0,0
MOTU12182,0,0,0,0,0,0,0,0,0,0,0,0,0,0,0,0,0,0.026135199726869236,0,0,0,0,0,0,0,0,0,0,0,0,0,0,0,0,0,0,0,0,0,0,0,0,0,0,0,0,0,0,0,0,0,0,0,0,0,0,0,0,0,0,0,0,0,0,0,0,0,0,0,0,0.14933671478735855,0,0,0,0,0,0,0,0,0,0.163028431476946,0,0,0,0,0,0,0,0,0,0.14239211309523808,0.19175851703406813,0,0,0,0,0,0.2161818695283818,0,0,0,0.06246939774767423,0,0,0,0,0,0.15334535256410256,0.09464638971315528,0,0,0.1079994356659142,0,0,0,0,0,0,0,0,0,0,0,0,0,0.1408722856091277,0,0,0,0,0,0,0,0,0,0,0,0,0,0,0,0,0,0,0,0,1,0.21007135016465422,0.3873987854251012,0,0,0,0,0,0,0,0,0,0,0,0,0,0,0,0,0,0,0,0,0,0,0,0,0,0,0,0,0,0,0,0.1854408914728682,0,0,0,0,0,0,0,0,0,0,0,0,0,0,0,0,0,0,0,0,0,0
MOTU12454,0,0,0,0,0,0,0,0,0,0,0,0,0,0,0,0,0,0,0,0,0,0,0,0,0,0,0,0,0,0,0,0,0,0,0,0,0,0,0,0,0,0,0,0,0,0,0,0,0,0,0.0039280228220320386,0,0,0,0,0,0,0,0,0,0,0,0,0,0,0,0,0,0.017096466093600764,0,0,0,0,0,0,0,0,0,0.002164580688070621,0,0.19442018954317966,0.3794633984763167,0.33851649506198783,0.09470899470899471,0.13161764705882353,0.06044744617982271,0.09917878697932128,0.1047718253968254,0.03868179362506753,0.07578438043396085,0.07547123015873017,0.025907370296147855,0.012226775956284155,0.03236889692585895,0.011710827608766764,0.011470682473566165,0.0040631029395074335,0.010110138378988987,0.3790943935555123,0.5291943828529195,0.2629488574537541,0.3642130460801915,0.36016096579476864,0.46995553673512597,0.5068484130119848,1,0.15399533391659376,0.03346688034188034,0.04721397955819321,0.09701897018970192,0.5694258758829944,0.614176072234763,0.3945569050832209,0.3683127572016461,0.4429403202328967,0.24468980021030498,0,0,0,0.04528779253636939,0,0.011969241056502843,0,0,0,0.004392099128941234,0.006020854355869493,0.008597502401536984,0,0,0,0,0,0,0,0,0,0,0.012391831083419869,0,0,0.010358796296296297,0,0,0.014732510288065844,0,0,0,0,0.008493475682087782,0,0,0,0,0,0,0,0,0,0,0,0,0,0,0,0,0,0,0,0,0,0,0,0,0,0,0,0,0,0.050069930069930074,0.06359819121447029,0.03411473222793978,0.02397564687975647,0.0036476641703601814,0.03374811463046757,0.08626506024096386,0.004788657035848048,0.009805532730758697,0.0810872027180068,0.03140350877192983,0.028457869634340223,0,0,0,0,0,0,0,0,0,0,0,0
MOTU12732,0,0,0,0,0,0.13403346386614456,0,0,0,0,0,0,0,0,0,0,0,0,0,0.10611612175873732,0,0,0,0,0,0,0,0,0,0,0,0,0.08032856838062728,0,0,0,0,0,0,0,0,0,0,0,0,0,0,0,0,0,0,0,0,0,0,0,0,0,0,0,0,0,0,0,0,0,0.9007177033492824,0,0,0,0,0,0,0,0,0,0,0,0,0,0,0,0,0,0,0,0,0,0,0,0,0,0,0,0,0,0,0,0,0,0,0,0,0,0,0,0,0,0,0,0,0,0,0,0,0,0,0,0,0,0,0,0,0,0,0,0,0.13562680115273776,0,0,0,0,0,0,0,0,0,0,0.39096573208722746,0.18312256809338523,0,0,0,0,0.23240740740740742,0.3814589665653496,0.24591770084911824,0.20664105378704722,0.3810728744939272,0.5359430604982207,0,0,0.9641485275288092,0.05947867298578199,0.25894085281980744,0,0,0,0,0,0,0,0,0,0,0,0,0,0,0,0,0,0,0.255427408412483,1,0.13313295615275814,0,0,0,0,0,0,0,0,0,0,0,0,0,0,0,0,0,0,0,0,0,0,0,0,0,0,0
MOTU14147,0,0,0,0,0,0,0,0,0,0,0,0,0,0,0,0,0,0,0,0,0,0,0,0,0,0,0,0,0,0,0,0,0,0,0,0,0,0,0,0,0,0,0,0,0,0,0,0,0,0,0,0,0,0,0,0,0,0,0,0,0,0,0,0,0,0,0,0,0,0,0,0,0,0,0,0,0,0,0,0,0,0,0,0,0,0,0,0,0,0,0,0,0,0,0,0,0,0,0.050087702202299744,0,0,0.16778194875142813,0,0.05441456701249206,0,0,0,0,0,0,0,0,0,0,0.18704512372634644,0.20268138801261829,0,0,0,0,0.3847305389221557,0,0,0,0,0,0,0,0.27024185068349105,0,0.24675948151704272,0,0.22098022355975924,0,0.34776725304465494,0.4167567567567567,0.08945353289244692,0,0.5337487019730011,1,0,0,0,0,0,0,0,0.14105378704720087,0,0,0,0,0,0,0,0,0,0,0,0,0,0,0.15972653822249844,0,0,0,0,0,0,0,0,0,0,0,0,0,0,0,0,0,0,0,0,0,0,0,0,0,0,0,0,0,0.03211295764088467,0,0,0,0,0,0,0,0,0,0.01395146843276695
MOTU14801,0,0,0,0,0,0,0,0,0,0,0,0,0,0,0,0,0,0,0,0,0,0,0,0,0,0,0,0,0,0,0,0,0,0,0,0,0,0,0,0,0,0,0,0,0,0,0,0,0,0,0,0,0,0,0,0,0,0,0,0,0,0,0,0,0,1,0,0,0,0,0,0,0,0,0,0.1308379120879121,0,0,0.1382187556684201,0,0,0,0,0,0,0,0,0,0,0,0.14174107142857142,0,0,0,0,0,0,0,0.07425453128045215,0,0,0.06218377672596704,0,0.08066906627143765,0,0,0,0,0,0,0.027094296686104396,0.021501128668171558,0,0,0,0,0,0,0,0,0,0,0,0,0,0.2804563857195436,0.768920282542886,0.2744956772334294,0.20031545741324921,0,0,0,0,0,0,0.6178378378378379,0.13261399234249915,0,0.3956386292834891,0,0,0,0.5240715268225584,0,0,0.7720364741641338,0,0,0,0.5423487544483986,0,0,0,0,0,0,0,0,0,0,0,0,0,0,0,0,0,0,0,0,0,0,0,0,0,0,0,0,0,0,0,0,0,0,0,0,0,0,0,0,0,0,0,0,0,0,0,0,0,0,0,0,0
MOTU14828,0,0,0,0,0,0,0,0,0,0,0,0,0.08297704676156464,0,0,0,0,0,0,0,0,0,0,0,0,0,0,0,0,0,0,0,0,0,0,0,0,1,0,0,0,0,0,0,0,0,0,0,0,0,0,0,0,0,0,0,0,0,0,0,0,0,0,0,0,0,0,0,0,0,0,0,0,0,0,0,0,0,0,0,0,0,0,0,0,0,0,0,0,0,0,0.27549543531507464,0,0,0,0,0,0,0,0,0,0,0,0,0,0,0,0,0,0,0,0,0,0,0,0,0,0,0,0,0,0,0,0,0,0,0,0,0,0,0,0,0,0,0,0,0,0,0,0,0,0,0,0,0,0,0,0,0,0,0,0,0,0,0,0,0,0,0,0,0,0,0,0,0,0,0,0,0,0,0,0,0,0,0,0,0,0,0,0,0,0,0,0,0,0,0,0,0,0,0,0,0,0,0,0,0,0,0,0,0,0,0
MOTU152,0.04727948332301159,0,0.0027948153664638887,0.04471551298786129,0.05635443391406715,0.037033818618881255,0.001532588146761375,0.011515801904072335,9.888780822870915e-4,0.023105251378461412,0.02498737539042774,0.02351643451424012,0.0024692854241265714,0.0026995701702345718,0.00618887741318737,8.113284775081041e-5,9.507514993194582e-4,0.001316906059327084,0,4.941603269151671e-4,0,0.014831378706060534,0.013392843980325869,0.011177564553064748,0.006719160104986876,0.004853148661824173,0.023787960824970884,0,0,0.014005874538013902,0.2517273280538425,0.19772327078217639,0.05835541092887178,0.02314562164877905,0.038087201445945254,0.011846492161452792,0,0.003896966910253615,0.00726867465808537,0,0,0,0.012523434570678664,0.09528700216820722,0.02963291560385937,0.0015140594472323082,0.004366826500361179,0.003778622499773735,4.7864614793748653e-4,0.007991252688673714,0,0.0194808982210557,0,0,0,0.0013424815006853087,0,0.06261717285339331,0.002701511309545475,0,0.09477193729162234,0.08002526655122466,0.05868722476636026,0.0071271578857520865,0,0.00920357396270348,0.03775006593075387,0.04214617403593782,0.030142364009656385,0.024409574823310312,0.014365547264063704,0.03094025011579435,0,0.0056496697311332325,0.0026286069563643375,0.009633411208214359,0.031070799694342004,0.01355629515382742,0.0038163196224814356,0,0.00485414778375789,0.0017422466113564225,0.007368274174805686,0.001987846757250582,0.006445885440790489,0.004440559324343637,0.001561247408633137,0.001565429321334833,0,0.0023859571420662457,0.007174884389451319,0.002049593500211271,0.00119759620211408,0.001585244882364388,0,0.00224707573200258,0.0011939263465406966,9.902744082999227e-4,0.049888716161503005,0.003332177712819157,0.2732943202556699,0,4.4096600600981216e-4,0.0025985530127599177,0,0,0.0015339289937839134,0.004565835520559929,8.671022947057433e-4,0.0019564747137358666,1.246821817589968e-4,0.0011873233678747267,9.85875416045329e-4,0,0.0012760413681914215,0.0027654271922634274,0,0,0.0061303525870455,0.34599849591856047,1,0.2338880157532966,0.13639384185887654,0.04634222484303999,0.09866948449625615,0.1587438669908624,0.1176520442512799,0.10484316261620034,0.03318512630716113,0.01360186842432128,0.016834189533317456,0.12438451362611135,0.03844252916364818,0.02816515405453836,0.023725045194790434,0.07866070795204654,0.04027724867144827,0.1314455070278845,0.2649038029124864,0.31040575181020663,0.09287180686572594,0.11110199766695829,0.10128995223602551,0.06723495846205065,0.09848676322867049,0.05151483724108954,0.21300472646667043,0.12413459294536591,0.04081524222427662,0.1173013515659297,0.06256962754370965,0.015605117423149331,0.03816360342921283,0.00609355110232074,0.004823331058858358,0,0,0,0.015706980400960076,0.04317040558609419,0.04945546130108077,0.12625527787287458,0.09589105898742147,0.09113098150866734,0,0,1.5123616319287614e-4,0.004115682722758246,0,0.001418512006387551,0.010561932770451886,0.004852253246941917,0.008042572660068867,0.003568414192459321,0.03259751893563105,0.008059636109842705,0,0,0,0.0024521410348182,0.005096746627601782,0.002004895185700415,3.2023394335981974e-4,0,0.003966698732794148,0,0,0.001440658044285138,0.0014891966363774177,0,0,0.008241038025358463,0.011830209340788543,0.03501175256318766,0.028278723224113112,0.012141433681053675,0.038211714636287974,0.025760582242446765,0.0711529164993814,0.053129722421061,0.00258302934254705,3.020294297838093e-4,5.710702480522272e-4
MOTU15786,0,0,0,0,0.06244901288954152,0,0,0,0,0,0,0,0.01925204969568935,0,0,0.03542341508560851,0,0,0,0,0,0,0,0,0,0,0,0,0,0,0.824300071787509,0,0.08166204395135482,0,0,0,0,0,0,0,0,0,0,0,0,0,0,0,0,0,0,0,0,0,0,0,0,0,0,0,0,0,0,0,0,0,0,0,0,0,0,0,0,0,0,0,0,0,0,0,0.0407571078692365,0,0,0,0,0,0,0,0,0,0,0,0,0,0,0,0,0,0,0,0.10412132752992383,0,0,0,0,0,0,0,0,0,0,0,0,0,0,0,0,0,0,0.726280834914611,0,0,0,0,0,0,0,0,0,0,0,0,0,0,0,0,0,0.22073241061130333,0,0,0,0,0,0,0,0,1,0,0,0,0,0,0,0,0,0,0,0,0.018944268461690752,0.14443396226415092,0.10090070298769772,0.7800611413043478,0,0.21624293785310736,0,0,0,0,0,0,0,0,0,0,0,0,0,0,0,0,0,0,0,0,0,0,0,0,0,0,0,0,0.04782581531925528,0,0.13420406732117812,0,0.1390301489284417,0,0,0.15673628173628174,0,0,0
MOTU15940,0,0,0,0,0.36090716266927725,0,0,0,0,0,0,0,0,0,0,0,0,0,0,0,0,0,0,0,0,0,0,0,0,0,0,0,0,0,0,0,0,0,0,0,0,0,0,0,0,0,0,0,0,0,0,0,0,0,0,0,0,0,0,0,0,0,0,0,0,0,0,0,0,0,0,0,0,0,0,0,0,0,0,0,0,0,0,0,0,0,0,0,0,0,0,0,0.755464480874317,1,0,0,0,0,0,0,0,0,0,0,0,0,0,0,0,0,0,0,0,0,0,0,0,0,0,0,0,0,0,0,0,0,0,0,0,0,0,0,0,0,0,0,0,0,0,0,0,0,0,0,0,0,0,0,0,0,0,0,0,0,0,0,0,0,0,0,0,0,0,0,0,0,0,0,0,0,0,0,0,0,0,0,0,0,0,0,0,0,0,0,0,0,0,0,0,0,0,0,0,0,0,0,0,0,0,0,0,0,0
MOTU16566,0,0,0,0,0,0,0,0,0,0,0,0,0,0,0,0,0,0,0,0,0,0,0,0,0,0,0,0,0,0,0,0,0,0,0,0,0,0,0,0,0,0,0,0,0,0,0,0,0,0,0,0,0,0,0,0,0,0,0,0,0,0,0,0,0,0,0,1,0,0,0,0,0,0,0,0,0,0,0,0,0,0,0,0,0,0,0,0,0,0,0,0,0.10655737704918034,0,0,0,0,0,0.12161372052231534,0,0,0,0,0,0,0,0,0,0,0,0,0,0,0.3851851851851852,0,0,0,0,0,0,0,0,0,0,0,0,0,0,0,0,0,0,0.13413585554600171,0,0,0,0.10859728506787332,0,0,0,0,0,0,0,0,0,0,0,0,0,0,0,0,0,0,0,0,0,0,0,0,0,0,0,0,0,0,0,0,0,0,0,0,0,0,0,0,0,0,0,0,0,0.05698630136986302,0,0,0,0,0,0,0,0,0,0,0,0,0,0,0,0,0,0,0,0
MOTU174,0.16634263350587047,0,0.013110604305723052,0.1420971625862571,0.33011598937451536,0.12004751980992076,0.10784159660564155,0.0607737864615044,0.2504990589174699,0,0.023443379860684833,0,0.9568822132135646,0.46856077818965264,0.9481685798888573,0.5343593529836894,0.5084420462708583,0.5576747058665572,0.13738394935061685,0.285129777181004,0.08610124682133374,0.7528972470212838,0.8315263076849287,1,0.47279822377716474,0.5532220174127238,0.19781933083183484,0,0,0,0.2479814804358873,0.14196868413907243,0,0,0.01786687712047124,0.015156116279711784,0.02638947305173346,0.02492842726143745,0.01076768810969705,0,0,0,0,0.1787982413287738,0,0.021307562438144027,0.1229098744875257,0.15953118946144904,0,0,0.024365527291017895,0,0,0.20060290490545357,0.015939378102952706,0.056678768690744535,0.010179107798420291,0,0,0,0.22228970543577284,0.20476479089934263,0.051619575948474446,0,0,0,0.41320359120477396,0.31633535004321517,0.6009465245806639,0.3435192327401598,0.17328709772168324,0.07257105089226702,0,0,0,0.0762594147425608,0.24986488408476745,0.06359318892621336,0,0,0,0,0,0,0,0,0,0,0,0,0,0,0.016853932584269662,0,0,0,0,0.02787253013653859,0,0.00781569759371897,0,0.008054237735717574,0,0.0052242551986810895,0.004874389036620068,0,0,0,0,0.019666951461318975,0,0,0,0,0,0,0,0,0,0,0,0,0.10469939449803728,0,0,0,0,0,0.01297274306170914,0,0,0.22832347905648476,0.13790371665684445,0.028312286062387587,0,0.06668691163073186,0.06011803032495493,0,0.0768665336553607,0.10800944344860752,0.01221492935810435,0,0.03393969367726381,0,0.10661672908863919,0.07499743861206926,0.16116366625323833,0,0,0.0878083889799672,0.11241073942310152,0.02583681393023119,0,0,0,0.048035348416685504,0.2037057966780469,0.3058261902886555,0.1978426788332047,0.4632223871104515,0.2753618609427144,0.033524670249145086,0.030670176884239633,0.08364121119786706,0,0,0.004256733770960197,0,0,0.11977746263772225,0,0,0,0,0.03276780518375934,0,0.1588465062448763,0,0.20060290490545357,0,0,0,0,0,0,0,0,0,0.013971776502474964,0,0,0,0,0,0,0,0,0,0,0,0.008388766082288345,0,0.0013394580806346445
MOTU18539,0,0,0,0,0,0,0,0,0,0,0,0,0,0,0,0,0,0,0,0,0,0,0,0,0,0,0,0,0,0,0,0,0,0,0,0,0,0,0,0,0,0,0,0,0,0,0,0,0,0,0,0,0,0,0,0,0,0,0,0,0,0,0,0,0,0,0,0,0,0,0,0,0,0,0,0,0,0,0.0493379285325594,0,0.31860291768714727,0,0.28577432233662536,0,1,0.22963275643731532,0.24220837043633126,0.04047619047619048,0,0,0,0,0,0,0,0,0,0,0.583122198401871,0.08615774469433006,0.2219804134929271,0.2663620042435123,0,0.4607241160279483,0.10746740418806795,0.1519553072625698,0.05949256342957131,0,0,0.17344173441734417,0.058028729910396815,0.1688487584650113,0.09176788124156544,0,0.19796215429403202,0,0,0,0,0.5161290322580645,0,0.2728184553660983,0,0,0,0,0,0.3919308357348703,0,0,0.13058089294287087,0,0,0,0,0,0,0,0,0,0,0,0,0,0,0,0,0,0,0,0,0,0,0,0,0,0,0,0,0,0,0,0,0,0,0,0,0,0,0,0,0,0,0,0,0,0,0,0,0,0.13178294573643412,0,0,0,0.23076923076923078,0,0.10914927768860354,0,0.15402038505096263,0,0,0,0,0,0,0,0,0,0,0,0,0,0
MOTU19214,0,0,0,0,0,0,0,0,0,0,0,0,0,0,0,0,0,0,0,0,0,0,0,0,0,0,0,0,0,0,0,0,0,0,0,0,0,0,0,0,0,0,0,0,0,0,0,0,0,0,0,0,0,0,0,0,0,0,0,0,0,0,0,0,0,0,0,0,0,0,0,0,0,0,0,0,0,0,0,0,0,0,0,0,0,0,0,0,0,0,0,0,0,0,0,0,0,0,0,0,0,0,0,0,0,0,0,0,0,0,0,0.016252821670428894,0,0,0,0,0,0,0,0,0,0,0,0,0,0,0,0,0,0,0,0,0,0,0,0,0,0,0,0,0.2851485148514852,1,0,0,0,0,0.3762246897452646,0,0,0,0,0,0,0,0,0,0,0,0,0,0,0,0,0,0,0,0,0,0,0,0,0,0,0,0,0,0,0,0,0,0,0,0,0,0,0,0,0,0,0,0,0,0,0,0,0,0,0,0,0,0,0,0
MOTU20006,0,0,0,0,0,0,0,0,0,0,0.547268408551069,0,0,0,0,0,0,0,0,0,0,0,0,0,0,0,0,0,0,0,0,0,0,0,0,0,0,0,0,0,0,0,0,0,0,0,0,0,0,0,0,0,0,0,0,0,0,0,0,0,0,0,0,0,0,0,0,0,0,0,0,0,0,0,0,0,0,0,0,0,0,0,0,0,0,0,0,0,0,0,0,0,0,0,0,0,0,0,0.6735529136620543,0,0.31338411316648535,0,0,0,0,0,0,0,0,0,0,0,0,0,0,0,0,0,0,0,0,0,0,0,0,0,0,0,0,0,0,0,0,0,0,0,0,0,0,0.5603112840466926,0,1,0,0,0,0,0,0,0,0,0,0,0,0,0,0,0,0,0,0.10867924528301887,0.10123022847100177,0,0,0,0,0,0,0,0,0,0,0,0,0,0,0,0,0,0,0,0,0,0,0,0,0,0,0,0,0,0,0,0,0.35391705069124424,0,0,0,0,0,0,0,0,0
MOTU2012,0,0,0,0,0,0,0,0,0,0,0,0,0,0,0,0,0,0,0,0,0,0,0,0,0,0,0,0,0,0,0,0,0,0,0,0,0,0,0,0,0,0,0,0,0,0,0,0,0,0,0,0,0,0,0,0,0,0,0,0,0.4989726568673937,0,0,0,0,0,0,0.26627867746288797,0,0,0,0,0,0,0,0,0,0,0.0904178639961049,0,0.035386624371598785,0,0.0349144557127216,0,0,0,0.9863929637093625,0.6181469298245613,0,0,0.12362938596491227,0,0.05674791486914006,0.15023317788141238,0.16305975930995298,0,0.05657401931795781,0.09384800606429941,0.3238314066202341,1,0.2712043983735181,0.3796655012756307,0.41790214974054857,0.8091534149793285,0,0,0,0.06656966936572199,0.04108751106252277,0.052975576195390436,0.11816092642358277,0.07501485089699417,0.05605866893955536,0,0.12093005439362599,0,0,0,0,0.3152901228403076,0,0,0,0,0,0.12230982314084807,0.08383344840405757,0.11971029880175943,0,0,0.07976855244207494,0,0,0,0.11242076775158466,0.2694452347083926,0,0,0,0,0.08225638353309016,0.28846856725146197,0,0,0,0.1683463979096678,0.10852899721544226,0,0,0.35478554036336396,0.12616392918514968,0,0,0,0,0,0.01576749807713438,0,0,0,0,0,0,0,0,0,0,0,0,0,0,0,0,0,0,0,0,0,0,0,0.04025142798857609,0.04750082754054949,0,0,0,0,0,0,0.18817428622518925,0.07287626962142198,0,0,0,0,0,0,0,0,0,0,0,0,0
MOTU209,0,0,0,0,0,0,0,0,0,0,0,0,0,0,0,0,0,0,0,0,0,0,0,0,0,0,0,0.007515723270440251,0,0,0,0,0,0,0,0,0,0,0,0,0,0,0,0,0,0,0,0,0,0,0,0,0,0,0,0.004575038284839204,0,0,0,0.022047970479704797,0.9868618618618619,0.37188796680497926,1,0.12144308943089431,0,0.1568241469816273,0.8576555023923446,0.45961538461538465,0.8474570200573066,0.44461113778204514,0.34036285602809213,0.36904411764705886,0,0,0.017916041979010495,0.05950377747252747,0.08319620253164557,0.0615979381443299,0.07044712497732632,0,0.02226866148439996,0.049478304074196754,0.05147615045177559,0.054195011337868484,0.2086856617647059,0.045398902490502324,0,0,0,0.048786572919029256,0.08446800595238095,0.06785237140948565,0.01836577868852459,0.05132233273056058,0.06449950932286556,0.059347965395706505,0.038653387810691185,0.052308669867269134,0.14789027480023387,0.028389293633196075,0.08127040261153427,0.12287416353843644,0.09166876257545271,0.08476074528901123,0.1074130778348479,0.10514664804469273,0.0013068678915135609,0.22023237179487182,0.048757418397626116,0.039052287581699346,0.13639418290428104,0.06743792325056434,0.05980375618533514,0,0.04348617176128093,0.03298501577287066,0,0,0,0.7256166982922202,0.4472305389221557,0.6352557673019058,0.15212164073550213,0.052643171806167406,0.017243867243867245,0.11215495031284504,0.048234106962663975,0.017219020172910663,0.15707150368033648,0.1483320403413499,0.08031685069611139,0.2948797038864899,0.16953998280309543,0.19196787148594377,0.33149526387009476,0.31974324324324327,0.2766011138183084,0.26188004613610155,0.07445482866043614,0.06974708171206226,0.4880569306930693,0.3941840277777778,0.13971801925722147,0.18800393313667652,0.25449074074074074,0.41165146909827766,0.17171783148269104,0.32465697036223934,0.18142712550607287,0.14459074733096086,0.5035876993166287,0.020333769633507852,0,0,0,0,0,0,0,0,0,0,0,0,0,0,0,0.028051643192488266,0.040289952798381656,0.15952669902912622,0,0,0.05938455657492355,0,0.07141434262948207,0.006338401697312588,0.11539699570815452,0.019212218649517686,0.15787601626016262,0,0.0014474321705426358,0,0.01636986301369863,0.010045086351826379,0.010138574660633485,0.12477911646586347,0.04076043338683789,0.058915365653245684,0.07443374858437146,0.0812390350877193,0.028497615262321144,0.19308166862514686,0.05599462701486942,0.22027649769585256,0.029330294530154278,0.011821929101401486,0.049918270977115875,0.11173196794300981,0.09326222684703434,0.06606265356265356,0.003385652765185857,0.0030878552971576228,0.0016217903479724227
MOTU21178,0,0,0,0,0,0,0,0,0,0,0,0,0,0,0,0,0,0,0,0,0,0,0,0,0,0,0,0,0,0,0,0,0,0,0,0,0,0,0,0,0,0,0,0,0,0,0,0,0,0,0,0,0,0,0,0,0,0,0,0,0,0,0,0,0,0,0,0,0,0,0,0,0,0,0,0,0,0,0,0,0,0,0,0,0,0,0,0,0,0,0,0.005205924669852526,0,0,0,0,0,0,0,0,0,0,0,0,0,0,0.05454606635708998,0,0,0,0,0,0,0,0.022687828910536334,0,0,0,0,0,0,0,0,0,0,0.022946688938591774,0,0.022458989137663487,0,0,0,1,0.4020603214498314,0.017884725716051014,0,0.26960498960498963,0,0,0,0.06064800957797067,0,0,0,0,0,0,0.020361252072551878,0,0.03155169729056369,0.022187243361620586,0.02366976228024064,0,0.11974293312321481,0,0.021439530208443552,0,0,0,0,0,0,0,0,0,0,0,0,0,0,0,0,0,0,0,0,0,0,0,0,0,0,0,0,0,0,0,0,0,0,0,0,0.6593600289252464,0.8452527417603014,0.8140434833983221,0,0,0,0,0,0,0,0.005370039090969323,0.006769030329097644
MOTU21228,0,0,0,0,0,0,0,0,0,0,0,0,0,0,0,0,0,0,0,0,0,0,0,0,0,0,0,0,0,0,0,0,0,0,0,0,0,0,0,0,0,0,0,0,0,0,0,0,0,0,0,0,0,0,0,0,0,0,0,0,0,0,0.8744769874476988,0,0,0,1,0,0,0.10033605376860298,0,0.3073529411764706,0,0,0,0,0,0,0,0,0,0,0,0,0,0,0,0,0,0,0,0,0,0,0,0,0,0,0,0,0,0,0,0,0,0,0,0,0,0,0,0,0,0,0,0,0,0,0,0,0,0,0,0,0,0,0,0,0,0,0,0,0,0,0,0,0,0,0,0,0,0,0,0,0,0,0,0,0,0,0,0,0,0,0,0,0,0,0,0,0,0,0,0,0,0,0,0,0,0.1690938511326861,0,0,0,0,0,0,0,0,0,0,0,0,0,0,0,0,0,0,0,0,0,0,0,0,0,0,0,0,0,0,0,0,0
MOTU214,0,0,0,0,0,0,0,0,0,0,0,0,0,0,0,0,4.012064773411772e-4,0,0,0.002085301197477071,0,0,0,0.006738295672721902,0,0,0,0,0,0,0,0,0,0,0,0,0,0,0,0,0,0,0,0,0,0,0,0,0,0,0,0,0,0.06015161502966381,0,0,0,0.10569498069498068,0,0.027301286526378775,0,0,0,0,0,0.019419025324537133,0.01770011638432691,0.02371361746361746,0.021199566328506156,0.017759598292483553,0.07505457076272527,0.03264109697933227,0,0,0,0,0,0,0.35027159392296336,0,7.878446010700296e-4,0,0.0015546645615987914,0.3159664766807624,0.802426967408585,0.16552485368441466,0.00219609636350509,0,0,0,0.04128710183397683,0.006177896333206955,0.06822524368630925,0.11372244758320707,0.1452139087075299,0.18727755310581326,0.3274852993954117,0.2528202447010693,0.3028096309133144,0.04452781891806282,0.07245684204334911,0.21494360363301115,0.19724767524063297,0.11748859806238592,0.03361693380460666,0,0.0032365042207561892,0.022231516372141373,0.01829537252385917,0.007076660591725154,0,0,0.0016641135062187694,0.10960960960960961,0.06461701876549038,0.029174482053030946,0,0,0,0,0,0.007420911382797039,0,0,0,0,0,0,0.05056910222525364,0.07461786845029669,0.08879799146241776,0.0228212481451223,0.054074388231739906,0.004244778341163883,0.060070219068865886,0.15597151205259313,0.16996547539533965,0.11093706162910313,0.07298770733350173,0.014394258071300872,0,0,0,0,0.018268268268268266,0.05247268545140885,0,0,0,0,0,0,0,0,0,0,0,0,0,0,0,0,0,0,0,0,0,0,0,0,0,0,0,0,0,0,0,0.02378986703745546,0,0,0,0,1,0.1266465915709382,0.41219846826464474,0,0,0,0.03561070980380154,0.0194701280227596,0.01764383620504447,0.18692238066503636,0.014791750390900709,0.06819031012579399,0,0,0,0.0032941445452576348,0,0,0,4.24843448099262e-4,0
MOTU220,0,0,0,0,0,0,0,0,0,0,0,0,0,0,0,0,0,0,0,0,0,0,0,0,0,0,0,0,0,0,0,0,0,0,0,0,0,0,0,0,0,0,0,0,0,0,0,0,0,0,0,0,0,0,0,0,0,0,0,0,0,0,0,0,0,0,0,0,0,0.011073905716127971,0.005999985851656799,0,0,0,0,0,0,0,1,0,0.018831496431121107,0.007640591456341359,0.04362313731041207,0.029058888393417186,0.014134157847239315,0.0032456656263816744,0.25561471336200564,0.21625261506276153,0.13708071403222052,0.12905072767032566,0.29749036992760847,0.2516767612398204,0.0315122207741729,0.055616505380818713,0.06791053662422344,0.06405431867713965,0.1047188541899651,0.09771369220570982,0.5409710494391436,0.20458488342966352,0.33466732835247825,0.19325986744088802,0.10636167072168017,0.13186693444436867,0.01822753505072664,0.05369400746437281,0.03363509129001832,0.012322086328362479,0.0019013308281152787,0.0012257264257768512,0.08475268025026447,0.054239431919428524,0.04496480625086659,0.009492570208516281,0.022384226692571143,0,0,0,0,0,0,0,0,0,0,0,0.0038794055847114974,0,0,0,0,0.009486714212089065,0,0.008822698644748349,0.06242745766358474,0.008312412831241284,0,0.004434245599133903,0,0,0,0,0,0,0,0,0,0,0.007782370312649988,0,0,0,0,0,0,0,0,0,0,0,0,0,0,0,0,0,0,0,0,0,0,0,0,0,0,0,0,0,0,0.0483921935804781,0.04656602391532333,0.004396216048540988,0.0014043802500270663,0.003525438729435207,0.023919344049174222,0.012351778102647691,0.01234186495810303,0.0031589900858250562,0.023946432774031728,0.06744720937629989,0.00203735608608855,0,0,0,0.002695996447720262,0.001267762880279998,0,0.0034234113396697185,0,0.003148641223955032,4.356857359983107e-4,0,8.34806130926463e-4
MOTU22200,0,0,0,0,0,0,0,0,0,0,0,0,0,0,0,0,0,0,0,0,0,0,0,0,0,0,0,0,0,0,0,0,0,0,0,0,0,0.04283693675489998,0,0,0,0,0,0,0,0,0,0,0,0,0,0,0,0,0,0,0,0,0,0,0,0,0,0,1,0,0,0,0,0,0,0,0,0,0,0,0,0,0.03845456194449483,0,0,0,0,0,0,0,0,0,0,0,0,0,0,0,0,0,0,0,0,0,0,0,0,0,0,0,0,0,0,0,0,0,0,0,0,0,0,0,0,0,0,0.42527582748244735,0,0,0,0,0,0.07636887608069164,0,0,0.10177628420547287,0,0,0,0,0,0.14758092586146887,0,0,0,0.20990099009900992,0.5520833333333334,0.29160935350756534,0,0.1308641975308642,0.4295845997973658,0,0.34906695938529086,0.2145748987854251,0.1508896797153025,0.16097190584662113,0.11099476439790577,0,0,0,0,0,0,0,0,0,0,0,0,0,0,0,0,0,0,0,0,0,0,0,0,0,0,0,0,0,0,0,0,0,0,0,0,0.060022650056625146,0,0,0,0,0,0,0,0,0,0,0,0,0,0
MOTU227,0,0,0,0,0,2.677477963227306e-4,0,0,0,0,0.003215644674030856,0.006725218121048139,0,0,0,0,0,0,0,0.0019078162454438984,0,6.816648578887162e-4,0.0010138443853568413,0.0010274638796045768,0,0,0,0,0,0.011469988930487693,0.008098746157974337,0.002596444970784408,0.003851181019179263,0.0024821899665694726,0.0016338238085529691,0.0013859402208916773,0,0,0,0,0,0.0012312745864183634,0.17728155339805826,0.2125510060503729,0.25423218925201696,0.11885574391736675,0.16859108440435744,0.3258034817542685,0.0018479202945222365,0.0041136019682983605,0,0.7019633225458468,0.36004957653377406,0.6053516457494673,0.021863475577632272,0.019004148143742846,0.014893139799416836,0.12893203883495147,0.013906383233353779,0.03330347866585462,0.5352809119799412,0.5804616686137856,0.618361295040013,0.35770779067013975,0.2341454478842279,0.30794791427770557,0.44802341245877275,0.34712471994025396,0.33941636297883,0.021664048772075378,0.0193674736447352,0.033181039406053686,0.1145335370361244,0.07755310606613622,0.11163156285934704,0.010847647498132936,0.017136536807177093,0.017445701131017916,0,0,4.805261803027687e-4,0,9.482289050689853e-4,0,0,0,0,0,0,0.0010235022361586076,8.394012944983819e-4,0.002260832344300251,0,0,0,7.229447868028358e-4,0,0.0012743917987075124,8.79481847441688e-4,7.147008804598196e-4,0.006751745776857496,0.001473028026513237,0.0017024476958840422,0.0033440979795218194,0.010697640519691746,0,0.013818175640666275,0.002259926562111028,0.003905582284194252,0.0021581163841335733,0.0012836357158934153,7.639878147669245e-4,7.612384209216094e-4,0,0,0,0,0,0,0.017125697757963194,0.0033777105982210343,0.004526199959100603,0,0,0,0.00830441913732665,0.007968806638386254,0.0024383760946811786,0.002372566434922871,0,0.0021664048772075378,0.002783850314141457,0,0,0,0.003658882183154028,0,0,0,0.0032922821200559106,0.02122272421416899,0.054840884573894286,0.046553865466540244,0.022185945718895286,0.004178353110391946,0.032004406803002136,0.00884249776464396,0.014860443553973549,0.011418576313824143,0.009635490446740145,0.008566099770735195,5.906572459716364e-4,0.005778004301182204,0.001782235923863863,0.012414364124410732,0,0,4.5845995725117355e-4,1.1167643435021039e-4,0,0,0,0,0,0,0,0,0.010593007885500707,0,0.007301976309422818,1,0.4953892451545875,0.9918796947834091,0.02449183912739919,0.04494642788071017,0.023137556474094014,0.1743072628026168,0.10882527393625324,0.08713394900939302,0,0,6.450287820502146e-4,8.24223079310192e-4,0,0.0025523876466195146,0,0,0,0,0,0,0,0.0031012642103871242,0,0,0,8.195825207452419e-4,0,0,0,0,0,0
MOTU23190,0,0,0,0,0,0,0,0,0,0,0,0,0,0,0,0,0,0,0,0,0,0,0,0,0,0,0,0,0,0,0,0,0,0,0,0,0,0,0,0,0,0,0,0,0,0,0,0,0,0,0,0,0,0,0,0,0,0,0,0,0,0,0,0,0,0,0,0,0,0,0,0,0,0,0,0,0,0,0,0,0,0,0,0,0,0,0,0.20215773809523813,0,0,0,0,0,0,0,0,0,0,0,0,0,0.4434470377019749,0,0,0,0,0,0,0,0,0,0,0,0,0,0,0,0,0,0,0,0,0,0,0,1,0,0,0,0,0,0,0,0,0,0,0,0,0,0,0,0,0,0,0,0,0,0,0,0,0,0,0,0,0,0,0,0,0,0,0,0,0,0,0,0,0,0,0,0,0,0,0,0,0,0,0,0,0,0,0,0,0,0,0,0,0,0,0,0,0,0,0,0,0,0,0,0,0,0,0.07697756119673617,0,0
MOTU26532,0,0,0,0,0,0,0,0,0,0,0,0,0,0,0,0,0,0,0,0,0,0,0,0,0,0,0,0,0,0,0,0,0,0,0,0,0,0,0,0,0,0,0,0,0,0,0,0,0,0,0,0,0,0,0,0,0,0,0,0,0,0,0,0,0,0,0,0,0,0,0,0,0,0,0,0,0,0,0,0,0,0,0,0,0,0,0,0,0,0,0,0,0,0,0,0,0,0,0,0,0,0,0,0,0.25049387593836425,0,0,0,0,0,0,0.035778781038374716,0,0,0.4614264919941776,1,0,0,0,0,0,0,0,0,0,0,0,0,0,0,0,0,0,0,0,0,0,0,0,0,0,0.5503472222222222,0,0,0,0,0,0,0,0,0,0,0,0,0,0,0,0,0,0,0,0,0,0,0,0,0,0,0,0,0,0,0,0,0,0,0,0,0,0,0,0,0,0,0,0,0,0,0,0,0,0,0,0,0,0,0,0,0,0,0,0,0
MOTU26792,0,0,0,0,0,0,0,0,0,0,0,0,0,0,0,0,0,0,0,0,0,0,0,0,0,0,0,0,0,0,0,0,0,0,0,0,0,0,0,0,0,0,0,0,0,0,0,0,0,0,0,0,0,0,0,0,0,0,0,0,0,0,0,0,0,0,0,0,0,0,0,0,0,0,0,0,0,0,0,0,0,0,0,0,0,0,0,0,0,0.0941256520753005,0,0.06930527722110888,0,0,0,0,0,0,0,0,0,0,0,0,0,0,0,0,0,0,0,0.046839729119638816,0,0,0,0,0,0,0,0,0,0,0,0,0,0,0,0,0,0,0,0,0,0,0,0,0,0,0,0,0.20544554455445543,0,0,0,0,0,0,0,0,0,0,0,0,0,0,0,0,0,0,0,0,0,0,0,0,0,0,0,0,0,0,0,0,0,0,0,0,0,0,0,0,0,0,0,0,1,0.33306581059390045,0.17050123253903038,0,0,0,0,0,0,0,0,0,0,0,0,0,0,0
MOTU28906,0,0,0,0,0,0,0,0,0,0,0,0,0,0,0,0,0,0.0197678388528508,0,0,0,0,0,0,0,0,0,0,0,0,0,0,0,0,0,0,0,0,0,0,0,0,0,0,0,1,0,0,0,0,0,0,0,0,0,0,0,0,0,0,0,0,0,0,0,0,0,0,0,0,0,0,0,0,0,0.1988324175824176,0,0,0,0,0,0,0,0,0,0,0,0,0,0,0,0,0,0,0,0,0,0,0,0,0,0,0,0,0,0,0,0,0,0,0,0,0,0,0,0,0,0,0,0,0,0,0,0,0,0,0,0,0,0,0,0,0,0,0,0,0,0,0,0,0,0,0,0,0,0,0,0,0,0,0,0,0,0,0,0,0,0,0,0,0,0,0,0,0,0,0,0,0,0,0,0,0,0,0,0,0,0,0,0,0,0,0,0,0,0,0,0,0,0,0,0,0,0,0,0,0,0,0,0,0,0,0
MOTU3020,0,0,0,0,0,0,0,0,0,0,0,0,0,0,0,0,0,0,0,0,0,0,0,0,0,0,0,0,0,0,0,0,0,0,0,0,0,0,0,0,0,0,0,0,0,0,0,0.4054802955665025,0,0,0,0,0,0,0,0,0,0,0,0,0,0,0,0,0,0,0,0,0,0,0,0,0,0,0,0,0.11907775768535263,0,0,0,0,0,0,0,0,0,0,0,0,0,0,0,0,0,0,0,0,0,0,0,0,0,0,0,0,0,0,0,0,0,0,0,0,0,0,0,0,0,0,0,0,0.18870898409514258,0,0,0,0.2769861717230138,0.9492576041516507,0.06777480444627419,0,0,0.18064604622453878,0.11606592050762317,0,0,0,0.1016988416988417,0,0,0.09768580329327993,0,0.27942008486562947,0.48995535714285715,0.25879347612497544,0,0.11613756613756615,0.19062092922275295,0.36866660446020344,0.10326172181276463,0.5712839791787161,0.5356380274529742,1,0.2955123410620793,0,0,0,0,0,0,0,0,0,0,0,0,0,0,0,0,0,0,0,0,0,0,0,0,0,0,0,0,0,0,0,0,0,0,0,0,0,0,0,0.11054221923787141,0,0,0,0,0,0,0,0,0,0,0
MOTU30385,0,0,0,0,0,0,0,0,0,0,0,0,0,0,0,0,0,0,0,0,0,0,0,0,0,0,0,0,0,0,0,0,0,0,0,0,0,0,0,0,0,0,0,0,0,0.9360967184801382,0,0,0,0,0,0,0,0,0,0,0,0,0,1,0,0,0,0,0,0,0,0,0,0,0,0.7970588235294118,0,0,0,0,0,0,0,0,0,0.538588936734018,0,0,0,0,0,0,0,0,0,0,0,0,0,0,0,0,0,0,0,0.08846091072302922,0,0,0.10707230343737653,0,0,0,0,0,0,0,0,0,0,0,0,0,0,0,0,0,0,0,0,0.39896945160103053,0,0,0.28496319663512093,0,0,0,0,0,0,0,0,0,0,0,0,0,0,0,0,0,0,0,0,0,0,0,0,0,0,0,0,0,0,0,0,0,0,0,0,0,0,0,0,0,0,0,0,0,0,0,0,0,0,0,0,0,0,0,0,0,0,0,0,0,0,0,0,0,0,0,0,0,0,0,0,0,0
MOTU30688,0,0,0,0,0,0,0,0,0,0,0,0,0,0,0,0,0,0,0,0,0,0,0,0,0,0,0,0,0,0,0,0,0,0,0,0,0,0,0,0,0,0,0,0,0,0,0,0,0,0,0,0,0,0,0,0,0,0,0,0,0,0,0,0,0,0,0,0,0,0,0,0,0,0,0,0,0,0,0,0,0,0,0,0,0,0,0,0,0,0,0,0,0,0.8707052441229657,0,0,0,0,0,0,0,0.15717316794516079,0,0,0,0,0,0,0,0,0,0,0,0,0,0,0,0,0,0,0,0,0,0,0,0,0,0,0,0,0,0,0.4140154772141015,0,0,0,0,0,1,0.4683852140077821,0,0,0,0,0,0,0,0,0,0,0,0,0,0,0,0,0,0,0,0,0,0,0,0,0,0,0,0,0,0,0,0,0,0,0,0,0,0,0,0,0,0,0,0,0,0,0,0,0,0,0,0,0,0,0,0,0,0,0,0,0,0,0
MOTU31774,0,0,0,0,0,0,0,0,0,0,0,0,0,0,0,0,0,0,0,0,0,0,0,0,0,0,0,0,0,0,0,0,0,0,0,0,0,0,0,0,0,0,0,0,0,0,0,0,0,0,0,0,0,0,0.22545219638242894,0,0,0,0,0,0,0,0,0,0,0,0.8349282296650717,0,1,0,0,0,0,0,0,0,0,0,0.4431344095773626,0,0.07432648280268342,0.11560119244783042,0.07333473418785459,0,0.6415441176470589,0,0.10359157019887208,0.10386904761904762,0,0,0,0.05828323313293254,0,0,0,0.11182313361102211,0.3564862104187947,0,0.4081075813681544,0.11054798859676909,0,0.2278439693161417,0.26332997987927564,0.14778742324793565,0.2068352429869617,0,0.07633420822397201,0.3495592948717949,0.08630069238377844,0.27817631117487646,0.17373062153321006,0.19695259593679457,0.03924876293297346,0,0,0,0,0,0,0,0,0,0,0,0,0,0,0,0,0,0,0,0,0,0,0,0,0,0,0,0,0,0,0,0,0,0,0,0,0,0,0,0.4468629961587708,0,0.7200825309491059,0,0,0,0,0,0,0,0,0,0,0,0,0,0,0,0,0,0.2668195718654434,0,0.4634794156706507,0.12340876944837342,0,0,0,0,0.08454457364341085,0,0.12748858447488584,0,0,0.28032128514056226,0.14004815409309793,0,0.19762174405436014,0,0,0,0,0,0,0,0,0,0,0,0.07910244786944697,0,0
MOTU31927,0,0,0,0,0,0,0,0,0,0,0,0,0,0,0,0.06333873206848681,0,0,0,0,0,0,0,0,0,0,0,0,0,0,0,0,0,0,0,0,0,0,0,0,0,0,0,0,0,0,0,0,0,0,0,0,0,0,0,0,0,0,0,0,0,0,0,0,0,0,0,0,0,0,0,0,0,0,0,0,0,0,0,0,0,0.45337860218615433,0,0,0,0,0,0,0,0,0,0,0,0,0,0,0,0,0.266760865328396,0,0,0,0.34425301810865194,0.28980520855388525,0,0,0,0,0,0,0,0,0,0,0.99617903930131,0,0,0,0,0,0,0,0,0,0,0,0,0,0,0,0,0,0,0,0,0,0,0,0,0,0,0,0,0,0,0,0,0,0,0,0,0,0,0,0,0,0,0,0,0,0,0,0,0,0,0,0,0,0,0,0,0,0,0,0,0,0,0,0,0,0,0,1,0.20919303071985326,0.38708993212669685,0,0,0,0,0,0,0.8042009400705052,0,0,0,0,0,0,0,0,0,0,0
MOTU31976,0,0,0,0,0,0,0,0,0,0,0,0,0,0,0,0,0,0,0,0,0,0,0,0,0,0,0,0,0,0,0,0,0,0,0,0,0,0,0,0,0,0,0,0,0,0,0,0,0,0,0,0,0,0,0,0,0,0,0,0,0,0,0,0,0,0,0,0,0,0,0,0,0,0,0,0,0,0,0,0,0,0,0,0,0,0,0,0,0,0,0,0,0,0.32866184448462926,0,0,0,0,0,0,0,0,0,0,0,0,0,0,0,0.11589351187629522,0.05169961598634618,0.12308126410835214,0.08175888439046335,0,0,0,0,0,0,0,0,0,0,0,0,0,0,0,0,0,0,0,0,0,0,0,0,0,0,0,0,0,1,0,0,0,0,0,0,0,0,0,0,0,0,0,0,0,0,0,0,0,0,0,0,0,0,0,0,0,0,0,0,0,0,0,0,0,0,0,0,0,0,0,0,0,0,0,0,0,0,0,0,0,0,0,0,0,0,0,0.04119446962828649,0,0
MOTU32008,0,0,0,0,0,0,0,0,0,0,0,0,0,0,0,0,0,0,0,0,0,0,0,0,0,0,0,0,0,0,0,0,0,0,0,0,0,0,0,0,0,0,0,0,0,0,0,0,0,0,0,0,0,0,0,0,0,0,0,0,0,0,0,0,0,0,0,0,0,0.32981277004320686,0,0,0,0,0,0,0,0,0,0,0,0,0,0,0,0,0,0,0,0,0,0.11472945891783567,0,0.3105786618444846,0,0,0,0,0,0,0,0.1121266525216256,0,0.29091679017573574,0,0,0.3005249343832021,0.4128605769230769,0.16988130563798218,0.10951697752271639,0.1954202816100128,0.0775395033860045,0,0,1,0,0,0,0,0,0,0,0,0,0,0,0,0,0.361198738170347,0.5329712955779674,0,0,0,0,0,0,0,0,0,0.3341439688715953,0,0,0,0,0,0,0,0,0,0,0.5216400911161732,0,0,0,0,0,0,0,0,0,0,0,0,0,0,0,0,0,0,0,0,0,0,0,0,0,0,0,0,0,0,0,0,0,0,0,0,0.2822514379622021,0,0,0,0.8072855464159812,0,0,0,0,0,0,0,0,0,0,0
MOTU32436,0,0,0,0,0,0,0,0,0,0,0,0,0,0,0,0,0,0,0,0,0,0,0,0,0,0.21143199852371286,0,0,0,0,0,0,0,0,0,0,0,0,1,0,0,0,0,0,0,0,0,0,0,0,0,0,0,0,0,0,0,0,0,0,0,0,0,0,0,0,0,0,0,0,0,0,0,0,0,0,0,0,0.41565390894249954,0,0,0,0,0.8660241874527589,0,0,0.6801721579103591,0,0,0,0,0,0,0,0,0,0,0,0,0,0,0,0,0,0,0,0,0,0,0,0,0,0,0,0,0,0,0,0,0,0,0,0,0,0,0,0,0,0,0,0,0,0,0,0,0,0,0,0,0,0,0,0,0,0,0,0,0,0,0,0,0,0,0,0,0,0,0,0,0,0,0,0,0,0,0,0,0,0,0,0,0,0,0,0,0,0,0,0,0,0,0,0,0,0,0,0,0,0,0,0,0,0,0,0,0,0,0,0,0,0,0,0
MOTU3397,0,0,0,0,0,0,0,0,0,0,0,0,0,0,0,0,0,0,0,0,0,0,0,0,0,0,0,0,0,0,0,0,0,0,0,0,0,0,0,0,0,0,0,0,0,0,0,0,0,0,0,0,0,0,0,0,0,0,0,0,0,0,0,0,0,0,0,0,0,0,0,0,0,0,0,0,0,0,0,0,0.04553118233769921,0,0,0,0,0,0,0.19088541666666664,0,0,0.31814236111111105,0,0,0.19330168776371306,0,0,0.14558506412438996,0.12075214157959145,1,0.27087952697708795,0.6979053318824809,0.3489336815189598,0.752787558685446,0.18106429529254003,0,0,0,0,0,0,0.030407007063954865,0,0,0,0,0,0,0,0,0,0,0,0,0,0,0,0,0,0,0,0,0,0,0,0.289298601714028,0,0,0,0,0,0,0,0,0,0,0,0,0,0,0,0,0,0,0,0,0,0,0,0,0,0,0,0,0,0,0,0,0,0,0,0,0,0,0,0,0,0,0,0,0,0.1035812338501292,0,0,0,0,0,0,0,0.12105983389958475,0,0,0,0,0,0,0.07050013740038472,0,0,0,0,0.02422843003928679,0,0
MOTU3650,0,0,0,0,0,0,0,0,0,0,0,0,0,0,0,0,0,0.007799400629718144,0,0,0,0.03450822423632091,0,0.05201376239627606,0,0,0,0,0,0,0,0,0,0,0,0,0,0.11539929503154397,0,0,0,0,0,0,0,0,0,0,0,0,0,0,0,0,0,0,0,0,0,0,0,0,0,0,0,0,0,0,0,0,0,0,0,0,0,0,0,0,0,0,0,0,0,0,0,0,0,0,0,0,0,0,0,0.2581876632509544,0,0,0,0.032257052307885406,0.022261200978799887,0,0,0.01864243875015868,0,0,0,0,0,0,0,0,0,0,0,0,0,0,0,0,0,0,0.34198270126413843,0,0,0,0,0.04203983151351572,0,0.04114633365353826,0.12010748919266269,0,0,0.14092809651107,0.04910671634661316,0,0.1545632235754022,0.18522522522522522,0,0.1317442009483532,0.23722164532133377,1,0,0,0,0,0,0,0.29842513970534873,0,0.3468286099865047,0,0,0.029901105293775453,0,0,0,0,0.04335631893043166,0.05802205741248716,0,0.010775681341719077,0,0,0,0,0,0,0,0,0,0,0,0,0,0,0,0,0,0,0,0,0,0,0.0208625063419584,0,0,0,0.09167112537899054,0,0,0,0,0.06711058884971928,0.014272425618170964,0,0,0,0,0,0,0,0,0.006558841356429642,0
MOTU4052,0,0,0,0,0,0,0,0,0,0,0,0,0,0,0,0,0,0,0,0,0,0,0,0,0,0,0,0,0,0,0,0,0,0,0,0,0,0,0,0,0,0,0,0,0,0,0,0,0,0,0,0,0,0,0,0,0.1373762376237624,0,0,0,1,0,0,0,0,0,0,0.5336538461538461,0,0,0,0,0,0,0,0,0,0,0,0,0.035459482483228624,0.11030142431268633,0,0,0,0.2811312790206838,0.6918967052537845,0.8424107142857143,0,0,0,0.11122244488977957,0.34118852459016397,0,0,0,0.11338100102145045,0,0.7138959267199376,0.5273994298384542,0.36235038084874865,0.7608944018279745,0.8375251509054326,0.775566377302562,0,0,0.07283464566929135,0,0,0.05308464849354376,0.07104252595647845,0.03758465011286682,0,0,0,0,0,0,0,0,0,0.3340020060180542,0,0,0,0,0.16801210898082744,0,0,0,0,0.2054287476866132,0,0,0,0,0.11590671771667248,0,0,0,0,0.2890625,0,0,0,0,0,0,0,0,0,0,0,0,0,0,0,0,0,0,0,0,0,0,0,0,0,0,0,0,0,0,0,0,0,0,0,0,0,0.46573426573426574,0.0806686046511628,0,0,0,0.09417420814479639,0,0.13362760834670948,0,0,0.29210526315789476,0,0,0,0,0,0,0,0,0,0,0,0.019121447028423774,0
MOTU4161,0,0,0,0,0,0,0,0,0,0,0,0,0,0,0,0,0,0,0,0,0,0,0,0,0,0,0,0,0,0,0,0,0,0,0,0,0,0,0,0,0,0,0,0,1,0,0,0,0,0,0,0,0,0,0,0,0,0,0,0,0,0,0,0,0,0,0,0,0,0,0,0,0,0,0,0,0,0,0,0,0.07560430199126823,0,0.07459550325698676,0,0,0,0,0.1056547619047619,0,0.08051712406441369,0.13206845238095236,0,0,0,0,0,0.12087163772557029,0,0.20756187877606705,0,0,0,0.26785714285714285,0.07516409062036841,0,0,0.07764654418197725,0.07111378205128205,0,0,0.2524534205660645,0.3005079006772009,0.15969410706252812,0,0,0,0,0,0,0,0,0,0,0,0,0,0,0,0,0,0,0,0,0,0,0,0,0,0,0,0,0,0,0,0,0,0,0,0,0,0,0,0,0,0,0,0,0,0,0,0,0,0,0,0,0,0,0,0,0,0,0,0,0,0,0,0,0,0,0,0.42999031007751937,0,0.06484018264840183,0,0.10039592760180996,0,0,0.2917009038619556,0,0,0,0,0,0,0,0,0,0,0,0,0,0,0
MOTU4828,0,0,0,0,0,0,0,0,0,0,0,0,0,0,0,0,0,0,0,0,0,0,0,0,0,0,0,0,0,0,0,0,0,0,0,0,0,0,0,0,0,0,0,0,0,0,0,0,0,0,0,0,0,0,0,0,0,0,0,0,0,0,0,0,0,0,0,0,0,0,0,0,0,0,0,0,0,0,0.33250561369052456,0,0.06506596557966358,0,0.2567911253450812,0,0,0,0.18136968915364227,0.2727832512315271,0,0,0,0,0,0,0,0,0.41609430218496474,0.3451197304482467,0.23817364364007823,0,0.16622265581028856,0.1994563351586815,0.46104211475751056,0.776245372973052,0,0.17068002311693314,0,0.1224027409372237,0,0,0.6517932898150556,1,0.3435866412272946,0,0,0,0,0,0,0,0,0,0,0,0,0,0,0,0,0,0,0,0,0,0,0,0,0,0,0,0,0.530411877394636,0,0,0,0,0,0,0,0,0,0,0,0,0.4202437983209221,0,0,0,0,0,0,0,0,0,0,0,0,0,0,0,0,0,0,0,0,0,0,0,0,0,0,0.17468109855878236,0.11160447173673438,0,0,0,0,0,0,0,0,0,0,0,0,0,0,0,0,0,0,0,0
MOTU5106,0,0,0,0,0,0,0,0,0,0,0,0,0,0,0,0,0,0.011992147490611128,0,0,0,0,0,0,0,0,0,0,0,0,0,0,0.07494132707488799,0,0,0,0,0,0,0,0,0,0,0,0,0,0,0,0,0,0,0,0,0,0,0,0,0,0,0,0,0,0,0,0,0,0,0,0,0,0,0,0,0,0,0,0,0,0,0,0,0,0.22142256776633745,0,0,0,0,0,0,0.15933318212746653,0,0,0,0,0,0,0,0,0.4107386474371468,0,0.382208922742111,0,0,0,0,0,0,0,0,0,0.024978665908121176,0.03964446952595936,0,0,0,0,0,0,0,0.6665085388994307,0.5258233532934131,0.3523069207622868,0,0,0,0.2585572322414427,0,0.12653097982708933,0,0,0,0,0,0.20152036718301775,0,0,0,0,0,0,0.34777227722772275,0.30490451388888884,0.4831499312242091,0,0,0,0,0,0,1,0,0.18390052356020942,0,0,0,0,0,0,0.05215551375965155,0.16568396226415094,0.03086555360281195,0,0,0.1984463276836158,0,0,0,0,0,0,0,0,0,0,0,0,0,0,0,0,0,0,0,0,0,0,0,0,0,0,0,0,0,0,0,0,0,0,0,0,0,0,0
MOTU5400,0,0,0,0.031948443713149595,0.025343993038559852,0.01843281515762826,0,0,0,0.12041343669250645,0.22137767220902616,0,0.007813154938551045,0,0,0.01437606046583372,0,0,0,0,0.07743436357593884,0,0,0.07073466909532483,0,0,0,0,0,0,0,0,0,0,0,0,0,0.09416043645180844,0,0,0,0,0,0,0,0,0,0,0,0,0,0,0,0,0,0,0,0,0,0,0,0,0,0,0,0,0,0,0,0,0,0,0,0,0,0,0.09831223628691983,0.20017182130584193,0,0,0,0,0,0,0,0,0,0,0,0,0,0,0,0,0,0,0,0,0,0,0,0,0,0,0,0,0,0,0,0,0,0,0,0,0,0,0,0,0,0,0,0,0,0,0,0,0,0,0,0,0,0,0,0,0,0,0,0,0,0,0,0,0,0,0,0,0,0,0,0,0,0,0,0,0,0,0,0.015781096549155067,0,0,0.013649677797305216,0,0,0,0,0,0.01339889013485149,0,0,0,0,0,0,0,0,0,1,0,0,0,0,0,0,0,0,0,0,0,0,0,0,0,0,0,0,0,0,0,0,0,0,0,0
MOTU5661,0,0,0,0,0,0,0,0,0,0,0,0,0,0,0,0,0,0,0,0,0,0,0,0,0,0,0,0,0,0,0,0,0,0,0,0,0,0,0,0,0,0,0,0,0,0,0,0,0,0,0,0,0,0,0,0,0,0,0,0,0,0,0,1,0,0,0,0,0,0,0.04799063597346859,0,0,0,0,0,0,0,0,0,0,0,0,0.09297052154195011,0,0,0,0,0,0,0,0,0,0.11121157323688968,0,0.03941044537007369,0.33503575076608777,0,0.21574741765737673,0.07792207792207792,0.03346028291621327,0.06022523257711766,0,0.0520855388524243,0,0,0,0,0,0,0,0,0,0,0,0,0,0,0,0,0,0,0,0,0,0,0,0,0,0,0,0,0,0,0.16644113667117727,0.13297297297297297,0.04281239122868082,0,0,0,0,0,0,0,0,0,0,0,0,0,0,0,0,0,0,0,0,0,0,0,0,0,0,0,0,0,0,0,0,0,0,0,0,0,0,0,0,0,0,0,0,0,0.022465753424657533,0,0.03478506787330317,0,0,0,0,0,0,0,0,0,0,0,0,0,0,0,0,0,0
MOTU5777,0,0,0,0,0,0.023709505161979352,0,0,0,0,0,0,0,0,0,0,0,0,0,0,0,0,0,0,0.015952095808383235,0,0,0,0,0,0,0,0,0,0,0,0,0.026914528187512627,0,0,0,0,0,0,0,0,0,0,0,0,0,0,0,0,0,0,0,0,0,0,1,0.5526970954356847,0.27866108786610877,0,0,0.34960629921259845,0,0,0,0.22381180988958235,0.07795552087397581,0.19588235294117648,0,0,0,0,0.08430379746835444,0,0.2295302013422819,0,0.0283675859865829,0,0.04198361000210128,0,0,0,0,0.009910714285714287,0,0.015105466092084373,0.2229910714285714,0.24468937875751504,0.11372950819672131,0.15054249547920434,0.39214916584887144,0.19205382890099326,0,0.6582886190341711,0.15575911128435005,0,0.018117519042437434,0.09782928023502531,0.016750503018108653,0.02820241372009316,0,0,0.11653543307086614,0.12007211538461539,0.0658753709198813,0,0.3173232826056038,0.09772009029345372,0.48684210526315785,0,0,0,0,0,0,0.12637571157495256,0,0.2672016048144433,0.7536067892503536,0,0,0.04902465955097534,0.13440968718466195,0.14394812680115276,0.07003154574132492,0,0,0,0.05726569217540843,0,0.13518267929634642,0,0.16226940480334145,0.07681660899653979,0,0,0.1318811881188119,0.11562499999999999,0,0,0.04111111111111111,0.13495440729483282,0.13050293925538864,0,0.13481781376518218,0.1896085409252669,0.5056947608200456,0.01743455497382199,0,0,0,0,0,0,0,0,0,0,0.041392169049098815,0,0,0,0,0,0.08981793661496966,0,0,0,0,0,0,0,0,0,0,0.04657342657342657,0.03226744186046512,0.038078902229845626,0.7055342465753425,0.20357634112792297,0.22601809954751131,0.05349397590361446,0,0.054724732949876745,0.15084937712344282,0.05842105263157895,0.05294117647058824,0.03913043478260869,0.008321879295264276,0.12276497695852534,0.02335203366058906,0,0,0.059305431878895816,0,0.027272727272727275,0.011321396192203083,0,0
MOTU6119,0,0,0,0,0,0,0,0,0,0,0,0,0,0,0,0,0,0,0,0,0,0,0,0,0,0,0,0,0,0,0,0,0,0,0,0,0,0,0,0,0,0,0,0,0,0,0,0,0,0,0,0,0,0,0,0,0,0,0,0,0,0,0,0,0,0,0,0,0,0,0,0,0,0,0,0.39972527472527475,0.12278481012658228,1,0,0,0,0,0,0,0,0,0,0,0,0,0,0,0,0,0,0,0,0,0,0,0,0,0,0,0,0,0,0,0,0,0,0,0,0,0,0,0,0,0,0,0,0,0,0,0,0,0,0,0,0,0,0,0,0,0,0,0,0,0,0,0,0,0,0,0,0,0,0,0,0,0,0,0,0,0,0,0,0,0,0,0,0,0,0,0,0,0,0,0,0,0,0,0,0,0,0,0,0,0,0,0,0,0,0,0,0,0,0,0,0,0,0,0,0,0,0,0,0,0,0,0,0,0
MOTU6535,0,0,0,0,0,0,0,0,0,0,0,0,0,0,0,0,0,0,0,0,0,0,0,0,0,0,0,0,0,0,0,0,0,0,0,0,0,0,0,0,0,0,0,0,0,0,0,0,0,0,0.021683673469387755,0,0,0,0,0,0,0,0,0,0,0,0.27562761506276146,0,0,0,0,0.10556891025641026,0,0.03162506000960153,0,0,0,0,0,0,0.041693037974683544,0,0.1194902956647923,0,0.07716164412735599,0.37094236502153033,0.1245797436436226,0.1493764172335601,0.12109375,0.055614183199662305,0.09776639952508162,0.029408482142857142,0.10676661264181522,0.05976411884781129,0.024507068452380952,0.055005845023380094,0.04499658469945355,0,0,0.042214033963473244,0,0.13022451284947756,0.1155476515299162,0.08346531517263224,0.21504352557127313,0.1612738697568141,0.2816587022132797,0.19526783823840776,0.23424535756617937,0.5704259776536312,0.14408355205599302,0.026392227564102564,0.016289564787339266,0.05250677506775068,0.27170743848670176,0.20818284424379233,0.24447537112010795,0.487962962962963,0.4314956331877729,0.20780757097791797,0,0,0,1,0.3944610778443114,0.5946589769307924,0,0,0,0.024245491350754506,0,0,0,0,0,0,0,0,0,0,0,0,0.06840602284527518,0,0,0,0,0,0.08132716049382716,0,0.1721097322011757,0.03615532381997805,0.0666751012145749,0,0,0.03448952879581152,0,0,0,0,0,0,0,0,0,0,0,0,0,0,0,0,0,0,0,0,0,0,0,0,0,0,0,0.09213286713286713,0.06383236434108527,0.07532875929102344,0.02406392694063927,0.01006801161546691,0.07451923076923077,0.10582329317269076,0.026434590690208665,0,0.03730181200453001,0,0.034909909909909914,0,0,0,0,0,0,0,0,0,0,0,0
MOTU6878,0,0.022138483278379653,0,0.01933360756890169,0.061347691303638444,0.0446184881927139,0,0,0,0,0.13396674584323043,0,0.004728132387706856,0.009648942722233628,0.015082230244685118,0.008699676075890792,0,0.003209286445885968,0,0,0,0,0,0.042805100182149364,0,0.03469274773943532,0.1739130434782609,0,0,0.03413217138707335,0.0674802584350323,0.10817031070195628,0.020055472583742268,0,0.20419985517740769,0,0,0.018993736108304706,0.18459524329042112,0,0,0,0,0,0.26478873239436623,0.08117443868739205,0,0,0,0,0,0,1,0,0,0,0,0,0,0,0,0.3900414937759336,0,0,0,0,0,0,0.1346704871060172,0,0.036675770581349985,0,0.15905245346869712,0.10096670247046187,0,0.032280219780219783,0.11898734177215191,0,0.0511518229639035,0,0.040038334575657544,0,0,0,0,0,0.055802908875037104,0.02797619047619048,0,0,0,0.01569806279225117,0,0.042495479204339964,0,0,0.032005447735784814,0,0.0549600467745079,0.05955020589166931,0.05114254624591948,0.12273543332789294,0.04728370221327968,0.039805208553885245,0.12998814697747926,0.05251396648044693,0.08223972003499563,0.018830128205128204,0.02324431256181998,0,0.05347745697624805,0.005304740406320542,0.042285200179937026,0,0,0,0,0,0,0,0.1407185628742515,0,0,0,0,0.03459698196540302,0.14228052472250252,0,0,0,0,0,0,0,0,0.10162162162162162,0,0,0,0.13715953307392997,0.046534653465346534,0.08159722222222222,0,0.09242871189773845,0,0,0,0,0.19028340080971662,0.06690391459074733,0.07137433561123767,0.04921465968586388,0.1203585147247119,0,0,0,0,0,0,0,0,0,0,0,0,0,0,0,0,0,0,0,0,0,0,0.03323903818953324,0,0.6045016077170418,0.1910569105691057,0,0.045542635658914726,0.08061749571183534,0.0171689497716895,0.014366498548066636,0,0.07550200803212852,0,0.038619556285949055,0,0,0,0,0,0,0,0,0,0,0,0,0,0,0
MOTU7000,0,0,0,0,0,0,0,0,0,0,0,0,0,0,0,0,0,0,0,0,0,0,0.06290721186250281,0,0.033532934131736525,0,0,0,0,0,0.10050251256281408,0,0,0,0,0,0,0,0,0,0,0,0,0,0,0,0,0,0,0,0,0,0,0,0,0.10719754977029097,0,1,0,0,0,0,0,0,0,0,0,0,0,0,0,0,0.23688663282571912,0,0,0,0,0,0,0,0,0,0,0,0,0,0.1662214306915999,0.125,0,0,0,0,0,0,0,0,0,0,0,0,0,0.04569936347315163,0,0,0,0,0,0,0,0,0.12942682406485564,0.01580135440180587,0.06297795771479982,0,0,0,0,0,0,0,0.2095808383233533,0.14042126379137412,0,0,0,0.6698564593301435,0.28254288597376387,0.4538904899135447,0.14721345951629863,0,0,0.3454657618753856,0.06018916595012898,0,0,0.454054054054054,0.09745910198398887,0.16147635524798157,0,0.20428015564202334,0.06930693069306931,0.12152777777777778,0.9628610729023384,0,0,0,0.5486610058785109,0.5378704720087816,0.4251012145748988,0.7971530249110321,0.21260440394836752,0.1099476439790576,0,0,0.09628610729023385,0,0,0,0,0,0,0,0,0,0,0,0,0,0,0,0,0,0,0,0,0,0,0,0,0,0,0,0,0,0,0,0,0.05751848808545604,0,0,0,0,0.12245407972010496,0,0,0,0.05085361423901199,0,0,0,0,0,0.007600021714347756
MOTU7228,0,0,0,0,0,0,0,0,0,0,0,0,0,0,0,0,0,0,0,0,0,0,0,0,0,0,0,0,0,0,0,0,0,0,0,0,0,0,0,0,0,0,0,0,0,0,0,0,0,0,0,0,0,0,0,0,0,0,0,0,0,0,0.7719665271966526,1,0,0,0,0.19711538461538458,0,0.17714834373499758,0.04799063597346859,0,0,0.1321160042964554,0.184407796101949,0.2534340659340659,0.3892405063291139,0.15850515463917525,0,0,0,0.12222590261676052,0,0,0,0,0,0.01830357142857143,0.19935170178282008,0,0,0,0,0,0,0,0,0,0,0,0.03346028291621327,0.040150155051411784,0,0,0,0,0,0,0,0,0.5510595932299814,0.19435665914221217,0.11066126855600539,0,0,0.09700315457413249,0,0,0,0,0,0,0.17397454031117396,0,0,0.09054103790945896,0,0.1329250720461095,0,0,0.05904944791166586,0,0,0,0,0,0.04281239122868082,0.07093425605536331,0.06386292834890965,0,0,0,0,0,0,0,0.08033964728935336,0,0,0.43772241992882555,0.37357630979498857,0.06439790575916231,0.31498079385403327,0.05829383886255924,0.16918844566712515,0,0,0,0,0,0,0,0,0,0,0,0,0,0,0,0,0,0,0,0,0,0,0,0,0,0,0,0,0.03759743237047226,0,0.09879518072289156,0.04935794542536115,0.0505341002465078,0,0,0,0,0,0,0,0,0,0.1095280498664292,0.1279916753381894,0,0,0,0
MOTU7306,0.21444622792937404,0,0,0.09813715696068638,0.046710020278302226,0.07926901625726832,0,0,0,0,0,0,0,0,0.007655721735144118,0,0,0.013032239184509584,0,0,0,0.028830384117393183,0.021439804859261162,0,0,0,0.029426016475045152,0,0,0,0.13701158855502002,0.10981423639651489,0,0,0.20730319644150202,0,0,0,0,0,0,0,0.17040816326530614,0,0,0,0,0,0,0,0,0,0,0,0,0,0,0,0,0,0,0,0,0,0,0,0.228298017771702,0.15293040293040294,0,0.09162608874562787,0,0,0,0,0,0,0.06039783001808319,0,0,0,0.03048511492766631,0.03160933137746653,0,0,0,0,0,0,0,0,0,0,0,0,0,0.030576280496177964,0,0,0.037196870562686196,0.06045522421829042,0.6230374630809887,0,0,0,0,0,0,0,0,0,0,0,0,0,0,0,0,0,0,0.1810788831661697,1,0.09571571858432441,0,0,0,0.2107366317892634,0.09629522848493585,0.034376286537669824,0,0.07403302670952012,0.04581304437281394,0.1766105578567022,0.041026900872128735,0,0.06456601585153683,0.15474903474903476,0,0.2201351128686769,0.49547544874647687,0.32490272373540857,0.047241867043847245,0.16567460317460317,0,0,0.058906525573192245,0,0.1869926285341047,0.1047514505253254,0,0,0.07245905195791301,0,0,0,0,0,0,0,0.009446502814152784,0.009002695417789757,0.025156916896811453,0.19448757763975155,0.059309242652934385,0,0,0,0,0,0,0,0,0,0,0,0,0,0,0,0.1939605110336818,0,0,0,0,0,0,0,0,0,0,0,0,0,0.011924099891112263,0,0,0,0,0.04248823304923038,0,0,0.010814661313301386,0,0
MOTU80,0,0,0,0,0,7.203358573953092e-4,0,0,0,0,0,0,0,0,0,0,0,1.0362359628320706e-4,0,0,0,9.169592553278353e-4,6.818996034902572e-4,0,0,0,0,0,0,0,0,0,0,0,0,0.005593000863271133,0,0,0,0,0,0,0,0,0,0.0078630443915418,0.02267846925381172,0,0,0.0027667594668506243,0,0,0,0,0,0,0,0,0,0.011199760646255112,0.04557259962665368,0.025187843445104857,0.031748275472124846,0.024675895407602726,0,0.007966233950485919,0.06534979956032588,0.02431999306999307,0.06522496708743127,0.03059905801144399,0.030789509759466843,0.004463434022257551,0.005135592445237115,0,0,0.02709942084942085,0.028814574067738626,0.04302382279186403,0.5665071746878386,0,0.02488610429191837,0.10958255373624701,0.03380167307462958,0.0435884864456293,0.06695151033386328,0.025623766442677377,1,0.5392784749034749,0.019676726970081913,0.07021632655563252,0.13323881917631916,0.08515409196771923,0.02073179737114163,0.041163677239626606,0.04765668514441821,0.04376196125635408,0.05993797679190937,0.08571406764007725,0.21886571818358994,0.1951639000419488,0.24687307002323322,0.2144954322692204,0.22671909837402796,0.17543762267454835,0.1163208645231561,0.04832477729125774,0.03385649428956516,0.07113597972972972,0.07730438153286817,0.14853921353203992,0.8747975183261771,0.4914109877371728,0.6894931368615579,0.1686186186186186,0.2805401471340336,0.04547915423309745,0,0,0,0.2188522488332735,0.09087230943518368,0.3013825259562471,0.21464887801521465,0.013370639361828791,0.04817674817674817,0.0837817943081101,0.18988736466032125,0.13557520056079134,0.04787279392957626,0.05651143773719414,0.03059905801144399,0.028085766210380645,0.013048732309265412,0.020895938968228125,0.03696375672018432,0.0508590211833455,0.07923255660812221,0.04550952336419464,0.04570037327046673,0.029524660847618046,0.13823387744179824,0.2529279279279279,0.20874381947284285,0.02089080230673151,0.05058558558558558,0.09840357074399628,0.12687697495012976,0.2498739134304447,0.13209596235912024,0.17497932095796864,0.3364690430749656,0.05641219753785199,0.011658649686818701,0.0028769053413603175,0.01669950555782743,0,0,0,0,0,0,0,0,0,0,0,0,0,0,0.002455610950756582,0,0,0,0,0.008061447902085352,0.0010732443900760733,0,0,0,0.08702135702135702,0.06837877121307354,0.041648509573037874,0.039359743304948784,0.01623563040344333,0.04377598752598753,0.10482796049061109,0.031666738970109756,0.018704612583002066,0.05671543570750819,0.05058558558558558,0.01930133631246509,0.005349826912694128,0.003033997386115342,0.0037298127620708265,0.0021284257609643304,5.004344822976315e-4,0,0,0,0.0037286672421807557,0.0015478363676459778,0.001045696859650348,8.238247476073869e-4
MOTU8018,0,0,0,0,0,0,0,0,0,0,0,0,0,0,0,0,0,0,0,0,0,0,0,0,0,0,0,0,0,0,0,0,0,0,0,0,0,0,0,0,0,0,0,0,0,0,0,0,0,0,0,0,0,0,0,0,0,0,0,0,0,0,0,0,0,0,0,0,0,0,0,0,0,0,0,0,0,0,0,0,0,0,0,0,0,0,0,0,0,0,0,0,0,0,0,0.5847484780519064,0.3106911814776983,0,0.17784057688559735,0,0.2482317736670294,0.14893096131875308,0,0,0,0,0,0,0.22564292779426312,0,0,0,0,0,0,0,0,0,0,0,0,0,0,0,0,0,0,0,0,0,0,0,0,0,0,0,0,0,0,0,0,0,0,0,0,0,0,0,0,0,0,0,0,0,0,0,0,0,0,0,0,0,0,0,0,0,0,0,0,0,0,0,0,0,0,0,0,0,0,0,0,0,1,0.2789240409598044,0.7741798642533937,0,0,0,0,0,0.24178590355060947,0,0,0,0,0,0,0,0,0,0,0,0
MOTU814,0,0,0,0,0,0,0,0,0,0,0,0,0,0,0,0,0,0,0,0,0,0,0,0,0,0,0,0,0,0,0,0,0,0,0,0,0,0,0,0,0,0,0,0,0,0,0,0,0,0,0,0,0,0,0,0,0,0,0,0,0,0,0,0,0,0,0,0,0,0,0,0,0,0,0,0,0,0,0.0411149404437995,0,0,0,0,0.03426555807508189,1,0,0,0.020238095238095236,0,0.051409994707794664,0.15178571428571427,0.04542418169672678,0,0,0,0.15977784898002775,0.07717625695153785,0.08961686905770498,0.17670369648541545,0,0.02466449038810301,0.30335672705511124,0.3876592890677398,0.24955889618180532,0,0,0,0,0,0,0.0032238183283553783,0,0,0.671604938271605,0.6598738476467734,0.4647739221871714,0,0,0,0,0,0,0,0,0,0,0,0,0,0,0,0,0.01948982516480367,0,0,0.024504504504504504,0,0,0,0,0,0,0,0,0,0,0,0,0,0,0,0,0,0,0,0,0,0,0,0,0,0,0,0,0,0,0,0,0,0,0,0,0,0,0,0,0,0,0,0,0,0,0.5878843226788433,0.18014162718426818,0.30769230769230765,0,0,0,0.10268025670064175,0,0.036036036036036036,0,0,0,0,0,0,0,0,0,0,0,0
MOTU8340,0,0,0,0,0,0,0,0,0,0,0,0,0,0,0,0,0,0,0,0,0,0,0,0,0,0,0,0,0,0,0,0,0,0,0,0,0,0,0,0,0,0,0,0,0,0,0,0,0,0,0,0,0,0,0,0,0,0,0,0,0,0,0,0,0,0,0.8696172248803827,0,0,0.17450792126740278,0.14182598517362466,0,0,0.3904403866809882,0,0,0,0,0,0,0,0,0,0,0,0,0.107895517957851,0,0,0.16488999773191199,0,0.12140948563794256,0.12414617486338797,0,0.3567222767419038,0,0,0,0,0,0,0.059327566508895056,0,0,0,0,0,0.0728165064102564,0,0,0,0,0,0,0,0,0,0,0,0.689753320683112,0,0,0,0,0,0,0,0.1309438040345821,0,0,0.17450792126740278,0,0.1562768701633706,0,0,0.19648648648648648,0,0,0,0.17679961089494164,0.17995049504950494,0.6310763888888888,1,0,0.2243827160493827,0.36828774062816616,0.47485303723056826,0.39901207464324917,0,0.2587188612099644,0,0.09515706806282723,0.9308578745198463,0,1,0,0,0,0,0,0,0,0,0.20536723163841808,0,0,0,0,0,0,0,0,0,0,0,0,0.7800429184549356,0,0,0,0.08805717054263566,0.10391652372784448,0,0,0,0,0,0.14934264585045193,0,0,0,0,0,0,0,0,0,0,0,0,0,0,0
MOTU9069,0,0,0,0,0,0,0,0,0,0,0,0,0,0,0,0,0,0,0,0,0,0,0,0,0,0,0,0,0,0,0,0,0,0,0,0,0,0,0,0,0,0,0,0,0,0,0,0,0,0,0,0,0,0,0,0,0,0,0,0,0,0,0,0,0,0,0,0,0,0,0,0,0,0,0,0,0,0,0,0,0,0,0,0,0,0,0,0,0,0,0,0,0,0,0,0,0,0,0,0,0,0,0,0,0,0,0,0,0,0,0,0,0,0,0,0,0,0,0,0,0,0,0,0,0,0,0,0,0.2531545741324921,0,0,0,0,0.13812392426850256,0,0,0.16759484859032373,0,1,0.7025778210116732,0,0,0,0,0,0,0,0,0,0,0,0,0,0,0,0,0,0,0,0,0,0,0,0,0,0,0,0,0,0,0,0,0,0,0,0,0,0,0,0,0,0,0,0,0,0,0,0,0,0,0,0,0,0,0,0,0,0,0,0,0,0,0
MOTU9070,0,0,0,0,0,0,0,0,0,0,0,0,0,0,0,0,0,0,0,0,0,0,0,0,0,0,0,0,0,0,0,0,0,0,0,0,0,0,0,0,0,0,0,0,0,0,0,0,0,0,0,0,0,0,0,0,0,0,0,0,0,0,0,0,0,0,0,0,0,0,0,0,0,0,0,0,0,0,0,0,0,0,0,0,0,0,0,0,0,0,0,0,0,0,0,0,0,0,0.9471837848372637,0.5131453911941717,0.220348204570185,0.6610086502366574,0.20372233400402417,0.6860046580563202,0,0,0,0,0,0,0,0,0,1,0.5895196506550219,0,0,0,0,0,0,0,0,0,0,0.2981229297018771,0,0,0,0,0,0,0,0,0,0,0,0,0,0,0,0,0,0,0,0,0,0,0,0,0,0,0,0,0,0,0,0,0,0,0,0,0,0,0,0,0,0,0,0,0,0,0,0,0,0,0,0,0,0,0,0,0,0,0,0,0,0.33278553820870993,0,0,0,0,0,0,0,0,0,0,0,0,0,0.046511627906976744,0
MOTU9957,0,0,0,0.3051556286850405,0,0.17606107353348366,0,0,0,0,0,0,0.22388209848599164,0,0.35707982350581624,0,0.16090956744934296,0.2026175031296233,0,0.41816986095452835,0,0.4482376636455186,1,0.6756223436551305,0.3553692614770459,0.8213692563203543,0.9149964025079658,0,0,0,0,0,0,0,0,0,0,0.29979120361015693,0,0,0,0,0,0,0,0,0,0,0,0,0,0,0,0,0,0,0,0,0,0,0,0,0,0,0,0,0,0,0,0,0,0,0,0,0,0,0,0,0,0,0,0,0,0,0,0,0,0,0,0,0,0,0,0,0,0,0,0,0,0,0,0,0,0,0,0,0,0,0,0,0,0,0,0,0,0,0,0,0,0,0,0,0,0,0,0,0,0,0,0,0,0,0,0,0,0,0,0,0,0,0,0,0,0,0,0,0,0,0,0,0,0,0,0,0,0,0.14079205415322324,0,0,0.1399685534591195,0,0,0,0,0,0,0,0,0,0,0,0,0,0,0,0,0,0,0,0,0,0,0,0,0,0,0,0,0,0,0,0.871719545632589,0.3707776250572702,0.4558115719406042,0,0,0,0,0,0,0.08406996071320641,0,0
MOTU25394,0,0,0,0,0,0,0,0,0,0,0,0,0,0,0,0,0,0,0,0,0,0,0,0,0,0,0,0,0,0,0,0,0,0,0,0,0,0,0,0,0,0,0,0,0,0,0,0,0,0,0,0,0,0,0,0,0,0,0,0,0,0,0,0,0,0,0,0,0,0,0,0,0,0,0,0,0,0,0,0,0,0,0,0,0,0,0,0,0,0,0,0,0,0,0,0,0,0,0,1,0,0,0,0,0,0,0,0,0,0,0,0,0,0,0,0,0,0,0,0,0,0,0,0,0,0,0,0,0,0,0,0,0,0,0,0,0,0,0,0,0,0,0,0,0,0,0,0,0,0,0,0,0,0,0,0,0,0,0,0,0,0,0,0,0,0,0,0,0,0,0,0,0,0,0,0,0,0,0,0,0,0,0,0,0,0,0,0,0,0,0,0,0,0,0,0,0,0,0,0,0,0,0
MOTU15780,0,0,0,0,0,0,0,0,0,0,0,0,0,0,0,0,0,0,0,0,0,0,0,0,0,0,0,0,0,0,0,0,0,0,0,0,0,0,0,0,0,0,0,0,0,0,0,0,0,0,0,0,0,0,0,0,0,0,0,0,0,0,0,0,0,0,0,0,0,0,0,0,0,0,0,0,0,0,0,0,0,0,0,0,0,0,0,0,0,0,0,0,0,0,0,0,0,0,0,0,0,0,0,0,0,0,0,0,0,0,0,0,0,0,0,0,0,0,0,0,0,0,0,0,0,0,0,0,0,0,0,0,0,0,0,0,0,0,0,0,0,0,0,0,0,0.4174265450861196,0,0,0,0,0,0,0,0,0,0,0,0,0,0,0,0,0,0,0,0,0,0,0.27781523937963587,1,0,0,0,0,0,0,0,0,0,0,0,0,0,0,0,0,0,0,0,0,0,0,0,0.12657450076804916,0.14446002805049088,0,0,0,0,0,0,0,0
MOTU20144,0,0,0,0,0,0,0,0,0,0,0,0,0,0,0,0,0,0,0,0,0,0,0,0,0,0,0,0,0,0,0,0,0,0,0,0,0,0,0,0,0,0,0,0,0,0,0,0,0,0,0,0,0,0,0,0,0,0,0,0,0,0,0,0,0,0,0,0,0,0,0,0,0,0,0,0,0,0,0,0,0,0,1,0,0,0,0,0,0,0,0,0,0,0,0,0,0,0,0,0,0,0,0,0,0,0,0,0,0,0,0,0,0,0,0,0,0,0,0,0,0,0,0,0,0,0,0,0,0,0,0,0,0,0,0,0,0,0,0,0,0,0,0,0,0,0,0,0,0,0,0,0,0,0,0,0,0,0,0,0,0,0,0,0,0,0,0,0,0,0,0,0,0,0,0,0,0,0,0,0,0,0,0,0,0,0,0,0,0,0,0,0,0,0,0,0,0,0,0,0,0,0,0
MOTU8421,0,0,0,0,0,0,0,0,0,0,0,0,0,0,0,0,0,0,0,0,0,0,0,0,0,0,0,0,0,0,0,0,0,0,0,0,0,0,0,0,0,0,0,0,0,0,0,0,0,1,0,0,0,0,0,0,0,0,0,0,0,0,0,0,0,0,0,0,0,0,0,0,0,0,0,0,0,0,0,0,0,0,0,0,0,0,0,0,0,0,0,0,0,0,0,0,0,0,0,0,0,0,0,0,0.5779006980113262,0,0,0,0,0,0,0,0,0,0,0,0,0,0,0,0,0,0,0,0,0,0,0,0,0,0,0,0,0,0,0,0,0,0,0,0,0,0,0,0,0,0,0,0,0,0,0,0,0,0,0,0,0,0,0,0,0,0,0,0,0,0,0,0,0,0,0,0,0,0,0,0,0,0,0,0,0,0,0,0,0,0,0,0,0,0,0,0,0,0,0,0,0,0,0,0,0,0
MOTU7255,0,0,0,0,0,0,0,0,0,0,0,0,0,0,0,0,0,0,0,0,0,0,0,0,0,0,0,0,0,0,0,0,0,0,0,0,0,0,0,0,0,0.015432469304229196,0,0,0,0,0,0.12189655172413794,0.007720447720447721,0,0,0,0,0,0,0.04330781010719755,0,0,0,0,0.08492492492492493,0.35203319502074687,0.05916317991631799,0,0,0,0,0,0,0.013576572251560249,0,0,0,0,0,0.06798076923076923,0.053696202531645566,0,0.010259386903682206,0,0,0.028102020536601525,0.02376969951670519,0.010687830687830689,0,0,0,0,0,0.006414152869131323,0.0315625,0.023613894455577825,0,0.025569620253164557,0.0555053974484789,0.00906119833386735,0,0,0,0,0.02307943416757345,0,0,0,0,0,0,0,0,0,0.002011093727776988,0,0.012721547458389564,0,0,0,0,0,0,0.10732447817836813,0,0.1134603811434303,1,0.3737444933920705,0.08161616161616161,0,0,0,0.05947423764458465,0,0.027153144503120497,0.01744602097470697,0.12158211521926053,0.04867469879518072,0.11480378890392422,0,0.04921684650191437,0,0,0,0,0,0,0,0.01745679012345679,0,0,0,0.02862348178137652,0.02012811387900356,0.10736522399392559,0,0,0.07148183254344391,0.1166987620357634,0,0,0,0,0,0,0,0,0,0,0,0,0.06638497652582159,0.11441672285906945,0.11440129449838186,0,0,0.04324159021406728,0,0,0,0.48549356223175966,0,0.11495934959349595,0,0,0,0,0,0,0,0,0,0.032027180067950176,0,0.007493375728669847,0.09969447708578144,0.007067349743846058,0.03475268817204301,0,0,0,0.012591273374888691,0.14713839750260146,0.03474201474201474,0.003204895738893926,0,0
MOTU3299,0,0,0,0,0,0,0,0,0,0,0,0,0,0,0,0,0,0,0,0,0,0,0,0,0,0,0,0,0,0,0,0,0,0,0,0,0,0,0,0,0,0,0,0,0,0,0,0,0,0,0,0,0,0,0,0,0,0,0,0,0,0,0,0,0,0,0,0.18669871794871795,0.333810888252149,0.11185789726356217,0,0,0,0,0,0.1200206043956044,0.5161392405063291,0.15012886597938144,0,0,0,0,0,0,0,0,0,0,0,0,0,0,0,0,0,0,0,0,0,0,0,0,0,0,0,0,0,0,0,0,0,0,0,0,0,0,0,0,0,0,0,0,0,0,0,0,0,0,0,0,0,0,0,0,0,0,0,0,0,0,0,0,0,0,0,0,0,0,0,0,0,0,0,0,0,0,0,0,0,0,0,0,0,0,0,0,0,0,0,0,0,0.42988929889298894,0,0,0,0.041195190947666195,1,0,0.2367886178861789,0,0,0,0,0,0,0,0,0,0,0,0,0,0,0,0,0,0,0,0,0,0,0,0
MOTU10099,0,0,0,0,0,0,0,0,0,0,0,0,0,0,0,0,0,0,0,0,0,0,0,0,0,0,0,0,0,0,0,0,0,0,0,0,0,0,0,0,0,0,0,0,0,0,0,0,0,0.947584320875114,0,0,0,0,0,0,0,0,0,0,0,0,0,0,0,0,0,0,0,0,0,0,0,0,0,0,0,0,0.18855432613821874,0,0,0,0,0,0,0,0,0,0,0,0,0,0,0,0,0,0,0,0,0,0,0,0,0,0,0,0,0,0,0,0,0,0,0,0,0,0,0,0,0,0,0,0,0,1,0.12753036437246965,0,0,0,0.5376260667183863,0.3326932309169467,0,0,0,0,0,0,0,0,0,0,0,0,0,0,0,0,0,0,0,0.5261958997722096,0,0.4436619718309859,0,0,0,0,0,0,0,0,0,0,0,0,0,0,0,0,0,0,0,0,0,0,0,0,0,0,0,0,0,0,0,0,0,0,0,0,0,0,0.2035840188014101,0,0.1064516129032258,0,0,0,0,0,0,0,0,0
MOTU13760,0,0,0,0,0,0,0,0,0,0,0,0,0,0,0,0,0,0,0,0,0,0,0,0,0,0,0,0,0,0,0,0,0,0,0,0,0,0,0,0,0,0,0,0,0,0,0,0,0,0,0,0,0,0,0,0,0,0,0,0,0,0,0,0,0,0,0,0,0,0,0,0,0,0,0,0,0,0,0,0,0,0,0,0,0,0,0,0,0,0,0,0,0,0,0,0,0,0,0,0,0,0,0,0,0,0,0,0,0,0,0,0,0,0,0,0,0,0,0,0,0,0,1,0,0,0,0.054878522083365674,0,0,0,0,0,0,0,0,0,0,0,0,0,0,0,0.29922759496349594,0,0,0,0,0,0,0,0,0,0,0.008591566411471624,0,0,0,0,0,0,0,0,0,0,0,0,0,0,0,0,0,0,0,0,0,0,0,0,0,0,0,0,0,0,0,0,0,0,0,0,0,0,0,0,0,0,0,0,0,0,0,0,0
MOTU15322,0,0,0,0,0,0,0,0,0,0,0,0,0,0,0,0,0,0,0,0,0,0,0,0,0,0,0,0,0,0,0,0,0,0,0,0,0,0,0,0,0,0,0,0,0,0,1,0,0,0,0,0,0,0,0,0,0,0,0,0,0,0,0,0,0,0,0,0,0,0,0,0,0,0,0,0,0,0,0,0,0,0,0,0,0,0,0,0,0,0,0,0,0,0,0,0,0,0,0,0,0,0,0,0,0,0,0,0,0,0,0,0,0,0,0,0,0,0,0,0,0,0,0,0,0,0,0,0,0,0,0,0,0,0,0,0,0,0,0,0,0,0,0,0,0,0,0,0,0,0,0,0,0,0,0,0,0,0,0,0,0,0,0,0,0,0,0,0,0,0,0,0,0,0,0,0,0.5743919885550787,0,0,0,0,0,0,0,0,0,0,0,0,0,0,0,0,0,0,0,0,0,0,0,0,0,0
MOTU16052,0,0,0,0,0,0,0,0,0,0,0,0,0,0,0,0,0,0,0,0,0,0,0,0,0,0,0,0,0,0,0,0,0,0,0,0,0,0,0,0,0,0,0,0,0,0,0,0,0,0,0,0,0,0,0,0,0,0,0,0,0,0,0,0,0,0,0,0,0,0,0,0,0,0,0,0,0,0,0,0,0,0,0,0,0,0,0,0,0,0,0,0,0,0,0,0,0,0,0,0,0,0,0,0,0,0,0,0,0,0,0,0,0,0,0,0,0,0,0,0,0,0,0,0,0,0,0,0,0,0,0,0,0,0,1,0,0,0,0,0,0,0,0,0,0,0,0,0,0,0,0,0,0,0,0,0,0,0,0,0,0,0,0,0,0,0,0,0,0,0,0,0,0,0,0,0,0,0,0,0,0,0,0,0,0,0,0,0,0,0,0,0,0,0,0,0,0,0,0,0,0,0,0
MOTU164,0,0,0,0,0,0,0,0,0,0,0,0,0,0,0,0,0,0,0,0,0,0,0,0,0,0,0,0,0,0,0,0,0,0,0,0,0,0,0,0,0,0,0.0022902911164465784,0,0,0.0033227021378499587,0.004791642684471049,0.0027641444508838017,7.002801120448179e-4,0,0.0025330408661160316,0,0.013644287502234936,0,8.285290860530259e-4,9.820543837749495e-4,0.003174660953490307,0.018322328931572627,0.0039524284289987185,0.007099057335111166,0.007703081232492997,0.079827574183200245,0.013415931226046904,0,0.006049825590613604,0.010098921458347117,0,0.002055389463477699,0.003674965688281043,0.001231457537407666,5.004147581779493e-4,0.0018861220958971824,0,0,0,0.0057257277911164466,0.011364482501861504,0.009916724421727453,0,0,0,0.0038234737419313536,0,0,0,0,0,0,0,0,4.771439825930372e-4,0,0,0,0,0,0,3.622036219175612e-4,7.498906793276656e-4,0,3.489018022878357e-4,0,0,2.715568547978158e-4,0,0.002866062626167785,0,0.006936939439237233,0.007928802084632073,0.009200595589742353,0,7.237940322856005e-5,1.442378570861543e-4,0,0,0,0,0,0.058298319327731093,0.012168529650949562,0.05952014039148593,0.01286422292086343,0,0,0.0018507402961184473,0,0,0.0018480735233574695,0,0.00398002490367753,0.0018471863061114988,0.020571646301950762,0.006065431331604009,0.010301711045864128,0.003471077199486019,0.011092436974789916,4.464194309815817e-4,0.002218967171643744,6.659205738370114e-4,0.004366702906843671,0.0019047965720941841,0.002226671918767507,0.0017641857293123576,0.02648360229047371,0.017417522564581386,0.02728857500446987,8.377289518027982e-4,0,0.007788844282652333,0.001825712491402255,0.006816963687525123,3.3574948303928906e-4,0.08046810273405136,0.0074968138914333505,0.058218129067307806,0,0,0,0,0,0,0,0,0,0,0,0,0.024085690614273878,0.011242966505550298,0.0062260341029615725,0.09933792794226125,0.3241902849700766,0.23631321794772953,0.00261037250721184,0.0017032709498141885,4.5352299335575815e-4,0.030275092869765933,0.008247993731254559,0.020854683336749336,0.0026906916612798966,6.213968145397694e-4,0,9.370323471854495e-4,0,0,0,5.146721609992312e-4,0,3.631265643290159e-4,0,6.796836381611468e-4,0.05350292290829375,0.017628630860066132,0.05201177245091585,0.0035976522446285668,6.344087511344192e-4,9.317566474464832e-4,0.9245189393655948,0.8194523386878165,1,1.4534939088962874e-4,1.4729405974276015e-4,0
MOTU33137,0,0,0,0,0,0,0,0,0,0,0,0,0,0,0,0,0,0,0,0,0,0,0,0,0,0,0,0,0,0,0,0,0,0,0,0,0,0,0,0,0,0,0,0,0,0,0,0,0,0,0,0,0,0,0,0,0,0,0,0,0,0,0,0,0,0,0,0,0,0,0,0,0,0,0,0,0.8598101265822785,0,0,0,0,0,0,0,0,0,0,0,0,0,0,0,0,0,0,0,0,0,0,0,0,0,0,0,0,0,0,0,0,0,0,0,0,0,0,0,0,0,0,0,0,0,0,0,0,1,0,0,0,0,0,0,0,0,0,0,0,0,0,0,0,0,0,0,0,0,0,0,0,0,0,0,0,0,0,0,0,0,0,0,0,0,0,0,0,0,0,0,0,0,0,0,0,0,0,0,0,0,0,0,0,0,0,0,0,0,0,0,0,0,0,0,0,0,0,0,0,0,0,0.5563063063063064,0,0,0
MOTU34812,0,0,0,0,0,0,0,0,0,0,0,0,0,0,0,0,0,0,0,0,0,0,0,0,0,0,0,0,0,0,0,0,0,0,0,0,0,0,0,0,0,0,0,0,0,0,0,0,0,0,0,0,0,0,0.2112403100775194,0,0,0,0,0,0,0,0,0,0,0,0,0,0,0,0,0,0,0,0,0,0,0,0,0,0,0,0,0,0,0,0,0,0,0,0,0,0,0,0,0,0,0,0,0,0,0,0,0,0,0,0,0,0,0,0,0,0,0,0,0,0,0,0,0,0,0,0,0,0,0,0,0,0,0,0,0,0,0,0,0,0,0,0,0,0,0,0,0,0,0,0,0,0,0,0,0,0.8373879641485275,0,0,0,0,0,0,0,0,0,0,0,0,0,0,0,0,0,0.28141135972461273,0.603321033210332,1,0,0,0,0,0,0,0,0,0,0,0,0,0,0,0,0,0,0,0,0,0,0,0,0,0.43677649154051645,0,0.4017199017199017,0,0,0
MOTU5189,0,0,0,0,0,0,0,0,0,0,0,0,0,0,0,0,0,0,0,0,0,0,0,0,0,0,0,0,0,0,0,0,0,0,0,0,0,0,0,0,0,0,0,0,0,0.19602763385146801,0,0.9784482758620688,0,0,0,0,0,0,0,0,0,0,0,0,0.6816816816816816,0,0,0,0,0,0,0,0,0,0,0,0,0,0,0,0,0,0,0,0,0,0.09539819289766757,0,0,0,0,0,0,0,0,0,0,0,0.6683022571148184,0,0,0,0,0,0,0,0,0,0,0,0,0,0.05613254203758654,0.32568149210903874,0,0,0,0,0,0,0,0,0,0,0,0,0,1,0,0,0.22906155398587283,0.16354466858789624,0,0.17610550814584947,0,0,0,0,0,0,0,0,0,0,0,0,0,0,0,0,0,0,0,0,0,0,0,0,0,0,0,0,0,0,0,0,0,0,0,0,0,0,0,0,0,0,0,0,0,0,0,0,0,0,0,0,0,0,0,0,0,0,0,0,0,0,0,0,0,0,0,0,0,0,0,0,0
MOTU5941,0,0,0,0,0,0,0,0,0,0,0,0,0,0,0,0,0,0,0,0,0,0,0,0,0,0,0,0,0,0,0,0,0,0,0,0,0,0,0,0,0,0,0,0,0,0,0,0,0,0,0,0,0,0,0,0,0,0,0,0,0,1,0,0,0,0,0,0,0,0,0,0,0,0,0,0.02758699633699634,0.10168776371308018,0,0,0,0,0,0,0,0,0,0,0,0,0,0,0,0,0,0,0,0,0,0,0,0,0,0,0,0,0,0,0,0,0,0,0,0,0,0,0,0,0,0,0,0,0,0,0,0,0.17740154582259848,0,0,0,0,0,0,0,0,0,0,0,0,0,0,0,0,0,0,0,0,0,0,0,0,0,0,0,0,0,0,0,0,0,0,0,0,0,0,0,0,0,0,0,0,0,0,0,0,0,0,0,0,0,0,0,0,0,0,0,0,0,0,0,0,0,0.04719937328632981,0,0,0,0.013245397087111846,0,0,0,0,0,0,0
MOTU692,0,0,0,0,0,0,0,0,0,0,0,0,0,0,0,0,0,0,0,0,0,0,0,0,0,0,0,0,0,0,0,0,0,0,0,0,0,0,0,0,0,0,0,0,0,0.012923928403203014,0.018637495754556775,0.06450822884012539,0.00408569726751545,0.17735352614568659,0.054188610928242266,0.4988636363636364,0.1592117988394584,0.12167405764966742,0,0,0,0,0.023059952374282114,0,0,0.062099207846095815,0,0.06083702882483371,0,0,0.17901805132666376,0.14390297202797203,0.10720565251367545,0,0.02335686163232008,0,0,0,0,0.025696959290709292,0.009472094361334869,0,0,0,0.0015936438175816305,0,0,0,0,0.012634790283587244,0,0,0,0,0,0,0,0,0.02937371754839861,0,0.03566951434673601,0.004226464018895535,0,0,0.016284993570086063,0,0,0,0,0,0,0,0,0,0,0,0,0,0,0,0,0,0,0,0,0,0.14817731773177317,0,0.4535123966942149,0.0330494863987687,0.04530547656178332,0.021564710505632696,0,0,0.035923929646925326,0.05539509842409287,0.03217091378097397,0.008586293224847441,0,0,0.005209157358478626,0.7163612771311734,0.6449483149249505,0.5459353997170145,0.03704432943294329,0,0,0.029431482971305982,0,0,0,0.008214000598742641,0.04544304379830696,0.31955677774183117,1,0.05093110423607806,0.09581247817483413,0.0070928479103834555,0.10292922345879704,0,0,0,0,0,0,0,0,0,0,0,0,0.03513124199743918,0.020183289401091153,0,0,0,0,0,0,0,0.03211568474444011,0,0.06083702882483371,0,0,0,0,0,0,0,0.006005581497154531,0,0.008474467208895296,0.05251196172248804,0.003965529700823819,0.035172524302959085,0.005610112117047017,0,0.06297016447787836,0.049351720002997826,0.03261731004193772,0,0,0.006128545901273174,0,0,0
MOTU7247,0,0,0,0,0,0,0,0,0,0,0,0,0,0,0,0,0,0,0,0,0,0,0,0,0,0,0,0,0,0,0,0,0,0,0,0,0,0,0,0,0,0,0,0,0,0.1895509499136442,0,0,0,0,0,0,0,0,0,0,0,0,0,0,0,0,0,0,0,0,0,0,0,0,0,0,0,0,0,0,0,0,0,0,0,0,0,0,0,0,0,0,0,0,0,0,0,0,0,0,0,0,0,0,0,0,0,0,0,0,0,0,0,0,0,0,0,0,0,0,0,0,0,0,0,0,0,0,0,0,0,0,0,0,0,0,0,0.2518646012621916,0,0,0,0,0,0,0,0,0,0,0,0,0,0,0,0,1,0,0,0,0,0,0,0,0,0,0,0,0,0,0,0,0,0,0,0,0,0,0,0,0,0,0,0,0,0,0,0,0,0,0,0,0,0,0,0,0.11632220455749868,0,0.027427214794452082,0,0,0,0,0.19545859305431879,0,0,0,0,0
MOTU806,0,0,0,0,0,0,0,0,0,0,0,0,0,0,0,0,0,0,0,0,0,0,0,0,0,0,0,0,0,0,0,0,0,0,0,0,0,0,0,0,0,0,0.01447704081632653,0,0,0.0070009869232667155,0,0,0.00663975663975664,0.08868342232061467,0,0,0,0,0,0,0,0,0,0.014957828149710068,0,0,0,0,0,0,0.03879015721120984,0.051968864468864465,0,0,0,0,0,0,0,0.0222723704866562,0.04104882459312839,0.020894698085419734,0.023528802052291985,0,0.004316442794773111,0.026853735863341693,0.01703539158886921,0.05515063168124392,0.08941701680672269,0.047910510764035456,0.0024063944366704833,0.004825680272108844,0.22337346608011113,0.018387713443281602,0.03016050170068027,0.016246779272831375,0.008306498829039813,0.01099522087315939,0.007955979251366886,0.0025976106559252986,0.011041393063864972,0.0068685197885988624,0.01580031739844642,0.012839947508937057,0.026465101818747085,0.009262281703933409,0.008156079333141709,0.0017165240010888962,0.01121098380086922,0,0,0.011368189102564102,0.004009467288399039,0.02067818997517706,0.021908080541276388,0.00411762334730732,0.03829284750337382,0.020017636684303352,0,0.006393645786390265,0,0,0,0.01538357278395229,0.036409324208725405,0.04878922481730907,0.11466963022832895,1,0.8423005565862709,0.01491929123508071,0.057265388496468214,0.026283964594483327,0.01278729157278053,0.018868447301341018,0.003892051299636513,0.04501189741781969,0.020912664291856037,0.04186132284238997,0.03291127005606031,0.026293436293436293,0.00846551638406842,0.009350799143186686,0,0,0,0.02111235119047619,0.02230300648457457,0.007971625228262396,0,0.008213923867419308,0,0,0.05743927125506073,0.017310625317742755,0.04309035687167805,0.010611443530291698,0.020760929211633437,0.04994922139471903,0.07248477107486737,0,0,0,0,0,0,0,0,0,0,0,0,0,0.010933436085155573,0,0,0,0.006198121450415028,0,0,0,0,0,0,0.005669330669330669,0,0,0,0.0012390559158096984,0,0.01953528399311532,0,0,0.002295340559779971,0,0.04081497463850405,0.02857982205808293,0.0050650648863818926,0.03237875795479482,0.019898316970546982,0.004010128371216583,0,0.0072191833100114485,0,0,0,0,0
MOTU8242,0,0,0,0,0,0,0,0,0,0,0,0,0,0,0,0,0,0,0,0,0,0,0,0,0,0,0,0,0,0,0,0,0,0,0,0,0,0,0,0,0,0,0,0,0,0,0,0.14668234064785787,0,0,0,0,0,0,0,0,0,0,0,0,0,0,0,0,0,0,0,0,0,0,0.026555055037302402,0,0,0,0,0,0.04307633294975067,0,0,0,0,0,0,0,0,0,0,0,0,0,0,0,0,0,0,0,0,0,0,0,0,0,0,0,0,0,0,0,0,0,0,0,0,0,0,0,0,0,0,0,0,0.13653080453481656,0,0,0,0,0,0,0,0,0,0.041986802011478135,0,0,0,0,0.023689734096973915,0,0,0,0,0,0,0.0669229164804386,0,0,0,0,0,0,0,0,0.08714546230551351,0,0.18723688049685297,0,0,0,0,0,0,0,0,0,0,0,0,0,0,0,0.0585719501382152,0.31393268478139325,0.052034102492818084,0,0,0,0.14605280270516321,0,0,0,0,0,0,0,0,0,0,0,0,0,0,0.07997721041199302,0.008504386612596034,0.02090955639342736,0.023864167622933398,0,0.024722341467710157,1,0.4957588370699713,0.6131586131586131,0,0,0
MOTU8613,0,0,0,0,0,0,0,0,0,0,0,0,0,0,0,0,0,0,0,0,0,0,0,0,0,0,0,0,0,0,0,0,0,0,0,0,0,0,0,0,0,0,0,0,0,0,0,0,0,0,0,0,0,0,0,0,0,0,0,0,0,0,0,0,0,0,0,0,0,0.054488718194911176,0,0,0,0,0,0.03897664835164835,0.07183544303797468,0.14626288659793812,0,0,0,0,0,0,0,0.0958210215280709,0,0,0,0,0,0.018954575818303274,0,0.05131103074141048,0,0,0,0,0,0,0,0,0,0,0.02242196760173844,0,0,0,0,0,0,0,0.02552856500224921,0,0,0,0,0,0,0,0,0,0.16053748231966053,1,0.4913419913419913,0.04177401545822598,0,0,0,0,0,0.07001850709438617,0,0,0.07679296346414073,0,0,0,0,0,0,0,0,0,0,0,0,0,0,0,0,0,0.43597951344430214,0.03586097946287519,0,0,0,0,0,0,0,0,0,0,0,0,0,0,0,0,0,0,0,0,0,0,0,0,0,0,0,0,0,0.017346782821335775,0,0,0,0,0,0,0,0,0.0141821816818693,0.06973886328725037,0,0,0,0,0.11810613943808533,0,0,0,0
MOTU8731,0,0,0,0,0,0,0,0,0,0,0,0,0,0,0,0,0,0,0,0,0,0,0,0,0,0,0,0,0,0,0,0,0,0,0,0,0,0,0,0,0,0,0,0,0,0,0,0,0,0,0,0,0,0,0,0,0,0,0,0,0,0,0,0,0,0,0,0,0,0,0,0,0,0,0,0.026493182743182745,0,0,0.013993859631443523,0,0,0,0,0,0,0,0,0,0,0,0.028700947971781306,0.012883792275909845,0,0,0,0,0,0,0,0,0,0,0,0,0,0,0,0,0,0,0.0054862856029119726,0,0,0,0,0,0,0,0,0,0.11549123974273676,0.23214086704558118,0.21824087170621825,0,0.11132488910266689,0.0851838220259273,0.15569757446649476,0.19453783754936493,0.2433695525178175,0.05985116225612735,1,0.14277880594968811,0.13267093404668642,0.1770468115849642,0.10439532902320454,0.08340340340340341,0,0,0.0400561516864736,0.15009367343997695,0,0,0,0,0,0,0,0.08468512420213847,0.07808517019043335,0.16472914195334126,0.468629601507354,0,0.09878123962631005,0.17062781580949038,0.31835549442151917,0,0,0,0,0,0,0,0,0,0,0,0,0,0,0,0,0,0,0,0,0,0,0,0,0,0,0,0,0,0,0,0,0,0,0,0.02044201063808907,0.2266396831614223,0.14459855332028268,0.07110428400750982,0,0,0.05604660235971533,0.0686982619306751,0,0.03159219825886493,0.008742990497296934,0.008859965334269096,0.00418805429391174
MOTU879,0,0,0,0,0,0,0,0,0,0,0,0,0,0,0,0,0,0,0,0,0,0,0,0,0,0,0,0,0,0,0,0,0,0,0,0,0,0,0,0,0,0,0,0,0,0,0,0,0,0,0,0,0,0,0,0,0,0,0,0,0,0,0,0,0,0,0,0,0,0,0,0,0,0,0,0,0,0,0,0,0,0,0,0,0,0,0,0,0,0,0,0,0,0,0,0,0,0,0,0,0,0,0,0,0,0,0,0,0,0,0,0,0,0,0,0,0,0,0,0,0,0,0,0,0,0,0,0,0,0,0,0,0,0,0,0.04248356464572681,0,0,0,0,0,0,0,0,0,0,0,0,0,0,0,0,0.37737481399453227,0.43146321677127364,1,0,0,0,0,0,0,0,0,0,0,0,0,0.46123588377109503,0.1192433161414955,0.17486661418700253,0,0,0,0.07998093072719938,0,0.006947895561756948,0,0,0,0,0,0,0,0,0,0,0,0,0,0,0,0.02308889382919935,0,0,0,0,0,0,0,0,0,0,0
MOTU125,0,0,0,0,0,0,0,0,0,0,0,0,0,0,0,0,0,0,0,0,0,0,0,0,0,0,0,0,0,0,0,0,0,0,0,0,0,0,0,0,0,0,0,0,0,0,0,0,0,0,0,0,0,0,0,0,0,0.025889299943084806,0.0018615829440328058,0,0,0,0,0,0,0,0,0,0,0,0,0,0,0,0,0,0,0,0,0,0,0,2.538700001423179e-4,0,0.002220895828450902,0.004079923446778526,0,0,0,0,0,0,0,0,0,3.8710904539483845e-4,0,0,0,0,0.0013146543315313286,0,0,0,0,0,0,0,0,0,0,0,0,0,0,9.528133522691568e-4,0,0,0,0,0,0,0.01708864682711868,0.07451252259683733,0,0,0.0030478489673998257,4.3521877906242467e-4,0,0,0,0,5.194184568689987e-4,0,8.1743391791427e-4,0.002612253687950899,0,0.006270764692096665,0.0037637611547579153,0.004113410172539415,0,0.007341294544046038,0,0,0,0,0,0.0013261990457489473,0.0024456828556220465,0.004299527867178971,0.007338905577386733,3.162741703343694e-4,0,5.725911519797588e-4,0,0,0,0,0,0,0,0,0,0,0,0,0,0,0,0,0,0,0,0,0,0,0,0,0,0,0,0,0,0,0,0,9.69636701988195e-4,0,0,0.0010597959041028868,6.402582568507106e-4,0.002839406182555325,0,0.0014846910361625695,0.6307717936109699,1,0.483618016130176,0.003765436916625573,0.007543188328890473,0,6.845916424961984e-5,0,0
MOTU4798,0,0,0,0,0,0,0,0,0,0,0,0,0,0,0,0,0,0,0,0,0,0,0,0,0,0,0,0,0,0,0,0,0,0,0,0,0,0,0,0,0,0,0,0,0,0,0,0,0,0,0,0,0,0,0,0,0,0,0,0,0,0,0,0,0,0,0,0,0,0,0,0,0,0,0,0,0,0,0,0,0,0,0,0,0,0,0,0,0,0,0,0,0,0,0,0,0,0,0,0,0,0,0,0,0,0,0,0,0,0,0,0,0,0,0,0,0,0,0,0,0,0,0,0,0,0,0,0,0,0,0,0,0,0,0,0,0,0,0,0.008949416342412453,0,0,0,0,0.011358024691358024,0,0,0,0,0,0,0.004816753926701571,0,0,0,0,0,0,0,0,0,0,0,0,0,0,0,0,0,0,0,0,0,0,0,0,0,0,0,0,0,0,0,0,0,0,0,0,0,0,0,0.010810810810810811,0,0,1,0.3852926628194559,0.3809662186705412,0,0,0,0,0,0
MOTU10407,0,0,0,0,0,0.35196392547763145,0,0,0,0,0,0,0,0,0,0,0,0,0,0,0,0,0,0.6753187613843351,0,0,0,0,0,0,0,0,0,0,0,0,0,0,0,0,0,0,0,0,0,0,0,0,0,0,0,0,0,0,0.9580103359173127,0,0,0,0,0,0,0,0,0,0,0,0,0,0,0,0,0,0,0,0,0,0,0,0,0,0,0,0,0,0,0,0,0,0,0,0,0,0,0,0,0,0,0,0,0,0,0,0,0,0,0,0,0,0,0,0,0,0,0,0,0,0,0,0,0,0,0,0,0,0,0,0,0,0,0,0,0,0,0,0,0,0,0,0,0,0,0,0,0,0,0,0,0,0,0,0,0,0,0,0,0,0,0,0,0,0,0,0,0,0,0,0,0,1,0,0,0,0,0,0,0,0,0,0,0,0,0,0,0,0,0,0,0,0,0,0,0,0,0,0,0,0,0,0,0,0,0,0
MOTU1426,0,0,0,0.001685289500415551,0.0066845142364336824,0.01750205244076983,0,0,0,0,0,0,4.1214614712642265e-4,8.410878208807644e-4,0,0.0011375119228626202,0,8.392500052257161e-4,0,0.009237742447599107,0,0,0,0.003731273930337162,0,0,0,0,0,0,0,0,0.0017482136870109683,0,0,0,0,0,0,0,0,0,0,0,0,0,1,0,0,0,0,0,0,0,0,0,0,0,0,0,0,0,0,0,0,0,0,0,0,0,0,0,0,0,0,0,0,0,0,0,0,0,0,0,0,0,0,0,0,0,0,0,0,0,0,0,0,0,0,0,0,0,0,0,0,0,0,0,0,0,0,0,0,0,0,0,0,0,0,0,0,0,0,0,0,0,0,0,0,0,0,0,0,0,0,0,0,0,0,0,0,0,0,0,0,0,0,0,0,0,0,0,0,0,0,0,0,0,0,0,0,0.005566492901508429,0,0,0,0,0,0,0,0,0,0,0,0,0,0,0,0,0,0,0,0,0,0,0,0,0,0,0,0,0,0,0,0,0,0,0,0,0,0,0,0,0
MOTU3537,0,0,0,0,0,0,0,0,0,0,0,0,0,0,0,0,0,0,0,0,0,0,0,0,0,0,0.15447035720661506,0,0,0,0,0,0,0,0.18137124128206106,0,0,0,0,0,0,0,0,0,0,0,0,0,0,0,0,0,0,0,0,0,0,0,0,0,0,0,0,0,0,0,0,0,0,0,0.19545351869725036,0,0,0,0,0.08601431463273569,0,0,0,0,0,0,1,0,0,0,0,0,0,0,0,0.04182927258024822,0,0,0,0,0,0,0,0,0,0,0,0,0,0,0,0,0,0,0,0,0,0,0,0,0,0,0,0,0,0,0,0,0,0,0,0,0,0,0,0,0,0,0,0,0,0,0,0,0.12399687337154769,0,0,0,0,0,0,0,0,0,0,0,0,0,0,0,0,0,0,0,0,0,0,0,0,0,0,0,0,0,0,0,0.1914936423627877,0,0,0,0,0,0,0,0.060676764585883315,0,0,0,0,0,0,0,0,0,0,0,0,0,0,0,0,0,0,0,0,0,0
MOTU24220,0,0,0,0,0,0,0,0,0,0,0,0,0,0,0,0,0,0,0,0,0,0,0,0,0,0,0,0,0,0,0,0,0,0,0,0,0,0,0,0,0,0,0,0,0,0,0,0,0,0,0,0,0,0,0,0,0,0,0,0,0,0,0,0,0,0,0,0,0,0,0,0,0,0,0,0,0,0,0,0,0,0,0,0,0,0,0,0,0,0,0,0,0,0,0,0,0,0,0,0,0,0,0,0,0,0,0,0,0,0,0,0,0,0,0,0,0,0,0,0,0,0,0,0,0,0,0,0,0,0,0,0,0,0,0,0,0,0,0,0,0,0,0,0,0,0,0,0,0,0,0,0,0,0.22969984202211688,1,0,0,0,0,0,0,0,0,0,0,0,0,0,0,0,0,0,0,0,0,0,0,0,0,0,0,0,0,0,0,0,0,0,0,0,0,0,0,0,0,0,0,0,0,0,0,0,0
MOTU1104,0,0,0,0,0,0,0,0,0,0,0,0,0,0,0,0,0,0,0,0,0,0,0,0,0,0,0,0,0,0,0,0,0,0,0,0,0,0,0,0,0,0,0,0,0,0,0,0,0,0,0,0,0,0.11062989134564244,0,0,0,0,0,0,0,0,0,0,0,0,0,0,0,0,0,0,0,0,0,1,0,0,0,0,0,0,0,0,0,0,0,0,0,0,0,0,0,0,0,0,0,0,0,0,0,0,0,0,0,0,0,0,0,0,0,0,0,0,0,0,0,0,0,0,0,0,0,0,0,0,0,0.0049018287591909284,0,0,0,0,0,0,0,0,0,0,0,0,0,0,0,0,0,0,0,0,0,0,0,0,0,0,0,0,0,0,0,0,0,0,0,0,0,0,0,0,0,0,0,0,0,0,0,0,0,0,0,0,0,0,0,0,0,0,0,0,0,0,0,0,0,0,0,0,0,0,0,0,0,0,0
MOTU22197,0,0,0,0,0,0,0,0,0,0,0,0,0,0,0,0,0,0,0,0,0,0,0,0,0,0,0,0,0,0,0,0,0,0,0,0,0,0,0,0,0,0,0,0,0,0,0,0,0,0,0,0,0,0,0,0,0,0,0,0,0,0,0,0,0,0,0,0,0,0,0,0,0,0,0,0,0,0,0,0,0,0,0,0,0,0,0,0,0,0,0,0,0,0,0,0,0,0,0,0,0,0,0,1,0,0,0,0,0,0,0,0,0,0,0,0,0,0,0,0,0,0,0,0,0,0,0,0,0,0,0,0,0,0,0,0,0,0,0,0,0,0,0,0,0,0,0,0,0,0,0,0,0,0,0,0,0,0,0,0,0,0,0,0,0,0,0,0,0,0,0,0,0,0,0,0,0,0,0,0,0,0,0,0,0,0,0,0,0,0,0,0,0,0,0,0,0,0,0,0,0,0,0
MOTU29260,0,0,0,0,0,0,0,0,0,0,0,0,0,0,0,0,0,0,0,0,0,0,0,0,0,0,0,0,0,0,0,0,0,0,0,0,0,0,0,0,0,0,0,0,0,0,0,0,0,0,0,0,0,0,0,0,0,0,0,0,0,0,0,0,0,0,0,0,0,0,0,0,0,0,0,0,0,0,0,0,0,0,0,0,0,0,0,0,0,0,0,0,0,0,0,0,0,0,0,0,0,0,0,0,0,0,0,0,0,0,0,0,0,0,0,0,0,0,0,0,0,0,0,0,0,0,0,0,0,0,0,0,0,0,0,0,0,0,0,0,0,0,0,0,0,0,0,0,0,0,0,0,0,1,0,0,0,0,0,0,0,0,0,0,0,0,0,0,0,0,0,0,0,0,0,0,0,0,0,0,0,0,0,0,0,0,0,0,0,0,0,0,0,0,0,0,0,0,0,0,0,0,0
MOTU9699,0,0,0,0,0,0,0,0,0,0,0,0,0,0,0,0,0,0,0,0,0,0,0,0,0,0,0,0,0,0,0,0,0,0,0,0,0,0,0,0,0,0,0,0,0.9394366197183099,0,0,0,0,0,0,0,0,0,0,0,0,0,0,0,0,0,0,0,0,0,0,0,0,0,0,0,0,0,1,0,0,0,0,0,0,0,0,0,0,0,0,0,0,0,0,0,0,0,0,0,0,0,0,0,0,0,0,0,0,0,0,0,0,0,0,0,0,0,0,0,0,0,0,0,0,0,0,0,0,0,0,0,0,0,0,0,0,0,0,0,0,0,0,0,0,0,0,0,0,0,0,0,0,0,0,0.08730366492146598,0,0,0,0,0,0,0,0,0,0,0,0,0,0,0,0,0,0,0,0,0,0,0,0,0,0,0,0,0,0,0,0,0,0,0,0,0,0,0,0,0.0833437460952143,0,0,0,0,0,0,0,0,0,0
MOTU1656,0,0,0,0.01933360756890169,0,0,0.08216783216783217,0,0,0,0,0,0,0,0,0,0,0,0,0.05298759864712514,0.04685942173479561,0.08519637462235649,0.042237699393394744,0,0,0,0,0,0,0,0.1349605168700646,0.10817031070195628,0,0,0,0.05773955773955774,0.03351158645276292,0.018993736108304706,0.02051058258782457,0,0,0,0,0,0,0,0,0,0,0,0,0,1,0,0,0.07197549770290965,0,0,0,0,0,0,0,0,0,0,0,0,0,0,0,0,0.07952622673434856,0,0.1409295352323838,0,0,0,0,0,0.010009583643914386,0,0,0,0,0,0.027901454437518552,0.04196428571428571,0,0,0,0,0.06420765027322405,0.042495479204339964,0,0.03011855174623518,0.06401089547156963,0,0.03664003118300526,0,0.23014145810663764,0.030683858331973235,0.04728370221327968,0.019902604276942622,0,0,0,0,0,0.044954567192730756,0.006684682122031006,0,0,0,0,0,0,0,0,0,0,0,0,0,0,0.06919396393080604,0,0,0.09884332281808622,0,0,0,0,0.05393000573723465,0,0,0,0,0,0,0,0,0,0,0,0.1904761904761905,0,0.05159165751920966,0.09514170040485831,0,0,0,0,0,0,0,0,0,0,0.008867924528301886,0,0,0,0,0,0,0.048650047442422156,0,0,0.07605177993527508,0,0,0,0,0,0.03323903818953324,0,0,0,0,0,0,0.0171689497716895,0,0,0,0.03772070626003211,0,0.26613816534541335,0.7421052631578948,0.2988871224165342,0,0,0,0,0,0,0,0,0,0,0,0
MOTU9480,0,0,0,0,0,0,0,0,0,0,0,0,0,0,0,0,0,0,0,0,0,0,0,0,0,0,0,0,0,0,0,0,0,0,0,0,0,0,0,0,0,0,0,0,0,0,0,0,0,0,0,0,0,0,0,0,0,0,0,0,0,0,0,0,0,0,0,0,0,0,0,0,0,0,1,0,0,0,0,0,0,0,0,0,0,0,0,0,0,0,0,0,0,0,0,0,0,0,0,0,0,0,0,0,0,0,0,0,0,0,0,0,0,0,0,0,0,0,0,0,0,0,0,0,0,0,0,0,0,0,0,0,0,0,0,0,0,0,0,0,0,0,0,0,0,0,0,0,0,0,0,0,0,0,0,0,0,0,0,0,0,0,0,0,0,0,0,0,0,0,0,0,0,0,0,0,0,0,0,0,0,0,0,0,0,0,0,0,0,0.8776315789473684,0.35347111817700055,0,0,0,0,0,0,0,0,0,0,0,0
MOTU1005,0,0,0,0,0,0,0,0,0,0,0,0,0,0,0,0,0,0,0,0,0,0,0,0,0,0,0,0,0,0,0,0,0,0,0,0,0,0,0,0,0,0,0,0,0,0,0,0,0,0,0,0,0,0,0,0,0,0,0,0,0,0,0,0,0.28262759760020867,0,0.10424889202478337,0,0,0,0,0,1,0,0.008166423700592099,0,0,0,0,0,0,0,0,0.002058580728758477,0,0,0,0,0,0,0,0,0,0,0,0,0,0,0,0,0,0,0,0,0,0,0,0,0,0,0,0,0,0,0,0,0,0,0,0,0,0,0,0,0,0,0,0,0,0,0,0,0,0,0,0,0,0,0,0,0,0,0,0,0,0,0,0,0,0,0,0,0.006974397705883394,0,0,0,0,0,0,0,0,0,0,0,0,0,0,0.03835918738235867,0,0,0,0,0,0,0,0,0,0,0,0,0,0,0,0,0,0,0,0,0,0,0,0,0,0,0,0,0,0,0,0,0,0,0
MOTU1008,0,0,0,0.5462566844919786,1,0.5333570665717338,0,0,0,0,0,0,0.05138071525577185,0,0.04916967509025271,0.13235539102267468,0.46530014641288436,0.05580061454421304,0.22750556792873053,0,0,0.24688821752265863,0.09179959559649517,0.18606557377049182,0.14680239520958085,0.01885034139140063,0.25198889916743755,0,0,0,0.14666188083273513,0,0.04358864945594197,0.4495049504950495,0,0.1254914004914005,0.07283422459893049,0,0.1337333624263583,0,0,0,0,0,0,0,0,0,0,0,0,0,0,0,0,0,0,0,0,0,0,0,0,0,0,0,0,0,0,0,0,0,0,0,0,0,0,0,0,0,0,0,0,0,0,0,0,0,0,0,0,0,0.13954918032786887,0,0,0.06545978852931753,0.06956077630234933,0,0.07963359968816995,0.1941400063351283,0,0,0,0,0,0,0.0893700787401575,0,0,0,0,0,0,0,0,0,0,0,0,0.38766603415559775,0,0,0,0,0,0,0,0,0,0,0,0,0.2634995700773861,0,0.13822733423545333,0.11043243243243245,0,0.23564013840830453,0.530373831775701,0.09936770428015565,0.2022772277227723,0,0,0.2008849557522124,0,0,0.2668843892880471,0,0.20678137651821865,0,0.7756264236902051,0,0,0,0,0,0,0.020755867113684854,0.010111859037814294,0.03854716981132075,0.01795254833040422,0.13879076086956524,0,0.11542372881355933,0,0,0,0,0,0,0,0,0,0,0,0,0,0,0,0,0,0,0,0,0,0,0,0,0,0,0,0,0,0.06276497695852536,0,0,0,0,0,0,0.023152765185856756,0,0
MOTU10088,0,0,0,0.4333093377211024,0,1,0,0,0,0,0,0,0,0,0,0,0,0,0,0.5937852311161217,0,0,0,0,0,0,0,0,0,0,0,0,0,0,0,0,0,0,0,0,0,0,0,0,0,0,0,0,0,0,0,0,0,0,0,0,0,0,0,0,0,0,0,0,0,0,0,0,0,0,0,0,0,0,0,0,0,0,0,0,0,0,0,0,0,0,0,0,0,0,0,0,0,0,0,0,0,0,0,0,0,0,0,0,0,0,0,0,0,0,0,0,0,0,0,0,0,0,0,0,0,0,0,0,0,0,0,0,0,0,0,0,0,0,0,0,0,0,0,0,0,0,0,0,0,0,0,0,0,0,0,0,0,0,0,0,0,0,0,0,0,0,0,0,0,0,0,0,0,0,0,0,0,0,0,0,0,0,0,0,0,0,0,0,0,0,0,0,0,0,0,0,0,0,0,0,0,0,0,0,0,0,0
MOTU10188,0,0,0,0,0,0,0,0.3924466338259442,0,0,0,0,0,0,0,0,0,0,0,0,0,0,0,0,0,0,0,0,0,0,0,0,0,0,0.6922519913106445,0,0,0,0,0,0,0,0,0,0,0,0,0,0,0,0,0,0,0,0,0,0,0,0,0,0,0,1,0,0,0,0,0,0,0,0.3730003901677722,0,0,0,0,0,0,0,0,0,0,0,0,0,0,0,0,0,0,0,0,0,0,0,0,0,0,0,0,0,0,0,0,0,0,0,0,0,0,0,0,0,0,0,0,0,0,0,0,0,0,0,0,0,0,0,0,0,0,0,0,0,0,0,0,0,0,0,0,0,0,0,0,0,0,0,0,0,0,0,0,0,0,0,0,0,0,0,0,0,0,0,0.2970789310130516,0.2700564971751413,0,0,0,0,0,0,0,0,0,0,0,0,0,0,0,0,0,0,0,0,0,0,0,0,0,0,0,0,0,0,0,0,0,0,0,0.19574119574119578,0,0,0
MOTU10350,0,0,0,0,0,0.10747201455638622,0,0,0,0.7020671834625323,0,0,0,0,0,0,0,0,0,0,0,0,0,0,0,0,0,0,0,0,0,0,0,0,0,0,0,0,0,0,0,0,0,0,0,0,0,0,0,0,0,0,0,0,0,0,0,0,0,0,0,0,0,0,0,0,0,0,0,0,0,0,0,0,0,0,0,0,0,0,0,0,0,0,0,0,0,0,0,0,0,0,0,0,0,0,0,0,0,0,0,0,0,0,0,0,0,0,0,0,0,0,0,0,0,0,0,0,0,0,0,0,0,0,0,1,0,0,0,0,0,0,0,0,0,0,0,0,0,0,0,0,0,0,0,0,0,0,0,0,0,0,0,0,0,0,0,0,0,0,0,0,0,0,0,0,0,0,0,0,0,0,0,0,0,0,0,0,0,0,0,0,0,0,0,0,0,0,0,0,0,0,0,0,0,0,0,0,0,0,0,0,0
MOTU10563,0,0,0,0,0,0,0,0,0,0,0,0,0,0,0,0,0,0,0,0,0,0,0,0,0,0,0,0,0,0,0,0,0,0,0,0,0,0,0,0,0,0,0,0,0,0,0,0,0,0,0,0,0,0,0,0,0,0,0,0,0,0,0,0,0,0,0,0,0,0,0,0,0,0,0,0,0,0,0,0,0.08092854861037163,0,0,0,0,0,0,0,0,0,0,0,0,0,0,0,0,0,0,0,0,0,0,0,0,0,0,0,0,0,0,0,0,0,0,0,0,0,0,0,0,0,0,0,0,0,0,0.2737752161383285,0,0,0,0,0,0,0,0,0,0,0,0,0,0,0,0,0,0,0,0,0,0,0,0,0,0,0,0,0,0,0,0,0,0,0,0,0,0,0,0,0,0,0,0,0,0,0,0,0,0,0,0,0,0,0,0,0,0,0,0,0,1,0,0,0,0,0,0,0,0,0,0,0,0,0
MOTU10884,0,0,0,0,0,0,0,0,0,0,0,0,0,0,0,0,0,0,0,0,0,0,0,0,0,0,0,0,0,0,0,0,0,0,0,0,0,0,0,0,0,0,0,0,0,0,0,0,0,0,0,0,0,0,0,0,0,0,0,0,0,0,0,0,0,0,0,0,0,0,0,0,0,0,0,0,0,0,0,0,0,0,0,0,0,0,0,0,0,0.40145157632116124,0,0,0,0,0,0,0,0,0.34496199571233677,0,0,0,0,0.3747618039381749,0,0,0,0,0.4376854599406528,0,0.2517422841701038,0.09988713318284423,0,0,0,0,0,0,0,0,0,0,0,0,0,0,0,0,0,0,0,0,0,0,0,0,0,0,0,0,0,0,0,0,0,0,0,0,0,0,0,0,0,0,0,0,0,0,0,0,0,0,0,1,0,0,0,0,0,0,0,0,0,0,0,0,0,0,0,0,0,0,0,0,0,0,0,0,0,0,0,0,0,0,0,0,0,0,0,0,0,0,0
MOTU1092,0,0,0,0,0,0,0,0,0,0,0,0,0,0,0,0,0,0,0,0,0,0,0,0,0,0,0,0,0,0,0,0,0,0,0,0,0,0,0,0,0,0,0,0,0,0,0,0,0,0,0,0,0,0,0,0,0,0,0,0,0,0,0,0,0,0,0,0,0,0,0,0,0,0,0,0,0,0,0,0,0,0,0,0,0,0,0,0,0,0,0,0,0,0,0,0,0,0,0,0,0,0,0,0,0,0,0,0,0,0,0,0,0,0,0,0,0,0,0,0,0,0,0,0,0,0,0,0,0,0,0,0,0,0,0,0,0,0,0,0,0,0,0,0,0,0.15280568291747523,0.005184750559989963,0,0,1,0,0,0,0,0,0,0,0,0,0,0,0,0,0,0,0,0,0,0,0,0,0,0,0,0,0,0,0,0,0,0,0,0,0,0,0,0,0,0,0,0,0,0,0,0,0,0,0,0,0,0,0,0
MOTU10961,0,0,0,0,0,0,0,0,0,0,0,0,0,0,0,0,0,0,0,0,0,0,0,0,0,0,0,0,0,0,0,0,0,0,0,0,0,0,0,0,0,0,0,0,0,0,0,0,0,0.7757520510483136,0.28011849901250824,0,0,0,0,0,0,0,0,0,0,0,0,0,0,0,0,0,0,0,0.33203277409286,0,0,0,0,0,0.5386075949367088,0,0,0,0,0,0,0,0,0,0,0,0,0,0,0,0,0,0,0,0,0,0,0.5391194171681977,0,0,0,0,0,0,0,0,0,0,0,0,0,0,0,0,0,0,0,0,0,0,0,0,0,0,0,0,0,0,0,0,0,0,0,0,0,0,0,0,0,0,0,0,0,0,0,0,0,0,0,0,0,0,0,0,0,0,0,0,0,0,0,0,0,0,0,0,0,0,0,0,0,0,0,0,0,0,0,0,0,0,0,0,0,0,0,0,0,0,0,1,0,0,0,0,0,0,0,0,0,0,0
MOTU11151,0,0,0,0,0,0,0,0,0,0,0,0,0.1396308032795131,0,0,0,0,0,0,0,0,0,0,0,0,0,0,0,0,0,0,0,0,0,0,0,0.9896613190730839,0,0,0,0,0,0,0,0,0,0,0,0,0,0,0,0,0,0,0,0,0,0,0,0,0,0,0,0,0,0,0,0,0,0,0,0,0,0,0,0,0,0,0,0,0,0,0,0,0,0,0,0,0,0,0,0,0,0,0,0,0,0,0,0,0,0,0,0,0,0,0,0,0,0,0,0,0,0,0,0,0,0,0,0,0,0,0,0,0,0,1,0,0,0,0,0,0,0,0,0,0,0,0,0,0,0,0,0,0,0,0,0,0,0,0,0,0,0,0,0,0.8460835111246571,0,0,0,0,0,0,0,0,0,0,0,0,0,0,0,0,0,0,0,0,0,0,0,0,0,0,0,0,0,0,0,0,0,0,0,0,0,0,0,0,0,0,0,0,0
MOTU1120,0,0,0,0.34440559440559443,0.08035568608255833,0.08182033938530914,0,0.24261083743842365,1,0.3054263565891473,0.37434679334916865,0.146795827123696,0.02477239575474071,0.010110860192978854,0.023706377858002406,0.050138824618232304,0.09614446071254272,0.05716968248548993,0,0.11104847801578355,0.09820538384845463,0.0595166163141994,0.06638957537631994,0,0.1887425149700599,0.009088392692378669,0.12149244526672834,0,0,0.1430646332607117,0,0,0,0,0,0,0.2809269162210339,0.19903010709234192,0.19343224961815406,0,0,0,0,0,0,0,0,0,0,0,0,0,0,0,0,0,0,0,0,0,0,0,0,0,0,0,0,0,0,0,0,0,0,0,0,0,0,0,0,0,0,0,0,0,0,0,0,0,0,0,0,0,0,0,0,0,0,0,0,0,0,0,0,0,0,0,0,0,0,0,0,0,0,0,0,0,0,0,0,0,0,0,0,0,0,0,0,0,0,0,0,0,0,0,0,0,0,0,0,0,0,0,0,0,0,0,0,0,0,0,0,0,0,0,0,0,0.056082748149553996,0.05003555826475668,0.024376361116610575,0,0.034622144112478034,0.06691576086956522,0,0,0,0,0.008496506512550678,0,0,0,0,0,0,0,0,0,0,0,0,0,0,0,0,0,0,0,0,0,0,0,0,0,0,0,0,0,0,0,0,0,0,0,0
MOTU11394,0,0,0,0,0,0,0,0,0,0,0,0,0,0,0,0,0,0,0,0,0,0,0,0,0,0,0,0,0,0,0,0,0,0,0,0,0,0,0,0,0,0,0,0,0,0,0,0,0,0,0,0,0,0,0,0,0,0,0,0,0,0,0,0,0,0,0,0,0,0,0,0,0,0,0,0,0,0,0.10375476147288228,0,0,0.09473335541570056,0.1201933179239336,0.10808767951625095,0,0.3621781342338539,0,0,0,0,0.10639880952380952,0.09552438209752839,0,0,0,0.18327459147709066,0,0,0,0,0.0778019586507073,0.32675044883303406,0,0,0,0,0,0,0,0,0,0.032279909706546275,0,0,0,0,0,0,1,0,0,0,0,0,0.4126984126984127,0,0,0,0,0,0.13730196831493038,0.17643429981492906,0.24591573516766982,0,0.1935047361299053,0,0.0995475113122172,0,0,0,0,0,0,0,0,0,0,0,0,0,0.21716021260440396,0,0,0,0.19669876203576342,0,0,0,0,0,0,0,0,0,0,0,0,0,0,0,0,0,0,0,0,0,0,0,0,0,0,0,0,0.04371083600794742,0,0,0,0,0,0,0,0,0,0,0,0,0,0,0,0,0,0,0
MOTU11409,0,0,0,0,0,0,0,0,0,0,0,0,0,0,0,0.37723276260990285,0,0,0,0,0,0.9235649546827795,0.2289373174567513,0,0,0.09402103709171435,0,0,0,0,0,0,0.21740985705141885,0,0.7378711078928313,0,0,0,0,0,0,0,0,0,0,0,0,0,0,0,0,0,0,0,0,0,0,0,0,0,0,0,0,0,0,0,0,0,0,0,0,0,0,0,0,0,0,0,0,0,0,0,0,0,0,0,0,0,0,0,0,0,0,0,1,0,0.3469526727953694,0,0,0,0,0,0,0,0,0,0,0,0,0,0,0,0,0,0,0,0,0,0,0,0,0,0,0,0,0,0.5141271442986882,0.3670749279538905,0,0,0,0,0,0,0,0,0,0,0.5290758047767394,0,0,0,0,0,0,0,0,0,0,0,0,0,0,0,0,0,0,0,0,0,0.17908611599297014,0,0,0,0,0,0,0,0,0,0,0,0,0,0,0,0,0,0,0,0,0,0,0,0,0,0,0,0,0,0,0,0,0,0,0,0,0,0,0,0,0,0
MOTU11427,0,0,0,0,0,0,0,0,0,0,0,0,0,0,0,0,0,0,0,0,0,0,0,0,0,0,0.23928461301264262,0,0,0,0,0,0,0,0,0,0,0.15679935340472823,0.3386428103862099,0,0,0,0,0,0,0,0,0,0,0.707383773928897,0,0,0,0,0,0,0,0,0,0,0,0,0,0,0,0,0,0,0,0,0,0,0,0,0,0,0,1,0,0,0,0,0,0,0,0,0,0,0,0,0,0,0,0,0,0,0,0,0,0,0,0,0,0,0,0,0,0,0,0,0,0,0,0,0,0,0,0,0,0,0,0,0,0,0,0,0,0,0,0,0,0,0,0,0,0,0,0,0,0,0,0,0,0,0,0,0,0,0,0,0,0,0,0,0,0,0,0,0,0,0,0,0,0,0,0,0,0,0,0,0,0,0,0,0,0,0,0,0,0,0,0,0,0,0,0,0,0,0,0,0,0,0,0,0,0,0,0,0,0,0,0,0
MOTU11568,0,0,0,0,0,0,0,0,0,0,0,0,0,0,0,0.050462748727441005,0,0,0,0,0,0,0,0,0,0,0,0,0,0,0,0,0,0,0,0,0,0,0,0,0,0,0,0,0,0,0,0,0,0,0,0,0,0,0,0,0,0,0,0,0,0,0,0,0,0,0,0,0,0,0,0,0,0,0,0,0,0,0,0,0,0,0,0,0,0,0,0,0,0,0,0,0,0,0,0,0,0,0.21253167023971936,0,0,0,0,0,0,0,0,0.21844951923076922,0,0,0,0,0,0,0,0,0,0,0,0,0,0,0,0,0,0,0,0,0,0,0,0,0,0,0,0,0,0,0,0,0,0,0,0,0,0,0,0,0,0,0,0,0,0,0,0,0.31044790282786106,0,0,0,0.19165202108963095,0,0,0,0,0,0,0,0,0,0,0,0,0,0,0,0,0,0,0,0,0,0.19917808219178082,1,0,0,0,0,0,0,0,0,0,0,0,0,0,0,0,0,0,0,0
MOTU11578,0,0,0,0,0,0,0,0,0,0,0,0,0,0,0,0,0,0,0,0,0,0,0,0,0,0,0,0,0,0,0,0,0,0,0,0,0,0,0,0,0,0,0,0,0,0,0,0,0,0,0,0,0,1,0,0,0,0,0,0,0,0,0,0,0,0,0,0,0,0,0,0,0,0,0,0,0,0,0,0,0,0,0,0,0,0,0.2190560997328584,0,0,0,0,0,0.042008196721311473,0,0,0,0,0,0,0,0,0,0,0,0,0,0,0,0,0,0,0,0,0,0,0,0,0,0,0,0,0,0,0,0,0,0,0,0,0,0,0,0,0,0.5825439783491204,0,0,0,0,0,0,0,0,0,0,0,0,0,0,0,0,0,0,0,0,0,0,0,0,0,0,0,0,0,0,0,0,0,0,0,0,0,0.09403669724770641,0,0,0,0,0,0,0,0,0,0,0,0,0,0.04935794542536115,0,0.4178935447338618,0,0,0.21680376028202114,0.16906160189928776,0.30230414746543777,0.6037868162692847,0,0,0,0,0,0,0,0
MOTU11993,1,0.5240226095148375,0.39408430747431805,0.2745783628136569,0.07260564529286996,0.21122582176337962,0,0,0.25098702763677383,0,0,0,0,0,0.03569995988768551,0.24710782045349375,0.14478607450789002,0.07596449300102423,0,0.12542277339346108,0,0,0,0,0,0,0,0,0,0.1615831517792302,0,0,0,0,0,0,0,0,0,0,0,0,0,0,0,0,0,0,0,0,0,0,0,0,0,0,0,0,0,0,0,0,0,0,0,0,0,0,0,0,0,0,0,0,0,0,0,0,0,0,0,0,0,0,0,0,0,0,0,0,0,0,0,0,0,0,0,0,0,0,0,0,0,0,0,0,0,0,0,0,0,0,0,0,0,0,0,0,0,0,0,0,0,0,0,0,0,0,0,0,0,0,0.19131556319862422,0,0,0,0,0,0,0,0,0,0,0,0,0,0,0,0,0,0,0,0,0,0,0,0,0.04520979376206441,0,0,0,0,0,0,0,0,0.038385232467868534,0,0,0,0,0,0,0,0,0,0,0,0,0,0,0,0,0,0,0,0,0,0,0,0,0,0,0,0,0,0,0,0,0,0,0,0
MOTU12066,0,0,0,0,0,0,0,0,0,0,0,0,0,0,0,0,0,0,0,0,0,0,0,0,0,0,0,0,0,0,0,0,0,0,0,0,0,0,0,0,0,0,0,0,0,0,0,0,0,0,0,0,0,0,0,0,0,0,0,0,0,0,0,0,0,0,0,0,0,0,0,1,0,0,0,0,0,0,0,0,0,0,0,0,0,0,0,0,0,0,0,0,0,0,0,0,0,0,0,0,0,0,0,0,0,0,0,0,0,0,0,0,0,0,0,0,0,0,0,0,0,0,0,0,0,0,0,0,0,0,0,0,0,0,0,0,0,0,0,0,0,0,0,0,0,0,0,0,0,0,0,0,0,0,0,0,0,0,0,0,0,0,0,0,0,0,0,0,0,0,0,0,0,0,0,0,0,0,0,0,0,0,0,0,0,0,0,0,0,0,0,0,0,0,0,0,0,0,0,0,0,0,0
MOTU1255,0,0,0,0,0,0,0,0.07337943086124041,0,0,0.08491795419381551,0.13319843038597737,0.03596444717629529,1,0.04302100928471279,0,0,0.006102843754796232,0,0,0,0.7560519970065689,0,0,0,0.02473966048781809,0,0,0,0,0,0,0,0,0,0,0,0,0.019501668511671573,0,0,0,0,0,0,0,0,0,0,0,0,0,0,0,0,0,0,0,0,0,0,0,0,0,0,0,0,0,0,0,0,0,0,0,0,0,0,0,0,0,0,0,0,0,0,0,0,0,0,0,0,0,0,0,0,0,0,0,0,0,0,0,0,0,0,0,0,0,0,0,0,0,0,0,0,0,0,0,0,0,0,0,0,0,0,0,0,0,0,0,0,0,0,0,0,0,0,0,0,0,0,0,0,0,0,0,0,0,0,0,0,0,0,0,0,0,0.016962639360218412,0.0544810404077969,0.0619316004279287,0,0.2434675351896938,0,0,0,0,0,0,0,0,0,0,0,0,0,0,0,0,0,0,0,0,0,0,0,0,0,0,0,0,0,0,0,0,0,0,0,0,0,0,0,0,0,0
MOTU12852,0,0,0,0,0,0,0,0,0,0,0,0,0,0,0,0,0,0,0,0,0,0,0,0,0.03753635585970915,0,0,0,0,0,0,0,0,0,0,0,0,0,0,0,0,0,0,0.5678053830227743,0,0.4059955588452998,0.19516100338018147,0,0.598962598962599,1,0.05158468917520925,0,0,0,0,0,0,0,0.2414703940127669,0,0,0,0.32785415421398684,0,0,0,0,0,0,0.0752348947260133,0,0.6913865546218487,0,0.3366579714592604,0,0.053816718995290426,0.19837251356238697,0.20195139911634757,0.028426317016921044,0,0.01668771011758979,0.051909336109402356,0.065860174706571,0.23690746139725732,0,0,0.04651655853792987,0.046641156462585036,0,0.07108835822829926,0,0.07851417119954193,0,0,0,0,0,0.04425707023843144,0,0.09928051043033621,0.04263174257733562,0,0,0,0,0.1750997605746209,0.17138482689663792,0,0,0.024982350663842773,0.04457809293536786,0.017687842631409222,0.017624188676820255,0,0,0,0,0,0,0,0,0,0,0,0,0.05767916294232084,0,0,0.16478894396875468,0.1215781890723706,0.1504697894520266,0,0.06737501535437906,0,0.10603131645080224,0,0,0,0,0,0,0,0,0,0,0.15877840497901288,0,0.2580366943703936,0,0,0,0,0,0,0.2155629789742582,0,0,0,0,0,0,0,0,0,0,0,0,0.7357478202548625,0,0.12679149329634767,0,0,0,0,0,0,0,0,0,0.3287712287712288,0.15185492801771872,0.31360777587192684,0.028623613829093283,0,0,0.37762478485370055,0.5030956202705801,0.12877098250968422,0,0,0,0.09207654859828772,0,0,0.10989781606892406,0.05167824755623602,0,0.0697748378068948,0,0,0,0,0
MOTU13342,0,0,0,0,0,0,0,0,0,0,0,0,0,0,0,0,0,0,0,0,0,0,0,0,0,0,0,0,0,0,0,0,0,0,0,0,0,0,0,0,0,0,0,0,0,0,0,0,0,0,0,0,0,0,0,0,0,0,0,0,0,0,0,0,0,0,0,0,0,0,0,0,0.7876480541455161,1,0,0,0,0,0,0,0,0,0,0,0,0,0,0,0,0,0,0,0,0,0,0,0.31699012597889,0.7887602372211241,0.18144611186903137,0,0,0,0.2341549295774648,0,0,0,0,0,0,0,0.0662067984639454,0.15761851015801354,0,0,0,0,0,0,0,0,0,0,0,0,0,0,0,0,0,0,0,0,0,0,0,0,0.324051514096763,0,0,0,0,0,0,0,0,0,0,0,0,0,0,0,0,0,0,0,0,0,0,0,0,0,0,0,0,0,0,0,0,0.7532362459546926,0,0,0,0,0,0,0,0,0,0,0,0,0,0,0,0,0,0,0,0,0,0,0,0,0,0,0,0,0,0,0,0,0
MOTU1344,0,0,0,0,0,0,0,0,0,0,0,0,0,0,0,0,0,0,0,0,0,0,0,0,0,0,0,0,0,0,0,0,0,0,0,0,0,0,0,0,0,0,0,0,0,1,0,0,0,0,0,0,0,0,0,0,0,0,0,0,0,0,0,0,0,0,0,0.31896033653846156,0,0,0,0,0,0,0,0,0,0,0,0,0,0,0,0,0,0,0,0,0,0,0,0,0,0,0,0,0,0,0,0,0,0,0,0,0,0,0,0,0,0,0,0,0,0,0,0,0,0,0,0,0,0,0,0,0,0,0,0.026071685878962535,0,0,0,0,0,0,0,0,0.20782935955447268,0,0.28183411214953275,0,0,0,0,0,0,0.09166033434650457,0,0,0,0,0,0,0,0,0,0,0,0,0,0,0,0,0,0,0,0,0,0,0,0,0,0,0,0,0,0.012796145685997172,0,0,0,0,0,0,0,0,0,0,0,0,0,0,0,0,0,0,0,0,0,0,0,0,0,0,0
MOTU13996,0,0,0,0,0,0,0,0,0,0,0,0,0,0,0,0,0,0,0,0,0,0,0,0,0,0,0,0,0,0,0,0,0,0,0,0,0,0,0,0,0,0,0,0,0,0,0,0,0,0,0,0,0,0,0,0,1,0,0,0,0,0,0,0,0,0,0,0,0,0,0,0,0,0,0,0,0,0,0,0,0,0,0,0,0,0,0,0,0,0,0,0,0,0,0,0,0,0,0,0,0,0,0,0,0,0,0,0,0,0,0,0,0,0,0,0,0,0,0,0,0,0,0,0,0,0,0,0,0,0,0,0,0,0,0,0,0,0,0,0,0,0,0,0,0,0,0,0,0,0,0,0,0,0,0,0,0,0,0,0,0,0,0,0,0,0,0,0,0,0,0,0,0,0,0,0,0,0,0,0,0,0,0,0,0,0,0,0,0,0,0,0,0,0,0,0,0,0,0,0,0,0,0
MOTU1414,0,0,0,0,0,0,0,0,0,0,0,0,0,0,0,0,0,0,0,0,0,0,0,0,0,0,0,0,0,0,0,0,0.04836071403171894,0,0,0,0,0,0,0,0,0,0,0,0,0,0,0,0,0,0,0,0,0,0,0,0,0,0,0,0,0,0,0,0,0,0,0,0,0.21763482157145142,0.6190661984653401,1,0,0.24346580737558182,0,0,0,0,0,0,0,0,0,0,0,0,0.06728010289898091,0.06746031746031747,0,0,0,0,0.07741347905282332,0.2049427365883062,0.4448806018972849,0.07262629499092171,0.23152877085461357,0,0,0.14359624115721678,0,0,0.11401743796109995,0,0,0,0,0.36324786324786323,0.6165512693702605,0.6865401987353207,0,0.11512415349887133,0.050982156245314145,0,0,0,0,0,0,0,0,0,0,0,0,0.5839774260826892,0,0.48991354466858794,0.35751840168243953,0,0.10881741078572571,0,0,0,0.15336039693279208,0,0,0.26143790849673204,0,0.11024643320363164,0.33663366336633666,0.787037037037037,0.6235671710224667,0.44575549000327763,0.27983539094650206,0,0,0.24881083058909625,0,0.32265717674970346,0,0.0593368237347295,0,0,0,0,0,0,0,0,0,0,0,0,0,0,0,0,0.15284333558102944,0,0,0,0.17329255861365953,0,0,0.16030174446016032,0,0,0,0,0.10981912144702842,0.19439679817038308,0,0.034642620612359266,0.06410256410256411,0.1820615796519411,0.0909577314071696,0,0.32087580218950545,0.695906432748538,0.42042042042042044,0.13317665491578534,0,0,0.23842917251051893,0.03737290464413301,0,0.40368061739388544,0,0.5569205569205569,0.012843759443940768,0,0
MOTU1437,0,0,0,0,0,0,0,0,0,0,0,0,0,0,0,0,0,0,0,0,0,0,0,0,0,0,0,0,0,0,0,0,0,0,0,0,0,0,0,0,0,0,0,0,0,0,0,0,0,0,0,0,0,0,0.21384512794865385,0,0,0,0,0,0,0,0,0,0,0.4344255355177377,0,0,0,0.3973022780419061,0.06457905931808743,0.24340607210626186,0,0,0,0,0,0,0.030022878474924374,0,0.017624973808141632,0,0.10433880796318012,0,0,0,0.09825831346527639,0.1970430107526882,0,0,0,0,0.28264366296492155,0.22447937933850554,0.48728987938839474,0.31819826151667685,0.3381330521598735,0.1402282934472675,1,0,0,0.027014220504693664,0,0.03504470231468517,0,0,0,0.3978753101736973,0.36835933760888295,0.6068660876362085,0.011770454347337369,0.04670319667953106,0.03722809919753893,0,0,0,0,0,0,0.6281447022097081,0.24777863627583546,0,0,0,0,0.06091870777779097,0.08350965137853586,0.05962396578971832,0.08702214985923137,0.12840661678220178,0.15892091121676244,0,0,0,0,0,0,0.09545336161029877,0.17187552339798345,0.08050395380946404,0.24581603321622486,0.1436771953405018,0.22767005368948842,0.4882481682367495,0,0,0.10810981648090012,0.0908431004567827,0,0,0.12567663555980113,0,0,0,0,0,0,0,0,0,0,0,0,0,0,0,0,0.7770710283204605,0,0,0,0,0,0,0,0,0,0,0,0.11574554477780286,0.040095961490372596,0.0473173610726867,0.03023125644424805,0.05059334526433076,0.04680886002043498,0,0,0,0,0.07259479343520091,0,0,0,0,0.05803510835633172,0,0,0,0,0,0,0,0
MOTU15561,0,0,0,0,0,0,0,0,0,0,0,0,0,0,0,0,0,0,0,0,0,0,0,0,0,0,0,0,0,0,0,0,0,0,0,0,0,0,0,0,0,0,0,0,0,0,0,0,0,0,0,0,0,0,0,0,0,0,0,0,0,0,0,0,0,0,0,0,0,0,0,0,0,0,0,0,0,0,0,0,0,0,0,0,0,0,0,0,0,1,0,0,0,0,0,0,0,0,0,0,0,0,0,0,0,0,0,0,0,0,0,0,0,0,0,0,0,0,0,0,0,0,0,0,0,0,0,0,0,0,0,0,0,0,0,0,0,0,0,0,0,0,0,0,0,0,0,0,0,0,0,0,0,0,0,0,0,0,0,0,0,0,0,0,0,0,0,0.5749869587897758,0,0,0,0,0,0,0,0,0,0,0,0,0,0,0,0,0,0,0,0,0,0,0,0,0,0,0,0,0,0,0,0,0,0,0
MOTU16085,0,0,0,0,0,0,0,0,0,0,1,0,0,0,0,0,0,0,0,0.29664599774520856,0,0,0,0,0,0,0,0,0,0,0,0,0,0,0,0,0,0,0,0,0,0,0,0,0,0,0,0,0,0,0,0,0,0,0,0,0,0,0,0,0,0,0,0,0,0,0,0,0,0,0,0,0,0,0,0,0,0,0,0,0,0,0,0,0,0,0,0,0,0,0,0,0,0,0,0,0,0,0,0,0,0,0,0,0,0,0,0,0,0,0,0,0,0,0,0,0,0,0,0,0,0,0,0,0,0,0,0,0,0,0,0,0,0,0,0,0,0,0,0,0,0,0,0,0,0,0,0,0,0,0,0,0,0,0,0,0,0,0,0,0,0,0,0,0,0,0,0,0,0,0,0,0,0,0,0,0,0,0,0,0,0,0,0,0,0,0,0,0,0,0,0,0,0,0,0,0,0,0,0,0,0,0
MOTU1613,0,0,0,0,0,0,0,0,0,0,0,0,0,0,0,0,0,0,0,0,0,0,0,0,0,0,0,0,0,0,0,0,0,0,0,0,0,0,0,0,0,0,0,0,0,0,0,0,0,0,0,0,0,0,0,0,0,0,0,0,0,0,0,0,0,0,0,0,0,0,0,0,0,0,0,0.659196067090804,0.5686875416389073,1,0,0,0,0,0,0,0,0,0,0,0,0,0,0,0,0,0,0,0,0,0,0,0,0,0,0,0,0,0,0,0,0,0,0,0,0,0,0,0,0,0,0,0,0,0,0,0,0,0,0,0,0,0,0,0.017558944653120332,0,0,0,0,0,0,0,0,0,0,0,0,0,0,0,0,0,0,0,0,0,0,0,0,0,0,0,0,0,0,0,0,0,0,0,0,0,0,0,0,0,0.05423918361641154,0,0,0,0,0,0,0,0,0,0,0,0,0,0,0,0,0,0,0,0,0,0,0,0,0,0,0,0
MOTU16208,0,0,0,0,0,0,0,0,0,0,0,0,0,0,0,0,0,0.05534312051894844,0,0,0,0,0,0,0,0,0,0,0,0,0,0,0,0,0,0,0,0,0,0,0,0,0,0,0,0,0,0,0,0,0,0,0,0,0,0,0,0,0,0,0,0,0,0,0,0,0,0,0,0,0,0,0,0,0,0,0,0,0,0,0,0,0,0,0,0,0,0,0,0,0,0,0,0,0,0,0,0,0,0,0,0,0,0,0,0,0,0,0,0.25840905467878206,0,0,0,0,0,0,0,0,0,0,0,0,0,0,0,0,0,0,0,0,0,1,0,0,0,0,0,0,0,0,0,0,0,0,0,0,0,0,0,0,0,0,0,0,0,0,0,0,0,0,0,0,0,0,0,0,0,0,0,0,0,0,0,0,0,0,0,0,0,0,0,0,0,0,0,0,0,0,0,0,0,0,0,0,0,0,0,0,0,0,0,0,0
MOTU1628,0,0,0,0,0,0,0,0,0,0,0,0,0,0,0,0,0,0,0,0,0,0,0,0,0,0,0,0,0,0,0,0,0,0,0,0,0,0,0,0,0,0,0,0,0,0,0,0,0,0,0,0,0,0,0,0,0,0,0,0.13586044951358603,0,0,0.15405096995055154,0,0.34734133790737565,0,0.528490648107873,0,0.105496222974733,0.10605333216951077,0,0,0,0,0,0,0.13981588032220943,0,0.013356858994442887,0,0,0,0,0.16697588126159554,0,0.09324993284469855,0.021857038776005828,0.04383116883116883,0,0.05010412585826512,0,0.06148660958280197,0,0,0.14452671960032115,0,0,0.020795358270647737,0.07175634733615634,0,0.040063309921851815,0.024036678190423908,0.07408084872873606,0,0,0,0.03221188260558339,0.059003496503496504,0,0.01173862005999739,0.041892398598414815,0.03739995895752103,0.07453073242546927,1,0,0.05807284198451391,0,0,0,0,0,0.07385793744870976,0,0,0.42502951593860683,0,0,0.053052135184700026,0,0,0,0,0,0,0,0,0,0,0.07646559048428207,0,0.036453645364536456,0.06392045454545454,0,0,0,0.07460624481901078,0,0,0.14906146485093855,0,0,0,0,0.011632916846186987,0,0,0,0,0,0,0,0,0,0,0,0,0,0,0,0,0,0,0,0,0,0,0,0,0,0.05149396058486968,0.017838266384778013,0,0,0.011254220332624734,0,0,0.05909820516562089,0.03025323074624636,0,0,0,0.04326460848199978,0,0,0.02581920183603213,0,0,0,0,0,0,0,0
MOTU1713,0,0,0,0,0,0,0,0,0,0,0,0,0,0,0,0,0,0,0,0,0,0,0,0,0,0,0,0,0,0,0,0,0,0,0,0,0,0,0,0,0,0,0,0,0,0,0,0,0,0,0,0,0,0,0,0,0,0,0,0,0,0,0,0,0,0,0,0,0,0,0,0,0,0,0,0,0,0,0,0,0,0,0,0,0,0,0,0,0,0,0,0,0,0,0,0,0,0,0,0,0,0,0,0,0,0,0,0,0,0,0,0,0,0,0,0,0,0,0,0,0,0,0,0,0,0,0,0,0,0,0,0,0,0,0,0,0,0,0,0,0,0,0,0,0,0,0,0,0,0.05639688524012544,0,0,0,0,0,0,0,0,0,0,0,0,0,0,0,0,0,0,0,0,0,0,0,0,0,0,0,0,0,0,0,0,0,0,0,0,0,0,0,0,0,0,1,0,0,0,0,0,0,0,0,0,0
MOTU17392,0,0,0,0,0,0,0,0,0,0,0,0,0,0,0,0,0,0,0,0,0,0,0,0,0,0,0,0,0,0,0,0,0,0,0,0,0,0,0,0,0,0,0,0,0,0,0,0,0,0,0,0,0,0,0,0,0,0,0,0,0,0,0,0,0,0,0,0,0,0,0,0,0,0,0,0,0,0,0,0,0,0,0,0,0,0,0,0,0,0,0,0,0,0,0,0,0,0,0,0,0,0,0,0,0,0,0,0,0,0,0,0,0,0,0,0,0,0,0,0,0,0,0,0,0,0,0,0,0,0,0,0,0,0,0,0,1,0,0,0,0,0,0,0,0,0,0,0.7884193194291986,0,0,0,0,0,0,0,0,0,0,0,0,0,0,0,0,0,0,0,0,0,0,0,0,0,0,0,0,0,0,0,0,0,0,0,0,0,0,0,0,0,0,0,0,0,0,0,0,0,0,0,0,0,0,0
MOTU17748,0,0,0,0,0,0,0,0,0,0,0,0,0,0,0.33493782591255516,0,0,0.28508023216114714,0,0,0,0,0,0,1,0.3852186750322938,0,0,0,0,0,0,0,0,0,0,0,0,0,0,0,0,0,0,0,0,0,0,0,0,0,0,0,0,0,0,0,0,0,0,0,0,0,0,0,0,0,0,0,0,0,0,0,0,0,0,0,0,0,0,0,0,0,0,0,0,0,0,0,0,0,0,0,0,0,0,0,0,0,0,0,0,0,0,0,0,0,0,0,0,0,0,0,0,0,0,0,0,0,0,0,0,0,0,0,0,0,0,0,0,0,0,0,0,0,0,0,0,0,0,0,0,0,0,0,0,0,0,0,0,0,0,0,0,0,0,0.3961852343898273,0,0,0,0,0,0,0,0,0,0,0,0,0,0,0,0,0,0,0,0,0,0,0,0,0,0,0,0,0,0,0,0,0,0,0,0,0,0,0,0,0,0,0,0,0,0
MOTU1780,0,0,0,0,0,0,0,0,0,0,0,0,0,0,0,0,0,0,0,0,0,0,0,0,0,0,0,0,0,0,0,0,0,0,0,0,0,0,0,0,0,0,0,0,0,0.3246977547495682,0,0.2025862068965517,0,0,0,0,1,0,0.030361757105943153,0.07197549770290965,0.07755775577557757,0,0,0.17343173431734318,0,0,0,0,0,0,0,0,0,0,0,0,0.07952622673434856,0,0.0704647676161919,0.016140109890109892,0,0,0,0,0,0.031136137793971515,0,0,0,0,0,0,0,0,0,0,0.03210382513661202,0.021247739602169982,0.04612365063788027,0,0.06401089547156963,0.09291160689070885,0,0,0.02557127312295974,0,0.02364185110663984,0,0,0,0,0,0,0,0,0,0,0,0,0,0,0,0,0,0,0,0,0,0.2712842712842713,0.06919396393080604,0.16599394550958627,0.23703170028818443,0,0,0,0.11597779148673659,0.08082545141874463,0.026965002868617326,0.031799729364005415,0.12702702702702703,0,0.02710495963091119,0.1952232606438214,0.13715953307392997,0.023267326732673267,0.04079861111111111,0.12929848693259974,0.046214355948869225,0.029012345679012345,0,0.42978445460483344,0.05159165751920966,0.09514170040485831,0.301067615658363,0.07137433561123767,0.01230366492146597,0,0,0.09697386519944978,0,0,0,0,0,0,0,0,0,0,0,0,0.33098591549295775,0.03169251517194875,0.03802588996763754,0,0,0,0,0,0.01661951909476662,0,0,0,0,0,0,0,0,0,0,0,0,0.09314835787089468,0,0.13698993110757818,0,0.0763463701112083,0.028878648233486945,0,0,0,0,0,0,0.034621486854034454,0.010795291415446454,0.010205743444981272
MOTU1782,0,0,0,0,0,0,0,0,0,0,0,0,0,0,0,0,0,1,0,0,0,0,0,0,0,0,0,0,0,0,0,0,0,0,0,0,0,0,0,0,0,0,0,0,0,0,0,0,0,0,0,0,0,0,0,0,0,0,0,0,0,0,0,0,0,0,0,0,0,0,0,0,0,0,0,0,0,0,0,0,0,0,0,0,0,0,0,0,0,0,0,0,0,0,0,0,0,0,0,0,0,0,0,0,0,0,0,0,0,0,0,0,0,0,0,0,0,0,0,0,0,0,0,0,0,0,0,0,0,0,0,0,0,0,0,0,0,0,0,0,0,0,0,0,0,0,0,0,0,0,0,0,0,0,0,0,0,0,0,0,0,0,0,0,0,0,0,0,0,0,0,0,0,0,0,0,0,0,0,0,0,0,0,0,0,0,0,0,0,0,0,0,0,0,0,0,0,0,0,0,0,0,0
MOTU1787,0,0,0,0,0,0,0,0,0,0.3376102646351243,1,0.48679274371756004,0,0,0,0,0,0,0,0,0,0,0,0,0,0,0,0,0,0,0,0,0,0,0.23652275961946617,0.08917224434465813,0,0,0.007919071230258753,0,0,0,0,0,0,0,0,0,0,0,0,0,0,0,0,0,0,0,0,0,0,0,0,0,0,0,0,0,0,0,0,0,0,0,0,0,0,0,0,0,0,0,0,0,0,0,0,0,0,0,0,0,0,0,0,0,0,0,0,0,0,0,0,0,0,0,0,0,0,0,0,0,0,0,0,0,0,0,0,0,0,0,0,0,0,0,0,0,0,0,0,0,0,0,0,0,0,0,0,0,0,0,0,0,0,0,0,0,0,0,0,0,0,0,0,0,0,0,0,0,0,0,0,0,0,0,0,0,0,0,0,0,0,0,0,0,0,0,0,0,0,0,0,0,0,0,0,0,0,0,0,0,0,0,0,0,0,0,0,0,0,0,0
MOTU18419,0,0,0,0,0,0,0,0,0,0,0,0,0,0,0,0,0,0.06206896551724138,0,0,0,0,0,0,0,0,0,0,0,0,0,0,0,1,0,0,0,0,0,0,0,0,0,0,0,0,0,0,0,0,0,0,0,0,0,0,0,0,0,0,0,0,0,0,0,0,0,0,0,0,0,0,0,0,0,0,0,0,0,0,0,0,0,0,0,0,0,0,0,0,0,0,0,0,0,0,0,0,0,0,0,0,0,0,0,0,0,0,0,0,0,0,0,0,0,0,0,0,0,0,0,0,0,0,0,0,0,0,0,0,0,0,0,0,0,0,0,0,0,0,0,0,0,0,0,0,0,0,0,0,0,0,0,0,0,0,0,0,0,0,0,0,0,0,0,0,0,0,0,0,0,0,0,0,0,0,0,0,0,0,0,0,0,0,0,0,0,0,0,0,0,0,0,0,0,0,0,0,0,0,0,0,0
MOTU18799,0,0,0,0,0,0,0,0,0,0,0,0,0,0,0,0,0,0,0,0,0,0,0,0,0,0,0,0,0,0,0,0,0,0,0,0,0,0,0,0,0,0,0,0,0,0,0,0,0,0,0,0,0,0,0,0,0,0,0,0,0,0,0,0,0,0,0,0,0,0,0,0,0,0,0,0,0,0,0,0,0,0,0,0,0,0,0,0.16130952380952382,0,0,0,0,0.3702185792349727,0,0,0,0,0,0,0,0,0,0,0,0,0,0,0,0,0,0,0,0.12190733243364824,0,0,0,0,0,0,0,0,0,0,0,0,0,0,0,0,0,0,0,0,0,0,0,0,0,0,0,0,0,0,0,0,0,0,0,0,0,0,0,0,0,0,0,0,0,0,0,0,0,0,0,0,0,0,0,0,0,0,1,0,0,0,0,0,0,0,0,0,0.3098913664951401,0,0,0,0,0,0,0,0,0.28722840487546375,0,0,0,0,0,0,0,0,0,0,0,0
MOTU19295,0,0,0,0,0,0.03393853091254302,0,0,0,0,0,0,0,0,0,0,0,0,0,0,0,0,0,0,0,0,0,0,0,0,0,0,0,0,0,0,0,0,0,0,0,0,0,0,0,0,0,0,0,0,0,0,0,0,0,0,0,0,0,0,0,0,0,0,0,0,0,0,0,0,0,0,0,0,0,0,0,0,0,0,0,0,0,0,0,0,0,0,0,0,0,0,0,0,0,0,0,0,0,0,0,0,0,0,0,0,0,0,0,0,0,0,0.03216374269005848,0,0,0,0,0,1,0,0,0,0,0,0,0,0,0,0,0,0,0,0,0,0,0,0.0995475113122172,0,0,0,0,0,0,0,0,0,0,0,0,0,0,0,0,0,0,0,0,0,0,0,0,0,0,0,0,0,0,0,0,0,0,0,0,0,0,0,0,0,0,0,0,0,0,0,0,0,0,0,0,0,0.07578166401695814,0,0,0,0,0,0,0,0,0,0,0,0
MOTU19854,0,0,0,0,0,0,0,0,0,0,0,0,0,0,0,0,0,0,0,0.5870913190529876,0,0,0,0,0,0,0,0,0,0,0,0,0,0,0,0,0,0,0,0,0,0,0,0,0,0,0,0,0,0,0,0,0,0,0,0,0,0,0,0,0,0,0,0,0,0,0,0,0,0,0,0,0,0,0,0,0,0,0,0,0,0,0,0,0,0,0,0,0,0,0,0,0.7114071038251366,0,0,0,0,0,0,0,0,0,0,0,0,0,0,0,0,0,0.2962594225572465,0,0,0,0,0,0,0,0,0,0,0,0,0,0,0,0,0.7503602305475504,0,0,1,0,0,0,0,0,0,0,0,0,0,0,0,0,0,0,0,0,0,0,0,0,0,0,0,0,0,0,0,0,0,0,0,0,0,0,0,0,0,0,0,0,0,0,0,0,0,0,0,0,0,0,0,0,0,0,0,0,0,0,0,0,0,0,0,0,0,0,0,0,0.3540911151405259,0,0.11307746593561696
MOTU20457,0,0,0,0,0,1,0,0,0,0,0,0,0,0,0,0,0,0,0,0,0,0,0,0,0,0,0,0,0,0,0,0,0,0,0,0,0,0,0,0,0,0,0,0,0,0,0,0,0,0,0,0,0,0,0,0,0,0,0,0,0,0,0,0,0,0,0,0,0,0,0,0,0,0,0,0,0,0,0,0,0,0,0,0,0,0,0,0,0,0,0,0,0,0,0,0,0,0,0,0,0,0,0,0,0,0,0,0,0,0,0,0,0,0,0,0,0,0,0,0,0,0,0,0,0,0,0,0,0,0,0,0,0,0,0,0,0,0,0,0,0,0,0,0,0,0,0,0,0,0,0,0,0,0,0,0,0,0,0,0,0,0,0,0,0,0,0,0,0,0,0,0,0,0,0,0,0,0,0,0,0,0,0,0,0,0,0,0,0,0,0,0,0,0,0,0,0,0,0,0,0,0,0
MOTU2050,0,0,0,0,0,0,0,0,0,0,0,0,0,0,0,0,0,0,0,0,0,0,0,0,0,0,0,0,0,0,0,0,0,0,0,0,0,0,0,0,0,0,0,0,0,0,0,0,0,0,0,0,0,0,0,0,0,0,0,0,0,0,0,0,0,0,0,0,0,0,0,0,0,0,0,0,0,0,0.09795029929258117,0,0,0.3577343491222259,0.34040764866568607,0.10204081632653061,0,0,0.40071237756010686,0.04017857142857143,0,0.0612383760489907,0.10044642857142856,0.18036072144288579,0,0.24412296564195296,0,0.08651073373918615,0,0.15249929398475007,0.5788345351783278,0,0.5875952121871599,0.044067243349110496,0,0.2858352741901333,0,0.07541899441340781,0,0.05408653846153846,0,0,0.21120750960034135,0.10665914221218961,0.06072874493927125,1,0,0,0,0,0,0,0,0,0,0,0,0,0,0,0,0,0,0,0,0,0,0,0,0,0,0,0,0,0,0,0,0,0,0,0,0,0.20501138952164008,0,0,0.042654028436018954,0,0,0,0,0,0,0,0,0,0,0,0,0,0,0,0,0,0,0,0,0,0,0,0,0,0,0,0,0,0,0,0,0.10834670947030497,0,0,0,0,0,0,0,0,0,0,0,0,0,0,0,0
MOTU21235,0,0,0,0,0,0,0,0,0,0,0,0,0,0,0,0,0,0,0,0,0,0,0,0,0,0,0,0,0,0,0,0,0,0,0,0,0,0,0,0,0,0,0,0,0,0,0,0,0,0,0,0,0,0,0,0,0,0,0,0,0,0,0,0,0,0,0,0,0,0,0,0,0,0,0,0,0,0,0,0,0,0,0,0,0,0,0,0,0,0,0,0,0,0,0,0,0,0,0,0,0,0,0,0,0,0,0,0,0,0,0,0,0,0,0,0,0,0,0,1,0,0,0,0,0,0,0,0,0,0,0,0,0,0,0,0,0,0,0,0,0,0,0,0,0,0,0,0,0,0,0,0,0,0,0,0,0,0,0,0,0,0,0,0,0,0,0,0,0,0,0,0,0,0,0,0,0,0,0,0,0,0,0,0,0,0,0,0,0,0,0,0,0,0,0,0,0,0,0,0,0,0,0
MOTU2140,0,0,0,0,0,0,0,0,0.6497461928934011,0,0,0.5722801788375559,0.09657461898294856,0.03941695750359269,0.030806257521058963,0.035539102267468765,0.020823165771921264,0.026220553089791737,0,0,0,0.11601208459214502,0,0,0,0.035430891308359476,0.3552266419981499,0,0,0,0.27566403445800436,0,0,0,0,0.47174447174447176,0.4106951871657754,0,0,0,0,0,0,0,0,0,0,0,0,0,0,0,0,0,0,0,0,0,0,0,0,0,0.803347280334728,0,0,0,0,0,0,0.3686989918386942,0,0,0,0,0,0,0,0,0,0,0,0,0,0,0,0,0,0,0,0,0,0,0,0,0,0,0.13074565883554648,0,0,0,0.7312295973884658,0,0,0.08130425576963794,0,0,0,0,0.09495548961424333,0.12242945958871353,0.05461527520978524,0,0.04318488529014845,0,0,0,0,0,0,0,0,0,0,0,0,0.423997055576003,0,0,0.6056782334384858,0.2979053529868115,0,0,0.1650902837489252,0.22030981067125643,0,0,0.5346327880264533,0,0,0.7470817120622568,0,1,0,0,0,0,0,0.21075740944017565,0,0,0,0,0,0,0,0,0.25507686468020496,0.1560499847607437,0.03801227479706989,0.036226415094339624,0.06748681898066784,0.2608695652173913,0,0,0,0,0,0,0,0.31067961165048547,0,0,0,0,0,0,0,0,0,0,0.09302325581395349,0,0,0,0.10859728506787332,0,0,0,0,0,0,0.2256169212690952,0.047982006747469705,0,0.13464235624123422,0,0,0.1709706144256456,0,0.15724815724815727,0,0,0
MOTU22637,0,0,0,0,0,0,0,0,0,0,0,0,0,0,0,0,0,0,0,0,0,0,0,0,0,0,0,0,0,0,0,0,0,0,0,0,0,0,0,0,0,0,0,0,0,0,0,0,0,0,0,0,0,0,0,0,1,0,0,0,0,0,0,0,0,0,0,0,0,0,0,0,0,0,0,0,0,0,0,0,0,0,0,0,0,0,0,0,0,0,0,0,0,0,0,0,0,0,0,0,0,0,0,0,0,0,0,0,0,0,0,0,0,0,0,0,0,0,0,0,0,0,0,0,0,0,0,0,0,0,0,0,0,0,0,0,0,0,0,0,0,0,0,0,0,0,0,0,0,0,0,0,0,0,0,0,0,0,0,0,0,0,0,0,0,0,0,0,0,0,0,0,0,0,0,0,0,0,0,0,0,0,0,0,0,0,0,0,0,0,0,0,0,0,0,0,0,0,0,0,0,0,0
MOTU22896,0,0,0,0,0,0,0,0,0,0,0,0,0,0,0,0,0,0,0,0,0,0,0,0,0,0,0,0,0,0,0,0,1,0,0,0,0,0,0,0,0,0,0,0,0,0,0,0,0,0,0,0,0,0,0,0,0,0,0,0,0,0,0,0,0,0,0,0,0,0,0,0,0,0,0,0,0,0,0,0,0,0,0,0,0,0,0,0,0,0,0,0,0,0,0,0,0,0,0,0,0,0,0,0,0,0,0,0,0,0,0,0,0,0,0,0,0,0,0,0,0,0,0,0,0,0,0,0,0,0,0,0,0,0,0,0,0,0,0,0,0,0,0,0,0,0,0,0,0,0,0,0,0,0,0,0,0,0,0,0,0,0,0,0,0,0,0,0,0,0,0,0,0,0,0,0,0,0,0,0,0,0,0,0,0,0,0,0,0,0,0,0,0,0,0,0,0,0,0,0,0,0,0
MOTU23016,0,0,0,0,0,0,0,0,0,0,0,0,0.07067048941200141,0,0,0,0,0,0,0,0,0,0,0,0,0,0,0,0,0,0,0,0,0,0,0,0,0,0,0,0,0,0,0,0,0,0,0,0,0,0,0,0,0,0,0,0,0,0,0,0,0,0,0,0,0,0,0,0,0,0,0,0,0,0,0,0,0,0,0,0,0,0,0,0,0,0,0,0,0,0,0,0,0,0,0,0,0,0,0,0,0,0,0,0,0,0,0,0,0,0,0,0,0,0,0,0,0,0,0,0,0,0,0,0,0,0,0,0,0,0,0,0,0,0,0,0,0,0,0,0,0,0,0,0,0,0,0,0,1,0,0,0,0,0,0,0,0,0,0,0,0,0,0,0,0,0,0,0,0,0,0,0,0,0,0,0,0,0,0,0,0,0,0,0,0,0,0,0,0,0,0,0,0,0,0,0,0,0,0,0,0,0
MOTU2341,0,0,0,0,0,0,0,0,0,0,0,0,0,1,0,0,0,0,0,0,0,0,0,0,0,0,0,0,0,0,0,0,0,0,0.09663436263180343,0,0,0,0,0,0,0,0,0,0,0,0,0,0,0,0,0,0,0,0,0,0,0,0,0,0,0,0,0,0,0,0,0,0,0,0,0,0,0,0,0,0,0,0,0,0,0,0,0,0,0,0,0,0,0,0,0,0,0,0,0,0,0,0,0,0,0,0,0,0,0,0,0,0,0,0,0,0,0,0,0,0,0,0,0,0,0,0,0,0,0,0,0,0,0,0,0,0,0,0,0,0,0,0,0,0,0,0,0,0,0,0,0,0,0,0,0,0,0,0,0,0,0,0,0,0,0,0,0,0,0,0,0,0,0,0,0,0,0,0,0,0,0,0,0,0,0,0,0,0,0,0,0,0,0,0,0,0,0,0,0,0,0,0,0,0,0,0
MOTU23646,0,0,0,0,0,0,0,0,0,0,0,0,0,0,0,0,0,0,0,0,0,0,0,0,0,0,0,0,0,0,0,0,0,0,0,0,0,0,0,0,0,0,0,0,0,0,0,0,0,0,0,0,0,0,0,0,0,0,0,0,0,0,0,0,0,0,0,0,0,0,0,0,0,0,0,0,0,0,0,0,0,0,0,0,0,0,0,0,0,0,0,0,0,0,0,0,0,0,0,0,0,0,0,0,0,0,0,0,0,0,0,0,0,0,0,0,0,0,0,0,0,0,0,0,0,0,0,0,0,1,0,0,0,0,0,0,0,0,0,0,0,0,0,0,0,0,0,0,0,0,0.9787395596051633,0,0,0,0,0,0,0,0,0,0,0,0,0,0,0,0,0,0,0,0,0,0,0,0,0,0,0,0,0,0,0,0,0.19700443221763717,0,0,0,0,0,0,0,0,0,0,0,0,0,0,0,0,0,0,0
MOTU23716,0,0,0,0,0,0,0,0,0,0,0,0,0,0,0,0,0,0,0,0,0,0,0,0,0,0,0,0,0,0,0,0,0,0,0,0,0,0,0,0,0,0,0,0,0,0,0,0,0,0,0,0,0,0,0,0,0,0,0,0,0,0,0,0,0,0,0,0,0,0,0,0,0,0,0,0,0,0,0,0,0,0,0,0,0,0,0,0,0,0,0,0,0,0,0,0,1,0,0,0,0,0,0,0,0,0,0,0,0,0,0,0,0,0,0,0,0,0,0,0,0,0,0,0,0,0,0,0,0,0,0,0,0,0,0,0,0,0,0,0,0,0,0,0,0,0,0,0,0,0,0,0,0,0,0,0,0,0,0,0,0,0,0,0,0,0,0,0,0,0,0,0,0,0,0,0,0,0,0,0,0,0,0,0,0,0,0,0,0,0,0,0,0,0,0,0,0,0,0,0,0,0,0
MOTU23927,0,0,0,0,0,0,0,0,0,0,0,0,0,0,0,0,0,1,0,0,0,0,0,0,0,0,0,0,0,0,0,0,0,0,0,0,0,0,0,0,0,0,0,0,0,0,0,0,0,0,0,0,0,0,0,0,0,0,0,0,0,0,0,0,0,0,0,0,0,0,0,0,0,0,0,0,0,0,0,0,0,0,0,0,0,0,0,0,0,0,0,0,0,0,0,0,0,0,0,0,0,0,0,0,0,0,0,0,0,0,0,0,0,0,0,0,0,0,0,0,0,0,0,0,0,0,0,0,0,0,0,0,0,0,0,0,0,0,0,0,0,0,0,0,0,0,0,0,0,0,0,0,0,0,0,0,0,0,0,0,0,0,0,0,0,0,0,0,0,0,0,0,0,0,0,0,0,0,0,0,0,0,0,0,0,0,0,0,0,0,0,0,0,0,0,0,0,0,0,0,0,0,0
MOTU24015,0,0,0,0,0,0,0,0,0,0,0,0,0,0,0,0,0,0,0,0,0,0,0,0,0,0,0,0,0,0,0,0,0,0,0,0,0,0,0,0,0.003449290359233446,0.004265261639303132,0,0,0,0,0,0,0,0,0,0,0,0,0,0,0,0,0,0,0.18777398087742916,0,0,0,0.03686835827369334,0,0.018698784579002366,0.012525788387857353,0.011197839475677634,0,0.051842982137491535,1,0,0,0,0,0,0,0,0,0,0,0,0,0,0,0,0,0,0,0,0,0,0,0,0,0,0,0,0,0,0,0,0,0,0,0,0,0,0,0,0,0,0,0,0,0,0,0,0,0,0,0,0,0,0,0,0.0028155950843022294,0.00410940691589011,0,0,0,0.01008094405076052,0,0.005288289549406623,0,0,0.01803020058598152,0.01623279741230112,0,0.0038693524524866284,0,0,0,0,0.03167615786838091,0.00510522008753951,0,0.015822048489925078,0,0,0,0,0,0,0,0,0,0,0,0,0,0,0,0,0,0,0,0,0,0.006726413041327874,0.007210416931755525,0.005975605469436536,0,0,0,0,0,0,0,0,0,0,0,0,0,0,0,0,0,0,0,0,0,0,0,0,0.006960010644722163,0,0,0,0,0
MOTU24054,0,0,0,0,0,0,0,0,0,0,0,0,0,0,0,0,0,0,0,0,0,0,0,0,0,0,0,0,0,0,0,0,0,0,0,0,0,0,0,0,0,0,0,0,0,0,0,0,0,0,0,0,0,0,0,0,0,0,0,0,0,0,0,0,0,0,0,0,0,0,1,0,0,0,0,0,0,0,0,0,0,0.09432851201648816,0,0,0,0,0,0,0,0,0,0,0,0,0,0,0,0,0,0,0,0,0,0,0,0,0,0,0,0,0,0,0,0,0,0,0,0,0,0,0,0,0,0,0,0,0,0,0,0,0,0,0,0,0,0,0,0,0,0,0,0,0,0,0,0,0,0,0,0,0,0,0,0,0,0,0,0,0,0,0,0,0,0,0,0,0,0,0,0,0,0,0,0,0,0,0,0,0,0,0,0,0,0,0,0,0,0,0,0,0,0,0,0,0,0.49302006045616925,0,0,0,0,0,0,0
MOTU24071,0,0,0,0,0,0,0,0,0,0,0,0,0,0,0,0,0,0.05558210993513144,0,0,0,0,0,0,0,0,0,0,0,0,0,0,0,0,0,1,0,0,0,0,0,0,0,0,0,0,0,0,0,0,0,0,0,0,0,0,0,0,0,0,0,0,0,0,0,0,0,0,0,0,0,0,0,0,0,0,0,0,0,0,0,0,0,0,0,0,0,0,0,0,0,0,0,0,0,0.5216276834347965,0,0,0,0,0,0,0,0,0,0,0,0.9783653846153847,0,0,0,0.09187358916478555,0.1830859199280252,0,0,0,0,0,0,0,0,0,0,0,0,0,0,0,0,0,0,0,0,0,0,0,0,0,0,0,0,0,0,0,0,0,0,0,0,0,0,0,0,0,0,0,0,0,0,0,0,0,0,0,0,0,0,0,0,0,0,0,0,0,0,0,0,0,0,0,0.3943798449612403,0,0,0,0,0,0,0,0.4609286523216308,0,0,0,0,0,0,0,0,0,0,0,0,0,0
MOTU24457,0,0,0,0,0,0,0,0,0,0,0,0,0,0,0,0,0,0,0,0,0,0,0,0,0,0,0,0,0,0,0,0,0,0,0,0,0,0,0,0,0,0,0,0,0,0,0,0,0,0,0,0,0,0,0,0,0,0,0,0,0,0,0,0,0,0,0,0,0,0,0,0,0,0,0,0,0,0,0,0,0,0,0,0,0,0,0,0,0,0,0,0,0,0,0,0,0,0,0,0,0,0,0,0,0,0,0,0.2329727564102564,0,0,0,0,0,0,0,0,0,0,0,0,0,0,0,0,0,0,0,0,0,0,0,0,1,0,0,0,0,0,0,0,0,0,0,0,0,0,0,0,0,0,0,0,0,0,0,0,0,0,0,0,0,0,0,0,0,0,0,0,0,0,0,0,0,0,0,0,0,0,0,0,0,0,0,0,0,0,0,0,0,0,0,0,0,0,0,0,0,0,0,0,0,0,0
MOTU24918,0,0,0,0,0,0,0,0,0,0,0,0,0,0,0,0,0,0,0,0,0,0,0,0,0,0,0,0,0,0,0,0,0,0,0,0,0,0,0,0,0,0,0,0,0,0,0,0,0,0,0,0,0,0,0,0,0,0,0,0,0,0,0,0,0,0,0,0,0,0,0,0,0,0,0,0,0,0,0.42191184473063664,0,0.24768395272069002,0,0,0,0,0,0,0,0,0,0,0,0.7943989071038251,0,0,0,0,0.6568765885343124,0,0,0,0,0,0,0,0,0,0,0.5751730959446093,0,0,0,0,0,0,0,0,0,0,0,0,0,0,0,0,0,0,0,0,0,0,0,1,0,0,0,0,0,0,0,0,0,0,0,0,0,0,0,0,0,0,0,0,0,0,0,0,0,0,0,0,0,0,0,0,0,0,0,0,0,0,0,0,0,0,0,0,0,0,0,0,0,0,0,0,0,0,0,0,0,0,0,0,0,0,0,0,0,0,0,0,0.1335630203847258,0
MOTU25028,0,0,0,0,0,0,0,0,0,0,0,0,0,0,0,0,0,0,0,0,0,0,0,0,0,0,0,0,0,0,0,0,0,0,0,0,0,0,0,0,0,0,0,0,0,0,0,0,0,0,0,0,0,0,0,0,0,0,0,0,0,0,0,0,0,0,0,0,0,0,0,0,0,0,0,0,0,0,0,0,0,0,0,0,0,0,0,0,0,0,0,0,0,0,0,0,0.29519918283963226,0,0,0,0,0,0,0,0,0,0,0,0,0,0,0,0,0,0,0,0,0,0,0,0,0,0,0,0,0.31910195068089803,0,0,0,0,0,0,0,0,0,0,0,1,0,0,0,0,0,0,0,0,0,0,0,0,0,0,0,0,0,0,0,0,0,0,0,0,0,0,0,0,0,0,0,0,0,0,0,0,0,0,0,0,0,0,0,0,0,0,0,0,0,0,0,0,0,0,0,0,0,0,0,0,0,0,0,0,0
MOTU2516,0,0,0,0,0,0.039515841936632254,0,0,0,0,0,0,0,0,0,0.03081906524757057,0.01805758906783797,0,0,0.09385569334836527,0,0,0,0.15163934426229508,0,0,0,0,0,0,0,0,0,0,0,0,0,0,0,0.5373134328358209,0,0,0.5946428571428571,0,0,0,0.41469489414694893,0,0,0.6071103008204193,0.32883475971033577,0,0,0,0,0,0,0,0,0,1,0,0,0,0,0,0,0,0,0,0,0,0,0,0,0,0,0,0.3624161073825503,0,0,0.22060284862537266,0,0.5034013605442177,0,0,0,0,0,0,0,0.2780561122244489,0,0.15054249547920434,0,0,0,0,0,0.10547988596769085,0,0,0,0,0,0,0.07283464566929135,0,0,0,0.02368084198549282,0,0,0,0,0,0,0,0,0,0.9970059880239521,0.3340020060180542,0,0,0,0,0,0,0,0,0,0,0.4294926913155632,0,0,0.9,0,0,0,0,0,0,0,0,0,0,0,0,0,0,0,0,0,0,0,0,0.12639969633706585,0,0,0,0,0,0,0,0,0,0,0,0,0,0,0,0,0,0,0,0,0,0,0,0,0,0,0,0,0,0,0,0,0,0,0,0,0,0,0,0,0,0,0,0.056606980961015414,0,0
MOTU25190,0.5691464616597673,1,0.12138138474063301,0.033706438040803366,0.02187701264909704,0.010607508447159193,0,0,0,0,0,0.04440609721023871,0.001498742076760232,0.0030585599700338915,0.004780824906228668,0.01240945955819674,0.02989182190332944,0.009664276772504836,0,0.004199054569908423,0,0,0,0,0,0.008247783141189381,0.013781910836295179,0,0,0.01622902572334977,0,0,0,0.01638970914635323,0.010788012754551112,0.009151256519677572,0.005311317509459924,0.0060207094823338395,0.003250762734897466,0,0,0,0,0,0,0,0,0,0,0,0,0,0,0,0,0,0,0,0,0,0,0,0,0,0,0,0,0,0,0,0,0,0,0,0,0,0,0,0,0,0,0,0,0,0,0,0,0,0,0,0,0,0,0,0,0,0,0,0,0,0,0,0,0,0,0,0,0,0,0,0,0,0,0,0,0,0,0,0,0,0,0,0,0,0,0,0,0,0,0,0,0,0,0,0,0,0,0,0,0,0,0,0,0,0,0,0,0,0,0,0,0,0,0,0,0,0.0014137640552320256,0.0015135878912968695,0,0,0,0,0,0,0,0,0.005140428056252941,0,0,0,0,0,0,0,0,0,0,0,0,0,0,0,0,0,0,0,0,0,0,0,0,0,0,0,0,0,0,0,0,0,0,0,0
MOTU253,0,0,0,0,0,0,0,0,0,0,0,0,0,0,0,0,0,6.688045651855825e-4,0,0.09938194556289257,0.06835742771684945,0,0,0,0,0.003614926317454459,0,0,0,0,0,0,0,0,0,0,0,0,0,0,0,0,0,0.21292701863354035,0.22072434607645877,0.18608129780409574,0.31713663049279484,0.2533097290640394,0.32622070122070124,1,0.38043708266716825,0,0,0,0,0.04499835922117699,0.008081388495992456,0,0.12073519700638345,0.10842778070637848,0,0,0,0,0,0.05141544806899138,0,0.03139308608058608,0.05612975849365534,0.06583053288526164,0.08407418761496015,0,0.16572999758278945,0.2524934785944453,0.2643231955450846,0.09417925824175824,0.02479656419529837,0.07573177466863035,0.04263947552538156,0,0.07718065929385277,0.2011486774239341,0.065860174706571,0.4145880574452003,0.5401457457983193,0.19018723994452147,0.3314304795827503,0.180734481292517,0.12699699004399165,0.12440462689952371,0.17490433673469385,0.12431410439927473,0.2876841822794692,0.1859742314647378,0.01922402916024113,0.025106421934361696,0.060028454691376035,0.08298200669705894,0.015271319987749533,0.14892076564550433,0.07460554951033732,0.019183240457926274,0.06897635814889336,0.062214542814796894,0.30958965964892476,0.5909616919393456,0.06855393075865517,0.01569654304029304,0.06781651829871414,0.1467713101500763,0.1309481479976431,0.0563799983876169,0.08812094338410127,0.048368606701940035,0.05702848825119568,0.030897926994141504,0,0,0,0,0,0,0.05541523540109113,0,0,0.07209895367790105,0.029650785642208445,0.09173656854672704,0.22658479795703768,0.07598636817023163,0.1504697894520266,0,0,0.05619416441275306,0.01325391455635028,0.06353281853281853,0.02045522350952215,0,0.010170968699006081,0,0,0,0,0.019261834527321255,0.06046075837742504,0.15877840497901288,0.03838527573014836,0.021503057864199468,0.05948163678426836,0.04182765632943569,0,0,0.20065849643314432,0.02785206499661476,0.18861760660247592,0,0,0,0.001939149249087875,0,0,0,0,0,0,0,0,0.32188967136150237,0.07925537038820923,0.11094255663430422,0.08429124661912957,0.09035648392198208,0.05990607252075142,0,0.02601498766837412,0.013853808850272783,0,0,0,0.0410964035964036,0.26100065753045404,0.5376133300661602,0.0178897586431833,0.01496965131765682,0.022159825468649,0.1416092943201377,0.5030956202705801,0.5150839300387369,0.011092460766866203,0,0,0.011509568574785965,0.026925170918048587,0.06620035110818522,0.04121168102584652,0.003229890472264751,0.10673421202843651,0,0,0.008021820521820522,0.018870005504468334,0.007873959230548379,0.0010634214056938123
MOTU2539,0,0,0,0,0,0,0,0,0,0,0,0,0,0,0,0,0,0,0,0,0,0,0,0,0,0,0,0,0,0,0,0,0,0,0,0,0,0,0,0,0,0,0,0,0,0,0,0,0,0,0,0,0,0,0,0,0,0,0,0.7812335266209804,0,0,0,0,0,0,0,0,0,0,0,0,0,0,0,0,0,0,0,0,0,0,0,0,0,0,0,0.06301020408163266,0,0.3841493049930337,0,0,0,0,0,0,0,0,0,0,0,0,0,0,0,0,0.2778402699662542,0,0,0.06750017080002732,0.09033464046975638,0.07168655272492744,1,0,0,0,0,0,0,0,0,0,0,0,0,0,0,0,0,0,0,0,0,0,0,0,0,0,0,0,0,0,0,0,0,0.4290056448111159,0,0,0,0,0,0,0,0,0,0,0,0,0,0,0,0,0,0,0,0,0,0,0,0,0,0,0,0,0,0,0,0,0,0,0,0.12104876255819651,0,0,0.4789915966386555,0.34010327022375214,0,0,0,0,0,0,0,0,0,0,0,0,0,0,0,0,0
MOTU25499,0,0,0,0,0,0,0,0,0,0,0,0,0,0,0,0,0,0,0,0,0,0,0,0,0,0,0,0,0,0,0,0,0,0,0,0,0,0,0,0,0,0,0,0,0,0,0,0,0,0,0,0,0,0,0,0,0,0,0,0,0,0,0,0,0,0,0,0,0,0,0,0,0,0,0,0,0,0,0,0,0,0,0,0,0,0,0,0,0,0,0,0,0,0,0,0,0,0,0,0,0,0,0,0,0,0,0,0,0,0,0,0,0,0,0,0,1,0,0,0,0,0,0,0,0,0,0,0,0,0,0,0,0,0,0,0,0,0,0,0,0,0,0,0,0,0,0,0,0,0,0,0,0,0,0,0,0,0,0,0,0,0,0,0,0,0,0,0,0,0,0,0,0,0,0,0,0,0,0,0,0,0,0,0,0,0,0,0,0,0,0,0,0,0,0,0,0,0,0,0,0,0,0
MOTU25991,0,0,0,0,0,0,0,0,0,0,0,0,0,0,0,0,0,0,0,0,0,0,0,0,0,0,0,0,0,0,0,0,0,0,0,0,0,0,0,0,0,0,0,0,0,0,0,0,0,1,0,0,0,0,0,0,0,0,0,0,0,0,0,0,0,0,0,0,0,0,0,0,0,0,0,0,0,0,0,0,0,0,0,0,0,0,0.6512318195310182,0,0,0,0,0,0,0,0,0,0,0,0,0,0,0,0,0,0,0,0,0,0,0,0,0,0,0,0,0,0,0,0,0,0,0,0,0,0,0,0,0,0,0,0,0,0,0,0,0,0,0,0,0,0,0,0,0,0,0,0,0,0,0,0,0,0,0,0,0,0,0,0,0,0,0,0,0,0,0,0,0,0,0,0,0,0,0,0,0,0,0,0,0,0,0,0,0,0,0,0,0,0,0,0,0,0,0,0,0,0,0,0,0,0,0,0
MOTU2731,0,0,0,0,0,0,0,0,0,0,0,0,0,0,0,0,0,0,0,0,0,0,0,0,0,0,0,0,0,0,0,0,0,0,0,0,0,0,0,0,0,0,0,0,0,0,0,0,0,0,0,0,0,0,0,0,0,0,0,0,0,0,0,0,0,0,0,0,0,0,0,0,0,0,0,0,0,0,0,0,0,0,0,0,0,0,0,0.0096265589569161,0,0,0,0,0,0,0,0,0,0,0,0,0,0.010558262802427974,0,0,0,0,0,0,0,0,0,0,0.007275132275132276,0,0,0,0,0,0,0,0,0,0,0,0,1,0,0.023303485659393438,0,0,0,0.03990775829147205,0,0,0,0,0,0,0,0,0,0,0,0,0,0,0,0,0,0.4604304355194035,0,0,0.08283031522468143,0,0,0,0,0,0,0,0,0,0,0,0,0,0,0,0,0,0,0,0,0,0,0,0,0,0,0,0,0,0,0,0,0,0,0,0,0,0,0,0,0,0,0,0,0,0,0,0,0,0
MOTU2817,0,0,0,0,0,0,0,0,0,0,0,0,0,0,0,0,0,0,1,0,0,0,0,0,0,0,0,0,0,0,0,0,0,0,0,0,0,0,0,0,0,0,0,0,0,0,0,0,0,0,0,0,0,0,0,0,0,0,0,0,0,0,0,0,0,0,0,0,0,0,0,0,0,0,0,0,0,0,0,0,0,0,0,0,0,0,0,0,0,0,0,0,0,0,0,0,0,0,0,0,0,0,0,0,0,0,0,0,0,0,0,0,0,0,0,0,0,0,0,0,0,0,0,0,0,0,0.00730770482731682,0,0,0,0,0,0,0,0,0,0,0,0,0,0,0,0,0,0,0,0,0,0,0,0,0,0,0,0,0,0,0,0,0,0,0,0,0,0,0,0,0,0,0,0,0,0,0,0,0,0,0,0,0,0,0,0,0,0,0,0,0,0,0,0,0,0,0,0,0,0,0,0,0,0,0,0
MOTU2859,0,0,0,0,0,0,0,0,0,0,0,0,0,0,0,0,0,0,0,0,0,0,0,0,0,0,0,0,0,0,0,0,0,0,0,0,0,0,0,0,0,0,0,0,0,0,0,0,0,0,0,0,0,0,0,0,0,0,0,0,0,0,0,0,0,0,0,0,0,0,0,0,0,0,0,0,0,0,0.24922909486667874,0,0,0,0,0,0,0,0,0,0,0.415513721932411,0.34077380952380953,0,0,0,0,0,0,0,0,0,0,0,0,0,0,0,0,0,0,0,0.03257004693500214,0.05169300225733634,0.8241115609536663,0,1,0,0,0,0,0,0,0,0,0,0,0.33713654766286344,0,0,0,0,0,0,0,0,0,0,0,0,0,0,0,0,0,0,0,0,0,0,0,0,0,0,0,0,0,0,0,0,0,0,0,0.3111413043478261,0,0,0,0,0,0,0,0,0,0,0,0,0,0,0,0,0,0,0.22189922480620156,0.26186392224128074,0,0,0,0,0,0,0,0,0,0,0,0,0,0,0,0,0,0,0,0,0
MOTU2897,0,0,0,0,0,0,0,0,0,0,0,0,0,0,0,0,0,0,0,0,0,0,0,0,0,0,0,0,0,0,0,0,0,0,0,0,0,0,0,0,0,0,0,0,0,0,0,0,0,0,0,0,0,0,0,0,0,0,0,0,0,0,0,0,0,0,0,0,0,0,0,0,0,0,0,1,0,0,0,0,0,0,0,0,0,0,0,0,0,0,0,0,0,0,0,0,0,0,0,0,0,0,0,0,0,0,0,0,0,0,0,0,0,0,0,0,0,0,0,0,0,0,0,0,0,0,0,0.01542634344804204,0,0,0,0,0,0,0,0,0,0,0,0,0,0,0,0,0,0,0,0,0,0,0,0,0,0,0,0,0,0,0,0,0,0,0,0,0,0,0,0,0,0,0,0,0,0,0,0,0,0,0,0,0,0,0,0,0,0,0,0,0,0,0,0,0,0,0,0,0,0,0,0,0,0,0
MOTU29028,0,0,0,0,0,0,0,0,0,0,0,0,0,0,0,0,0,0,0,0,0,0,0,0,0,0,0,0,0,0,0,0,0,0,0,0,0,0,0,0,0,0,0,0,0,0,0,0,0,0,0,0,0,0,0,0,0,0,0,0,0,0,0,0,0,0,0,0,0,0,0,0,0,0,0,0,0,0,0,0,0,0,0,0,0,0,0,0,0,0,0,0,0,0,0,0,0,0,0,0,0,0,0,0,0,0,0,0,0,0,0,0,0,1,0,0,0,0,0,0,0,0,0,0,0,0,0,0,0,0,0,0,0,0,0,0,0,0,0,0,0,0,0,0,0,0,0,0,0,0,0,0,0,0,0,0,0,0,0,0,0,0,0,0,0,0,0,0,0,0,0,0,0,0,0,0,0,0,0,0,0,0,0,0,0,0,0,0,0,0,0,0,0,0,0,0,0,0,0,0,0,0,0
MOTU29156,0,0,0,0,0,0,0,0,0,0,0,0,0,0,0,0,0,0,0,0,0,0,0,0,0,1,0,0,0,0,0,0,0,0,0,0,0,0,0,0,0,0,0,0,0,0,0,0,0,0,0,0,0,0,0,0,0,0,0,0,0,0,0,0,0,0,0,0,0,0,0,0,0,0,0,0,0,0,0,0,0,0,0,0,0,0,0,0,0,0,0,0,0,0,0,0,0,0,0,0,0,0,0,0,0,0,0,0,0,0,0,0,0,0,0,0,0,0,0,0,0,0,0,0,0,0,0,0,0,0,0,0,0,0,0,0,0,0,0,0,0,0,0,0,0,0,0,0,0,0,0,0,0,0,0,0,0,0,0,0,0,0,0,0,0,0,0,0,0,0,0,0,0,0,0,0,0,0,0,0,0,0,0,0,0,0,0,0,0,0,0,0,0,0,0,0,0,0,0,0,0,0,0
MOTU29536,0,0,0,0,0,0,0,0,0,0,0,0,0,0,0,0.11531698287829709,0,0,0,0,0,0,0,0,0,0,0,0,0,0,0,0,0,0,0,0,0,0,0,0,0,0,0,0,0,0,0,0,0,0,0,0,0,0,0,0,0,0,0,0,0,0,0,0,0,0,0,0,0,0,0,0,0,0,0,0,0,0,0,0,0,0,0,0,0,0,0.7396853665776195,0,0,0,0,0,0,0,0,0,0,0,0,0,0,0,0,0,0,0,0,0,0,0,0,0,0,0,0,0,0,0,0,0,0,0,0,0,0,0,0,0,0,0,0,0,0,0,0,0,0,0,0,0,0,0,0,0,0,0,0,0,0,0,0,0,0,0,0,0,0,0,0,0,0,0,0,0,0,0,0,0,0,0,0,0,0,0,0,0,0,0,0,0,0,0,0,0,0,0,1,0,0,0,0,0,0,0,0,0,0,0,0,0,0,0,0
MOTU30440,0,0,0,0,0,0,0,0,0,0,0,0,0,0,0,0,0,0,0,0,0,0,0,0,0,0,0,0,0,0,0,0,0,0,0,0,0,0,0,0,0,0,0,0,0,0,0,0,0,0,0,0,0,0,0,0,0,0,0,0,0,0,0,0,0,0,0,0,0,0,0,0,0,0,0,0,0,0,0,0,0,0,0,0,0,0,0,0,0,0,0,0,0,0,0,0,0,0,1,0,0,0,0,0,0,0,0,0,0,0,0,0,0,0,0,0,0,0,0,0,0,0,0,0,0,0,0,0,0,0,0,0,0,0,0,0,0,0,0,0,0,0,0,0,0,0,0,0,0,0,0,0,0,0,0,0,0,0,0,0,0,0,0,0,0,0,0,0,0,0,0,0,0,0,0,0,0,0,0,0,0,0,0,0,0,0,0,0,0,0,0,0,0,0,0,0,0,0,0,0,0,0,0
MOTU30881,0,0,0,0,0,0,0,0,0,0,0,0,0,0,0,0,0,0,0,0,0,0,0,0,0,0,0,0,0,0,0,0,0,0,0,0,0,0,0,0,0,0,0,0,0,0,0,0,0,0,0,0,0,0,0,0,0,0,0,0,0,0,0,0,0,0,0,0,0,0,0,0,0,0,0,0,0,0,0,0,0,0,0,0,0,0,0,0,0,0,0,0,0,0,0,0,0,0,0,0,0,0,0.24849094567404428,0,0,0,0,0,0,0,0,0,0,0,0,0,0,0,0,0,0,0,0,0,0,0,0,0,0,0,0,0,0,0,0,0,0,0,0,0,0,0,0,0,0,0,0,0,1,0,0,0,0,0,0,0,0,0,0,0,0,0,0,0,0,0,0,0,0,0,0,0,0,0,0,0,0,0,0,0,0,0,0,0,0,0,0,0,0,0,0,0,0,0,0,0,0,0,0,0,0,0,0
MOTU3133,0,0,0,0,0,0,0,0,0,0,0,0,0,0,0,0,0,0,0,0,0,0,0,0,0,0,0,0,0,0,0,0,0,0,0,0,0,0,0,0,0,0,0,0,0,0,0,0,0,0,0,0,0,0,0,0,0,0,0,0,0,0,0,0,1,0,0,0,0,0,0,0,0,0,0,0,0,0,0,0,0,0,0,0,0,0,0,0,0,0,0,0,0,0,0,0,0,0,0,0,0,0,0,0,0,0,0,0,0,0,0,0,0,0,0,0,0,0,0,0,0,0,0,0,0,0,0,0,0,0,0,0,0,0,0,0,0,0,0,0,0,0,0,0,0,0,0,0,0,0,0,0,0,0,0,0,0,0,0,0,0,0,0,0,0,0,0,0.7464788732394365,0,0,0,0,0,0,0,0,0,0,0,0,0,0,0,0,0,0,0,0,0,0,0,0,0,0,0,0,0,0,0,0,0,0,0
MOTU32094,0,0,0,0,0,0,0,0,0,0,0.5524940617577198,0,0,0,0,0,0,0.0397063844315466,0,0,0,0,0,0,0,0,0,0,0,0,0,0,0,0,0,0,0,0,0,0,0,0,0,0,0,0,0,0,0,0,0,0,0,0,0,0,0,0,0,0,0,0,0,0,0,0,0,0,0,0,0,0,0,0,0,0,0,0,0,0,0,0,0,0,0,0,0,0,0,0,0,0,0,0,0,0,0,0,0,0,0,0,0,0,0,0,0,0,0,0,0,0,0,0,0,0,0,0,0,0,0,0,0,0,0,0,0,0,0,0,0,0,1,0,0,0,0,0,0,0,0,0,0,0,0,0,0,0,0,0,0,0,0,0,0,0,0,0,0,0,0.10219683655536028,0,0,0,0,0,0,0,0,0,0,0,0,0,0,0,0,0,0,0,0,0,0,0,0,0,0,0,0,0,0,0,0,0,0,0,0,0,0,0,0,0,0
MOTU32118,0,0,0,0,1,0,0,0,0,0,0,0,0,0,0,0,0,0,0,0,0,0,0,0,0,0,0,0,0,0,0,0,0,0,0,0,0,0,0,0,0,0,0,0,0,0,0,0,0,0,0,0,0,0,0,0,0,0,0,0,0,0,0,0,0,0,0,0,0,0,0,0,0,0,0,0,0,0,0,0,0,0,0,0,0,0,0,0,0,0,0,0,0,0,0,0,0,0,0,0,0,0,0,0,0,0,0,0,0,0,0,0,0,0,0,0,0,0,0,0,0,0,0,0,0,0,0,0,0,0,0,0,0,0,0,0,0,0,0,0,0,0,0,0,0,0,0,0,0,0,0,0,0,0,0,0,0,0,0,0,0,0,0,0,0,0,0,0,0,0,0,0,0,0,0,0,0,0,0,0,0,0,0,0,0,0,0,0,0,0,0,0,0,0,0,0,0,0,0,0,0,0,0
MOTU3268,0,0,0,0,0,0,0,0,0,0,0,0,0,0,0,0,0,0,0,0,0,0,0,0,0,0,0,0,0,0,0,0,0,0,0,0,0,0,0,0,0,0,0,0,0,0,0,0,0,0,0,0,0,0,0,0,0,0,0,0,0,0,0,0,0,0,0.060261218155955,0.06055093555093556,0,0,0,0,0,0,0.037764901333117225,0,0,0,0,0,0,0,0,0,0,0,0,0,0,0,0,0,0,0,0,0,0,0,0,0,0,0,0,0,0,0,0,0,0,0,0,0,0,0,0,0,0,0,0,0,0,0,0,0,0,0,0,0,0,0,0,0,0,0,0,0,0,0,0,0,0,0,0,0,0,0,0,0,0,0,0,0,0,0,0,0,0,0,0,0,0,0,0,0,0,0,0,0,0,0,0,0,0,0,0,0,1,0,0,0,0,0,0,0,0,0,0,0,0,0,0,0,0,0,0,0,0,0,0,0,0,0,0
MOTU33368,1,0.10480452190296749,0.07881686149486361,0,0,0,0,0,0,0,0,0,0,0,0,0,0,0,0,0,0.6655034895314058,0,0,0,0,0,0,0,0,0,0,0,0,0,0.32223026792179577,0,0,0,0,0,0,0,0,0,0,0,0,0,0,0,0,0,0,0,0,0,0,0,0,0,0,0,0,0,0,0,0,0,0,0,0,0,0,0,0,0,0,0,0,0,0,0,0,0,0,0,0,0,0,0,0,0,0,0,0,0,0,0,0,0,0,0,0,0,0,0,0,0,0,0,0,0,0,0,0,0,0,0,0,0,0,0,0,0,0,0,0,0,0,0,0,0,0,0,0,0,0,0,0,0,0,0,0,0,0,0,0,0,0,0,0,0,0,0,0,0,0,0,0,0,0,0,0,0,0,0,0,0,0,0,0,0,0,0,0,0,0,0,0,0,0,0,0,0,0,0,0,0,0,0,0,0,0,0,0,0,0,0,0,0,0,0,0
MOTU33875,0,0,0,0,0,0,0,0,0,0,0,0,0,0,0,0,0,0,0,0,0,0,0,0,0,0,1,0,0,0,0,0,0,0,0,0,0,0,0,0,0,0,0,0,0,0,0,0,0,0,0,0,0,0,0,0,0,0,0,0,0,0,0,0,0,0,0,0,0,0,0,0,0,0,0,0,0,0,0,0,0,0,0,0,0,0,0,0,0,0,0,0,0,0,0,0,0,0,0,0,0,0,0,0,0,0,0,0,0,0,0,0,0,0,0,0,0,0,0,0,0,0,0,0,0,0,0,0,0,0,0,0,0,0,0,0,0,0,0,0,0,0,0,0,0,0,0,0,0,0,0,0,0,0,0,0,0,0,0,0,0,0,0,0,0,0,0,0,0,0,0,0,0,0,0,0,0,0,0,0,0,0,0,0,0,0,0,0,0,0,0,0,0,0,0,0,0,0,0,0,0,0,0
MOTU34149,0,0,0,0,0,0,0,0,0,0,0,0,0,0,0,0,0,0.09411061795834755,0,0,0,0,0,0,0,0,0,0,0,0,0,0,0,0,0,0,0,0,0,0,0,0,0,0,0,0,0,0,0,0,0,0,0,0,0,0,0,0,0,0,0,0,0,0,0,0,0,0,0,0,0,0,0,0,0,0,0,0,1,0,0,0,0,0,0,0,0,0,0,0,0,0,0,0,0,0,0,0,0,0,0,0,0,0,0,0,0,0,0,0,0,0,0,0,0,0,0,0,0,0,0,0,0,0,0,0,0,0,0,0,0,0,0,0,0,0,0,0,0,0,0,0,0,0,0,0,0,0,0,0,0,0,0,0,0,0,0,0,0,0,0,0,0,0,0,0,0,0,0,0,0,0,0,0,0,0,0,0,0,0,0,0,0,0,0,0,0,0,0,0,0,0,0,0,0,0,0,0,0,0,0,0,0
MOTU34439,0,0,0,0,0,0,0,0,0,0,0,0,0,0,0,0,0,0,0,0,0,0,0,0,0,0,0,0,0,0,0,0,0,0,0,0,0,0,0,0,0,0,0,0,0,0,0,0,0,0,0,0,0,0,0,0,0,0,0,0,0,0,0,0,0,0,0,0,0,0,0,0,0,0,0,0,0,0,0,0,0,0,0,0,0,0,0,0,0,0,0,0,0,0,0,0,0,0,0,0,0,0,0,0,0,0,0,0,0,0,0,0,0,0,0,0,0,0,0,0,0,0,0,0,0,0,0,0,0,0,0,0,0,0,0,0,0,0,0,0,0,0,0,0,0,0,0,0,0,0,0,0,0,0,0,0,0,0,0,0,0,0,0,0,0,0,0,0,0,0,0,0,0,0,0,0,0,0,0,0,0,0,0,0,0,0,0,0,0,0,0,0,1,0,0,0,0,0,0,0,0,0,0
MOTU34499,0,0,0,0.272110242698478,0.21585903083700442,0.7064791740833037,0,0,0,0.25639534883720927,0.15712589073634203,0,0,0,0,0,0,0,0.36831848552338525,0,0,0,0,0,0,0,0,0,0,0,0,0,0,0,0.2395003620564808,0,0.11791443850267379,0,0,0,0,0,0,0,0,0.28562176165803105,0.411892901618929,0,0.09029484029484029,0,0,0,0,0,0.8546511627906976,0.2532542113323124,0.6822400990099009,0,0,0,0,0,0,0,0,0,0,0,0,0,0,0,0,0,0,0,0.2093354430379747,0.4262242268041237,0,0,0,0,0,1,0,0,0,0,0,0,0,0,0,0,0,0,0,0,0,0,0,0,0,0,0.13067957329118923,0,0,0,0,0,0.02352083629640165,0,0,0,0,0,0,0,0,0,0,0.33174523570712133,0,0,0,0,0,0,0,0,0,0,0,0,0,0,0,0,0,0,0,0,0,0,0,0,0,0,0,0,0,0.08658376963350786,0,0,0,0.21463335496430888,0,0,0,0,0,0,0,0,0,0,0,0,0,0,0,0,0,0,0,0,0,0,0,0,0,0,0,0,0,0,0,0,0,0.1450657894736842,0.17527821939586646,0,0,0,0,0,0,0,0,0,0,0,0
MOTU34743,0,0,0,0,0,0,0,0,0,0,0,0,0,0,0,0,0,0,0,0,0,0,0,0,0,0,0,0,0,0,0,0,0,0,0,0,0,0,0,0,0,0,0,0,0,0,0,0,0,0,0,0,0,0,0,0,0,0,0,0,0,0,0,0,0,0,0,0,0,0,0,0,0,0,0,0,0,0,0,0,0,0,0,0,0,0,0,0,0,0,0,0,0,0,0,0,0,0,0,0,0,0,0,0,0,0,0,0,0,0,0,0,0,0,0,0,0,0,0,0,0,0,0,0,0,0,0,0,0,0,0,0,0,0,0,0,0,0,0,0,0,0,0,0,0,0,0,0,0,0,0,0,0,0,0,0,0,0,0,0,0,0,0,0,0,0,0,0,0,0,0,0,0,0,0,0,0,0,0,0,0,0,0,0,0,0,0,0,0,0,0,0,0,0,0,0,0,0,0,0,1,0.6755861804957412,0.31934567432097427
MOTU35058,0,0,0,0,0,0,0,0,0,0,0,0,0,0,0,0,0,0,0,0,0,0,0,0,0,0,0,0,0,0,0,0,0,0,0,0,0,0,0,0,0,0,0,0,0,0,0,0,0,0,0,0,0,0,0,0,0.08745874587458746,0,0,0,0,0,0,0,1,0,0,0,0,0,0,0,0,0,0,0,0,0,0,0,0,0,0,0,0,0,0,0,0,0,0,0,0,0,0,0,0,0,0.041317481972325085,0,0,0,0,0.04488672453948762,0,0,0,0,0,0,0,0,0,0,0,0,0,0,0,0,0,0,0,0,0,0,0,0.15273775216138327,0,0.16446858029480219,0,0,0.09114359415305245,0,0,0,0.14758092586146887,0,0,0,0,0,0,0,0,0,0,0,0,0,0,0,0,0,0,0,0,0,0,0,0,0,0,0,0,0,0,0,0,0,0,0.1955719557195572,0,0,0,0,0,0,0,0,0,0,0,0,0,0,0,0,0,0,0,0.1245593419506463,0.026490066225165566,0.0651305683563748,0,0,0,0,0,0,0,0,0
MOTU3539,0,0,0,0,0,0,0,0,0,0,0,0,0,0,0,0,0,0,0,0,0,0,0,0,0,0,0.0425531914893617,0,0,0,0,0,0,0,0,0,0,0,0,0,0,0,0,1,0,0,0,0,0,0.1257976298997265,0,0,0,0,0,0,0,0,0,0,0,0,0,0,0,0,0,0,0,0,0,0,0,0,0,0,0,0,0.02503174315254852,0,0.014694920668725376,0,0.028997688590039924,0,0,0,0.04096170970614426,0,0,0,0,0.02304609218436874,0,0.06238698010849909,0,0,0,0,0.0806860261157669,0,0,0,0,0,0,0.03854748603351955,0,0.027644230769230768,0.03412462908011869,0,0.009813682264258284,0,0.0310391363022942,0,0,0,0,0,0,0,0,0,0,0,0,0,0,0,0,0,0,0,0,0,0,0,0,0,0,0,0,0,0.18982118294360384,0,0.08518518518518518,0,0,0,0,0,0,0,0,0.043601895734597156,0,0,0,0,0,0,0,0,0,0,0,0,0,0,0,0,0,0,0,0,0,0,0,0,0,0,0,0.1183533447684391,0,0,0,0,0.05537720706260032,0.17009038619556285,0,0,0,0,0,0,0,0,0,0,0,0,0,0,0
MOTU3641,0,0,0,0,0.1065659744073841,0,0,0,0.12279429538312789,0,0,0,0,0,0,0,0,0,0,0,0,0,0,0.09914129586260734,0,0,0,0,0,0,0,0,0,0,0,0,0,0,0,0,0,0,0,0,0,0,0,0,0,0,0,0,0,0,0,0,0,0,0,0,0,0.9033787788974511,0,0,0,0,0,0,0,0,0,0,0,0,0,0,0,0,0,0,0,0,0,0,0,0,0,0,0,0,0,0,0,0,0.2136548436842843,0,0,0,0,0,0,0.035533586700552594,0,0,0,0,1,0,0,0,0.015482455249202512,0.012286359238955175,0,0,0,0,0,0,0,0,0,0,0,0,0,0,0,0,0,0,0,0,0,0,0,0,0,0,0,0,0,0,0,0,0,0,0,0.11949192410224244,0,0,0,0,0,0,0,0,0,0,0,0,0,0,0,0,0,0,0,0,0,0,0,0,0,0,0,0,0,0,0,0,0,0,0,0,0.061570782159017456,0,0,0,0,0,0,0,0,0,0,0,0,0,0,0,0,0,0
MOTU3658,0,0,0,0,0,0,0,0,0,0,0,0,0,0,0,0,0,0,0,0,0,0,0,0,0,0,0,0,0,0,0,0,0,0,0,0,0,0,0,0,0,0,0,0,0.05475352112676057,0,0,0,0,0,0,0,0,0,0,0,0,0,0,0,0,0,0,0,0,0,0,0,0,0,0,0,0,0,0,0,0,0,0,0,0,0,0,0,0,0,0,0,0,0,0,0,0,0,0,0,0,0,0,0,0,0,0,0,0,0,0,0,0,0,0,0,0,0,0,0,0,0,0,0,0,0,0,0,0,0,0,0,0,0,0,0,0,0,0,0,0,0,0,0,0,0,0,0,0,0,0,0,0,0,0,0,0,0,0,0,0,0,0,0,0,0,0,0,0,0,0,0,0,0,0,0,0,0,0,0,0,1,0.039507113821138216,0,0,0,0,0,0,0,0,0,0,0,0,0,0,0,0,0,0,0,0,0,0,0,0
MOTU3684,0,0,0,0,0,0,0,0,0,0,0,0,0,0,0,0,0,0,0,0,0,0,0,0,0,0,0,0,0,0,0,0,0,0,0.5814627081824765,0,0,0,0,0,0,0,0,0,0,0,1,0,0,0,0,0,0,0,0,0,0,0,0,0,0,0,0,0,0,0,0,0,0,0,0,0,0,0,0,0,0,0,0,0,0,0,0,0,0,0,0,0.35848214285714286,0,0.18212746654570197,0,0,0.27424863387978143,0,0,0,0,0,0,0.25435540069686413,0,0,0,0,0.15863295140260766,0,0.17563429571303588,0,0,0.38402678144428504,0,0.13594808126410834,0,0,0,0,0,0,0,0,0,0,0,0,0,0,0,0,0,0,0,0,0,0,0,0,0,0,0,0,0,0,0,0,0,0,0,0,0,0,0,0,0,0,0,0,0,0,0,0,0,0,0,0,0,0,0,0,0,0.6496763754045308,0,0,0,0,0,0,0,0,0,0,0.38905038759689925,0.4591194968553459,0,0.12272657802231392,0,0,0.32223113964687,0,0,0,0,0,0,0,0,0,0,0,0,0,0,0,0
MOTU3704,0,0,0,0,0,0,0,0,0,0,0,0,0,0,0,0,0,0,0,0,0,0,0,0,0,0,0,0,0,0,0,0,0,0,0,0,0,0,0,0,0,0,0,0,0,0,0,0,0,0,0,0,0,0,0,0,0,0,0,0,0,0,0,0,0,0,0,0,0,0,0,0,0,0,0,0,0,0,0,0,0,0,0,0,0,0,0,0,0,0,0,0,0,0,0,0,0,0,0,0,0,0,0,0,0,0,0,0,0,0,0,1,0,0,0,0,0,0,0,0,0,0,0,0,0,0,0,0,0,0,0,0,0,0,0,0,0,0,0,0,0,0,0,0,0,0,0,0,0,0,0,0,0,0,0,0,0,0,0,0,0,0,0,0,0,0,0,0,0,0,0,0,0,0,0,0,0,0,0,0,0,0,0,0,0,0,0,0,0,0,0,0,0,0,0,0,0,0,0,0,0,0,0
MOTU3747,0,0,0,0,0,0,0,0,0,0,0,0,0,0,0,0,0,0,0,0,0,0,0,0,0,0,0,0,0,0,0,0,0,0,0,0,0,0,0,0,0,0,0,0,0,0,0,0,0.3993083993083993,1,0,0,0,0,0,0,0,0,0,0,0,0,0,0,0,0,0,0,0,0,0,0,0,0,0,0,0,0,0,0,0.07787598054875235,0.12112178425527216,0.0768368704909995,0,0,0,0.10853863658850302,0.05441468253968254,0,0,0,0,0,0,0,0,0,0,0,0,0,0,0,0,0,0,0,0,0,0,0.052007775091262504,0.041271632806621515,0,0,0,0,0,0,0,0,0,0,0,0,0,0.13458471353208196,0,0.13172430355427472,0,0,0,0,0,0,0,0,0,0,0,0,0.18102310231023103,0,0,0,0,0,0,0,0,0,0,0,0,0,0,0,0,0,0,0,0,0,0,0,0,0,0,0.8583724569640062,0,0,0,0,0,0,0,0,0,0,0,0,0.1771640826873385,0.41814370116256905,0,0,0,0,0.7336811128945959,0.15023281292796492,0,0,0,0,0,0,0,0,0,0,0,0,0,0,0
MOTU3828,0,0,0,0,0,0,0,0,0,0,0,0,0,0,0,0,0,0,0,0,0,0,0,0,0,0,0,0,0,0,0,0,0,0,0,0,0,0,0,0,0,0,0,0,0,0,0,0,0,0,0,0,0,0,0,0,0,0,0,0,0,0,0,0,0,0,0,0,0,0,0,0,0,0,0,0,0,0,0,0,0,0,0,0,0,0,0,0,0,0,0,0,0,0,0,0,0,0,0,0,0,0,0,0,0,0,0,0,0,0,0,0,0,0,0,0,0,0,0,0,0,0,0,1,0.7331134473991617,0,0,0,0,0,0,0,0,0,0,0,0,0,0,0,0,0,0,0,0.00667254556143445,0,0,0,0,0,0,0,0,0,0,0,0,0,0,0,0,0,0,0,0,0,0,0,0,0,0,0,0,0,0,0,0,0,0,0,0,0,0,0,0,0,0,0,0,0,0,0,0,0,0,0,0,0,0,0,0,0,0
MOTU3990,0,0,0,0,0,0,0,0,0,0,0,0,0,0,0,0,0,0,0,0,0,0,0,0,0,0.06627145229747185,0,0,0,0,0,0,0,0,0,0,0,0,0,0,0,0,0,0,0,0,0,0,0,0,0,0,0,0,0,0,0,0,0,0,0,0,0,0,0,0,0,0,0,0,0,0,0,0,0,0,0,0,0,0,0,0,0,0,0,0,0,0.4275297619047619,0,0,0,0,0,0,0,0,0,0,0,0,0,0,0,0,0,0,0,0.14388020833333331,0,0,0,0.08106659142212189,0.24232456140350875,0,0,0,0,0,0,0,0,0,0,0,0,0,0,0,0,0,0,0,0,0,0,0,1,0,0,0,0,0,0,0,0,0,0,0,0,0,0,0,0,0,0,0,0,0,0,0,0,0,0,0,0,0,0,0,0,0,0,0,0,0,0,0,0,0,0,0,0,0,0.13118721461187213,0,0,0,0,0,0,0,0.19031531531531531,0,0,0,0,0,0,0,0,0,0,0,0
MOTU4010,0,0,0,0,0,0,0,0,0,0,0,0,0,0,0,0,0,0,0,0,0,0,0,0,0,0,0,0,0,0,0,0,0,0,0,0,0,0,0,0,0,0,0,0,0,0,0,0,0,0,0,0,0,0,0,0,0,0,0,0,0,0,0,0,0,0,0,0,0,0,0,0,0,0,0,0,0,0,0,0,0,0,0,0,0,0,0,0.08571428571428573,0,0,0,0,0,0,0,0,0,0.16266591358373342,0,0,0,0,0,0.12195638365445692,0,0,0,0.23076923076923078,0,0.09182209469153516,0,0,0,0,0,0,0,0,0,0,0,0,0,0,0,0.423997055576003,0,0.207492795389049,0.6056782334384858,0,0,0,0,0,0,0,0,0,0,0,0.8554455445544555,1,0,0,0,0,0,0,0,0.40996441281138796,0.8747152619589978,0,0,0,0,0,0,0,0,0,0,0,0,0,0,0,0,0,0,0,0,0,0,0,0,0,0,0,0,0,0,0,0,0,0,0,0,0,0,0,0,0,0,0,0,0,0,0,0,0,0,0,0
MOTU413,0,0,0,0,0,0,0,0,0,0,0,0,0.003347920124742216,0,0,0,0,0,0.07412026726057906,0,0,0,0,0,0,0,0,0,0,0,0,0,0,0,0,0,0,0,0,0,0,0,0,0,0.37498591549295773,0,0,0,0,0,0,0,0,0,0.042997416020671836,0,0,0,0,0,0,0,0,0,0,0,0,0,0,0.19172347575612098,0.07790870074131875,0,0,0,0,0,0,0,0,0,0.14175274198700882,0.04409407088439881,0.2517503677243118,0.1257747543461829,0.36705882352941177,0,0.01975660433363016,0.2773333333333333,0.647260940032415,0.3472170560217736,0.3466666666666666,0.3112358049432198,0.1591256830601093,0.060180831826401444,0.06531894013738959,0.27724447292534443,0.3172761321075928,0.28195425021180454,0.12972130189046968,0.0843332277478619,0.23538628944504894,0.5105794026440346,0.2511066398390342,0.23957654033453313,0.10519162386408533,0.2788826815642458,0.1746981627296588,1,0.8887833827893175,0.9549497847919656,0.3265993457545157,0.33805869074492095,0.2994152046783626,0.6573827160493827,0.3875400291120815,0.15747634069400632,0,0,0,0,0.398562874251497,0.20028084252758274,0.659009900990099,0,0,0.2939712918660287,0.10074672048435922,0.09590778097982708,0.13997896950578337,0.2065477114041893,0.06390782525204032,0.205305367057372,0.2003095442820292,0.1527481353987378,0.4053044654939107,0.7555459459459459,0.20850678733031675,0.30708189158016147,0.3110280373831775,0.258988326848249,0.4613069306930693,0.7511111111111111,0.5493259972489682,0.19634218289085545,0.12325925925925926,0.3371833839918946,0.21737426518615285,0.2922502744237102,0.47157894736842104,0.1894946619217082,0.15161731207289292,0,0.17044814340588987,0.021030015797788307,0,0,0,0,0,0.006279245283018867,0,0,0,0,0,0,0,0,0,0,0,0,0,0,0,0,0,0,0,0.13963636363636364,0.11286821705426356,0,0.26745570776255706,0.2848357022772428,0.6211764705882352,0.21384738955823293,0.08012841091492776,0.027345932621199668,0.16960362400906,0.32112280701754387,0.017636459989401165,0.039106933019976496,0.01663376233912283,0.0817941628264209,0,0,0.12088630584816563,0,0,0.027256347256347256,0.0037715321849501357,0,0
MOTU4452,0,0,0,0,0.16054821341164952,0.10217159131363474,0,0.10098522167487683,0.06937394247038917,0,0.05843230403800474,0.1833084947839046,0.00618681152859514,0.012625744200369531,0,0.034150856085145766,0.013339840572637058,0,0,0.03466741826381059,0,0,0.0552684789934846,0,0,0,0.03792784458834412,0,0,0,0,0.14154200230149597,0,0,0.2671976828385228,0,0.08770053475935828,0.024853505758739135,0.24154483962469994,0,0,0,0,0,0,0,0,0,0,0.1121239744758432,0,0,0,0,0,0,0,0,0,0,0,0,0,1,0,0.3228346456692913,0,0,0,0,0.04799063597346859,0,0,0,0,0,0,0,0,0,0,0,0.025845765917209496,0.13945578231292516,0,0,0.0365093499554764,0,0,0.08369244726695395,0.09151785714285712,0.06162324649298596,0,0.22242314647377937,0,0.07882089074014738,0,0,0.09588774118105631,0,0.10038084874863981,0.12045046515423533,0.030935613682092553,0,0,0,0,0,0.09124629080118694,0,0,0.006941309255079005,0,0,0,0,0,0,0,0.46679316888045536,0,0,0,0,0,0,0.06205852674066599,0.04430835734870316,0.06466876971608831,0,0,0.07587908698334361,0,0,0,0,0.08562478245736165,0,0,0.059824902723735404,0,0.10677083333333331,0,0,0.07592592592592591,0,0,0,0.2489878542510121,0.08754448398576511,0,0,0,0,0,0,0.046688176124501796,0.0999695214873514,0.012175806770936447,0.034811320754716976,0.04323374340949033,0.08355978260869563,0,0.06949152542372881,0,0,0,0,0,0.19902912621359223,0.10585197934595524,0,0,0,0,0,0,0,0,0,0,0,0.022465753424657533,0.05639614855570838,0,0,0.04935794542536115,0,0,0,0,0,0,0,0,0,0.0893570650199782,0,0,0,0,0,0.006677161934748385
MOTU4535,0,0,0,0,0,0,0,0,0,0,0,0,0,0,0,0,0,0,0,0,0,0,0,0,0,0,0,0,0,0,0,0,0,0,0,0,0,0,0,0,0,0,0,0,0,0,0,0,0,0,0,0,0,0,0,0,0,0,0,0,0,0,0,0,0,0,0,0,0,0,0,0,0,0,0,0,0,0,0,0,0,0,0,0,0,0,0,0,0,0,0,0,0,0,0,0,0,0,0,0,0,0,0,0,0,0,0,0,0,0,0,0,0,0,0,0,1,0,0,0,0,0,0,0,0,0,0,0,0,0,0,0,0,0,0,0,0,0,0,0,0,0,0,0,0,0,0,0,0,0,0,0,0,0,0,0,0,0,0,0,0,0,0,0,0,0,0,0,0,0,0,0,0,0,0,0,0,0,0,0,0,0,0,0,0,0,0,0,0,0,0,0,0,0,0,0,0,0,0,0,0,0,0
MOTU485,0,0,0,0,0,0,0,0,0,0,0,0,0,0,0,0,0,0,0,0,0,0,0,0,0,0,0,0,0,0,0,0,0,0,0,0,0,0,0,0,0,0,0,0,0,0,0,0,0,0,0,0,0,0.138117932903467,0.10974486916748344,0,0,0,0,0,0,0,0,0,0,0,0,0,0,0,0,0,0,0,0,0,0,0,0,0,0,0,0,0,0,0,0.3277687365874795,0,0,0,0,0,0.2959063501036367,0,0,0,0,0,0,0,0,0,0,0,0,0,0,0,0,0,0,0,0,0,0,0,0,0,0,0,0,0,0,0,0,0,0,0,0,0.21087361672150737,0,0,0,0,1,0,0,0,0,0,0,0,0,0,0,0,0,0,0,0,0,0,0,0,0,0,0,0,0,0,0,0,0,0,0,0,0,0,0,0,0,0,0.27275123905936943,0,0,0,0,0,0,0,0,0,0,0.21031162548024473,0,0,0.7089906090293537,0,0.5916155738665209,0,0,0.19962991477234357,0.08491068722792172,0.6002083443685223,0.5420596153536135,0,0,0,0,0,0,0,0
MOTU4873,0,0,0,0,0,0,0,0,0,0,0,0,0,0,0,0,0,0,0,0,0,0,0,0,0,0,0,0,0,0,0,0,0,0,0,0,0,0,0,0,0,0,0,0,0,0,0,0,0,0,0,0,0,0,0,0,0,0,0,0,0,0,0,0,0,0,0,0,0,0.17450792126740278,0,0,0,0.3904403866809882,0,0,0,0,0,0,0,0,0,0,0,0,0,0,0,0,0,0,0,0,0,0,0.12376574736125297,0,0,0,0,0,0,0.07696379419860258,0,0,0,0,0.1797725024727992,0.05794675593814761,0,0,0,0,0,0,0,0,0,0,0,0,0,0,0,0,0,0,0,0,0.17450792126740278,0.4484885872917952,0,0,0,0,0.2530455969369997,0,0,0,0.3599009900990099,0,1,0,0.4487654320987654,0,0,0,0,0,0,0,0,0.05742496050552922,0,0,0,0,0,0,0,0,0,0,0,0,0,0,0,0,0,0,0,0,0,0,0,0,0,0,0,0,0,0,0,0,0,0,0.10291619479048698,0,0,0,0,0,0,0,0,0,0,0,0,0,0
MOTU5006,0,0,0,0,0,0,0,0,0,0,0,0,0,0,0,0,0,0,0,0,0,0,0,0,0,0,0,0,0,0,0,0,0,0,0,0,0,0,0,0,0,0,0,0,0,0,0,0,0,0,0,0,0,0,0,0.3562021439509954,0,0,0,0,0,0,0,0,0,0,0,0,0.33323782234957017,0,0,0,0,0,0,0,0,0,0,0,0,0,0,0,0,0,0.06904125853368953,0.06922619047619048,0,0,0.1730654761904762,0.038844355377421515,0.15887978142076503,0,0.2282630029440628,0,0.07919645897173987,0,0.1359968816994738,0.1473550839404498,0.12655059847660502,0,0,0.049248359093796316,0,0,0,0.04659455128205128,0,0,0,0,0.02615834457939721,0,0,0,0,0,0,0,0,0,0,0,0,0.08560912771439087,0,0.08378962536023055,0,0.18044996121024048,0,0.28698334361505246,1,0.26689615605278255,0.1573748308525034,0,0.4857640097459102,0.26828143021914647,0.24153686396677052,0.11313229571984436,0.11514851485148515,0.2019097222222222,0,0,0,0.23566362715298886,0,0.12766190998902305,0,0.16555160142348754,0.17661351556567959,0,0,0,0,0,0,0,0,0,0,0,0,0,0,0,0,0,0,0.18818770226537218,0,0,0,0,0,0,0,0,0,0,0,0,0,0,0,0,0,0,0.0658550396375991,0.20403508771929826,0,0,0,0.14291858678955452,0,0.038351195383347074,0,0,0,0,0.013179963735267452,0.04006890611541774,0
MOTU5016,0,0,0,0,0,0,0,0,0,0,0,0,0,0,0,0,0,0,0,0,0,0,0,0,0,0,0,0,0,0,0,0,0,0,0,0,0,0,0,0,0,0,0,0,1,0,0,0,0,0,0.11685319289005924,0,0,0,0,0,0,0,0,0,0,0,0,0,0,0,0,0,0,0,0,0,0,0,0,0,0,0,0,0,0,0,0,0,0,0,0,0,0,0.08051712406441369,0,0,0,0,0,0,0.12087163772557029,0,0,0,0,0,0.08928571428571429,0,0,0,0,0,0,0.05659174238801211,0.05049068411321291,0.14023702031602708,0,0,0,0,0,0,0,0,0,0,0,0,0,0,0,0,0,0,0.17042726836293806,0.2190006169031462,0.1526225279449699,0.20367183017785426,0,0,0.12356421858684302,0.20472895040369088,0,0.17266536964980544,0.35148514851485146,0,0,0,0,0,0.2318745917700849,0.38968166849615804,0,0,0.2695520121488231,0,0,0,0,0,0,0,0,0,0,0,0,0,0,0,0,0,0,0,0,0,0,0,0,0,0,0,0,0.24825174825174823,0,0,0,0.054256457282592076,0,0,0,0,0,0,0,0,0,0,0,0,0.1289502361060661,0,0,0,0,0,0
MOTU5121,0,0,0,0,0,0,0,0,0,0,0,0,0,0,0,0,0,0,0,0,0,0,0,0,0,0,0,0,0,0,0,0,0,0,0,0,0,0,0,0,0,0,0,0,0,0,0,0,0,0,0,0,0,0,0,0,0,0,0,0,0,0,0,0,0,0,0,0,0,0,0,0,0,0,0,0,0,0,0,0,0,0,0,0,0,0,0,0,0,0,0,0,0,0,0,0,0,0,0,0,0,0,0,0,0,0,0,0,0,0,0,0,0,0,0,0,0,0,0,0,0,0,0,0.3981995786247845,1,0,0,0,0,0,0,0,0,0,0,0,0,0,0,0,0,0,0,0,0.03719806763285024,0,0,0,0,0,0,0,0,0,0,0,0,0,0,0,0,0,0,0,0,0,0,0,0,0,0,0,0,0,0,0,0,0,0,0,0,0,0,0,0,0,0,0,0,0,0,0,0,0,0,0,0,0,0,0,0,0,0
MOTU5438,0,0,0,0,0,0,0,0,0,0,0,0,0,0,0,0,0,0,0,0,0,0,0,0,0,0,0,0,0,0,0,0,0,0,0,0,0,0,0,0,0,0,0,0,0,0,0,0,0,0,0,0,0,0,0,0,0,0,0,0,0,0,0,0,0,0,0,0,0,0,0,0,0,0,0,0,0,0,0,0,0,1,0,0,0,0,0,0,0,0,0,0,0,0,0,0,0,0,0,0,0,0,0,0,0,0,0,0,0,0,0,0,0,0,0,0,0,0,0,0,0,0,0,0,0,0,0,0,0,0,0,0,0,0,0,0,0,0,0,0,0,0,0,0,0,0,0,0,0,0,0,0,0,0,0,0,0,0,0,0,0,0,0,0,0,0,0,0,0,0,0,0,0,0,0,0,0,0,0,0,0,0,0,0,0,0,0,0,0,0,0,0,0,0,0,0,0,0,0,0,0,0,0
MOTU5502,0,0,0,0,0,0,0,0,0,0,0,0,0,0,0,0,0,0,0,0,0,0,0,0,0,0,0,0,0,0,0,0,0,0,0,0,0,0,0,0,0,0,0,0,0,0,0,0,0,0,0,0,0,0,0,0,0,0,0,0,0,0,0,0,0,0,0,0,0,0,0,0,0,0,0,0,0,0,0,0,0,0,0,0,0,0,0,0,0,0,0,0,0.179352068696331,0,0,0,0,0,0,0.8317118421648039,1,0,0,0,0,0,0,0,0.1298572841599548,0.3348591469107968,0,0,0,0,0,0,0,0,0,0,0,0,0,0,0,0,0,0,0,0,0,0,0,0,0,0,0,0,0,0,0,0,0,0,0,0,0,0,0,0,0,0,0,0.08296095689460617,0,0,0,0,0,0,0,0,0,0,0,0,0,0,0,0,0,0,0,0,0,0,0,0,0,0,0,0,0,0,0,0,0,0,0,0,0,0,0,0,0,0,0,0,0,0,0,0,0
MOTU5574,0,0,0,0,0,0,0,0,0,0,0,0,0.28972385694884567,0,0,0,0,0,0,0,0,0,0.08627274769714671,0,0,0,0,0,0,0,0,0,0,0,0,0,0,0,0,0,0,0,0,0,0,0,0,0,0,0,0,0,0,0,0,0.29402756508422667,0.15841584158415842,0,0,0,0,0,0,0,0,0,0,0,0,0,0,0,0,0,0.575712143928036,0,0,0,0,0,0.04089021403471409,0,0,0,0,0,0,0,0,0,0.42857142857142855,0,0,0.1735985533453888,0.37684003925417076,0,0,0,0,0,0,0.06267341276317938,0.09657947686116701,0.08130425576963794,0,0,0,0,0.09495548961424333,0.06121472979435676,0,0.06501128668171557,0.04318488529014845,0,0,0,0,0,0,0,0,0.7703109327983952,0,0,0,0.2826647037173353,0,0.138328530259366,0.6056782334384858,0.595810705973623,0,0,0,0,0,0,0.26731639401322665,0,0.9968847352024923,0,0.9504950495049506,1,0,0,0,0,0,0.4215148188803513,0,0,0.2915717539863326,0.1005235602094241,0,0,0,0,0,0,0,0,0,0,0,0,0,0,0,0,0,0,0,0,0,0,0,0,0,0,0,0,0,0,0.07013698630136987,0,0,0,0.15409309791332265,0,0,0,0.20349761526232116,0.2256169212690952,0,0,0,0.06331409727947239,0,0.1709706144256456,0,0,0,0,0
MOTU5609,0,0,0,0,0,0,0,0,0,0,0,0,0,0,0,0,0,0,0,0,0,0,0,0,0,0,0,0,0,0,0,0,0,0,0,0,0,0,0,0,0,0,0,0,0,0,0,0,0,0,0,0,0,0,0,0,0,0,0,0,0,0,0,0,0,0,0,0,0,0,0,0,0,0,0,0,0,0,0,0,0,0,0,0,0,0,0,0,0,0,0,0,0,0,0,0.36355868845455513,0,0.16021839405064484,0,0,0,0,0,0.36036417531230147,0,0,0,0,0,0,0,0,0,0,0,0,0,0,0,0,0,0,0,0,0,0,0,0,0,0.8802689423325575,0,0,0,0,0,0,0,0,0,0,0,0,0,0,0,0,0,0,0,0,0,0,0,0,0,0,0,0,0,0,0,0,0,0,0,0,0,0,0,0,0,0,0,0,0,0,0,0,0,0,0,0,0,0,0,0,0,0,0,0,0,1,0,0,0,0,0,0,0,0,0,0,0
MOTU576,0,0,0,0,0,0,0,0,0,0,0,0,0,0,0,0,0,0,0,0,0,0,0,0,0,0,0,0,0,0,0,0,0,0,0,0,0,0,0,0,0,0,0,0,0,0,0,0,0,0,0,0,0,0,0,0,0,0,0,0,0,0,0,0,0,0,0,0,0,0,0,0,0,0,0,0.16614124746888723,0,0,0,0,0,0,0,0,0,0,0,0,0,1,0,0,0,0,0,0,0,0.0025779057862846525,0,0,0,0,0,0,0,0,0,0,0,0,0,0,0,0,0,0,0,0,0,0,0,0,0,0,0,0,0,0,0,0,0,0,0,0,0,0,0,0,0,0,0,0,0,0,0,0,0,0,0,0,0,0,0,0,0,0,0,0,0,0,0,0,0,0,0,0,0,0,0,0,0,0,0,0,0,0,0,0,0,0,0,0,0,0,0,0,0,0,0,0,0,0,0,0,0,0,0,0,0,0,0,0,0
MOTU5856,0,0,0,0,0,0,0,0,0,0,0,0,0,0,0,0,0,0,0,0,0,0,0,0,0,0,0,0,0,0,0,0,0,0,0,0,0,0,0,0,0,0,0,0,0,0,0,0,0,0,0,0,0,0,0,0,0,0,0,0,0,0,0,0,0,0,0,0,0,0,0,0,0,0,0,0,0,0,0,0,0,0,0,0,0,0,0,0,0,0,0,0,0,0,0,0,0,0,0,0,0.09836001865381627,0,0,0,1,0,0,0,0,0,0,0,0,0,0,0,0,0,0,0,0,0,0,0,0,0,0,0,0,0,0,0,0,0,0,0,0,0,0,0,0,0,0,0,0,0,0,0,0,0,0,0,0,0,0,0,0,0,0,0,0,0,0,0,0,0,0,0,0,0,0,0,0,0,0,0,0,0,0,0,0,0,0.06604044357469016,0,0,0,0,0,0,0,0,0,0,0,0,0,0,0,0,0,0,0,0
MOTU5894,0,0,0,0,0,0,0,0,0,0,0,0,0,0,0,0,0,0,0,0,0,0,0,0,0,0,0,0,0,0,0,0,0,0,0,0,0,0,0,0,0,0,0,0,0,0,0,0,0,0,0,0,0,0,0,0,0,0,0,0,0,0,0,0,0,0,0,0,0,0,0,0,0,0,0,0,0,0,0,0,0,0,0,0,0,0,0,0,0,0,0,0,0,0,0,0,0,0,0,0,0,0,0,0,0,0,0,0.0728165064102564,0,0,0,0,0,0,0,0,0,0,0,0.689753320683112,0,0,0,0,0,0,0,0,0,0,0.8725396063370139,0,0,0,0,0,0,0,0,0,0,0,1,0,0,0,0,0,0,0,0,0,0,0,0,0,0,0,0,0,0,0,0,0,0,0,0,0,0,0,0,0,0,0,0,0,0,0,0,0,0,0,0,0,0,0.2919678714859438,0,0,0,0,0,0,0,0,0,0,0.13203777697057756,0,0.3782518210197711,0,0.04119446962828649,0,0
MOTU623,0,0,0,0,0,0,0,0,0,0,0,0,0,0,0,0,0,0,0,0,0,0,0,0,0,0,0,0,0,0,0,0,0,0,0,0,0,0,0,0,0,0,0,0,0,0,0,0,8.805798279482491e-4,9.801166544437666e-4,0.0010617392724734812,0,0,0,0,0,0,0,0,0,0,0,0,0,0,0,0,0,0,0,0,0,0,0,0,0,0,0,0,0,0,7.122808677872223e-4,0,0,0,0,0.0038296989133564095,7.999910490511993e-4,0.0017426061100888361,0,3.9999552452559965e-4,0,0,4.860705108159186e-4,0.0010551403041460371,0,0,0,0,0,0,0,0,0,0,0,0,0,0,0,0.0012998290064515576,3.6405913202871735e-4,0,0,0,0,0,0,1,0,0,0,0,0,0,0,0.002169905085620206,0.0011619466533769583,0.0016958800787457602,0.0016682513109772103,0.001032345626428048,0,9.244952449912399e-4,0,7.274614140222003e-4,0,0,0.0024802490655705008,0,0,0,9.333228905597326e-4,0,0,0,0,0,0,0,0,0.001632783553416571,0,0,0,0,0,0,0,0,0,0,0,0,0,0,0,0,0.002523915422358714,0,0,0,0,0,0,0,0,0,0,0,0,2.6046220201666955e-4,0,1.963813643698287e-4,0,0,0,0,0.001325211137951699,0,0,0,0,4.030443470916451e-4,3.303188847695275e-4,0.0033929494142087334,1.7727748885817182e-4,0.00429606526304865,0,0,8.805798279482491e-4,0,0,0
MOTU6264,0,0,0,0,0.13281122532223855,0.19318856057909103,0,0,0,0,0.3866983372921615,0,0,0,0,0,0,0,0,0,0,0,0,0,0,0,0,0,0,0,0,0.9367088607594937,0,0,0.5894279507603186,1,0,0,0.1776129173030766,0,0,0,0,0,0,0,0,0,0,0,0,0,0,0,0,0,0,0,0,0,0,0,0,0,0,0,0,0,0,0,0,0,0,0,0,0,0,0,0,0,0,0,0,0,0,0,0,0,0,0,0,0,0,0,0,0,0,0,0.15864353927109726,0,0,0,0,0,0,0,0,0,0,0,0,0,0,0,0,0,0,0,0,0,0,0,0,0,0,0,0,0,0,0,0,0,0,0,0,0,0,0,0,0,0,0,0,0,0,0,0,0,0,0,0,0,0,0,0,0,0,0,0,0,0,0,0,0,0,0,0,0,0,0,0,0,0,0,0,0,0,0,0,0,0,0,0,0,0,0,0,0,0,0,0,0,0,0,0,0,0,0,0,0,0,0,0
MOTU636,0,0,0,0,0,0.008496499347335944,0,0,0,0,0.13605700712589075,0,0.0036014284995724566,0,0.01148816686722824,0,0,0,0,0,0,0.02163141993957704,0.016086272747697146,0,0.017149700598802397,0.04624469459309836,0.0662349676225717,0,0,0,0,0,0.01527629613825475,0,0,0.08796068796068797,0.051051693404634585,0,0.046868863190050195,0,0,0,0,0,0,0,0,0,0,0,0,0,0,0,0,0,0.02953795379537954,0.5114285714285715,0,0,0,0,0,0,0,0,0,0,0,0,0,0,0,0,0,0,0,0,0.14286232541266097,0,0.01524864231711213,0,0.03009035511662114,0.08117913832199547,0,0.060447446179822714,0.6163253190857821,0.13851190476190478,0.580226904376013,0.2760716715808573,0.1331845238095238,0.2032732130928524,0,0.03236889692585895,0.07026496565260058,0.275296379365588,0.09751447054817841,0.20220276757977976,0.13954394854804134,0.09071903706050048,0.1752992383025027,0.40900930308470707,0.3421529175050302,0.6821935210671184,0.5374950612406164,1,0.3288713910761155,0.12908653846153847,0.17705242334322452,0.1826239438864977,0,0.0444469525959368,0.08052181736392264,0.7071604938271605,0.5211062590975255,0,0,0,0,0,0,0,0,0,0,0,0,0,0,0,0,0,0,0,0,0,0,0,0,0,0,0,0,0,0,0,0,0,0,0,0,0,0,0,0,0,0.040766748908711334,0.007274205018795083,0.0035438527024351614,0,0.006291739894551846,0,0,0,0,0,0,0,0,0,0,0,0,0,0.09508632138114209,0.02531824611032532,0,0,0,0.2002797202797203,0.13875968992248064,0.08187535734705546,0.06538812785388128,0.04377197004432218,0.10124434389140272,0.11502008032128515,0.08619582664526484,0.05883319638455218,0.0810872027180068,0.03140350877192983,0.0379438261791203,0,0,0,0,0,0,0,0,0,0,0,0
MOTU6674,0,0,0,0,0,0,0,0,0,0,0,0,0,0,0,0,0,0,0,0,0,0,0,0,0,0,0,0,0,0,0,0,0,0,0,0,0,0,0,0,0,0,0,0,0,0,0,0,0,0,0,0,0,0,0,0,0,0,0,0,0,0,0,0,0,0,0,0,0,0,0,0,0,0,0,0,0,0,0,0,0,0,0,0,0,0,0,0,0,0,0,0,0,0,0,0,0,0,0,0,0,0,0,0,0,0,0,0,0,0,0,0,0,0,0,0,0,0,0,0,0,0,0,0,0,0,0,0,0,0,0,1,0,0,0,0,0,0,0,0,0,0,0,0,0,0,0,0,0,0,0,0,0,0,0,0,0,0,0,0,0,0,0,0,0,0,0,0,0,0,0,0,0,0,0,0,0,0,0,0,0,0,0,0,0,0,0,0,0,0,0,0,0,0,0,0,0,0,0,0,0,0,0
MOTU671,0,0,0,0,0,0,0,0,0,0,0,0,0,0,0,0,0,0,0,0,0,0,0,0,0,0,0,0,0,0,0,0,0,0,0,0,0,0,0,0,0,0,0,0,0,0,0,0,0,0,0,0,0,0,0,0,0,0,0,0,0,0,0,0,0,0,0,0,0,0,0,0,0,0,0,0,0,0,0,0,0,0,0,0,0,0,0,0,0,0,0,0,0,0,0,0,0,0,0,0,0,0,0,0,0,0,0,0,0,0,0,0,0,0,0,0,0,0,0,0,0,0,0,0,0,1,0,0,0.004189138767341678,0,0,0,0,0,0,0,0,0,0,0.0038753608635621944,0,0,0,0,0,0,0,0,0,0,0,0,0,0,0,0,0,0,0,0,0,0,0,0,0,0,0,0,0,0,0,0,0,0,0,0,0,0,0,0,0,0,0,0,0,0,0,0,0,0,0,0,0.0029867831821131594,0,0,0,0.25468989840994577,0,0,0,0,0,0
MOTU7111,0,0,0,0,0,0,0,0,0,0,0,0,0,0.060665161157873126,0,0,0.03204815357084757,0,0,0,0,0,0,0,0,0,0,0,0,0,0,0,0,0,0,0,0,0.11941806425540513,0.25790966615753874,0,0,0,0,0,0,0,0,0,0,0,0,0,0,0,0,0,0,0,0,0,0,0,0,0,0,0,0,0,0,0,0.23058915333593447,0,1,0,0,0,0,0,0,0,0,0,0,0,0,0,0.3508459483526269,0,0,0,0,0.19739478957915835,0,0.5343580470162749,0,0.1893623838513297,0,0,0,0,0,0,0.2972837022132797,0,0,0,0,0,0,0,0.0840563220025601,0.06670428893905192,0,0,0,0,0,0,0,0,0,0,0,0,0,0,0,0.21289625360230546,0,0,0,0,0,0,0,0,0,0,0,0,0,0,0,0,0,0,0,0,0,0.4206405693950178,0,0,0,0,0,0,0,0,0,0,0,0,0,0,0,0,0,0,0,0,0,0,0,0,0,0,0,0,0,0,0,0,0.10794520547945206,0.09032553874369555,0.16713800904977377,0,0,0,0.16732729331823332,0,0,0,0,0,0,0,0,0,0,0,0,0,0
MOTU7307,0,0,0,0,0,0,0,0,0,0,0,0,0,0,0,0,0,0,0,0,0,0,0,0,0,0,0,0,0,0,0,0,0,0,0,0,0,0,0,0,0,0,0,0,0,0,0,0,0,0,0,0,0,0,0,0,0,0,0,0,0,0,0,0,0,0,0,0,0,0,0,0,0,0,0,0,0,0,0,0,0,0,0,0,0,0,0.06737904422677352,0,0,0,0,0,0,0,0,0,0,0.06410618469358938,0,0,0,0,0,0,0,0,0,0,0.05613254203758654,0,0,0,0,0,0,0,0,0,0,0,0,0,0,1,0,0.4177401545822598,0.34359233097880926,0.08177233429394812,0,0,0,0,0,0,0,0,0,0.1309111880046136,0.11786085150571131,0,0,0,0.31224209078404397,0.2232055063913471,0,0,0,0.12458836443468715,0,0,0,0,0,0,0,0,0,0,0,0,0,0,0,0,0,0,0,0,0,0,0,0,0,0,0,0,0,0,0,0,0,0,0,0,0,0,0,0,0,0.09956140350877192,0,0,0,0,0,0,0,0,0,0,0,0,0
MOTU7342,0,0,0,0,0,0,0,0,0,0,0,0,0,0,0,0,0,0,0,0,0,0,0,0,0,1,0,0,0,0,0,0,0,0,0,0,0,0,0,0,0,0,0,0,0,0,0,0,0,0,0,0,0,0,0,0,0,0,0,0,0,0,0,0,0,0,0,0,0,0,0,0,0,0,0,0,0,0,0,0,0,0,0,0,0,0,0,0,0,0,0,0,0,0,0,0,0,0,0,0,0,0,0,0,0,0,0,0,0,0,0,0,0,0,0,0,0,0,0,0,0,0,0,0,0,0,0,0,0,0,0,0,0,0,0,0,0,0,0,0,0,0,0,0,0,0,0,0,0,0,0,0,0,0,0,0,0,0,0,0,0,0,0,0,0,0,0,0,0,0,0,0,0,0,0,0,0,0,0,0,0,0,0,0,0,0,0,0,0,0,0,0,0,0,0,0,0,0,0,0,0,0,0
MOTU7374,0,0,0,0,0,0,0,0,0,0,0,0,0,0,0,0,0,0,0,0,0,0,0,0,0,0,0,0,0,0,0,0,0,0,0,0,0,0,0,0,0,0,0,0,0,0,0,0,0,0,0,0,0,0,0,0,0,0,0,0,0,0,0,0,0,0,0,0,0,0,0,0,0,0,0,0,0,0,0,0,0,0,0,0,0,0,0,0,0,0,0,0,0,0,0,0,0,0,0,0,0,0,0,0,0,0,0,0,0,0,0,0,0,0,0,0,0,0,0,0,0,0,0,0,0,0,0,0,0,0,0,0,0,0,0,1,0,0,0,0,0,0,0,0,0,0,0,0,0,0,0,0,0,0,0,0,0,0,0,0,0,0,0,0,0,0,0,0,0,0,0,0,0,0,0,0,0,0,0,0,0,0,0,0,0,0,0,0,0,0,0,0,0,0,0,0,0,0,0,0,0,0,0
MOTU7660,0,0,0,0,0,0,0,0,0,0,0,0,0,0.050502976801478125,0.039470517448856796,0,0,0.06719016729259132,0,0,0,0,0,0,0,0,0,0,0,0,0,0,0,0,0,0,0.17540106951871656,0,0,0,0,0,0,0,0,0,0,0,0,0,0,0,0,0,0,0,0,0,0,0,0,0,0,0,0,0,0,0,0,0,0,0,0,0,0.737631184407796,0,0,0,0,0,0,0,0,0,0,0,0,0,0,0,0,0,0,0,0,0,0,0,0,0,0,0,0.12374245472837021,0,0,0,0,0,0,0,0,0,0,0,0,0,0,0,0,0,0,0,0,0,0,0,0,0,0,0,0.23619779164666344,0,0.21152192605331038,0,0,0,0,0,0,0,0,0,0,0,0,0.4984802431610942,0,0,0,0,0,0,0,0,0,0,0,0,0,0,0,0,0,0,0,0,0,0,0,0,0,0,0,0,0,0,0,0,1,0,0,0,0,0,0,0,0,0,0,0,0,0,0.06147694614519555,0,0,0,0,0,0,0,0,0.02825150732127476,0
MOTU7675,0,0,0,0,0,0,0,0,0,0,0,0,0,0,0,0,0,0,0,0,0,0,0,0,0,0,0,0,0,0,0,0,0,0,0,0,0,0,0,0,0,0,0,0,0,0,0,0,0,0,0,0,1,0,0,0.07197549770290965,0,0,0,0,0,0,0,0,0,0,0,0,0,0,0,0,0,0,0,0,0,0,0,0,0,0,0,0,0,0,0,0,0,0,0,0,0,0,0,0,0.032005447735784814,0.026546173397345385,0,0,0,0,0,0.019902604276942622,0,0,0.02055993000874891,0,0,0.014984855730910249,0,0,0,0,0,0,0,0,0,0,0,0,0,0,0,0,0.04742684157416751,0,0.09884332281808622,0,0,0.057988895743368296,0,0,0,0,0,0,0,0,0.13960396039603962,0,0,0.09242871189773845,0.11604938271604938,0,0,0,0,0,0.07137433561123767,0,0,0,0,0,0,0,0,0,0,0,0,0,0,0,0,0,0,0,0,0,0,0,0,0,0,0,0,0,0,0,0,0,0.02658371040723982,0,0,0,0,0,0,0,0,0,0,0,0,0,0,0,0,0,0
MOTU8066,0,0,0,0,0,0,0,0,0,0,0,0,0.050852572808208846,0,0,0,0,0,0,0,0,0,0,0,0,0,0,0,0,0,0,0,0,0,0,0,0,0,0,0,0,0,0,0,0,0,0,0,0,0,0,0,0,0,0,0,0,0,0,0,0,0,0,0,0,0,0,0,0,0,0,0,0,0,0,0,0,0,0,0,0,0,0,0,0,0,0,0.1504464285714286,0,0.45860739396688593,0,0.16883767535070143,0,0,0,0,0,0,0,0,0,0,0,0.2140588608934999,0,0,0.22112860892388453,0,1,0.32233381157340985,0,0.11410835214446953,0,0,0,0,0,0,0,0,0,0,0,0,0,0,0,0,0,0,0,0,0,0,0,0,0,0,0,0,0,0,0,0,0,0,0,0,0,0,0,0,0,0,0,0,0.09593850825583602,0,0,0,0,0,0,0,0,0,0,0,0,0,0,0,0,0,0,0,0,0,0,0.706993006993007,0,0,0.18465753424657536,0,0,0,0,0,0,0.443421052631579,0.26788553259141495,0,0,0,0,0,0,0,0,0,0,0,0
MOTU830,0,0,0,0,0,0,0,0,0,0,0,0,0,0,0,0,0,0,0,0,0,0,0,0,0,0,0,0,0,0,0,0,0,0,0,0,0,0,0,0,0,0,0,0,0,0,0,0,0,0,0,0,0,0,0,0,0,0,0,0,0,0,0,0,0,0,0,0,0,0,0,0,0,0,0,0,0,0,0,0,0,0,0,0,0,0,0,0,0,0,0,0,0,0,0,0,0,0,0,0,0,0,0,0,0,0,0,0,0,0,0,0,0,0,0,0,0,0,0,0,0,0,0,0,0,0,0,0,0,0,0,0,0,0,0,0,0,0,0,0,0,0,0,0,0,0,0,0,0,0,0,0,0.02099739274080659,1,0,0,0,0,0,0,0,0,0,0,0,0,0,0,0,0,0,0,0,0,0,0,0,0,0,0,0,0,0,0,0,0,0,0,0,0,0,0,0,0,0,0,0,0,0,0,0,0,0
MOTU8624,0,0,0,0,0,0,0,0,0,0,0,0,0,0,0,0,0,0,0,0,0,0,0,0,0,0,0,0,0,0,0,0,0,0,0,0,0,0,0,0,0,0,0,0,0,0,0,0,0,0,0,0,0,0,0,0,0,0,0,0,0,0,0,0,0,0,0,0,0,0,0,0,0,0,0,0,0,0,0,0,0,1,0,0,0,0,0,0,0,0,0,0,0,0,0,0,0,0,0,0,0,0,0,0,0,0,0,0,0,0,0,0,0,0,0,0,0,0,0,0,0,0,0,0,0,0,0,0,0,0,0,0,0,0,0,0,0,0,0,0,0,0,0,0,0,0,0,0,0,0,0,0,0,0,0,0,0,0,0,0,0,0,0,0,0,0,0,0,0,0,0,0,0,0,0,0,0,0,0,0,0,0,0,0,0,0,0,0,0,0,0,0,0,0,0,0,0,0,0,0,0,0,0
MOTU909,0,0,0,0.021039962216432808,0.025035804282010844,0.0060695559686897065,0.044709919709919714,0,0.02884836330972823,0.11894918173987942,0.02429840767132929,0,0,0.005250271827976612,0,0.0047337480933038545,0,0.0069850663227242265,0,0,0,0,0.0919310683408639,0,0.02450210689731648,0.00471933457724194,0,0,0,0.3900185588638748,0.14687192576639815,0,0.010912768966961415,0,1,0,0,0,0.022320815251210192,0,0,0,0,0,0,0,0,0,0,0,0,0,0,0,0,0,0,0,0,0,0,0,0,0,0,0,0,0,0,0.02455503991749791,0,0,0,0,0,0,0,0,0.009277734109948876,0,0.010893014194047099,0.01694208285794904,0.03224300156428755,0,0,0,0.015181997075734092,0.02283399470899471,0,0,0.05708498677248677,0,0,0.06936909785011051,0,0.01638838453961812,0.017415099812103558,0,0.009968456080325112,0.1458135360574385,0.013914077298190466,0.05008795314001777,0.012864222371264626,0.010829588852032215,0.05052167932452406,0.24288226774260296,0.08949807200025924,0.020492046533713202,0.05059164010697146,0.02446109428414546,0.025461316813898238,0,0.028760767064860634,0,0,0.08067531253651128,0,0,0,0,0,0,0,0,0,0,0,0,0,0,0,0,0,0,0,0,0,0,0.026556670897273184,0,0,0,0,0,0,0,0,0,0,0,0,0,0.06549058661734718,0,0,0,0,0,0.007594755713940035,0.009650593990216632,0.004494564863633406,0,0,0.086691776522285,0,0,0,0,0,0,0,0,0,0,0,0,0,0,0,0,0.04956215905828309,0.014622112106388837,0.028026382546930493,0.05472062311432631,0.20250963633316574,0.041082849918191285,0.02052493906426491,0.021014029641802854,0,0,0,0.06010358184271228,0,0,0,0,0,0,0,0,0,0,0
MOTU9192,0,0,0,0,0,0,0,0,0,0,0,0,0,0,0,0,0,0,0,0,0,0,0,0,0,0,0,0,0,0,0,0,0,0,0,0,0,0,0,0,0,0,0,0,0,0,0,0,0,0,0,0,0,0,0,0,0,0,0,0,0,0,0,0,0,0,0,0,0,0,0,0,0,0,0,0,0,0,0,0,0,0,0,0,0,0,0,0,0,0,0,0,0,0,0,0,0,0,0,0,0,0,0,0,0,0,0,0.26382211538461536,0,0,0,0,0,0,0,0,0,0,0,0,0,0,0,0,0,0.7270887007729113,0.33224016145307766,0,0.3462145110410094,0,0,0,0,0,0,0,0,0,0,0,0.325990099009901,0,0,0,0,0,0,0,0.666497975708502,0,1,0,0,0,0,0,0,0,0,0,0,0,0,0,0,0,0,0,0,0,0,0,0,0,0,0,0,0,0,0,0,0,0,0,0,0,0,0,0,0,0,0,0,0,0,0,0,0,0,0,0,0,0
MOTU929,0,0,0,0,0,0,0,0,0,0,0,0,0,0,0,0,0,0,0,0,0,0,0,0,0,0,0,0,0,0,0,0,0,0,0,0,0,0,0,0,0,0,0,0,0,0,0,0,0,0,0,0,0,0,0,0,0,0,0,0,0,0,0,0,0,0,0,0,0,0,0,0,0,0,0,0,0,0,0,0,0,0,0,0,0,0,0,0,0,0,0,0,0,0,0,0,0,0,0,0,0,0,0,0,0,0,0,0,0,0,0,0,0,0,0,0,0,0,0,0,0,0,0,0,0,0,0,0,0,0,0,0,0,0,0,0,0,0,0,0,0,0,0,0,0,0,0,0,0,0,0,0,0,0,0.004030207825989221,0,0,0,0,0,0,0,0,0,0,0,0,0,0,0,0,0,0,0,1,0,0,0,0,0,0,0,0,0,0,0,0,0,0,0,0,0,0,0,0,0,0,0,0,0,0,0,0
MOTU9592,0,0,0,0,0,0,0,0,0,0,0,0,0.6533541237026977,1,0.7815483353389491,0,0,0,0,0,0,0,0,0,0,0,0,0,0,0,0,0,0,0,0,0,0,0,0,0,0,0,0,0,0,0,0,0,0,0,0,0,0,0,0,0,0,0,0,0,0,0,0,0,0,0,0,0,0,0,0,0,0,0,0,0,0,0,0,0,0,0,0,0,0,0,0,0,0,0,0,0,0,0,0,0,0,0,0,0,0,0,0,0,0,0,0,0,0,0,0,0,0,0,0,0,0,0,0,0,0,0,0,0,0,0,0,0,0,0,0,0,0,0,0,0,0,0,0,0,0,0,0,0,0,0,0,0,0,0,0,0,0,0,0,0,0,0,0,0,0,0,0,0,0,0,0,0,0,0,0,0,0,0,0,0,0,0,0,0,0,0.9283400038117019,0,0,0,0,0,0,0,0,0,0,0,0,0,0,0,0,0,0,0,0,0
MOTU9641,0,0,0,0,0,0,0,0,0,0,0,0,0,0,0,0,0,0,0,0,0,0,0,0,0.07387890884896872,0.028459535379631338,0,0,0,0,0,0,0,0,0,0,0,0,0,0,0,0,0,0,0,0,0,0,0,0,0,0,0,0,0,0,0,0,0,0,0,0,0,0,0,0,0,0,0,0,0,0,0,0,0,0,0,0,0,0,0,0,0,0,0,0,0,0,0,0,0,0,0,0,0,0,0,0,0,0,0,0,0,0,0,0,0,0,0,0,0,0,0,0,0,0,0,0,0,0,0,0,0,0,0,0,0,1,0,0,0,0,0,0,0,0,0,0,0,0,0,0,0,0,0,0,0,0,0,0,0,0,0,0,0,0,0,0,0,0,0,0,0,0,0,0,0,0,0,0,0,0,0,0,0,0,0,0,0,0,0,0,0,0,0,0,0,0,0,0,0,0,0,0,0,0,0,0,0,0,0,0,0
