SITE,stability
Kāneʻohe,2.662056206491092
Lanikai,3.0560316762246735
Maunalua,3.0129039994034956
Waimānalo,2.240841438039691
