SITE,stability
Kāneʻohe,2.0574239627321527
Lanikai,2.61012937559536
Maunalua,2.528640576494705
Waimānalo,2.0965544687884687
