ratio,zeta.order,Marker
0.5705966875898056,1,COI
0.7285619615639496,2,COI
0.811351646352556,3,COI
0.8524663677130044,4,COI
0.8921620199894793,5,COI
0.8879716981132075,6,COI
0.9249667994687916,7,COI
0.9490308686288585,8,COI
0.9326777609682301,9,COI
0.9610705596107055,10,COI
0.959915611814346,11,COI
0.9643956043956043,12,COI
0.9247948951686418,13,COI
0.9517003449975356,14,COI
0.7959606421543243,15,COI
